2.024010e+00  1.461310e-06  8.958580e-01  0.000000e+00  0.000000e+00  2.778320e-01  0.000000e+00  0.000000e+00  -3.701660e-01  0.000000e+00  0.000000e+00  2.778320e-01  0.000000e+00  0.000000e+00  -3.701660e-01  0.000000e+00  0.000000e+00  2.778320e-01  2.024010e+00  1.461310e-06  8.958580e-01  0.000000e+00  0.000000e+00  2.778320e-01  0.000000e+00  0.000000e+00  -3.701660e-01  0.000000e+00  0.000000e+00  2.778320e-01  0.000000e+00  0.000000e+00  -3.701660e-01  0.000000e+00  0.000000e+00  2.778320e-01  
2.110918e+00  4.355470e-03  8.725405e-01  0.000000e+00  0.000000e+00  2.749801e-01  0.000000e+00  0.000000e+00  -3.786858e-01  0.000000e+00  0.000000e+00  2.749801e-01  0.000000e+00  0.000000e+00  -3.786858e-01  0.000000e+00  0.000000e+00  2.749801e-01  2.110918e+00  4.355470e-03  8.725405e-01  0.000000e+00  0.000000e+00  2.749801e-01  0.000000e+00  0.000000e+00  -3.786858e-01  0.000000e+00  0.000000e+00  2.749801e-01  0.000000e+00  0.000000e+00  -3.786858e-01  0.000000e+00  0.000000e+00  2.749801e-01  
2.086892e+00  1.489042e-02  8.845867e-01  0.000000e+00  0.000000e+00  2.763945e-01  0.000000e+00  0.000000e+00  -3.516641e-01  0.000000e+00  0.000000e+00  2.763945e-01  0.000000e+00  0.000000e+00  -3.516641e-01  0.000000e+00  0.000000e+00  2.763945e-01  2.086892e+00  1.489042e-02  8.845867e-01  0.000000e+00  0.000000e+00  2.763945e-01  0.000000e+00  0.000000e+00  -3.516641e-01  0.000000e+00  0.000000e+00  2.763945e-01  0.000000e+00  0.000000e+00  -3.516641e-01  0.000000e+00  0.000000e+00  2.763945e-01  
2.102164e+00  3.179671e-03  9.139759e-01  0.000000e+00  0.000000e+00  2.772906e-01  0.000000e+00  0.000000e+00  -3.803854e-01  0.000000e+00  0.000000e+00  2.772906e-01  0.000000e+00  0.000000e+00  -3.803854e-01  0.000000e+00  0.000000e+00  2.772906e-01  2.102164e+00  3.179671e-03  9.139759e-01  0.000000e+00  0.000000e+00  2.772906e-01  0.000000e+00  0.000000e+00  -3.803854e-01  0.000000e+00  0.000000e+00  2.772906e-01  0.000000e+00  0.000000e+00  -3.803854e-01  0.000000e+00  0.000000e+00  2.772906e-01  
2.035897e+00  9.087418e-03  8.760580e-01  0.000000e+00  0.000000e+00  3.369995e-01  0.000000e+00  0.000000e+00  -3.586882e-01  0.000000e+00  0.000000e+00  3.369995e-01  0.000000e+00  0.000000e+00  -3.586882e-01  0.000000e+00  0.000000e+00  3.369995e-01  2.035897e+00  9.087418e-03  8.760580e-01  0.000000e+00  0.000000e+00  3.369995e-01  0.000000e+00  0.000000e+00  -3.586882e-01  0.000000e+00  0.000000e+00  3.369995e-01  0.000000e+00  0.000000e+00  -3.586882e-01  0.000000e+00  0.000000e+00  3.369995e-01  
2.007298e+00  1.952717e-02  8.408906e-01  0.000000e+00  0.000000e+00  3.128086e-01  0.000000e+00  0.000000e+00  -3.731802e-01  0.000000e+00  0.000000e+00  3.128086e-01  0.000000e+00  0.000000e+00  -3.731802e-01  0.000000e+00  0.000000e+00  3.128086e-01  2.007298e+00  1.952717e-02  8.408906e-01  0.000000e+00  0.000000e+00  3.128086e-01  0.000000e+00  0.000000e+00  -3.731802e-01  0.000000e+00  0.000000e+00  3.128086e-01  0.000000e+00  0.000000e+00  -3.731802e-01  0.000000e+00  0.000000e+00  3.128086e-01  
2.124630e+00  2.704167e-02  8.592308e-01  0.000000e+00  0.000000e+00  3.113420e-01  0.000000e+00  0.000000e+00  -3.820237e-01  0.000000e+00  0.000000e+00  3.113420e-01  0.000000e+00  0.000000e+00  -3.820237e-01  0.000000e+00  0.000000e+00  3.113420e-01  2.124630e+00  2.704167e-02  8.592308e-01  0.000000e+00  0.000000e+00  3.113420e-01  0.000000e+00  0.000000e+00  -3.820237e-01  0.000000e+00  0.000000e+00  3.113420e-01  0.000000e+00  0.000000e+00  -3.820237e-01  0.000000e+00  0.000000e+00  3.113420e-01  
2.020610e+00  1.643425e-04  9.259854e-01  0.000000e+00  0.000000e+00  3.270502e-01  0.000000e+00  0.000000e+00  -3.619395e-01  0.000000e+00  0.000000e+00  3.270502e-01  0.000000e+00  0.000000e+00  -3.619395e-01  0.000000e+00  0.000000e+00  3.270502e-01  2.020610e+00  1.643425e-04  9.259854e-01  0.000000e+00  0.000000e+00  3.270502e-01  0.000000e+00  0.000000e+00  -3.619395e-01  0.000000e+00  0.000000e+00  3.270502e-01  0.000000e+00  0.000000e+00  -3.619395e-01  0.000000e+00  0.000000e+00  3.270502e-01  
2.044431e+00  1.632661e-02  8.614767e-01  0.000000e+00  0.000000e+00  2.441875e-01  0.000000e+00  0.000000e+00  -3.627655e-01  0.000000e+00  0.000000e+00  2.441875e-01  0.000000e+00  0.000000e+00  -3.627655e-01  0.000000e+00  0.000000e+00  2.441875e-01  2.044431e+00  1.632661e-02  8.614767e-01  0.000000e+00  0.000000e+00  2.441875e-01  0.000000e+00  0.000000e+00  -3.627655e-01  0.000000e+00  0.000000e+00  2.441875e-01  0.000000e+00  0.000000e+00  -3.627655e-01  0.000000e+00  0.000000e+00  2.441875e-01  
2.017809e+00  1.111190e-02  8.727968e-01  0.000000e+00  0.000000e+00  3.191088e-01  0.000000e+00  0.000000e+00  -3.643900e-01  0.000000e+00  0.000000e+00  3.191088e-01  0.000000e+00  0.000000e+00  -3.643900e-01  0.000000e+00  0.000000e+00  3.191088e-01  2.017809e+00  1.111190e-02  8.727968e-01  0.000000e+00  0.000000e+00  3.191088e-01  0.000000e+00  0.000000e+00  -3.643900e-01  0.000000e+00  0.000000e+00  3.191088e-01  0.000000e+00  0.000000e+00  -3.643900e-01  0.000000e+00  0.000000e+00  3.191088e-01  
2.008658e+00  8.156205e-03  8.613274e-01  0.000000e+00  0.000000e+00  2.631898e-01  0.000000e+00  0.000000e+00  -3.649015e-01  0.000000e+00  0.000000e+00  2.631898e-01  0.000000e+00  0.000000e+00  -3.649015e-01  0.000000e+00  0.000000e+00  2.631898e-01  2.008658e+00  8.156205e-03  8.613274e-01  0.000000e+00  0.000000e+00  2.631898e-01  0.000000e+00  0.000000e+00  -3.649015e-01  0.000000e+00  0.000000e+00  2.631898e-01  0.000000e+00  0.000000e+00  -3.649015e-01  0.000000e+00  0.000000e+00  2.631898e-01  
2.063783e+00  9.609562e-03  8.800526e-01  0.000000e+00  0.000000e+00  3.084988e-01  0.000000e+00  0.000000e+00  -3.709519e-01  0.000000e+00  0.000000e+00  3.084988e-01  0.000000e+00  0.000000e+00  -3.709519e-01  0.000000e+00  0.000000e+00  3.084988e-01  2.063783e+00  9.609562e-03  8.800526e-01  0.000000e+00  0.000000e+00  3.084988e-01  0.000000e+00  0.000000e+00  -3.709519e-01  0.000000e+00  0.000000e+00  3.084988e-01  0.000000e+00  0.000000e+00  -3.709519e-01  0.000000e+00  0.000000e+00  3.084988e-01  
2.032422e+00  7.222750e-03  8.900512e-01  0.000000e+00  0.000000e+00  2.303480e-01  0.000000e+00  0.000000e+00  -3.619846e-01  0.000000e+00  0.000000e+00  2.303480e-01  0.000000e+00  0.000000e+00  -3.619846e-01  0.000000e+00  0.000000e+00  2.303480e-01  2.032422e+00  7.222750e-03  8.900512e-01  0.000000e+00  0.000000e+00  2.303480e-01  0.000000e+00  0.000000e+00  -3.619846e-01  0.000000e+00  0.000000e+00  2.303480e-01  0.000000e+00  0.000000e+00  -3.619846e-01  0.000000e+00  0.000000e+00  2.303480e-01  
2.017521e+00  1.382102e-02  8.552143e-01  0.000000e+00  0.000000e+00  2.667023e-01  0.000000e+00  0.000000e+00  -3.660939e-01  0.000000e+00  0.000000e+00  2.667023e-01  0.000000e+00  0.000000e+00  -3.660939e-01  0.000000e+00  0.000000e+00  2.667023e-01  2.017521e+00  1.382102e-02  8.552143e-01  0.000000e+00  0.000000e+00  2.667023e-01  0.000000e+00  0.000000e+00  -3.660939e-01  0.000000e+00  0.000000e+00  2.667023e-01  0.000000e+00  0.000000e+00  -3.660939e-01  0.000000e+00  0.000000e+00  2.667023e-01  
2.068230e+00  3.627096e-04  9.086974e-01  0.000000e+00  0.000000e+00  2.381389e-01  0.000000e+00  0.000000e+00  -3.769058e-01  0.000000e+00  0.000000e+00  2.381389e-01  0.000000e+00  0.000000e+00  -3.769058e-01  0.000000e+00  0.000000e+00  2.381389e-01  2.068230e+00  3.627096e-04  9.086974e-01  0.000000e+00  0.000000e+00  2.381389e-01  0.000000e+00  0.000000e+00  -3.769058e-01  0.000000e+00  0.000000e+00  2.381389e-01  0.000000e+00  0.000000e+00  -3.769058e-01  0.000000e+00  0.000000e+00  2.381389e-01  
2.050796e+00  8.908277e-03  8.527476e-01  0.000000e+00  0.000000e+00  2.680538e-01  0.000000e+00  0.000000e+00  -3.610647e-01  0.000000e+00  0.000000e+00  2.680538e-01  0.000000e+00  0.000000e+00  -3.610647e-01  0.000000e+00  0.000000e+00  2.680538e-01  2.050796e+00  8.908277e-03  8.527476e-01  0.000000e+00  0.000000e+00  2.680538e-01  0.000000e+00  0.000000e+00  -3.610647e-01  0.000000e+00  0.000000e+00  2.680538e-01  0.000000e+00  0.000000e+00  -3.610647e-01  0.000000e+00  0.000000e+00  2.680538e-01  
2.053726e+00  3.081384e-03  9.220899e-01  0.000000e+00  0.000000e+00  3.091799e-01  0.000000e+00  0.000000e+00  -3.697127e-01  0.000000e+00  0.000000e+00  3.091799e-01  0.000000e+00  0.000000e+00  -3.697127e-01  0.000000e+00  0.000000e+00  3.091799e-01  2.053726e+00  3.081384e-03  9.220899e-01  0.000000e+00  0.000000e+00  3.091799e-01  0.000000e+00  0.000000e+00  -3.697127e-01  0.000000e+00  0.000000e+00  3.091799e-01  0.000000e+00  0.000000e+00  -3.697127e-01  0.000000e+00  0.000000e+00  3.091799e-01  
2.002421e+00  5.962927e-03  8.706018e-01  0.000000e+00  0.000000e+00  2.605534e-01  0.000000e+00  0.000000e+00  -3.744745e-01  0.000000e+00  0.000000e+00  2.605534e-01  0.000000e+00  0.000000e+00  -3.744745e-01  0.000000e+00  0.000000e+00  2.605534e-01  2.002421e+00  5.962927e-03  8.706018e-01  0.000000e+00  0.000000e+00  2.605534e-01  0.000000e+00  0.000000e+00  -3.744745e-01  0.000000e+00  0.000000e+00  2.605534e-01  0.000000e+00  0.000000e+00  -3.744745e-01  0.000000e+00  0.000000e+00  2.605534e-01  
2.056728e+00  7.616468e-03  8.959864e-01  0.000000e+00  0.000000e+00  2.368777e-01  0.000000e+00  0.000000e+00  -3.676396e-01  0.000000e+00  0.000000e+00  2.368777e-01  0.000000e+00  0.000000e+00  -3.676396e-01  0.000000e+00  0.000000e+00  2.368777e-01  2.056728e+00  7.616468e-03  8.959864e-01  0.000000e+00  0.000000e+00  2.368777e-01  0.000000e+00  0.000000e+00  -3.676396e-01  0.000000e+00  0.000000e+00  2.368777e-01  0.000000e+00  0.000000e+00  -3.676396e-01  0.000000e+00  0.000000e+00  2.368777e-01  
1.964007e+00  1.296702e-03  8.817015e-01  0.000000e+00  0.000000e+00  2.838377e-01  0.000000e+00  0.000000e+00  -3.638315e-01  0.000000e+00  0.000000e+00  2.838377e-01  0.000000e+00  0.000000e+00  -3.638315e-01  0.000000e+00  0.000000e+00  2.838377e-01  1.964007e+00  1.296702e-03  8.817015e-01  0.000000e+00  0.000000e+00  2.838377e-01  0.000000e+00  0.000000e+00  -3.638315e-01  0.000000e+00  0.000000e+00  2.838377e-01  0.000000e+00  0.000000e+00  -3.638315e-01  0.000000e+00  0.000000e+00  2.838377e-01  
2.122197e+00  5.761352e-05  9.348060e-01  0.000000e+00  0.000000e+00  2.471166e-01  0.000000e+00  0.000000e+00  -3.790469e-01  0.000000e+00  0.000000e+00  2.471166e-01  0.000000e+00  0.000000e+00  -3.790469e-01  0.000000e+00  0.000000e+00  2.471166e-01  2.122197e+00  5.761352e-05  9.348060e-01  0.000000e+00  0.000000e+00  2.471166e-01  0.000000e+00  0.000000e+00  -3.790469e-01  0.000000e+00  0.000000e+00  2.471166e-01  0.000000e+00  0.000000e+00  -3.790469e-01  0.000000e+00  0.000000e+00  2.471166e-01  
2.111878e+00  1.296982e-02  9.122376e-01  0.000000e+00  0.000000e+00  2.574186e-01  0.000000e+00  0.000000e+00  -3.624397e-01  0.000000e+00  0.000000e+00  2.574186e-01  0.000000e+00  0.000000e+00  -3.624397e-01  0.000000e+00  0.000000e+00  2.574186e-01  2.111878e+00  1.296982e-02  9.122376e-01  0.000000e+00  0.000000e+00  2.574186e-01  0.000000e+00  0.000000e+00  -3.624397e-01  0.000000e+00  0.000000e+00  2.574186e-01  0.000000e+00  0.000000e+00  -3.624397e-01  0.000000e+00  0.000000e+00  2.574186e-01  
2.038025e+00  8.088992e-03  8.748448e-01  0.000000e+00  0.000000e+00  2.699580e-01  0.000000e+00  0.000000e+00  -3.714102e-01  0.000000e+00  0.000000e+00  2.699580e-01  0.000000e+00  0.000000e+00  -3.714102e-01  0.000000e+00  0.000000e+00  2.699580e-01  2.038025e+00  8.088992e-03  8.748448e-01  0.000000e+00  0.000000e+00  2.699580e-01  0.000000e+00  0.000000e+00  -3.714102e-01  0.000000e+00  0.000000e+00  2.699580e-01  0.000000e+00  0.000000e+00  -3.714102e-01  0.000000e+00  0.000000e+00  2.699580e-01  
2.034945e+00  5.543012e-03  8.542520e-01  0.000000e+00  0.000000e+00  2.680578e-01  0.000000e+00  0.000000e+00  -3.746867e-01  0.000000e+00  0.000000e+00  2.680578e-01  0.000000e+00  0.000000e+00  -3.746867e-01  0.000000e+00  0.000000e+00  2.680578e-01  2.034945e+00  5.543012e-03  8.542520e-01  0.000000e+00  0.000000e+00  2.680578e-01  0.000000e+00  0.000000e+00  -3.746867e-01  0.000000e+00  0.000000e+00  2.680578e-01  0.000000e+00  0.000000e+00  -3.746867e-01  0.000000e+00  0.000000e+00  2.680578e-01  
2.064744e+00  4.258575e-03  8.768703e-01  0.000000e+00  0.000000e+00  2.945647e-01  0.000000e+00  0.000000e+00  -3.704298e-01  0.000000e+00  0.000000e+00  2.945647e-01  0.000000e+00  0.000000e+00  -3.704298e-01  0.000000e+00  0.000000e+00  2.945647e-01  2.064744e+00  4.258575e-03  8.768703e-01  0.000000e+00  0.000000e+00  2.945647e-01  0.000000e+00  0.000000e+00  -3.704298e-01  0.000000e+00  0.000000e+00  2.945647e-01  0.000000e+00  0.000000e+00  -3.704298e-01  0.000000e+00  0.000000e+00  2.945647e-01  
2.047896e+00  9.330355e-03  8.885944e-01  0.000000e+00  0.000000e+00  3.107193e-01  0.000000e+00  0.000000e+00  -3.744017e-01  0.000000e+00  0.000000e+00  3.107193e-01  0.000000e+00  0.000000e+00  -3.744017e-01  0.000000e+00  0.000000e+00  3.107193e-01  2.047896e+00  9.330355e-03  8.885944e-01  0.000000e+00  0.000000e+00  3.107193e-01  0.000000e+00  0.000000e+00  -3.744017e-01  0.000000e+00  0.000000e+00  3.107193e-01  0.000000e+00  0.000000e+00  -3.744017e-01  0.000000e+00  0.000000e+00  3.107193e-01  
2.056982e+00  1.108995e-02  8.905680e-01  0.000000e+00  0.000000e+00  2.575275e-01  0.000000e+00  0.000000e+00  -3.665587e-01  0.000000e+00  0.000000e+00  2.575275e-01  0.000000e+00  0.000000e+00  -3.665587e-01  0.000000e+00  0.000000e+00  2.575275e-01  2.056982e+00  1.108995e-02  8.905680e-01  0.000000e+00  0.000000e+00  2.575275e-01  0.000000e+00  0.000000e+00  -3.665587e-01  0.000000e+00  0.000000e+00  2.575275e-01  0.000000e+00  0.000000e+00  -3.665587e-01  0.000000e+00  0.000000e+00  2.575275e-01  
1.998043e+00  7.369529e-03  8.729995e-01  0.000000e+00  0.000000e+00  2.991228e-01  0.000000e+00  0.000000e+00  -3.689511e-01  0.000000e+00  0.000000e+00  2.991228e-01  0.000000e+00  0.000000e+00  -3.689511e-01  0.000000e+00  0.000000e+00  2.991228e-01  1.998043e+00  7.369529e-03  8.729995e-01  0.000000e+00  0.000000e+00  2.991228e-01  0.000000e+00  0.000000e+00  -3.689511e-01  0.000000e+00  0.000000e+00  2.991228e-01  0.000000e+00  0.000000e+00  -3.689511e-01  0.000000e+00  0.000000e+00  2.991228e-01  
1.993551e+00  7.112183e-03  8.948234e-01  0.000000e+00  0.000000e+00  2.821091e-01  0.000000e+00  0.000000e+00  -3.623056e-01  0.000000e+00  0.000000e+00  2.821091e-01  0.000000e+00  0.000000e+00  -3.623056e-01  0.000000e+00  0.000000e+00  2.821091e-01  1.993551e+00  7.112183e-03  8.948234e-01  0.000000e+00  0.000000e+00  2.821091e-01  0.000000e+00  0.000000e+00  -3.623056e-01  0.000000e+00  0.000000e+00  2.821091e-01  0.000000e+00  0.000000e+00  -3.623056e-01  0.000000e+00  0.000000e+00  2.821091e-01  
2.126769e+00  1.103732e-02  9.008964e-01  0.000000e+00  0.000000e+00  2.731689e-01  0.000000e+00  0.000000e+00  -3.744005e-01  0.000000e+00  0.000000e+00  2.731689e-01  0.000000e+00  0.000000e+00  -3.744005e-01  0.000000e+00  0.000000e+00  2.731689e-01  2.126769e+00  1.103732e-02  9.008964e-01  0.000000e+00  0.000000e+00  2.731689e-01  0.000000e+00  0.000000e+00  -3.744005e-01  0.000000e+00  0.000000e+00  2.731689e-01  0.000000e+00  0.000000e+00  -3.744005e-01  0.000000e+00  0.000000e+00  2.731689e-01  
1.959769e+00  4.824722e-03  8.731616e-01  0.000000e+00  0.000000e+00  3.048911e-01  0.000000e+00  0.000000e+00  -3.655047e-01  0.000000e+00  0.000000e+00  3.048911e-01  0.000000e+00  0.000000e+00  -3.655047e-01  0.000000e+00  0.000000e+00  3.048911e-01  1.959769e+00  4.824722e-03  8.731616e-01  0.000000e+00  0.000000e+00  3.048911e-01  0.000000e+00  0.000000e+00  -3.655047e-01  0.000000e+00  0.000000e+00  3.048911e-01  0.000000e+00  0.000000e+00  -3.655047e-01  0.000000e+00  0.000000e+00  3.048911e-01  
2.084142e+00  2.417056e-03  9.070640e-01  0.000000e+00  0.000000e+00  3.138431e-01  0.000000e+00  0.000000e+00  -3.728383e-01  0.000000e+00  0.000000e+00  3.138431e-01  0.000000e+00  0.000000e+00  -3.728383e-01  0.000000e+00  0.000000e+00  3.138431e-01  2.084142e+00  2.417056e-03  9.070640e-01  0.000000e+00  0.000000e+00  3.138431e-01  0.000000e+00  0.000000e+00  -3.728383e-01  0.000000e+00  0.000000e+00  3.138431e-01  0.000000e+00  0.000000e+00  -3.728383e-01  0.000000e+00  0.000000e+00  3.138431e-01  
2.076862e+00  9.980973e-03  8.692394e-01  0.000000e+00  0.000000e+00  2.704655e-01  0.000000e+00  0.000000e+00  -3.701459e-01  0.000000e+00  0.000000e+00  2.704655e-01  0.000000e+00  0.000000e+00  -3.701459e-01  0.000000e+00  0.000000e+00  2.704655e-01  2.076862e+00  9.980973e-03  8.692394e-01  0.000000e+00  0.000000e+00  2.704655e-01  0.000000e+00  0.000000e+00  -3.701459e-01  0.000000e+00  0.000000e+00  2.704655e-01  0.000000e+00  0.000000e+00  -3.701459e-01  0.000000e+00  0.000000e+00  2.704655e-01  
2.032904e+00  1.074140e-03  8.953909e-01  0.000000e+00  0.000000e+00  2.906367e-01  0.000000e+00  0.000000e+00  -3.687610e-01  0.000000e+00  0.000000e+00  2.906367e-01  0.000000e+00  0.000000e+00  -3.687610e-01  0.000000e+00  0.000000e+00  2.906367e-01  2.032904e+00  1.074140e-03  8.953909e-01  0.000000e+00  0.000000e+00  2.906367e-01  0.000000e+00  0.000000e+00  -3.687610e-01  0.000000e+00  0.000000e+00  2.906367e-01  0.000000e+00  0.000000e+00  -3.687610e-01  0.000000e+00  0.000000e+00  2.906367e-01  
2.106119e+00  3.826245e-03  8.739545e-01  0.000000e+00  0.000000e+00  2.511001e-01  0.000000e+00  0.000000e+00  -3.772379e-01  0.000000e+00  0.000000e+00  2.511001e-01  0.000000e+00  0.000000e+00  -3.772379e-01  0.000000e+00  0.000000e+00  2.511001e-01  2.106119e+00  3.826245e-03  8.739545e-01  0.000000e+00  0.000000e+00  2.511001e-01  0.000000e+00  0.000000e+00  -3.772379e-01  0.000000e+00  0.000000e+00  2.511001e-01  0.000000e+00  0.000000e+00  -3.772379e-01  0.000000e+00  0.000000e+00  2.511001e-01  
2.017961e+00  2.834516e-03  8.876709e-01  0.000000e+00  0.000000e+00  2.463008e-01  0.000000e+00  0.000000e+00  -3.736944e-01  0.000000e+00  0.000000e+00  2.463008e-01  0.000000e+00  0.000000e+00  -3.736944e-01  0.000000e+00  0.000000e+00  2.463008e-01  2.017961e+00  2.834516e-03  8.876709e-01  0.000000e+00  0.000000e+00  2.463008e-01  0.000000e+00  0.000000e+00  -3.736944e-01  0.000000e+00  0.000000e+00  2.463008e-01  0.000000e+00  0.000000e+00  -3.736944e-01  0.000000e+00  0.000000e+00  2.463008e-01  
2.024360e+00  7.942837e-03  8.763245e-01  0.000000e+00  0.000000e+00  2.734519e-01  0.000000e+00  0.000000e+00  -3.693554e-01  0.000000e+00  0.000000e+00  2.734519e-01  0.000000e+00  0.000000e+00  -3.693554e-01  0.000000e+00  0.000000e+00  2.734519e-01  2.024360e+00  7.942837e-03  8.763245e-01  0.000000e+00  0.000000e+00  2.734519e-01  0.000000e+00  0.000000e+00  -3.693554e-01  0.000000e+00  0.000000e+00  2.734519e-01  0.000000e+00  0.000000e+00  -3.693554e-01  0.000000e+00  0.000000e+00  2.734519e-01  
2.003362e+00  3.109517e-03  9.071227e-01  0.000000e+00  0.000000e+00  3.060182e-01  0.000000e+00  0.000000e+00  -3.669756e-01  0.000000e+00  0.000000e+00  3.060182e-01  0.000000e+00  0.000000e+00  -3.669756e-01  0.000000e+00  0.000000e+00  3.060182e-01  2.003362e+00  3.109517e-03  9.071227e-01  0.000000e+00  0.000000e+00  3.060182e-01  0.000000e+00  0.000000e+00  -3.669756e-01  0.000000e+00  0.000000e+00  3.060182e-01  0.000000e+00  0.000000e+00  -3.669756e-01  0.000000e+00  0.000000e+00  3.060182e-01  
1.992404e+00  9.045817e-04  8.955087e-01  0.000000e+00  0.000000e+00  2.906711e-01  0.000000e+00  0.000000e+00  -3.769527e-01  0.000000e+00  0.000000e+00  2.906711e-01  0.000000e+00  0.000000e+00  -3.769527e-01  0.000000e+00  0.000000e+00  2.906711e-01  1.992404e+00  9.045817e-04  8.955087e-01  0.000000e+00  0.000000e+00  2.906711e-01  0.000000e+00  0.000000e+00  -3.769527e-01  0.000000e+00  0.000000e+00  2.906711e-01  0.000000e+00  0.000000e+00  -3.769527e-01  0.000000e+00  0.000000e+00  2.906711e-01  
1.958994e+00  5.076432e-03  8.652748e-01  0.000000e+00  0.000000e+00  3.224248e-01  0.000000e+00  0.000000e+00  -3.790876e-01  0.000000e+00  0.000000e+00  3.224248e-01  0.000000e+00  0.000000e+00  -3.790876e-01  0.000000e+00  0.000000e+00  3.224248e-01  1.958994e+00  5.076432e-03  8.652748e-01  0.000000e+00  0.000000e+00  3.224248e-01  0.000000e+00  0.000000e+00  -3.790876e-01  0.000000e+00  0.000000e+00  3.224248e-01  0.000000e+00  0.000000e+00  -3.790876e-01  0.000000e+00  0.000000e+00  3.224248e-01  
2.032301e+00  2.134024e-03  8.805453e-01  0.000000e+00  0.000000e+00  2.932756e-01  0.000000e+00  0.000000e+00  -3.704636e-01  0.000000e+00  0.000000e+00  2.932756e-01  0.000000e+00  0.000000e+00  -3.704636e-01  0.000000e+00  0.000000e+00  2.932756e-01  2.032301e+00  2.134024e-03  8.805453e-01  0.000000e+00  0.000000e+00  2.932756e-01  0.000000e+00  0.000000e+00  -3.704636e-01  0.000000e+00  0.000000e+00  2.932756e-01  0.000000e+00  0.000000e+00  -3.704636e-01  0.000000e+00  0.000000e+00  2.932756e-01  
2.044428e+00  1.388641e-02  8.785593e-01  0.000000e+00  0.000000e+00  2.701366e-01  0.000000e+00  0.000000e+00  -3.616796e-01  0.000000e+00  0.000000e+00  2.701366e-01  0.000000e+00  0.000000e+00  -3.616796e-01  0.000000e+00  0.000000e+00  2.701366e-01  2.044428e+00  1.388641e-02  8.785593e-01  0.000000e+00  0.000000e+00  2.701366e-01  0.000000e+00  0.000000e+00  -3.616796e-01  0.000000e+00  0.000000e+00  2.701366e-01  0.000000e+00  0.000000e+00  -3.616796e-01  0.000000e+00  0.000000e+00  2.701366e-01  
2.076497e+00  1.570829e-03  9.086948e-01  0.000000e+00  0.000000e+00  2.882513e-01  0.000000e+00  0.000000e+00  -3.704687e-01  0.000000e+00  0.000000e+00  2.882513e-01  0.000000e+00  0.000000e+00  -3.704687e-01  0.000000e+00  0.000000e+00  2.882513e-01  2.076497e+00  1.570829e-03  9.086948e-01  0.000000e+00  0.000000e+00  2.882513e-01  0.000000e+00  0.000000e+00  -3.704687e-01  0.000000e+00  0.000000e+00  2.882513e-01  0.000000e+00  0.000000e+00  -3.704687e-01  0.000000e+00  0.000000e+00  2.882513e-01  
2.040625e+00  5.076019e-03  8.868794e-01  0.000000e+00  0.000000e+00  2.552511e-01  0.000000e+00  0.000000e+00  -3.730499e-01  0.000000e+00  0.000000e+00  2.552511e-01  0.000000e+00  0.000000e+00  -3.730499e-01  0.000000e+00  0.000000e+00  2.552511e-01  2.040625e+00  5.076019e-03  8.868794e-01  0.000000e+00  0.000000e+00  2.552511e-01  0.000000e+00  0.000000e+00  -3.730499e-01  0.000000e+00  0.000000e+00  2.552511e-01  0.000000e+00  0.000000e+00  -3.730499e-01  0.000000e+00  0.000000e+00  2.552511e-01  
2.033026e+00  8.108065e-03  8.649510e-01  0.000000e+00  0.000000e+00  2.934750e-01  0.000000e+00  0.000000e+00  -3.573017e-01  0.000000e+00  0.000000e+00  2.934750e-01  0.000000e+00  0.000000e+00  -3.573017e-01  0.000000e+00  0.000000e+00  2.934750e-01  2.033026e+00  8.108065e-03  8.649510e-01  0.000000e+00  0.000000e+00  2.934750e-01  0.000000e+00  0.000000e+00  -3.573017e-01  0.000000e+00  0.000000e+00  2.934750e-01  0.000000e+00  0.000000e+00  -3.573017e-01  0.000000e+00  0.000000e+00  2.934750e-01  
2.099527e+00  1.394089e-02  9.067398e-01  0.000000e+00  0.000000e+00  2.970679e-01  0.000000e+00  0.000000e+00  -3.730546e-01  0.000000e+00  0.000000e+00  2.970679e-01  0.000000e+00  0.000000e+00  -3.730546e-01  0.000000e+00  0.000000e+00  2.970679e-01  2.099527e+00  1.394089e-02  9.067398e-01  0.000000e+00  0.000000e+00  2.970679e-01  0.000000e+00  0.000000e+00  -3.730546e-01  0.000000e+00  0.000000e+00  2.970679e-01  0.000000e+00  0.000000e+00  -3.730546e-01  0.000000e+00  0.000000e+00  2.970679e-01  
2.058369e+00  1.086520e-02  8.714246e-01  0.000000e+00  0.000000e+00  2.690773e-01  0.000000e+00  0.000000e+00  -3.575897e-01  0.000000e+00  0.000000e+00  2.690773e-01  0.000000e+00  0.000000e+00  -3.575897e-01  0.000000e+00  0.000000e+00  2.690773e-01  2.058369e+00  1.086520e-02  8.714246e-01  0.000000e+00  0.000000e+00  2.690773e-01  0.000000e+00  0.000000e+00  -3.575897e-01  0.000000e+00  0.000000e+00  2.690773e-01  0.000000e+00  0.000000e+00  -3.575897e-01  0.000000e+00  0.000000e+00  2.690773e-01  
2.099719e+00  2.090281e-02  8.615088e-01  0.000000e+00  0.000000e+00  2.551228e-01  0.000000e+00  0.000000e+00  -3.599598e-01  0.000000e+00  0.000000e+00  2.551228e-01  0.000000e+00  0.000000e+00  -3.599598e-01  0.000000e+00  0.000000e+00  2.551228e-01  2.099719e+00  2.090281e-02  8.615088e-01  0.000000e+00  0.000000e+00  2.551228e-01  0.000000e+00  0.000000e+00  -3.599598e-01  0.000000e+00  0.000000e+00  2.551228e-01  0.000000e+00  0.000000e+00  -3.599598e-01  0.000000e+00  0.000000e+00  2.551228e-01  
2.047333e+00  1.355703e-02  8.827127e-01  0.000000e+00  0.000000e+00  2.569250e-01  0.000000e+00  0.000000e+00  -3.658993e-01  0.000000e+00  0.000000e+00  2.569250e-01  0.000000e+00  0.000000e+00  -3.658993e-01  0.000000e+00  0.000000e+00  2.569250e-01  2.047333e+00  1.355703e-02  8.827127e-01  0.000000e+00  0.000000e+00  2.569250e-01  0.000000e+00  0.000000e+00  -3.658993e-01  0.000000e+00  0.000000e+00  2.569250e-01  0.000000e+00  0.000000e+00  -3.658993e-01  0.000000e+00  0.000000e+00  2.569250e-01  
2.122129e+00  1.991481e-02  8.582678e-01  0.000000e+00  0.000000e+00  2.583687e-01  0.000000e+00  0.000000e+00  -3.706669e-01  0.000000e+00  0.000000e+00  2.583687e-01  0.000000e+00  0.000000e+00  -3.706669e-01  0.000000e+00  0.000000e+00  2.583687e-01  2.122129e+00  1.991481e-02  8.582678e-01  0.000000e+00  0.000000e+00  2.583687e-01  0.000000e+00  0.000000e+00  -3.706669e-01  0.000000e+00  0.000000e+00  2.583687e-01  0.000000e+00  0.000000e+00  -3.706669e-01  0.000000e+00  0.000000e+00  2.583687e-01  
2.025742e+00  1.285690e-02  8.869759e-01  0.000000e+00  0.000000e+00  2.893162e-01  0.000000e+00  0.000000e+00  -3.537936e-01  0.000000e+00  0.000000e+00  2.893162e-01  0.000000e+00  0.000000e+00  -3.537936e-01  0.000000e+00  0.000000e+00  2.893162e-01  2.025742e+00  1.285690e-02  8.869759e-01  0.000000e+00  0.000000e+00  2.893162e-01  0.000000e+00  0.000000e+00  -3.537936e-01  0.000000e+00  0.000000e+00  2.893162e-01  0.000000e+00  0.000000e+00  -3.537936e-01  0.000000e+00  0.000000e+00  2.893162e-01  
1.988690e+00  4.210908e-03  8.946059e-01  0.000000e+00  0.000000e+00  2.856364e-01  0.000000e+00  0.000000e+00  -3.608560e-01  0.000000e+00  0.000000e+00  2.856364e-01  0.000000e+00  0.000000e+00  -3.608560e-01  0.000000e+00  0.000000e+00  2.856364e-01  1.988690e+00  4.210908e-03  8.946059e-01  0.000000e+00  0.000000e+00  2.856364e-01  0.000000e+00  0.000000e+00  -3.608560e-01  0.000000e+00  0.000000e+00  2.856364e-01  0.000000e+00  0.000000e+00  -3.608560e-01  0.000000e+00  0.000000e+00  2.856364e-01  
2.061157e+00  3.670913e-03  8.935103e-01  0.000000e+00  0.000000e+00  2.833368e-01  0.000000e+00  0.000000e+00  -3.812281e-01  0.000000e+00  0.000000e+00  2.833368e-01  0.000000e+00  0.000000e+00  -3.812281e-01  0.000000e+00  0.000000e+00  2.833368e-01  2.061157e+00  3.670913e-03  8.935103e-01  0.000000e+00  0.000000e+00  2.833368e-01  0.000000e+00  0.000000e+00  -3.812281e-01  0.000000e+00  0.000000e+00  2.833368e-01  0.000000e+00  0.000000e+00  -3.812281e-01  0.000000e+00  0.000000e+00  2.833368e-01  
2.044448e+00  3.594042e-03  8.993085e-01  0.000000e+00  0.000000e+00  2.837260e-01  0.000000e+00  0.000000e+00  -3.689240e-01  0.000000e+00  0.000000e+00  2.837260e-01  0.000000e+00  0.000000e+00  -3.689240e-01  0.000000e+00  0.000000e+00  2.837260e-01  2.044448e+00  3.594042e-03  8.993085e-01  0.000000e+00  0.000000e+00  2.837260e-01  0.000000e+00  0.000000e+00  -3.689240e-01  0.000000e+00  0.000000e+00  2.837260e-01  0.000000e+00  0.000000e+00  -3.689240e-01  0.000000e+00  0.000000e+00  2.837260e-01  
2.050773e+00  2.482217e-05  8.950692e-01  0.000000e+00  0.000000e+00  2.652514e-01  0.000000e+00  0.000000e+00  -3.647048e-01  0.000000e+00  0.000000e+00  2.652514e-01  0.000000e+00  0.000000e+00  -3.647048e-01  0.000000e+00  0.000000e+00  2.652514e-01  2.050773e+00  2.482217e-05  8.950692e-01  0.000000e+00  0.000000e+00  2.652514e-01  0.000000e+00  0.000000e+00  -3.647048e-01  0.000000e+00  0.000000e+00  2.652514e-01  0.000000e+00  0.000000e+00  -3.647048e-01  0.000000e+00  0.000000e+00  2.652514e-01  
2.054968e+00  7.649353e-03  8.892050e-01  0.000000e+00  0.000000e+00  2.671776e-01  0.000000e+00  0.000000e+00  -3.605767e-01  0.000000e+00  0.000000e+00  2.671776e-01  0.000000e+00  0.000000e+00  -3.605767e-01  0.000000e+00  0.000000e+00  2.671776e-01  2.054968e+00  7.649353e-03  8.892050e-01  0.000000e+00  0.000000e+00  2.671776e-01  0.000000e+00  0.000000e+00  -3.605767e-01  0.000000e+00  0.000000e+00  2.671776e-01  0.000000e+00  0.000000e+00  -3.605767e-01  0.000000e+00  0.000000e+00  2.671776e-01  
2.059330e+00  1.201192e-03  8.868610e-01  0.000000e+00  0.000000e+00  2.728580e-01  0.000000e+00  0.000000e+00  -3.683989e-01  0.000000e+00  0.000000e+00  2.728580e-01  0.000000e+00  0.000000e+00  -3.683989e-01  0.000000e+00  0.000000e+00  2.728580e-01  2.059330e+00  1.201192e-03  8.868610e-01  0.000000e+00  0.000000e+00  2.728580e-01  0.000000e+00  0.000000e+00  -3.683989e-01  0.000000e+00  0.000000e+00  2.728580e-01  0.000000e+00  0.000000e+00  -3.683989e-01  0.000000e+00  0.000000e+00  2.728580e-01  
2.046565e+00  6.617000e-03  8.559396e-01  0.000000e+00  0.000000e+00  2.674881e-01  0.000000e+00  0.000000e+00  -3.839278e-01  0.000000e+00  0.000000e+00  2.674881e-01  0.000000e+00  0.000000e+00  -3.839278e-01  0.000000e+00  0.000000e+00  2.674881e-01  2.046565e+00  6.617000e-03  8.559396e-01  0.000000e+00  0.000000e+00  2.674881e-01  0.000000e+00  0.000000e+00  -3.839278e-01  0.000000e+00  0.000000e+00  2.674881e-01  0.000000e+00  0.000000e+00  -3.839278e-01  0.000000e+00  0.000000e+00  2.674881e-01  
2.076969e+00  1.291293e-02  8.738695e-01  0.000000e+00  0.000000e+00  2.922432e-01  0.000000e+00  0.000000e+00  -3.744307e-01  0.000000e+00  0.000000e+00  2.922432e-01  0.000000e+00  0.000000e+00  -3.744307e-01  0.000000e+00  0.000000e+00  2.922432e-01  2.076969e+00  1.291293e-02  8.738695e-01  0.000000e+00  0.000000e+00  2.922432e-01  0.000000e+00  0.000000e+00  -3.744307e-01  0.000000e+00  0.000000e+00  2.922432e-01  0.000000e+00  0.000000e+00  -3.744307e-01  0.000000e+00  0.000000e+00  2.922432e-01  
2.045810e+00  3.111524e-03  8.876103e-01  0.000000e+00  0.000000e+00  2.660835e-01  0.000000e+00  0.000000e+00  -3.727517e-01  0.000000e+00  0.000000e+00  2.660835e-01  0.000000e+00  0.000000e+00  -3.727517e-01  0.000000e+00  0.000000e+00  2.660835e-01  2.045810e+00  3.111524e-03  8.876103e-01  0.000000e+00  0.000000e+00  2.660835e-01  0.000000e+00  0.000000e+00  -3.727517e-01  0.000000e+00  0.000000e+00  2.660835e-01  0.000000e+00  0.000000e+00  -3.727517e-01  0.000000e+00  0.000000e+00  2.660835e-01  
2.032665e+00  1.053571e-02  8.895690e-01  0.000000e+00  0.000000e+00  3.103887e-01  0.000000e+00  0.000000e+00  -3.580287e-01  0.000000e+00  0.000000e+00  3.103887e-01  0.000000e+00  0.000000e+00  -3.580287e-01  0.000000e+00  0.000000e+00  3.103887e-01  2.032665e+00  1.053571e-02  8.895690e-01  0.000000e+00  0.000000e+00  3.103887e-01  0.000000e+00  0.000000e+00  -3.580287e-01  0.000000e+00  0.000000e+00  3.103887e-01  0.000000e+00  0.000000e+00  -3.580287e-01  0.000000e+00  0.000000e+00  3.103887e-01  
2.099910e+00  1.302852e-02  8.732174e-01  0.000000e+00  0.000000e+00  2.829082e-01  0.000000e+00  0.000000e+00  -3.714844e-01  0.000000e+00  0.000000e+00  2.829082e-01  0.000000e+00  0.000000e+00  -3.714844e-01  0.000000e+00  0.000000e+00  2.829082e-01  2.099910e+00  1.302852e-02  8.732174e-01  0.000000e+00  0.000000e+00  2.829082e-01  0.000000e+00  0.000000e+00  -3.714844e-01  0.000000e+00  0.000000e+00  2.829082e-01  0.000000e+00  0.000000e+00  -3.714844e-01  0.000000e+00  0.000000e+00  2.829082e-01  
2.078048e+00  6.559340e-03  8.917542e-01  0.000000e+00  0.000000e+00  2.597136e-01  0.000000e+00  0.000000e+00  -3.757930e-01  0.000000e+00  0.000000e+00  2.597136e-01  0.000000e+00  0.000000e+00  -3.757930e-01  0.000000e+00  0.000000e+00  2.597136e-01  2.078048e+00  6.559340e-03  8.917542e-01  0.000000e+00  0.000000e+00  2.597136e-01  0.000000e+00  0.000000e+00  -3.757930e-01  0.000000e+00  0.000000e+00  2.597136e-01  0.000000e+00  0.000000e+00  -3.757930e-01  0.000000e+00  0.000000e+00  2.597136e-01  
2.019074e+00  3.967325e-03  8.924307e-01  0.000000e+00  0.000000e+00  3.228061e-01  0.000000e+00  0.000000e+00  -3.664867e-01  0.000000e+00  0.000000e+00  3.228061e-01  0.000000e+00  0.000000e+00  -3.664867e-01  0.000000e+00  0.000000e+00  3.228061e-01  2.019074e+00  3.967325e-03  8.924307e-01  0.000000e+00  0.000000e+00  3.228061e-01  0.000000e+00  0.000000e+00  -3.664867e-01  0.000000e+00  0.000000e+00  3.228061e-01  0.000000e+00  0.000000e+00  -3.664867e-01  0.000000e+00  0.000000e+00  3.228061e-01  
1.986509e+00  4.744529e-04  8.962419e-01  0.000000e+00  0.000000e+00  3.066796e-01  0.000000e+00  0.000000e+00  -3.678130e-01  0.000000e+00  0.000000e+00  3.066796e-01  0.000000e+00  0.000000e+00  -3.678130e-01  0.000000e+00  0.000000e+00  3.066796e-01  1.986509e+00  4.744529e-04  8.962419e-01  0.000000e+00  0.000000e+00  3.066796e-01  0.000000e+00  0.000000e+00  -3.678130e-01  0.000000e+00  0.000000e+00  3.066796e-01  0.000000e+00  0.000000e+00  -3.678130e-01  0.000000e+00  0.000000e+00  3.066796e-01  
1.997566e+00  2.957626e-03  9.011265e-01  0.000000e+00  0.000000e+00  2.699208e-01  0.000000e+00  0.000000e+00  -3.660080e-01  0.000000e+00  0.000000e+00  2.699208e-01  0.000000e+00  0.000000e+00  -3.660080e-01  0.000000e+00  0.000000e+00  2.699208e-01  1.997566e+00  2.957626e-03  9.011265e-01  0.000000e+00  0.000000e+00  2.699208e-01  0.000000e+00  0.000000e+00  -3.660080e-01  0.000000e+00  0.000000e+00  2.699208e-01  0.000000e+00  0.000000e+00  -3.660080e-01  0.000000e+00  0.000000e+00  2.699208e-01  
2.065231e+00  7.406728e-03  8.778887e-01  0.000000e+00  0.000000e+00  3.001641e-01  0.000000e+00  0.000000e+00  -3.759298e-01  0.000000e+00  0.000000e+00  3.001641e-01  0.000000e+00  0.000000e+00  -3.759298e-01  0.000000e+00  0.000000e+00  3.001641e-01  2.065231e+00  7.406728e-03  8.778887e-01  0.000000e+00  0.000000e+00  3.001641e-01  0.000000e+00  0.000000e+00  -3.759298e-01  0.000000e+00  0.000000e+00  3.001641e-01  0.000000e+00  0.000000e+00  -3.759298e-01  0.000000e+00  0.000000e+00  3.001641e-01  
2.076245e+00  9.333056e-03  8.771577e-01  0.000000e+00  0.000000e+00  2.379384e-01  0.000000e+00  0.000000e+00  -3.793251e-01  0.000000e+00  0.000000e+00  2.379384e-01  0.000000e+00  0.000000e+00  -3.793251e-01  0.000000e+00  0.000000e+00  2.379384e-01  2.076245e+00  9.333056e-03  8.771577e-01  0.000000e+00  0.000000e+00  2.379384e-01  0.000000e+00  0.000000e+00  -3.793251e-01  0.000000e+00  0.000000e+00  2.379384e-01  0.000000e+00  0.000000e+00  -3.793251e-01  0.000000e+00  0.000000e+00  2.379384e-01  
2.054603e+00  7.837298e-03  8.893563e-01  0.000000e+00  0.000000e+00  2.926567e-01  0.000000e+00  0.000000e+00  -3.681991e-01  0.000000e+00  0.000000e+00  2.926567e-01  0.000000e+00  0.000000e+00  -3.681991e-01  0.000000e+00  0.000000e+00  2.926567e-01  2.054603e+00  7.837298e-03  8.893563e-01  0.000000e+00  0.000000e+00  2.926567e-01  0.000000e+00  0.000000e+00  -3.681991e-01  0.000000e+00  0.000000e+00  2.926567e-01  0.000000e+00  0.000000e+00  -3.681991e-01  0.000000e+00  0.000000e+00  2.926567e-01  
2.030145e+00  2.864665e-04  8.934227e-01  0.000000e+00  0.000000e+00  2.877404e-01  0.000000e+00  0.000000e+00  -3.634330e-01  0.000000e+00  0.000000e+00  2.877404e-01  0.000000e+00  0.000000e+00  -3.634330e-01  0.000000e+00  0.000000e+00  2.877404e-01  2.030145e+00  2.864665e-04  8.934227e-01  0.000000e+00  0.000000e+00  2.877404e-01  0.000000e+00  0.000000e+00  -3.634330e-01  0.000000e+00  0.000000e+00  2.877404e-01  0.000000e+00  0.000000e+00  -3.634330e-01  0.000000e+00  0.000000e+00  2.877404e-01  
1.993087e+00  5.693113e-03  8.746727e-01  0.000000e+00  0.000000e+00  2.506679e-01  0.000000e+00  0.000000e+00  -3.623714e-01  0.000000e+00  0.000000e+00  2.506679e-01  0.000000e+00  0.000000e+00  -3.623714e-01  0.000000e+00  0.000000e+00  2.506679e-01  1.993087e+00  5.693113e-03  8.746727e-01  0.000000e+00  0.000000e+00  2.506679e-01  0.000000e+00  0.000000e+00  -3.623714e-01  0.000000e+00  0.000000e+00  2.506679e-01  0.000000e+00  0.000000e+00  -3.623714e-01  0.000000e+00  0.000000e+00  2.506679e-01  
2.076938e+00  2.282206e-03  9.096383e-01  0.000000e+00  0.000000e+00  2.733640e-01  0.000000e+00  0.000000e+00  -3.575816e-01  0.000000e+00  0.000000e+00  2.733640e-01  0.000000e+00  0.000000e+00  -3.575816e-01  0.000000e+00  0.000000e+00  2.733640e-01  2.076938e+00  2.282206e-03  9.096383e-01  0.000000e+00  0.000000e+00  2.733640e-01  0.000000e+00  0.000000e+00  -3.575816e-01  0.000000e+00  0.000000e+00  2.733640e-01  0.000000e+00  0.000000e+00  -3.575816e-01  0.000000e+00  0.000000e+00  2.733640e-01  
2.072403e+00  1.655786e-02  9.019226e-01  0.000000e+00  0.000000e+00  3.189323e-01  0.000000e+00  0.000000e+00  -3.699664e-01  0.000000e+00  0.000000e+00  3.189323e-01  0.000000e+00  0.000000e+00  -3.699664e-01  0.000000e+00  0.000000e+00  3.189323e-01  2.072403e+00  1.655786e-02  9.019226e-01  0.000000e+00  0.000000e+00  3.189323e-01  0.000000e+00  0.000000e+00  -3.699664e-01  0.000000e+00  0.000000e+00  3.189323e-01  0.000000e+00  0.000000e+00  -3.699664e-01  0.000000e+00  0.000000e+00  3.189323e-01  
2.105317e+00  9.616941e-03  9.097855e-01  0.000000e+00  0.000000e+00  2.967635e-01  0.000000e+00  0.000000e+00  -3.811105e-01  0.000000e+00  0.000000e+00  2.967635e-01  0.000000e+00  0.000000e+00  -3.811105e-01  0.000000e+00  0.000000e+00  2.967635e-01  2.105317e+00  9.616941e-03  9.097855e-01  0.000000e+00  0.000000e+00  2.967635e-01  0.000000e+00  0.000000e+00  -3.811105e-01  0.000000e+00  0.000000e+00  2.967635e-01  0.000000e+00  0.000000e+00  -3.811105e-01  0.000000e+00  0.000000e+00  2.967635e-01  
2.007406e+00  1.566881e-03  8.863228e-01  0.000000e+00  0.000000e+00  2.612348e-01  0.000000e+00  0.000000e+00  -3.651399e-01  0.000000e+00  0.000000e+00  2.612348e-01  0.000000e+00  0.000000e+00  -3.651399e-01  0.000000e+00  0.000000e+00  2.612348e-01  2.007406e+00  1.566881e-03  8.863228e-01  0.000000e+00  0.000000e+00  2.612348e-01  0.000000e+00  0.000000e+00  -3.651399e-01  0.000000e+00  0.000000e+00  2.612348e-01  0.000000e+00  0.000000e+00  -3.651399e-01  0.000000e+00  0.000000e+00  2.612348e-01  
2.015684e+00  3.467826e-03  9.048997e-01  0.000000e+00  0.000000e+00  3.076756e-01  0.000000e+00  0.000000e+00  -3.590055e-01  0.000000e+00  0.000000e+00  3.076756e-01  0.000000e+00  0.000000e+00  -3.590055e-01  0.000000e+00  0.000000e+00  3.076756e-01  2.015684e+00  3.467826e-03  9.048997e-01  0.000000e+00  0.000000e+00  3.076756e-01  0.000000e+00  0.000000e+00  -3.590055e-01  0.000000e+00  0.000000e+00  3.076756e-01  0.000000e+00  0.000000e+00  -3.590055e-01  0.000000e+00  0.000000e+00  3.076756e-01  
2.045615e+00  8.703665e-04  8.734795e-01  0.000000e+00  0.000000e+00  2.886150e-01  0.000000e+00  0.000000e+00  -3.739856e-01  0.000000e+00  0.000000e+00  2.886150e-01  0.000000e+00  0.000000e+00  -3.739856e-01  0.000000e+00  0.000000e+00  2.886150e-01  2.045615e+00  8.703665e-04  8.734795e-01  0.000000e+00  0.000000e+00  2.886150e-01  0.000000e+00  0.000000e+00  -3.739856e-01  0.000000e+00  0.000000e+00  2.886150e-01  0.000000e+00  0.000000e+00  -3.739856e-01  0.000000e+00  0.000000e+00  2.886150e-01  
2.009093e+00  2.392862e-03  8.695331e-01  0.000000e+00  0.000000e+00  2.930062e-01  0.000000e+00  0.000000e+00  -3.647486e-01  0.000000e+00  0.000000e+00  2.930062e-01  0.000000e+00  0.000000e+00  -3.647486e-01  0.000000e+00  0.000000e+00  2.930062e-01  2.009093e+00  2.392862e-03  8.695331e-01  0.000000e+00  0.000000e+00  2.930062e-01  0.000000e+00  0.000000e+00  -3.647486e-01  0.000000e+00  0.000000e+00  2.930062e-01  0.000000e+00  0.000000e+00  -3.647486e-01  0.000000e+00  0.000000e+00  2.930062e-01  
2.056494e+00  5.234399e-03  9.177642e-01  0.000000e+00  0.000000e+00  2.993706e-01  0.000000e+00  0.000000e+00  -3.661898e-01  0.000000e+00  0.000000e+00  2.993706e-01  0.000000e+00  0.000000e+00  -3.661898e-01  0.000000e+00  0.000000e+00  2.993706e-01  2.056494e+00  5.234399e-03  9.177642e-01  0.000000e+00  0.000000e+00  2.993706e-01  0.000000e+00  0.000000e+00  -3.661898e-01  0.000000e+00  0.000000e+00  2.993706e-01  0.000000e+00  0.000000e+00  -3.661898e-01  0.000000e+00  0.000000e+00  2.993706e-01  
2.083939e+00  7.435670e-03  8.746282e-01  0.000000e+00  0.000000e+00  2.267388e-01  0.000000e+00  0.000000e+00  -3.742548e-01  0.000000e+00  0.000000e+00  2.267388e-01  0.000000e+00  0.000000e+00  -3.742548e-01  0.000000e+00  0.000000e+00  2.267388e-01  2.083939e+00  7.435670e-03  8.746282e-01  0.000000e+00  0.000000e+00  2.267388e-01  0.000000e+00  0.000000e+00  -3.742548e-01  0.000000e+00  0.000000e+00  2.267388e-01  0.000000e+00  0.000000e+00  -3.742548e-01  0.000000e+00  0.000000e+00  2.267388e-01  
2.050796e+00  2.020616e-03  8.834012e-01  0.000000e+00  0.000000e+00  3.096970e-01  0.000000e+00  0.000000e+00  -3.693834e-01  0.000000e+00  0.000000e+00  3.096970e-01  0.000000e+00  0.000000e+00  -3.693834e-01  0.000000e+00  0.000000e+00  3.096970e-01  2.050796e+00  2.020616e-03  8.834012e-01  0.000000e+00  0.000000e+00  3.096970e-01  0.000000e+00  0.000000e+00  -3.693834e-01  0.000000e+00  0.000000e+00  3.096970e-01  0.000000e+00  0.000000e+00  -3.693834e-01  0.000000e+00  0.000000e+00  3.096970e-01  
2.021155e+00  2.228609e-03  8.969873e-01  0.000000e+00  0.000000e+00  3.015732e-01  0.000000e+00  0.000000e+00  -3.697869e-01  0.000000e+00  0.000000e+00  3.015732e-01  0.000000e+00  0.000000e+00  -3.697869e-01  0.000000e+00  0.000000e+00  3.015732e-01  2.021155e+00  2.228609e-03  8.969873e-01  0.000000e+00  0.000000e+00  3.015732e-01  0.000000e+00  0.000000e+00  -3.697869e-01  0.000000e+00  0.000000e+00  3.015732e-01  0.000000e+00  0.000000e+00  -3.697869e-01  0.000000e+00  0.000000e+00  3.015732e-01  
2.064411e+00  1.059501e-02  8.762005e-01  0.000000e+00  0.000000e+00  2.223627e-01  0.000000e+00  0.000000e+00  -3.709655e-01  0.000000e+00  0.000000e+00  2.223627e-01  0.000000e+00  0.000000e+00  -3.709655e-01  0.000000e+00  0.000000e+00  2.223627e-01  2.064411e+00  1.059501e-02  8.762005e-01  0.000000e+00  0.000000e+00  2.223627e-01  0.000000e+00  0.000000e+00  -3.709655e-01  0.000000e+00  0.000000e+00  2.223627e-01  0.000000e+00  0.000000e+00  -3.709655e-01  0.000000e+00  0.000000e+00  2.223627e-01  
2.108071e+00  1.773767e-02  8.901272e-01  0.000000e+00  0.000000e+00  2.587383e-01  0.000000e+00  0.000000e+00  -3.697773e-01  0.000000e+00  0.000000e+00  2.587383e-01  0.000000e+00  0.000000e+00  -3.697773e-01  0.000000e+00  0.000000e+00  2.587383e-01  2.108071e+00  1.773767e-02  8.901272e-01  0.000000e+00  0.000000e+00  2.587383e-01  0.000000e+00  0.000000e+00  -3.697773e-01  0.000000e+00  0.000000e+00  2.587383e-01  0.000000e+00  0.000000e+00  -3.697773e-01  0.000000e+00  0.000000e+00  2.587383e-01  
2.044573e+00  2.651503e-02  8.462793e-01  0.000000e+00  0.000000e+00  2.857873e-01  0.000000e+00  0.000000e+00  -3.659045e-01  0.000000e+00  0.000000e+00  2.857873e-01  0.000000e+00  0.000000e+00  -3.659045e-01  0.000000e+00  0.000000e+00  2.857873e-01  2.044573e+00  2.651503e-02  8.462793e-01  0.000000e+00  0.000000e+00  2.857873e-01  0.000000e+00  0.000000e+00  -3.659045e-01  0.000000e+00  0.000000e+00  2.857873e-01  0.000000e+00  0.000000e+00  -3.659045e-01  0.000000e+00  0.000000e+00  2.857873e-01  
2.119900e+00  1.015846e-02  9.014083e-01  0.000000e+00  0.000000e+00  2.837443e-01  0.000000e+00  0.000000e+00  -3.761975e-01  0.000000e+00  0.000000e+00  2.837443e-01  0.000000e+00  0.000000e+00  -3.761975e-01  0.000000e+00  0.000000e+00  2.837443e-01  2.119900e+00  1.015846e-02  9.014083e-01  0.000000e+00  0.000000e+00  2.837443e-01  0.000000e+00  0.000000e+00  -3.761975e-01  0.000000e+00  0.000000e+00  2.837443e-01  0.000000e+00  0.000000e+00  -3.761975e-01  0.000000e+00  0.000000e+00  2.837443e-01  
2.136650e+00  2.833086e-03  9.266818e-01  0.000000e+00  0.000000e+00  2.955476e-01  0.000000e+00  0.000000e+00  -3.750549e-01  0.000000e+00  0.000000e+00  2.955476e-01  0.000000e+00  0.000000e+00  -3.750549e-01  0.000000e+00  0.000000e+00  2.955476e-01  2.136650e+00  2.833086e-03  9.266818e-01  0.000000e+00  0.000000e+00  2.955476e-01  0.000000e+00  0.000000e+00  -3.750549e-01  0.000000e+00  0.000000e+00  2.955476e-01  0.000000e+00  0.000000e+00  -3.750549e-01  0.000000e+00  0.000000e+00  2.955476e-01  
2.095212e+00  1.794003e-03  8.945398e-01  0.000000e+00  0.000000e+00  2.712169e-01  0.000000e+00  0.000000e+00  -3.689286e-01  0.000000e+00  0.000000e+00  2.712169e-01  0.000000e+00  0.000000e+00  -3.689286e-01  0.000000e+00  0.000000e+00  2.712169e-01  2.095212e+00  1.794003e-03  8.945398e-01  0.000000e+00  0.000000e+00  2.712169e-01  0.000000e+00  0.000000e+00  -3.689286e-01  0.000000e+00  0.000000e+00  2.712169e-01  0.000000e+00  0.000000e+00  -3.689286e-01  0.000000e+00  0.000000e+00  2.712169e-01  
2.036005e+00  4.957731e-03  9.082432e-01  0.000000e+00  0.000000e+00  2.860519e-01  0.000000e+00  0.000000e+00  -3.697530e-01  0.000000e+00  0.000000e+00  2.860519e-01  0.000000e+00  0.000000e+00  -3.697530e-01  0.000000e+00  0.000000e+00  2.860519e-01  2.036005e+00  4.957731e-03  9.082432e-01  0.000000e+00  0.000000e+00  2.860519e-01  0.000000e+00  0.000000e+00  -3.697530e-01  0.000000e+00  0.000000e+00  2.860519e-01  0.000000e+00  0.000000e+00  -3.697530e-01  0.000000e+00  0.000000e+00  2.860519e-01  
2.037180e+00  8.129235e-03  8.688619e-01  0.000000e+00  0.000000e+00  2.838784e-01  0.000000e+00  0.000000e+00  -3.739105e-01  0.000000e+00  0.000000e+00  2.838784e-01  0.000000e+00  0.000000e+00  -3.739105e-01  0.000000e+00  0.000000e+00  2.838784e-01  2.037180e+00  8.129235e-03  8.688619e-01  0.000000e+00  0.000000e+00  2.838784e-01  0.000000e+00  0.000000e+00  -3.739105e-01  0.000000e+00  0.000000e+00  2.838784e-01  0.000000e+00  0.000000e+00  -3.739105e-01  0.000000e+00  0.000000e+00  2.838784e-01  
2.064153e+00  7.400856e-03  8.762245e-01  0.000000e+00  0.000000e+00  2.971770e-01  0.000000e+00  0.000000e+00  -3.693993e-01  0.000000e+00  0.000000e+00  2.971770e-01  0.000000e+00  0.000000e+00  -3.693993e-01  0.000000e+00  0.000000e+00  2.971770e-01  2.064153e+00  7.400856e-03  8.762245e-01  0.000000e+00  0.000000e+00  2.971770e-01  0.000000e+00  0.000000e+00  -3.693993e-01  0.000000e+00  0.000000e+00  2.971770e-01  0.000000e+00  0.000000e+00  -3.693993e-01  0.000000e+00  0.000000e+00  2.971770e-01  
2.022320e+00  9.915732e-03  8.867104e-01  0.000000e+00  0.000000e+00  2.860495e-01  0.000000e+00  0.000000e+00  -3.595960e-01  0.000000e+00  0.000000e+00  2.860495e-01  0.000000e+00  0.000000e+00  -3.595960e-01  0.000000e+00  0.000000e+00  2.860495e-01  2.022320e+00  9.915732e-03  8.867104e-01  0.000000e+00  0.000000e+00  2.860495e-01  0.000000e+00  0.000000e+00  -3.595960e-01  0.000000e+00  0.000000e+00  2.860495e-01  0.000000e+00  0.000000e+00  -3.595960e-01  0.000000e+00  0.000000e+00  2.860495e-01  
2.024836e+00  1.042738e-02  8.602263e-01  0.000000e+00  0.000000e+00  2.588112e-01  0.000000e+00  0.000000e+00  -3.715616e-01  0.000000e+00  0.000000e+00  2.588112e-01  0.000000e+00  0.000000e+00  -3.715616e-01  0.000000e+00  0.000000e+00  2.588112e-01  2.024836e+00  1.042738e-02  8.602263e-01  0.000000e+00  0.000000e+00  2.588112e-01  0.000000e+00  0.000000e+00  -3.715616e-01  0.000000e+00  0.000000e+00  2.588112e-01  0.000000e+00  0.000000e+00  -3.715616e-01  0.000000e+00  0.000000e+00  2.588112e-01  
2.107648e+00  2.017962e-02  8.766617e-01  0.000000e+00  0.000000e+00  2.873138e-01  0.000000e+00  0.000000e+00  -3.654927e-01  0.000000e+00  0.000000e+00  2.873138e-01  0.000000e+00  0.000000e+00  -3.654927e-01  0.000000e+00  0.000000e+00  2.873138e-01  2.107648e+00  2.017962e-02  8.766617e-01  0.000000e+00  0.000000e+00  2.873138e-01  0.000000e+00  0.000000e+00  -3.654927e-01  0.000000e+00  0.000000e+00  2.873138e-01  0.000000e+00  0.000000e+00  -3.654927e-01  0.000000e+00  0.000000e+00  2.873138e-01  
2.066645e+00  1.723951e-03  9.166619e-01  0.000000e+00  0.000000e+00  3.325711e-01  0.000000e+00  0.000000e+00  -3.754304e-01  0.000000e+00  0.000000e+00  3.325711e-01  0.000000e+00  0.000000e+00  -3.754304e-01  0.000000e+00  0.000000e+00  3.325711e-01  2.066645e+00  1.723951e-03  9.166619e-01  0.000000e+00  0.000000e+00  3.325711e-01  0.000000e+00  0.000000e+00  -3.754304e-01  0.000000e+00  0.000000e+00  3.325711e-01  0.000000e+00  0.000000e+00  -3.754304e-01  0.000000e+00  0.000000e+00  3.325711e-01  
2.053184e+00  8.419121e-03  8.577839e-01  0.000000e+00  0.000000e+00  2.831407e-01  0.000000e+00  0.000000e+00  -3.892679e-01  0.000000e+00  0.000000e+00  2.831407e-01  0.000000e+00  0.000000e+00  -3.892679e-01  0.000000e+00  0.000000e+00  2.831407e-01  2.053184e+00  8.419121e-03  8.577839e-01  0.000000e+00  0.000000e+00  2.831407e-01  0.000000e+00  0.000000e+00  -3.892679e-01  0.000000e+00  0.000000e+00  2.831407e-01  0.000000e+00  0.000000e+00  -3.892679e-01  0.000000e+00  0.000000e+00  2.831407e-01  
2.030259e+00  5.591897e-03  8.801801e-01  0.000000e+00  0.000000e+00  3.019097e-01  0.000000e+00  0.000000e+00  -3.635451e-01  0.000000e+00  0.000000e+00  3.019097e-01  0.000000e+00  0.000000e+00  -3.635451e-01  0.000000e+00  0.000000e+00  3.019097e-01  2.030259e+00  5.591897e-03  8.801801e-01  0.000000e+00  0.000000e+00  3.019097e-01  0.000000e+00  0.000000e+00  -3.635451e-01  0.000000e+00  0.000000e+00  3.019097e-01  0.000000e+00  0.000000e+00  -3.635451e-01  0.000000e+00  0.000000e+00  3.019097e-01  
2.015900e+00  1.375201e-03  8.955984e-01  0.000000e+00  0.000000e+00  2.507694e-01  0.000000e+00  0.000000e+00  -3.665678e-01  0.000000e+00  0.000000e+00  2.507694e-01  0.000000e+00  0.000000e+00  -3.665678e-01  0.000000e+00  0.000000e+00  2.507694e-01  2.015900e+00  1.375201e-03  8.955984e-01  0.000000e+00  0.000000e+00  2.507694e-01  0.000000e+00  0.000000e+00  -3.665678e-01  0.000000e+00  0.000000e+00  2.507694e-01  0.000000e+00  0.000000e+00  -3.665678e-01  0.000000e+00  0.000000e+00  2.507694e-01  
2.016912e+00  7.717079e-03  8.679844e-01  0.000000e+00  0.000000e+00  2.672051e-01  0.000000e+00  0.000000e+00  -3.755472e-01  0.000000e+00  0.000000e+00  2.672051e-01  0.000000e+00  0.000000e+00  -3.755472e-01  0.000000e+00  0.000000e+00  2.672051e-01  2.016912e+00  7.717079e-03  8.679844e-01  0.000000e+00  0.000000e+00  2.672051e-01  0.000000e+00  0.000000e+00  -3.755472e-01  0.000000e+00  0.000000e+00  2.672051e-01  0.000000e+00  0.000000e+00  -3.755472e-01  0.000000e+00  0.000000e+00  2.672051e-01  
2.030027e+00  2.695391e-03  8.795254e-01  0.000000e+00  0.000000e+00  3.010206e-01  0.000000e+00  0.000000e+00  -3.689477e-01  0.000000e+00  0.000000e+00  3.010206e-01  0.000000e+00  0.000000e+00  -3.689477e-01  0.000000e+00  0.000000e+00  3.010206e-01  2.030027e+00  2.695391e-03  8.795254e-01  0.000000e+00  0.000000e+00  3.010206e-01  0.000000e+00  0.000000e+00  -3.689477e-01  0.000000e+00  0.000000e+00  3.010206e-01  0.000000e+00  0.000000e+00  -3.689477e-01  0.000000e+00  0.000000e+00  3.010206e-01  
2.088073e+00  1.882516e-03  9.165884e-01  0.000000e+00  0.000000e+00  3.006903e-01  0.000000e+00  0.000000e+00  -3.709330e-01  0.000000e+00  0.000000e+00  3.006903e-01  0.000000e+00  0.000000e+00  -3.709330e-01  0.000000e+00  0.000000e+00  3.006903e-01  2.088073e+00  1.882516e-03  9.165884e-01  0.000000e+00  0.000000e+00  3.006903e-01  0.000000e+00  0.000000e+00  -3.709330e-01  0.000000e+00  0.000000e+00  3.006903e-01  0.000000e+00  0.000000e+00  -3.709330e-01  0.000000e+00  0.000000e+00  3.006903e-01  
1.975514e+00  2.295688e-02  8.126425e-01  0.000000e+00  0.000000e+00  2.499778e-01  0.000000e+00  0.000000e+00  -3.625694e-01  0.000000e+00  0.000000e+00  2.499778e-01  0.000000e+00  0.000000e+00  -3.625694e-01  0.000000e+00  0.000000e+00  2.499778e-01  1.975514e+00  2.295688e-02  8.126425e-01  0.000000e+00  0.000000e+00  2.499778e-01  0.000000e+00  0.000000e+00  -3.625694e-01  0.000000e+00  0.000000e+00  2.499778e-01  0.000000e+00  0.000000e+00  -3.625694e-01  0.000000e+00  0.000000e+00  2.499778e-01  
2.102757e+00  9.923117e-03  9.031529e-01  0.000000e+00  0.000000e+00  2.872810e-01  0.000000e+00  0.000000e+00  -3.624712e-01  0.000000e+00  0.000000e+00  2.872810e-01  0.000000e+00  0.000000e+00  -3.624712e-01  0.000000e+00  0.000000e+00  2.872810e-01  2.102757e+00  9.923117e-03  9.031529e-01  0.000000e+00  0.000000e+00  2.872810e-01  0.000000e+00  0.000000e+00  -3.624712e-01  0.000000e+00  0.000000e+00  2.872810e-01  0.000000e+00  0.000000e+00  -3.624712e-01  0.000000e+00  0.000000e+00  2.872810e-01  
2.206244e+00  3.890679e-02  8.268507e-01  0.000000e+00  0.000000e+00  2.996441e-01  0.000000e+00  0.000000e+00  -3.850867e-01  0.000000e+00  0.000000e+00  2.996441e-01  0.000000e+00  0.000000e+00  -3.850867e-01  0.000000e+00  0.000000e+00  2.996441e-01  2.206244e+00  3.890679e-02  8.268507e-01  0.000000e+00  0.000000e+00  2.996441e-01  0.000000e+00  0.000000e+00  -3.850867e-01  0.000000e+00  0.000000e+00  2.996441e-01  0.000000e+00  0.000000e+00  -3.850867e-01  0.000000e+00  0.000000e+00  2.996441e-01  
2.054241e+00  1.280920e-02  8.615398e-01  0.000000e+00  0.000000e+00  3.312920e-01  0.000000e+00  0.000000e+00  -3.837426e-01  0.000000e+00  0.000000e+00  3.312920e-01  0.000000e+00  0.000000e+00  -3.837426e-01  0.000000e+00  0.000000e+00  3.312920e-01  2.054241e+00  1.280920e-02  8.615398e-01  0.000000e+00  0.000000e+00  3.312920e-01  0.000000e+00  0.000000e+00  -3.837426e-01  0.000000e+00  0.000000e+00  3.312920e-01  0.000000e+00  0.000000e+00  -3.837426e-01  0.000000e+00  0.000000e+00  3.312920e-01  
2.042779e+00  1.236813e-03  9.063529e-01  0.000000e+00  0.000000e+00  2.729047e-01  0.000000e+00  0.000000e+00  -3.803942e-01  0.000000e+00  0.000000e+00  2.729047e-01  0.000000e+00  0.000000e+00  -3.803942e-01  0.000000e+00  0.000000e+00  2.729047e-01  2.042779e+00  1.236813e-03  9.063529e-01  0.000000e+00  0.000000e+00  2.729047e-01  0.000000e+00  0.000000e+00  -3.803942e-01  0.000000e+00  0.000000e+00  2.729047e-01  0.000000e+00  0.000000e+00  -3.803942e-01  0.000000e+00  0.000000e+00  2.729047e-01  
2.091704e+00  2.443124e-02  8.575951e-01  0.000000e+00  0.000000e+00  2.952710e-01  0.000000e+00  0.000000e+00  -3.683500e-01  0.000000e+00  0.000000e+00  2.952710e-01  0.000000e+00  0.000000e+00  -3.683500e-01  0.000000e+00  0.000000e+00  2.952710e-01  2.091704e+00  2.443124e-02  8.575951e-01  0.000000e+00  0.000000e+00  2.952710e-01  0.000000e+00  0.000000e+00  -3.683500e-01  0.000000e+00  0.000000e+00  2.952710e-01  0.000000e+00  0.000000e+00  -3.683500e-01  0.000000e+00  0.000000e+00  2.952710e-01  
2.107951e+00  2.777019e-03  9.052506e-01  0.000000e+00  0.000000e+00  3.147678e-01  0.000000e+00  0.000000e+00  -3.808689e-01  0.000000e+00  0.000000e+00  3.147678e-01  0.000000e+00  0.000000e+00  -3.808689e-01  0.000000e+00  0.000000e+00  3.147678e-01  2.107951e+00  2.777019e-03  9.052506e-01  0.000000e+00  0.000000e+00  3.147678e-01  0.000000e+00  0.000000e+00  -3.808689e-01  0.000000e+00  0.000000e+00  3.147678e-01  0.000000e+00  0.000000e+00  -3.808689e-01  0.000000e+00  0.000000e+00  3.147678e-01  
2.085611e+00  5.807965e-03  8.839858e-01  0.000000e+00  0.000000e+00  2.735078e-01  0.000000e+00  0.000000e+00  -3.644189e-01  0.000000e+00  0.000000e+00  2.735078e-01  0.000000e+00  0.000000e+00  -3.644189e-01  0.000000e+00  0.000000e+00  2.735078e-01  2.085611e+00  5.807965e-03  8.839858e-01  0.000000e+00  0.000000e+00  2.735078e-01  0.000000e+00  0.000000e+00  -3.644189e-01  0.000000e+00  0.000000e+00  2.735078e-01  0.000000e+00  0.000000e+00  -3.644189e-01  0.000000e+00  0.000000e+00  2.735078e-01  
1.936238e+00  1.055822e-03  8.807739e-01  0.000000e+00  0.000000e+00  3.214445e-01  0.000000e+00  0.000000e+00  -3.668523e-01  0.000000e+00  0.000000e+00  3.214445e-01  0.000000e+00  0.000000e+00  -3.668523e-01  0.000000e+00  0.000000e+00  3.214445e-01  1.936238e+00  1.055822e-03  8.807739e-01  0.000000e+00  0.000000e+00  3.214445e-01  0.000000e+00  0.000000e+00  -3.668523e-01  0.000000e+00  0.000000e+00  3.214445e-01  0.000000e+00  0.000000e+00  -3.668523e-01  0.000000e+00  0.000000e+00  3.214445e-01  
1.940117e+00  9.620260e-03  8.121924e-01  0.000000e+00  0.000000e+00  3.189068e-01  0.000000e+00  0.000000e+00  -3.727091e-01  0.000000e+00  0.000000e+00  3.189068e-01  0.000000e+00  0.000000e+00  -3.727091e-01  0.000000e+00  0.000000e+00  3.189068e-01  1.940117e+00  9.620260e-03  8.121924e-01  0.000000e+00  0.000000e+00  3.189068e-01  0.000000e+00  0.000000e+00  -3.727091e-01  0.000000e+00  0.000000e+00  3.189068e-01  0.000000e+00  0.000000e+00  -3.727091e-01  0.000000e+00  0.000000e+00  3.189068e-01  
1.966324e+00  7.943618e-03  8.488729e-01  0.000000e+00  0.000000e+00  3.590494e-01  0.000000e+00  0.000000e+00  -3.745184e-01  0.000000e+00  0.000000e+00  3.590494e-01  0.000000e+00  0.000000e+00  -3.745184e-01  0.000000e+00  0.000000e+00  3.590494e-01  1.966324e+00  7.943618e-03  8.488729e-01  0.000000e+00  0.000000e+00  3.590494e-01  0.000000e+00  0.000000e+00  -3.745184e-01  0.000000e+00  0.000000e+00  3.590494e-01  0.000000e+00  0.000000e+00  -3.745184e-01  0.000000e+00  0.000000e+00  3.590494e-01  
2.113751e+00  6.828980e-03  8.883343e-01  0.000000e+00  0.000000e+00  2.712461e-01  0.000000e+00  0.000000e+00  -3.660057e-01  0.000000e+00  0.000000e+00  2.712461e-01  0.000000e+00  0.000000e+00  -3.660057e-01  0.000000e+00  0.000000e+00  2.712461e-01  2.113751e+00  6.828980e-03  8.883343e-01  0.000000e+00  0.000000e+00  2.712461e-01  0.000000e+00  0.000000e+00  -3.660057e-01  0.000000e+00  0.000000e+00  2.712461e-01  0.000000e+00  0.000000e+00  -3.660057e-01  0.000000e+00  0.000000e+00  2.712461e-01  
2.062443e+00  1.809146e-02  8.975495e-01  0.000000e+00  0.000000e+00  3.384173e-01  0.000000e+00  0.000000e+00  -3.635042e-01  0.000000e+00  0.000000e+00  3.384173e-01  0.000000e+00  0.000000e+00  -3.635042e-01  0.000000e+00  0.000000e+00  3.384173e-01  2.062443e+00  1.809146e-02  8.975495e-01  0.000000e+00  0.000000e+00  3.384173e-01  0.000000e+00  0.000000e+00  -3.635042e-01  0.000000e+00  0.000000e+00  3.384173e-01  0.000000e+00  0.000000e+00  -3.635042e-01  0.000000e+00  0.000000e+00  3.384173e-01  
1.934386e+00  1.200164e-02  8.593696e-01  0.000000e+00  0.000000e+00  3.215021e-01  0.000000e+00  0.000000e+00  -3.503149e-01  0.000000e+00  0.000000e+00  3.215021e-01  0.000000e+00  0.000000e+00  -3.503149e-01  0.000000e+00  0.000000e+00  3.215021e-01  1.934386e+00  1.200164e-02  8.593696e-01  0.000000e+00  0.000000e+00  3.215021e-01  0.000000e+00  0.000000e+00  -3.503149e-01  0.000000e+00  0.000000e+00  3.215021e-01  0.000000e+00  0.000000e+00  -3.503149e-01  0.000000e+00  0.000000e+00  3.215021e-01  
1.994883e+00  1.373189e-02  8.438821e-01  0.000000e+00  0.000000e+00  2.776681e-01  0.000000e+00  0.000000e+00  -3.594047e-01  0.000000e+00  0.000000e+00  2.776681e-01  0.000000e+00  0.000000e+00  -3.594047e-01  0.000000e+00  0.000000e+00  2.776681e-01  1.994883e+00  1.373189e-02  8.438821e-01  0.000000e+00  0.000000e+00  2.776681e-01  0.000000e+00  0.000000e+00  -3.594047e-01  0.000000e+00  0.000000e+00  2.776681e-01  0.000000e+00  0.000000e+00  -3.594047e-01  0.000000e+00  0.000000e+00  2.776681e-01  
2.000170e+00  1.258726e-02  8.197588e-01  0.000000e+00  0.000000e+00  3.330710e-01  0.000000e+00  0.000000e+00  -3.757631e-01  0.000000e+00  0.000000e+00  3.330710e-01  0.000000e+00  0.000000e+00  -3.757631e-01  0.000000e+00  0.000000e+00  3.330710e-01  2.000170e+00  1.258726e-02  8.197588e-01  0.000000e+00  0.000000e+00  3.330710e-01  0.000000e+00  0.000000e+00  -3.757631e-01  0.000000e+00  0.000000e+00  3.330710e-01  0.000000e+00  0.000000e+00  -3.757631e-01  0.000000e+00  0.000000e+00  3.330710e-01  
2.027919e+00  1.620847e-02  8.295869e-01  0.000000e+00  0.000000e+00  3.107883e-01  0.000000e+00  0.000000e+00  -3.601444e-01  0.000000e+00  0.000000e+00  3.107883e-01  0.000000e+00  0.000000e+00  -3.601444e-01  0.000000e+00  0.000000e+00  3.107883e-01  2.027919e+00  1.620847e-02  8.295869e-01  0.000000e+00  0.000000e+00  3.107883e-01  0.000000e+00  0.000000e+00  -3.601444e-01  0.000000e+00  0.000000e+00  3.107883e-01  0.000000e+00  0.000000e+00  -3.601444e-01  0.000000e+00  0.000000e+00  3.107883e-01  
2.183533e+00  6.204148e-03  9.083477e-01  0.000000e+00  0.000000e+00  2.758711e-01  0.000000e+00  0.000000e+00  -3.825269e-01  0.000000e+00  0.000000e+00  2.758711e-01  0.000000e+00  0.000000e+00  -3.825269e-01  0.000000e+00  0.000000e+00  2.758711e-01  2.183533e+00  6.204148e-03  9.083477e-01  0.000000e+00  0.000000e+00  2.758711e-01  0.000000e+00  0.000000e+00  -3.825269e-01  0.000000e+00  0.000000e+00  2.758711e-01  0.000000e+00  0.000000e+00  -3.825269e-01  0.000000e+00  0.000000e+00  2.758711e-01  
2.055902e+00  3.758751e-02  8.369284e-01  0.000000e+00  0.000000e+00  3.500426e-01  0.000000e+00  0.000000e+00  -3.561970e-01  0.000000e+00  0.000000e+00  3.500426e-01  0.000000e+00  0.000000e+00  -3.561970e-01  0.000000e+00  0.000000e+00  3.500426e-01  2.055902e+00  3.758751e-02  8.369284e-01  0.000000e+00  0.000000e+00  3.500426e-01  0.000000e+00  0.000000e+00  -3.561970e-01  0.000000e+00  0.000000e+00  3.500426e-01  0.000000e+00  0.000000e+00  -3.561970e-01  0.000000e+00  0.000000e+00  3.500426e-01  
1.997212e+00  1.057721e-02  8.477810e-01  0.000000e+00  0.000000e+00  2.919108e-01  0.000000e+00  0.000000e+00  -3.580198e-01  0.000000e+00  0.000000e+00  2.919108e-01  0.000000e+00  0.000000e+00  -3.580198e-01  0.000000e+00  0.000000e+00  2.919108e-01  1.997212e+00  1.057721e-02  8.477810e-01  0.000000e+00  0.000000e+00  2.919108e-01  0.000000e+00  0.000000e+00  -3.580198e-01  0.000000e+00  0.000000e+00  2.919108e-01  0.000000e+00  0.000000e+00  -3.580198e-01  0.000000e+00  0.000000e+00  2.919108e-01  
2.083507e+00  2.055269e-02  8.557922e-01  0.000000e+00  0.000000e+00  2.964527e-01  0.000000e+00  0.000000e+00  -3.668840e-01  0.000000e+00  0.000000e+00  2.964527e-01  0.000000e+00  0.000000e+00  -3.668840e-01  0.000000e+00  0.000000e+00  2.964527e-01  2.083507e+00  2.055269e-02  8.557922e-01  0.000000e+00  0.000000e+00  2.964527e-01  0.000000e+00  0.000000e+00  -3.668840e-01  0.000000e+00  0.000000e+00  2.964527e-01  0.000000e+00  0.000000e+00  -3.668840e-01  0.000000e+00  0.000000e+00  2.964527e-01  
2.017361e+00  6.947792e-03  8.600000e-01  0.000000e+00  0.000000e+00  2.430990e-01  0.000000e+00  0.000000e+00  -3.635351e-01  0.000000e+00  0.000000e+00  2.430990e-01  0.000000e+00  0.000000e+00  -3.635351e-01  0.000000e+00  0.000000e+00  2.430990e-01  2.017361e+00  6.947792e-03  8.600000e-01  0.000000e+00  0.000000e+00  2.430990e-01  0.000000e+00  0.000000e+00  -3.635351e-01  0.000000e+00  0.000000e+00  2.430990e-01  0.000000e+00  0.000000e+00  -3.635351e-01  0.000000e+00  0.000000e+00  2.430990e-01  
2.192905e+00  1.496914e-02  8.829045e-01  0.000000e+00  0.000000e+00  2.418739e-01  0.000000e+00  0.000000e+00  -3.751821e-01  0.000000e+00  0.000000e+00  2.418739e-01  0.000000e+00  0.000000e+00  -3.751821e-01  0.000000e+00  0.000000e+00  2.418739e-01  2.192905e+00  1.496914e-02  8.829045e-01  0.000000e+00  0.000000e+00  2.418739e-01  0.000000e+00  0.000000e+00  -3.751821e-01  0.000000e+00  0.000000e+00  2.418739e-01  0.000000e+00  0.000000e+00  -3.751821e-01  0.000000e+00  0.000000e+00  2.418739e-01  
2.113062e+00  1.298048e-02  8.899714e-01  0.000000e+00  0.000000e+00  2.717215e-01  0.000000e+00  0.000000e+00  -3.784641e-01  0.000000e+00  0.000000e+00  2.717215e-01  0.000000e+00  0.000000e+00  -3.784641e-01  0.000000e+00  0.000000e+00  2.717215e-01  2.113062e+00  1.298048e-02  8.899714e-01  0.000000e+00  0.000000e+00  2.717215e-01  0.000000e+00  0.000000e+00  -3.784641e-01  0.000000e+00  0.000000e+00  2.717215e-01  0.000000e+00  0.000000e+00  -3.784641e-01  0.000000e+00  0.000000e+00  2.717215e-01  
2.019464e+00  2.830896e-02  8.211082e-01  0.000000e+00  0.000000e+00  3.120144e-01  0.000000e+00  0.000000e+00  -3.592798e-01  0.000000e+00  0.000000e+00  3.120144e-01  0.000000e+00  0.000000e+00  -3.592798e-01  0.000000e+00  0.000000e+00  3.120144e-01  2.019464e+00  2.830896e-02  8.211082e-01  0.000000e+00  0.000000e+00  3.120144e-01  0.000000e+00  0.000000e+00  -3.592798e-01  0.000000e+00  0.000000e+00  3.120144e-01  0.000000e+00  0.000000e+00  -3.592798e-01  0.000000e+00  0.000000e+00  3.120144e-01  
2.067448e+00  7.415370e-03  8.763649e-01  0.000000e+00  0.000000e+00  3.407829e-01  0.000000e+00  0.000000e+00  -3.689077e-01  0.000000e+00  0.000000e+00  3.407829e-01  0.000000e+00  0.000000e+00  -3.689077e-01  0.000000e+00  0.000000e+00  3.407829e-01  2.067448e+00  7.415370e-03  8.763649e-01  0.000000e+00  0.000000e+00  3.407829e-01  0.000000e+00  0.000000e+00  -3.689077e-01  0.000000e+00  0.000000e+00  3.407829e-01  0.000000e+00  0.000000e+00  -3.689077e-01  0.000000e+00  0.000000e+00  3.407829e-01  
2.057290e+00  3.136081e-03  9.073617e-01  0.000000e+00  0.000000e+00  3.442105e-01  0.000000e+00  0.000000e+00  -3.773274e-01  0.000000e+00  0.000000e+00  3.442105e-01  0.000000e+00  0.000000e+00  -3.773274e-01  0.000000e+00  0.000000e+00  3.442105e-01  2.057290e+00  3.136081e-03  9.073617e-01  0.000000e+00  0.000000e+00  3.442105e-01  0.000000e+00  0.000000e+00  -3.773274e-01  0.000000e+00  0.000000e+00  3.442105e-01  0.000000e+00  0.000000e+00  -3.773274e-01  0.000000e+00  0.000000e+00  3.442105e-01  
2.046192e+00  2.684291e-02  8.120947e-01  0.000000e+00  0.000000e+00  2.953207e-01  0.000000e+00  0.000000e+00  -3.745672e-01  0.000000e+00  0.000000e+00  2.953207e-01  0.000000e+00  0.000000e+00  -3.745672e-01  0.000000e+00  0.000000e+00  2.953207e-01  2.046192e+00  2.684291e-02  8.120947e-01  0.000000e+00  0.000000e+00  2.953207e-01  0.000000e+00  0.000000e+00  -3.745672e-01  0.000000e+00  0.000000e+00  2.953207e-01  0.000000e+00  0.000000e+00  -3.745672e-01  0.000000e+00  0.000000e+00  2.953207e-01  
2.077518e+00  2.071430e-02  8.447890e-01  0.000000e+00  0.000000e+00  2.527732e-01  0.000000e+00  0.000000e+00  -3.592492e-01  0.000000e+00  0.000000e+00  2.527732e-01  0.000000e+00  0.000000e+00  -3.592492e-01  0.000000e+00  0.000000e+00  2.527732e-01  2.077518e+00  2.071430e-02  8.447890e-01  0.000000e+00  0.000000e+00  2.527732e-01  0.000000e+00  0.000000e+00  -3.592492e-01  0.000000e+00  0.000000e+00  2.527732e-01  0.000000e+00  0.000000e+00  -3.592492e-01  0.000000e+00  0.000000e+00  2.527732e-01  
2.006824e+00  9.572788e-03  8.734199e-01  0.000000e+00  0.000000e+00  2.746910e-01  0.000000e+00  0.000000e+00  -3.584448e-01  0.000000e+00  0.000000e+00  2.746910e-01  0.000000e+00  0.000000e+00  -3.584448e-01  0.000000e+00  0.000000e+00  2.746910e-01  2.006824e+00  9.572788e-03  8.734199e-01  0.000000e+00  0.000000e+00  2.746910e-01  0.000000e+00  0.000000e+00  -3.584448e-01  0.000000e+00  0.000000e+00  2.746910e-01  0.000000e+00  0.000000e+00  -3.584448e-01  0.000000e+00  0.000000e+00  2.746910e-01  
2.041627e+00  1.640501e-02  8.421510e-01  0.000000e+00  0.000000e+00  3.647586e-01  0.000000e+00  0.000000e+00  -3.711558e-01  0.000000e+00  0.000000e+00  3.647586e-01  0.000000e+00  0.000000e+00  -3.711558e-01  0.000000e+00  0.000000e+00  3.647586e-01  2.041627e+00  1.640501e-02  8.421510e-01  0.000000e+00  0.000000e+00  3.647586e-01  0.000000e+00  0.000000e+00  -3.711558e-01  0.000000e+00  0.000000e+00  3.647586e-01  0.000000e+00  0.000000e+00  -3.711558e-01  0.000000e+00  0.000000e+00  3.647586e-01  
2.064316e+00  4.784808e-03  9.300217e-01  0.000000e+00  0.000000e+00  2.822806e-01  0.000000e+00  0.000000e+00  -3.669371e-01  0.000000e+00  0.000000e+00  2.822806e-01  0.000000e+00  0.000000e+00  -3.669371e-01  0.000000e+00  0.000000e+00  2.822806e-01  2.064316e+00  4.784808e-03  9.300217e-01  0.000000e+00  0.000000e+00  2.822806e-01  0.000000e+00  0.000000e+00  -3.669371e-01  0.000000e+00  0.000000e+00  2.822806e-01  0.000000e+00  0.000000e+00  -3.669371e-01  0.000000e+00  0.000000e+00  2.822806e-01  
1.934935e+00  6.385971e-04  8.518115e-01  0.000000e+00  0.000000e+00  3.267938e-01  0.000000e+00  0.000000e+00  -3.727975e-01  0.000000e+00  0.000000e+00  3.267938e-01  0.000000e+00  0.000000e+00  -3.727975e-01  0.000000e+00  0.000000e+00  3.267938e-01  1.934935e+00  6.385971e-04  8.518115e-01  0.000000e+00  0.000000e+00  3.267938e-01  0.000000e+00  0.000000e+00  -3.727975e-01  0.000000e+00  0.000000e+00  3.267938e-01  0.000000e+00  0.000000e+00  -3.727975e-01  0.000000e+00  0.000000e+00  3.267938e-01  
2.030154e+00  1.398611e-02  8.297063e-01  0.000000e+00  0.000000e+00  2.954240e-01  0.000000e+00  0.000000e+00  -3.655507e-01  0.000000e+00  0.000000e+00  2.954240e-01  0.000000e+00  0.000000e+00  -3.655507e-01  0.000000e+00  0.000000e+00  2.954240e-01  2.030154e+00  1.398611e-02  8.297063e-01  0.000000e+00  0.000000e+00  2.954240e-01  0.000000e+00  0.000000e+00  -3.655507e-01  0.000000e+00  0.000000e+00  2.954240e-01  0.000000e+00  0.000000e+00  -3.655507e-01  0.000000e+00  0.000000e+00  2.954240e-01  
2.071660e+00  9.814567e-03  9.066090e-01  0.000000e+00  0.000000e+00  3.428300e-01  0.000000e+00  0.000000e+00  -3.716426e-01  0.000000e+00  0.000000e+00  3.428300e-01  0.000000e+00  0.000000e+00  -3.716426e-01  0.000000e+00  0.000000e+00  3.428300e-01  2.071660e+00  9.814567e-03  9.066090e-01  0.000000e+00  0.000000e+00  3.428300e-01  0.000000e+00  0.000000e+00  -3.716426e-01  0.000000e+00  0.000000e+00  3.428300e-01  0.000000e+00  0.000000e+00  -3.716426e-01  0.000000e+00  0.000000e+00  3.428300e-01  
2.077687e+00  1.392849e-02  8.581597e-01  0.000000e+00  0.000000e+00  2.854758e-01  0.000000e+00  0.000000e+00  -3.779793e-01  0.000000e+00  0.000000e+00  2.854758e-01  0.000000e+00  0.000000e+00  -3.779793e-01  0.000000e+00  0.000000e+00  2.854758e-01  2.077687e+00  1.392849e-02  8.581597e-01  0.000000e+00  0.000000e+00  2.854758e-01  0.000000e+00  0.000000e+00  -3.779793e-01  0.000000e+00  0.000000e+00  2.854758e-01  0.000000e+00  0.000000e+00  -3.779793e-01  0.000000e+00  0.000000e+00  2.854758e-01  
2.110983e+00  1.332140e-02  9.247122e-01  0.000000e+00  0.000000e+00  3.445187e-01  0.000000e+00  0.000000e+00  -3.707876e-01  0.000000e+00  0.000000e+00  3.445187e-01  0.000000e+00  0.000000e+00  -3.707876e-01  0.000000e+00  0.000000e+00  3.445187e-01  2.110983e+00  1.332140e-02  9.247122e-01  0.000000e+00  0.000000e+00  3.445187e-01  0.000000e+00  0.000000e+00  -3.707876e-01  0.000000e+00  0.000000e+00  3.445187e-01  0.000000e+00  0.000000e+00  -3.707876e-01  0.000000e+00  0.000000e+00  3.445187e-01  
2.096328e+00  2.925705e-02  7.877291e-01  0.000000e+00  0.000000e+00  2.577446e-01  0.000000e+00  0.000000e+00  -3.884118e-01  0.000000e+00  0.000000e+00  2.577446e-01  0.000000e+00  0.000000e+00  -3.884118e-01  0.000000e+00  0.000000e+00  2.577446e-01  2.096328e+00  2.925705e-02  7.877291e-01  0.000000e+00  0.000000e+00  2.577446e-01  0.000000e+00  0.000000e+00  -3.884118e-01  0.000000e+00  0.000000e+00  2.577446e-01  0.000000e+00  0.000000e+00  -3.884118e-01  0.000000e+00  0.000000e+00  2.577446e-01  
1.985439e+00  3.125369e-03  8.837318e-01  0.000000e+00  0.000000e+00  2.818117e-01  0.000000e+00  0.000000e+00  -3.650292e-01  0.000000e+00  0.000000e+00  2.818117e-01  0.000000e+00  0.000000e+00  -3.650292e-01  0.000000e+00  0.000000e+00  2.818117e-01  1.985439e+00  3.125369e-03  8.837318e-01  0.000000e+00  0.000000e+00  2.818117e-01  0.000000e+00  0.000000e+00  -3.650292e-01  0.000000e+00  0.000000e+00  2.818117e-01  0.000000e+00  0.000000e+00  -3.650292e-01  0.000000e+00  0.000000e+00  2.818117e-01  
2.047600e+00  1.433739e-02  8.805023e-01  0.000000e+00  0.000000e+00  3.016893e-01  0.000000e+00  0.000000e+00  -3.586090e-01  0.000000e+00  0.000000e+00  3.016893e-01  0.000000e+00  0.000000e+00  -3.586090e-01  0.000000e+00  0.000000e+00  3.016893e-01  2.047600e+00  1.433739e-02  8.805023e-01  0.000000e+00  0.000000e+00  3.016893e-01  0.000000e+00  0.000000e+00  -3.586090e-01  0.000000e+00  0.000000e+00  3.016893e-01  0.000000e+00  0.000000e+00  -3.586090e-01  0.000000e+00  0.000000e+00  3.016893e-01  
2.105230e+00  6.690574e-03  9.258611e-01  0.000000e+00  0.000000e+00  2.666065e-01  0.000000e+00  0.000000e+00  -3.744439e-01  0.000000e+00  0.000000e+00  2.666065e-01  0.000000e+00  0.000000e+00  -3.744439e-01  0.000000e+00  0.000000e+00  2.666065e-01  2.105230e+00  6.690574e-03  9.258611e-01  0.000000e+00  0.000000e+00  2.666065e-01  0.000000e+00  0.000000e+00  -3.744439e-01  0.000000e+00  0.000000e+00  2.666065e-01  0.000000e+00  0.000000e+00  -3.744439e-01  0.000000e+00  0.000000e+00  2.666065e-01  
2.019511e+00  6.681181e-03  8.833884e-01  0.000000e+00  0.000000e+00  2.415880e-01  0.000000e+00  0.000000e+00  -3.751224e-01  0.000000e+00  0.000000e+00  2.415880e-01  0.000000e+00  0.000000e+00  -3.751224e-01  0.000000e+00  0.000000e+00  2.415880e-01  2.019511e+00  6.681181e-03  8.833884e-01  0.000000e+00  0.000000e+00  2.415880e-01  0.000000e+00  0.000000e+00  -3.751224e-01  0.000000e+00  0.000000e+00  2.415880e-01  0.000000e+00  0.000000e+00  -3.751224e-01  0.000000e+00  0.000000e+00  2.415880e-01  
2.049803e+00  1.050842e-03  9.011248e-01  0.000000e+00  0.000000e+00  2.971387e-01  0.000000e+00  0.000000e+00  -3.694255e-01  0.000000e+00  0.000000e+00  2.971387e-01  0.000000e+00  0.000000e+00  -3.694255e-01  0.000000e+00  0.000000e+00  2.971387e-01  2.049803e+00  1.050842e-03  9.011248e-01  0.000000e+00  0.000000e+00  2.971387e-01  0.000000e+00  0.000000e+00  -3.694255e-01  0.000000e+00  0.000000e+00  2.971387e-01  0.000000e+00  0.000000e+00  -3.694255e-01  0.000000e+00  0.000000e+00  2.971387e-01  
1.906650e+00  5.562837e-03  8.107446e-01  0.000000e+00  0.000000e+00  2.493283e-01  0.000000e+00  0.000000e+00  -3.747585e-01  0.000000e+00  0.000000e+00  2.493283e-01  0.000000e+00  0.000000e+00  -3.747585e-01  0.000000e+00  0.000000e+00  2.493283e-01  1.906650e+00  5.562837e-03  8.107446e-01  0.000000e+00  0.000000e+00  2.493283e-01  0.000000e+00  0.000000e+00  -3.747585e-01  0.000000e+00  0.000000e+00  2.493283e-01  0.000000e+00  0.000000e+00  -3.747585e-01  0.000000e+00  0.000000e+00  2.493283e-01  
2.019720e+00  1.189099e-02  8.858824e-01  0.000000e+00  0.000000e+00  2.734175e-01  0.000000e+00  0.000000e+00  -3.591736e-01  0.000000e+00  0.000000e+00  2.734175e-01  0.000000e+00  0.000000e+00  -3.591736e-01  0.000000e+00  0.000000e+00  2.734175e-01  2.019720e+00  1.189099e-02  8.858824e-01  0.000000e+00  0.000000e+00  2.734175e-01  0.000000e+00  0.000000e+00  -3.591736e-01  0.000000e+00  0.000000e+00  2.734175e-01  0.000000e+00  0.000000e+00  -3.591736e-01  0.000000e+00  0.000000e+00  2.734175e-01  
2.079057e+00  2.052001e-02  8.306195e-01  0.000000e+00  0.000000e+00  2.729720e-01  0.000000e+00  0.000000e+00  -3.650510e-01  0.000000e+00  0.000000e+00  2.729720e-01  0.000000e+00  0.000000e+00  -3.650510e-01  0.000000e+00  0.000000e+00  2.729720e-01  2.079057e+00  2.052001e-02  8.306195e-01  0.000000e+00  0.000000e+00  2.729720e-01  0.000000e+00  0.000000e+00  -3.650510e-01  0.000000e+00  0.000000e+00  2.729720e-01  0.000000e+00  0.000000e+00  -3.650510e-01  0.000000e+00  0.000000e+00  2.729720e-01  
2.168917e+00  6.138207e-02  8.048712e-01  0.000000e+00  0.000000e+00  3.411049e-01  0.000000e+00  0.000000e+00  -3.782926e-01  0.000000e+00  0.000000e+00  3.411049e-01  0.000000e+00  0.000000e+00  -3.782926e-01  0.000000e+00  0.000000e+00  3.411049e-01  2.168917e+00  6.138207e-02  8.048712e-01  0.000000e+00  0.000000e+00  3.411049e-01  0.000000e+00  0.000000e+00  -3.782926e-01  0.000000e+00  0.000000e+00  3.411049e-01  0.000000e+00  0.000000e+00  -3.782926e-01  0.000000e+00  0.000000e+00  3.411049e-01  
2.153784e+00  5.917073e-03  8.778602e-01  0.000000e+00  0.000000e+00  2.469366e-01  0.000000e+00  0.000000e+00  -3.924193e-01  0.000000e+00  0.000000e+00  2.469366e-01  0.000000e+00  0.000000e+00  -3.924193e-01  0.000000e+00  0.000000e+00  2.469366e-01  2.153784e+00  5.917073e-03  8.778602e-01  0.000000e+00  0.000000e+00  2.469366e-01  0.000000e+00  0.000000e+00  -3.924193e-01  0.000000e+00  0.000000e+00  2.469366e-01  0.000000e+00  0.000000e+00  -3.924193e-01  0.000000e+00  0.000000e+00  2.469366e-01  
2.151845e+00  2.405081e-02  8.773878e-01  0.000000e+00  0.000000e+00  3.497895e-01  0.000000e+00  0.000000e+00  -3.828332e-01  0.000000e+00  0.000000e+00  3.497895e-01  0.000000e+00  0.000000e+00  -3.828332e-01  0.000000e+00  0.000000e+00  3.497895e-01  2.151845e+00  2.405081e-02  8.773878e-01  0.000000e+00  0.000000e+00  3.497895e-01  0.000000e+00  0.000000e+00  -3.828332e-01  0.000000e+00  0.000000e+00  3.497895e-01  0.000000e+00  0.000000e+00  -3.828332e-01  0.000000e+00  0.000000e+00  3.497895e-01  
2.053605e+00  1.878151e-02  8.576405e-01  0.000000e+00  0.000000e+00  3.035851e-01  0.000000e+00  0.000000e+00  -3.698218e-01  0.000000e+00  0.000000e+00  3.035851e-01  0.000000e+00  0.000000e+00  -3.698218e-01  0.000000e+00  0.000000e+00  3.035851e-01  2.053605e+00  1.878151e-02  8.576405e-01  0.000000e+00  0.000000e+00  3.035851e-01  0.000000e+00  0.000000e+00  -3.698218e-01  0.000000e+00  0.000000e+00  3.035851e-01  0.000000e+00  0.000000e+00  -3.698218e-01  0.000000e+00  0.000000e+00  3.035851e-01  
2.025192e+00  6.477921e-03  9.193351e-01  0.000000e+00  0.000000e+00  2.841061e-01  0.000000e+00  0.000000e+00  -3.651551e-01  0.000000e+00  0.000000e+00  2.841061e-01  0.000000e+00  0.000000e+00  -3.651551e-01  0.000000e+00  0.000000e+00  2.841061e-01  2.025192e+00  6.477921e-03  9.193351e-01  0.000000e+00  0.000000e+00  2.841061e-01  0.000000e+00  0.000000e+00  -3.651551e-01  0.000000e+00  0.000000e+00  2.841061e-01  0.000000e+00  0.000000e+00  -3.651551e-01  0.000000e+00  0.000000e+00  2.841061e-01  
2.058982e+00  2.773846e-02  8.572757e-01  0.000000e+00  0.000000e+00  3.026823e-01  0.000000e+00  0.000000e+00  -3.650583e-01  0.000000e+00  0.000000e+00  3.026823e-01  0.000000e+00  0.000000e+00  -3.650583e-01  0.000000e+00  0.000000e+00  3.026823e-01  2.058982e+00  2.773846e-02  8.572757e-01  0.000000e+00  0.000000e+00  3.026823e-01  0.000000e+00  0.000000e+00  -3.650583e-01  0.000000e+00  0.000000e+00  3.026823e-01  0.000000e+00  0.000000e+00  -3.650583e-01  0.000000e+00  0.000000e+00  3.026823e-01  
2.172197e+00  2.213218e-02  8.349619e-01  0.000000e+00  0.000000e+00  2.720902e-01  0.000000e+00  0.000000e+00  -3.933381e-01  0.000000e+00  0.000000e+00  2.720902e-01  0.000000e+00  0.000000e+00  -3.933381e-01  0.000000e+00  0.000000e+00  2.720902e-01  2.172197e+00  2.213218e-02  8.349619e-01  0.000000e+00  0.000000e+00  2.720902e-01  0.000000e+00  0.000000e+00  -3.933381e-01  0.000000e+00  0.000000e+00  2.720902e-01  0.000000e+00  0.000000e+00  -3.933381e-01  0.000000e+00  0.000000e+00  2.720902e-01  
1.982683e+00  4.769790e-03  8.988297e-01  0.000000e+00  0.000000e+00  3.225543e-01  0.000000e+00  0.000000e+00  -3.640553e-01  0.000000e+00  0.000000e+00  3.225543e-01  0.000000e+00  0.000000e+00  -3.640553e-01  0.000000e+00  0.000000e+00  3.225543e-01  1.982683e+00  4.769790e-03  8.988297e-01  0.000000e+00  0.000000e+00  3.225543e-01  0.000000e+00  0.000000e+00  -3.640553e-01  0.000000e+00  0.000000e+00  3.225543e-01  0.000000e+00  0.000000e+00  -3.640553e-01  0.000000e+00  0.000000e+00  3.225543e-01  
2.007074e+00  1.424262e-04  9.489256e-01  0.000000e+00  0.000000e+00  2.833960e-01  0.000000e+00  0.000000e+00  -3.535275e-01  0.000000e+00  0.000000e+00  2.833960e-01  0.000000e+00  0.000000e+00  -3.535275e-01  0.000000e+00  0.000000e+00  2.833960e-01  2.007074e+00  1.424262e-04  9.489256e-01  0.000000e+00  0.000000e+00  2.833960e-01  0.000000e+00  0.000000e+00  -3.535275e-01  0.000000e+00  0.000000e+00  2.833960e-01  0.000000e+00  0.000000e+00  -3.535275e-01  0.000000e+00  0.000000e+00  2.833960e-01  
2.054230e+00  1.726798e-02  8.778729e-01  0.000000e+00  0.000000e+00  2.902892e-01  0.000000e+00  0.000000e+00  -3.589370e-01  0.000000e+00  0.000000e+00  2.902892e-01  0.000000e+00  0.000000e+00  -3.589370e-01  0.000000e+00  0.000000e+00  2.902892e-01  2.054230e+00  1.726798e-02  8.778729e-01  0.000000e+00  0.000000e+00  2.902892e-01  0.000000e+00  0.000000e+00  -3.589370e-01  0.000000e+00  0.000000e+00  2.902892e-01  0.000000e+00  0.000000e+00  -3.589370e-01  0.000000e+00  0.000000e+00  2.902892e-01  
2.198308e+00  2.890514e-02  8.544952e-01  0.000000e+00  0.000000e+00  2.576052e-01  0.000000e+00  0.000000e+00  -3.745785e-01  0.000000e+00  0.000000e+00  2.576052e-01  0.000000e+00  0.000000e+00  -3.745785e-01  0.000000e+00  0.000000e+00  2.576052e-01  2.198308e+00  2.890514e-02  8.544952e-01  0.000000e+00  0.000000e+00  2.576052e-01  0.000000e+00  0.000000e+00  -3.745785e-01  0.000000e+00  0.000000e+00  2.576052e-01  0.000000e+00  0.000000e+00  -3.745785e-01  0.000000e+00  0.000000e+00  2.576052e-01  
2.106889e+00  1.416475e-02  8.829592e-01  0.000000e+00  0.000000e+00  3.283643e-01  0.000000e+00  0.000000e+00  -3.757752e-01  0.000000e+00  0.000000e+00  3.283643e-01  0.000000e+00  0.000000e+00  -3.757752e-01  0.000000e+00  0.000000e+00  3.283643e-01  2.106889e+00  1.416475e-02  8.829592e-01  0.000000e+00  0.000000e+00  3.283643e-01  0.000000e+00  0.000000e+00  -3.757752e-01  0.000000e+00  0.000000e+00  3.283643e-01  0.000000e+00  0.000000e+00  -3.757752e-01  0.000000e+00  0.000000e+00  3.283643e-01  
2.026356e+00  1.282999e-02  8.434997e-01  0.000000e+00  0.000000e+00  2.497178e-01  0.000000e+00  0.000000e+00  -3.635855e-01  0.000000e+00  0.000000e+00  2.497178e-01  0.000000e+00  0.000000e+00  -3.635855e-01  0.000000e+00  0.000000e+00  2.497178e-01  2.026356e+00  1.282999e-02  8.434997e-01  0.000000e+00  0.000000e+00  2.497178e-01  0.000000e+00  0.000000e+00  -3.635855e-01  0.000000e+00  0.000000e+00  2.497178e-01  0.000000e+00  0.000000e+00  -3.635855e-01  0.000000e+00  0.000000e+00  2.497178e-01  
2.046314e+00  1.719220e-03  8.706945e-01  0.000000e+00  0.000000e+00  2.389724e-01  0.000000e+00  0.000000e+00  -3.716607e-01  0.000000e+00  0.000000e+00  2.389724e-01  0.000000e+00  0.000000e+00  -3.716607e-01  0.000000e+00  0.000000e+00  2.389724e-01  2.046314e+00  1.719220e-03  8.706945e-01  0.000000e+00  0.000000e+00  2.389724e-01  0.000000e+00  0.000000e+00  -3.716607e-01  0.000000e+00  0.000000e+00  2.389724e-01  0.000000e+00  0.000000e+00  -3.716607e-01  0.000000e+00  0.000000e+00  2.389724e-01  
2.098667e+00  2.538228e-02  8.602856e-01  0.000000e+00  0.000000e+00  2.274587e-01  0.000000e+00  0.000000e+00  -3.631503e-01  0.000000e+00  0.000000e+00  2.274587e-01  0.000000e+00  0.000000e+00  -3.631503e-01  0.000000e+00  0.000000e+00  2.274587e-01  2.098667e+00  2.538228e-02  8.602856e-01  0.000000e+00  0.000000e+00  2.274587e-01  0.000000e+00  0.000000e+00  -3.631503e-01  0.000000e+00  0.000000e+00  2.274587e-01  0.000000e+00  0.000000e+00  -3.631503e-01  0.000000e+00  0.000000e+00  2.274587e-01  
2.005501e+00  5.390367e-03  8.551690e-01  0.000000e+00  0.000000e+00  2.303322e-01  0.000000e+00  0.000000e+00  -3.611346e-01  0.000000e+00  0.000000e+00  2.303322e-01  0.000000e+00  0.000000e+00  -3.611346e-01  0.000000e+00  0.000000e+00  2.303322e-01  2.005501e+00  5.390367e-03  8.551690e-01  0.000000e+00  0.000000e+00  2.303322e-01  0.000000e+00  0.000000e+00  -3.611346e-01  0.000000e+00  0.000000e+00  2.303322e-01  0.000000e+00  0.000000e+00  -3.611346e-01  0.000000e+00  0.000000e+00  2.303322e-01  
2.042611e+00  1.099603e-02  8.564915e-01  0.000000e+00  0.000000e+00  2.291974e-01  0.000000e+00  0.000000e+00  -3.704773e-01  0.000000e+00  0.000000e+00  2.291974e-01  0.000000e+00  0.000000e+00  -3.704773e-01  0.000000e+00  0.000000e+00  2.291974e-01  2.042611e+00  1.099603e-02  8.564915e-01  0.000000e+00  0.000000e+00  2.291974e-01  0.000000e+00  0.000000e+00  -3.704773e-01  0.000000e+00  0.000000e+00  2.291974e-01  0.000000e+00  0.000000e+00  -3.704773e-01  0.000000e+00  0.000000e+00  2.291974e-01  
1.941431e+00  3.864638e-03  8.107579e-01  0.000000e+00  0.000000e+00  2.727528e-01  0.000000e+00  0.000000e+00  -3.773480e-01  0.000000e+00  0.000000e+00  2.727528e-01  0.000000e+00  0.000000e+00  -3.773480e-01  0.000000e+00  0.000000e+00  2.727528e-01  1.941431e+00  3.864638e-03  8.107579e-01  0.000000e+00  0.000000e+00  2.727528e-01  0.000000e+00  0.000000e+00  -3.773480e-01  0.000000e+00  0.000000e+00  2.727528e-01  0.000000e+00  0.000000e+00  -3.773480e-01  0.000000e+00  0.000000e+00  2.727528e-01  
2.036674e+00  1.368449e-02  8.646312e-01  0.000000e+00  0.000000e+00  2.998607e-01  0.000000e+00  0.000000e+00  -3.623503e-01  0.000000e+00  0.000000e+00  2.998607e-01  0.000000e+00  0.000000e+00  -3.623503e-01  0.000000e+00  0.000000e+00  2.998607e-01  2.036674e+00  1.368449e-02  8.646312e-01  0.000000e+00  0.000000e+00  2.998607e-01  0.000000e+00  0.000000e+00  -3.623503e-01  0.000000e+00  0.000000e+00  2.998607e-01  0.000000e+00  0.000000e+00  -3.623503e-01  0.000000e+00  0.000000e+00  2.998607e-01  
2.043125e+00  7.235378e-03  8.777047e-01  0.000000e+00  0.000000e+00  2.882083e-01  0.000000e+00  0.000000e+00  -3.593056e-01  0.000000e+00  0.000000e+00  2.882083e-01  0.000000e+00  0.000000e+00  -3.593056e-01  0.000000e+00  0.000000e+00  2.882083e-01  2.043125e+00  7.235378e-03  8.777047e-01  0.000000e+00  0.000000e+00  2.882083e-01  0.000000e+00  0.000000e+00  -3.593056e-01  0.000000e+00  0.000000e+00  2.882083e-01  0.000000e+00  0.000000e+00  -3.593056e-01  0.000000e+00  0.000000e+00  2.882083e-01  
2.075834e+00  4.840631e-03  8.772664e-01  0.000000e+00  0.000000e+00  3.196098e-01  0.000000e+00  0.000000e+00  -3.767304e-01  0.000000e+00  0.000000e+00  3.196098e-01  0.000000e+00  0.000000e+00  -3.767304e-01  0.000000e+00  0.000000e+00  3.196098e-01  2.075834e+00  4.840631e-03  8.772664e-01  0.000000e+00  0.000000e+00  3.196098e-01  0.000000e+00  0.000000e+00  -3.767304e-01  0.000000e+00  0.000000e+00  3.196098e-01  0.000000e+00  0.000000e+00  -3.767304e-01  0.000000e+00  0.000000e+00  3.196098e-01  
2.085923e+00  2.277770e-02  8.758829e-01  0.000000e+00  0.000000e+00  3.013850e-01  0.000000e+00  0.000000e+00  -3.638368e-01  0.000000e+00  0.000000e+00  3.013850e-01  0.000000e+00  0.000000e+00  -3.638368e-01  0.000000e+00  0.000000e+00  3.013850e-01  2.085923e+00  2.277770e-02  8.758829e-01  0.000000e+00  0.000000e+00  3.013850e-01  0.000000e+00  0.000000e+00  -3.638368e-01  0.000000e+00  0.000000e+00  3.013850e-01  0.000000e+00  0.000000e+00  -3.638368e-01  0.000000e+00  0.000000e+00  3.013850e-01  
2.025844e+00  2.377298e-02  8.343301e-01  0.000000e+00  0.000000e+00  2.870159e-01  0.000000e+00  0.000000e+00  -3.632236e-01  0.000000e+00  0.000000e+00  2.870159e-01  0.000000e+00  0.000000e+00  -3.632236e-01  0.000000e+00  0.000000e+00  2.870159e-01  2.025844e+00  2.377298e-02  8.343301e-01  0.000000e+00  0.000000e+00  2.870159e-01  0.000000e+00  0.000000e+00  -3.632236e-01  0.000000e+00  0.000000e+00  2.870159e-01  0.000000e+00  0.000000e+00  -3.632236e-01  0.000000e+00  0.000000e+00  2.870159e-01  
2.139115e+00  1.243815e-02  8.960043e-01  0.000000e+00  0.000000e+00  3.071150e-01  0.000000e+00  0.000000e+00  -3.717165e-01  0.000000e+00  0.000000e+00  3.071150e-01  0.000000e+00  0.000000e+00  -3.717165e-01  0.000000e+00  0.000000e+00  3.071150e-01  2.139115e+00  1.243815e-02  8.960043e-01  0.000000e+00  0.000000e+00  3.071150e-01  0.000000e+00  0.000000e+00  -3.717165e-01  0.000000e+00  0.000000e+00  3.071150e-01  0.000000e+00  0.000000e+00  -3.717165e-01  0.000000e+00  0.000000e+00  3.071150e-01  
2.014276e+00  9.411771e-03  8.774422e-01  0.000000e+00  0.000000e+00  3.250484e-01  0.000000e+00  0.000000e+00  -3.680828e-01  0.000000e+00  0.000000e+00  3.250484e-01  0.000000e+00  0.000000e+00  -3.680828e-01  0.000000e+00  0.000000e+00  3.250484e-01  2.014276e+00  9.411771e-03  8.774422e-01  0.000000e+00  0.000000e+00  3.250484e-01  0.000000e+00  0.000000e+00  -3.680828e-01  0.000000e+00  0.000000e+00  3.250484e-01  0.000000e+00  0.000000e+00  -3.680828e-01  0.000000e+00  0.000000e+00  3.250484e-01  
2.145081e+00  2.793407e-02  8.554285e-01  0.000000e+00  0.000000e+00  2.505086e-01  0.000000e+00  0.000000e+00  -3.770707e-01  0.000000e+00  0.000000e+00  2.505086e-01  0.000000e+00  0.000000e+00  -3.770707e-01  0.000000e+00  0.000000e+00  2.505086e-01  2.145081e+00  2.793407e-02  8.554285e-01  0.000000e+00  0.000000e+00  2.505086e-01  0.000000e+00  0.000000e+00  -3.770707e-01  0.000000e+00  0.000000e+00  2.505086e-01  0.000000e+00  0.000000e+00  -3.770707e-01  0.000000e+00  0.000000e+00  2.505086e-01  
2.098092e+00  8.918773e-03  9.048420e-01  0.000000e+00  0.000000e+00  2.411191e-01  0.000000e+00  0.000000e+00  -3.626288e-01  0.000000e+00  0.000000e+00  2.411191e-01  0.000000e+00  0.000000e+00  -3.626288e-01  0.000000e+00  0.000000e+00  2.411191e-01  2.098092e+00  8.918773e-03  9.048420e-01  0.000000e+00  0.000000e+00  2.411191e-01  0.000000e+00  0.000000e+00  -3.626288e-01  0.000000e+00  0.000000e+00  2.411191e-01  0.000000e+00  0.000000e+00  -3.626288e-01  0.000000e+00  0.000000e+00  2.411191e-01  
2.081592e+00  3.363093e-02  7.982053e-01  0.000000e+00  0.000000e+00  3.617172e-01  0.000000e+00  0.000000e+00  -3.768709e-01  0.000000e+00  0.000000e+00  3.617172e-01  0.000000e+00  0.000000e+00  -3.768709e-01  0.000000e+00  0.000000e+00  3.617172e-01  2.081592e+00  3.363093e-02  7.982053e-01  0.000000e+00  0.000000e+00  3.617172e-01  0.000000e+00  0.000000e+00  -3.768709e-01  0.000000e+00  0.000000e+00  3.617172e-01  0.000000e+00  0.000000e+00  -3.768709e-01  0.000000e+00  0.000000e+00  3.617172e-01  
1.909420e+00  9.342103e-03  8.320242e-01  0.000000e+00  0.000000e+00  3.125492e-01  0.000000e+00  0.000000e+00  -3.426058e-01  0.000000e+00  0.000000e+00  3.125492e-01  0.000000e+00  0.000000e+00  -3.426058e-01  0.000000e+00  0.000000e+00  3.125492e-01  1.909420e+00  9.342103e-03  8.320242e-01  0.000000e+00  0.000000e+00  3.125492e-01  0.000000e+00  0.000000e+00  -3.426058e-01  0.000000e+00  0.000000e+00  3.125492e-01  0.000000e+00  0.000000e+00  -3.426058e-01  0.000000e+00  0.000000e+00  3.125492e-01  
2.192446e+00  2.531229e-02  8.593928e-01  0.000000e+00  0.000000e+00  2.858088e-01  0.000000e+00  0.000000e+00  -3.712258e-01  0.000000e+00  0.000000e+00  2.858088e-01  0.000000e+00  0.000000e+00  -3.712258e-01  0.000000e+00  0.000000e+00  2.858088e-01  2.192446e+00  2.531229e-02  8.593928e-01  0.000000e+00  0.000000e+00  2.858088e-01  0.000000e+00  0.000000e+00  -3.712258e-01  0.000000e+00  0.000000e+00  2.858088e-01  0.000000e+00  0.000000e+00  -3.712258e-01  0.000000e+00  0.000000e+00  2.858088e-01  
2.051334e+00  6.026905e-03  8.831079e-01  0.000000e+00  0.000000e+00  2.790246e-01  0.000000e+00  0.000000e+00  -3.607713e-01  0.000000e+00  0.000000e+00  2.790246e-01  0.000000e+00  0.000000e+00  -3.607713e-01  0.000000e+00  0.000000e+00  2.790246e-01  2.051334e+00  6.026905e-03  8.831079e-01  0.000000e+00  0.000000e+00  2.790246e-01  0.000000e+00  0.000000e+00  -3.607713e-01  0.000000e+00  0.000000e+00  2.790246e-01  0.000000e+00  0.000000e+00  -3.607713e-01  0.000000e+00  0.000000e+00  2.790246e-01  
2.094657e+00  6.377343e-03  8.667709e-01  0.000000e+00  0.000000e+00  2.772778e-01  0.000000e+00  0.000000e+00  -3.684618e-01  0.000000e+00  0.000000e+00  2.772778e-01  0.000000e+00  0.000000e+00  -3.684618e-01  0.000000e+00  0.000000e+00  2.772778e-01  2.094657e+00  6.377343e-03  8.667709e-01  0.000000e+00  0.000000e+00  2.772778e-01  0.000000e+00  0.000000e+00  -3.684618e-01  0.000000e+00  0.000000e+00  2.772778e-01  0.000000e+00  0.000000e+00  -3.684618e-01  0.000000e+00  0.000000e+00  2.772778e-01  
2.073595e+00  3.497455e-02  7.897367e-01  0.000000e+00  0.000000e+00  2.043071e-01  0.000000e+00  0.000000e+00  -3.768062e-01  0.000000e+00  0.000000e+00  2.043071e-01  0.000000e+00  0.000000e+00  -3.768062e-01  0.000000e+00  0.000000e+00  2.043071e-01  2.073595e+00  3.497455e-02  7.897367e-01  0.000000e+00  0.000000e+00  2.043071e-01  0.000000e+00  0.000000e+00  -3.768062e-01  0.000000e+00  0.000000e+00  2.043071e-01  0.000000e+00  0.000000e+00  -3.768062e-01  0.000000e+00  0.000000e+00  2.043071e-01  
2.183904e+00  2.354619e-02  8.988058e-01  0.000000e+00  0.000000e+00  2.780503e-01  0.000000e+00  0.000000e+00  -3.706591e-01  0.000000e+00  0.000000e+00  2.780503e-01  0.000000e+00  0.000000e+00  -3.706591e-01  0.000000e+00  0.000000e+00  2.780503e-01  2.183904e+00  2.354619e-02  8.988058e-01  0.000000e+00  0.000000e+00  2.780503e-01  0.000000e+00  0.000000e+00  -3.706591e-01  0.000000e+00  0.000000e+00  2.780503e-01  0.000000e+00  0.000000e+00  -3.706591e-01  0.000000e+00  0.000000e+00  2.780503e-01  
1.993308e+00  1.247893e-02  8.696408e-01  0.000000e+00  0.000000e+00  2.389971e-01  0.000000e+00  0.000000e+00  -3.580115e-01  0.000000e+00  0.000000e+00  2.389971e-01  0.000000e+00  0.000000e+00  -3.580115e-01  0.000000e+00  0.000000e+00  2.389971e-01  1.993308e+00  1.247893e-02  8.696408e-01  0.000000e+00  0.000000e+00  2.389971e-01  0.000000e+00  0.000000e+00  -3.580115e-01  0.000000e+00  0.000000e+00  2.389971e-01  0.000000e+00  0.000000e+00  -3.580115e-01  0.000000e+00  0.000000e+00  2.389971e-01  
1.892949e+00  1.991479e-03  8.371728e-01  0.000000e+00  0.000000e+00  2.880046e-01  0.000000e+00  0.000000e+00  -3.611379e-01  0.000000e+00  0.000000e+00  2.880046e-01  0.000000e+00  0.000000e+00  -3.611379e-01  0.000000e+00  0.000000e+00  2.880046e-01  1.892949e+00  1.991479e-03  8.371728e-01  0.000000e+00  0.000000e+00  2.880046e-01  0.000000e+00  0.000000e+00  -3.611379e-01  0.000000e+00  0.000000e+00  2.880046e-01  0.000000e+00  0.000000e+00  -3.611379e-01  0.000000e+00  0.000000e+00  2.880046e-01  
2.058360e+00  6.833474e-03  9.024392e-01  0.000000e+00  0.000000e+00  2.452848e-01  0.000000e+00  0.000000e+00  -3.752757e-01  0.000000e+00  0.000000e+00  2.452848e-01  0.000000e+00  0.000000e+00  -3.752757e-01  0.000000e+00  0.000000e+00  2.452848e-01  2.058360e+00  6.833474e-03  9.024392e-01  0.000000e+00  0.000000e+00  2.452848e-01  0.000000e+00  0.000000e+00  -3.752757e-01  0.000000e+00  0.000000e+00  2.452848e-01  0.000000e+00  0.000000e+00  -3.752757e-01  0.000000e+00  0.000000e+00  2.452848e-01  
2.138136e+00  6.605533e-03  9.069527e-01  0.000000e+00  0.000000e+00  3.028621e-01  0.000000e+00  0.000000e+00  -3.789320e-01  0.000000e+00  0.000000e+00  3.028621e-01  0.000000e+00  0.000000e+00  -3.789320e-01  0.000000e+00  0.000000e+00  3.028621e-01  2.138136e+00  6.605533e-03  9.069527e-01  0.000000e+00  0.000000e+00  3.028621e-01  0.000000e+00  0.000000e+00  -3.789320e-01  0.000000e+00  0.000000e+00  3.028621e-01  0.000000e+00  0.000000e+00  -3.789320e-01  0.000000e+00  0.000000e+00  3.028621e-01  
2.047600e+00  6.790241e-03  8.837091e-01  0.000000e+00  0.000000e+00  2.188629e-01  0.000000e+00  0.000000e+00  -3.662999e-01  0.000000e+00  0.000000e+00  2.188629e-01  0.000000e+00  0.000000e+00  -3.662999e-01  0.000000e+00  0.000000e+00  2.188629e-01  2.047600e+00  6.790241e-03  8.837091e-01  0.000000e+00  0.000000e+00  2.188629e-01  0.000000e+00  0.000000e+00  -3.662999e-01  0.000000e+00  0.000000e+00  2.188629e-01  0.000000e+00  0.000000e+00  -3.662999e-01  0.000000e+00  0.000000e+00  2.188629e-01  
2.021557e+00  6.682012e-03  8.662376e-01  0.000000e+00  0.000000e+00  2.692337e-01  0.000000e+00  0.000000e+00  -3.668814e-01  0.000000e+00  0.000000e+00  2.692337e-01  0.000000e+00  0.000000e+00  -3.668814e-01  0.000000e+00  0.000000e+00  2.692337e-01  2.021557e+00  6.682012e-03  8.662376e-01  0.000000e+00  0.000000e+00  2.692337e-01  0.000000e+00  0.000000e+00  -3.668814e-01  0.000000e+00  0.000000e+00  2.692337e-01  0.000000e+00  0.000000e+00  -3.668814e-01  0.000000e+00  0.000000e+00  2.692337e-01  
2.012016e+00  2.982287e-03  9.268584e-01  0.000000e+00  0.000000e+00  2.848076e-01  0.000000e+00  0.000000e+00  -3.647973e-01  0.000000e+00  0.000000e+00  2.848076e-01  0.000000e+00  0.000000e+00  -3.647973e-01  0.000000e+00  0.000000e+00  2.848076e-01  2.012016e+00  2.982287e-03  9.268584e-01  0.000000e+00  0.000000e+00  2.848076e-01  0.000000e+00  0.000000e+00  -3.647973e-01  0.000000e+00  0.000000e+00  2.848076e-01  0.000000e+00  0.000000e+00  -3.647973e-01  0.000000e+00  0.000000e+00  2.848076e-01  
2.039673e+00  7.761216e-03  8.365276e-01  0.000000e+00  0.000000e+00  3.182128e-01  0.000000e+00  0.000000e+00  -3.742723e-01  0.000000e+00  0.000000e+00  3.182128e-01  0.000000e+00  0.000000e+00  -3.742723e-01  0.000000e+00  0.000000e+00  3.182128e-01  2.039673e+00  7.761216e-03  8.365276e-01  0.000000e+00  0.000000e+00  3.182128e-01  0.000000e+00  0.000000e+00  -3.742723e-01  0.000000e+00  0.000000e+00  3.182128e-01  0.000000e+00  0.000000e+00  -3.742723e-01  0.000000e+00  0.000000e+00  3.182128e-01  
1.920271e+00  3.500243e-03  8.338900e-01  0.000000e+00  0.000000e+00  2.931347e-01  0.000000e+00  0.000000e+00  -3.569038e-01  0.000000e+00  0.000000e+00  2.931347e-01  0.000000e+00  0.000000e+00  -3.569038e-01  0.000000e+00  0.000000e+00  2.931347e-01  1.920271e+00  3.500243e-03  8.338900e-01  0.000000e+00  0.000000e+00  2.931347e-01  0.000000e+00  0.000000e+00  -3.569038e-01  0.000000e+00  0.000000e+00  2.931347e-01  0.000000e+00  0.000000e+00  -3.569038e-01  0.000000e+00  0.000000e+00  2.931347e-01  
2.016735e+00  4.501534e-03  8.817598e-01  0.000000e+00  0.000000e+00  3.063270e-01  0.000000e+00  0.000000e+00  -3.735574e-01  0.000000e+00  0.000000e+00  3.063270e-01  0.000000e+00  0.000000e+00  -3.735574e-01  0.000000e+00  0.000000e+00  3.063270e-01  2.016735e+00  4.501534e-03  8.817598e-01  0.000000e+00  0.000000e+00  3.063270e-01  0.000000e+00  0.000000e+00  -3.735574e-01  0.000000e+00  0.000000e+00  3.063270e-01  0.000000e+00  0.000000e+00  -3.735574e-01  0.000000e+00  0.000000e+00  3.063270e-01  
2.162678e+00  5.157730e-02  8.208408e-01  0.000000e+00  0.000000e+00  2.594987e-01  0.000000e+00  0.000000e+00  -3.553087e-01  0.000000e+00  0.000000e+00  2.594987e-01  0.000000e+00  0.000000e+00  -3.553087e-01  0.000000e+00  0.000000e+00  2.594987e-01  2.162678e+00  5.157730e-02  8.208408e-01  0.000000e+00  0.000000e+00  2.594987e-01  0.000000e+00  0.000000e+00  -3.553087e-01  0.000000e+00  0.000000e+00  2.594987e-01  0.000000e+00  0.000000e+00  -3.553087e-01  0.000000e+00  0.000000e+00  2.594987e-01  
2.157590e+00  2.517282e-02  8.405218e-01  0.000000e+00  0.000000e+00  3.064672e-01  0.000000e+00  0.000000e+00  -3.883350e-01  0.000000e+00  0.000000e+00  3.064672e-01  0.000000e+00  0.000000e+00  -3.883350e-01  0.000000e+00  0.000000e+00  3.064672e-01  2.157590e+00  2.517282e-02  8.405218e-01  0.000000e+00  0.000000e+00  3.064672e-01  0.000000e+00  0.000000e+00  -3.883350e-01  0.000000e+00  0.000000e+00  3.064672e-01  0.000000e+00  0.000000e+00  -3.883350e-01  0.000000e+00  0.000000e+00  3.064672e-01  
2.095712e+00  7.901824e-04  9.355240e-01  0.000000e+00  0.000000e+00  3.052089e-01  0.000000e+00  0.000000e+00  -3.824804e-01  0.000000e+00  0.000000e+00  3.052089e-01  0.000000e+00  0.000000e+00  -3.824804e-01  0.000000e+00  0.000000e+00  3.052089e-01  2.095712e+00  7.901824e-04  9.355240e-01  0.000000e+00  0.000000e+00  3.052089e-01  0.000000e+00  0.000000e+00  -3.824804e-01  0.000000e+00  0.000000e+00  3.052089e-01  0.000000e+00  0.000000e+00  -3.824804e-01  0.000000e+00  0.000000e+00  3.052089e-01  
2.004266e+00  1.596858e-03  8.806560e-01  0.000000e+00  0.000000e+00  2.820447e-01  0.000000e+00  0.000000e+00  -3.774679e-01  0.000000e+00  0.000000e+00  2.820447e-01  0.000000e+00  0.000000e+00  -3.774679e-01  0.000000e+00  0.000000e+00  2.820447e-01  2.004266e+00  1.596858e-03  8.806560e-01  0.000000e+00  0.000000e+00  2.820447e-01  0.000000e+00  0.000000e+00  -3.774679e-01  0.000000e+00  0.000000e+00  2.820447e-01  0.000000e+00  0.000000e+00  -3.774679e-01  0.000000e+00  0.000000e+00  2.820447e-01  
2.021774e+00  2.504096e-04  9.318408e-01  0.000000e+00  0.000000e+00  3.234071e-01  0.000000e+00  0.000000e+00  -3.617105e-01  0.000000e+00  0.000000e+00  3.234071e-01  0.000000e+00  0.000000e+00  -3.617105e-01  0.000000e+00  0.000000e+00  3.234071e-01  2.021774e+00  2.504096e-04  9.318408e-01  0.000000e+00  0.000000e+00  3.234071e-01  0.000000e+00  0.000000e+00  -3.617105e-01  0.000000e+00  0.000000e+00  3.234071e-01  0.000000e+00  0.000000e+00  -3.617105e-01  0.000000e+00  0.000000e+00  3.234071e-01  
1.889419e+00  1.071784e-02  8.120077e-01  0.000000e+00  0.000000e+00  2.916806e-01  0.000000e+00  0.000000e+00  -3.453690e-01  0.000000e+00  0.000000e+00  2.916806e-01  0.000000e+00  0.000000e+00  -3.453690e-01  0.000000e+00  0.000000e+00  2.916806e-01  1.889419e+00  1.071784e-02  8.120077e-01  0.000000e+00  0.000000e+00  2.916806e-01  0.000000e+00  0.000000e+00  -3.453690e-01  0.000000e+00  0.000000e+00  2.916806e-01  0.000000e+00  0.000000e+00  -3.453690e-01  0.000000e+00  0.000000e+00  2.916806e-01  
2.106694e+00  1.698463e-03  8.850494e-01  0.000000e+00  0.000000e+00  2.556369e-01  0.000000e+00  0.000000e+00  -3.932904e-01  0.000000e+00  0.000000e+00  2.556369e-01  0.000000e+00  0.000000e+00  -3.932904e-01  0.000000e+00  0.000000e+00  2.556369e-01  2.106694e+00  1.698463e-03  8.850494e-01  0.000000e+00  0.000000e+00  2.556369e-01  0.000000e+00  0.000000e+00  -3.932904e-01  0.000000e+00  0.000000e+00  2.556369e-01  0.000000e+00  0.000000e+00  -3.932904e-01  0.000000e+00  0.000000e+00  2.556369e-01  
2.064443e+00  3.773129e-03  8.710200e-01  0.000000e+00  0.000000e+00  3.258050e-01  0.000000e+00  0.000000e+00  -3.971379e-01  0.000000e+00  0.000000e+00  3.258050e-01  0.000000e+00  0.000000e+00  -3.971379e-01  0.000000e+00  0.000000e+00  3.258050e-01  2.064443e+00  3.773129e-03  8.710200e-01  0.000000e+00  0.000000e+00  3.258050e-01  0.000000e+00  0.000000e+00  -3.971379e-01  0.000000e+00  0.000000e+00  3.258050e-01  0.000000e+00  0.000000e+00  -3.971379e-01  0.000000e+00  0.000000e+00  3.258050e-01  
1.965905e+00  1.077567e-02  8.228157e-01  0.000000e+00  0.000000e+00  2.392696e-01  0.000000e+00  0.000000e+00  -3.712262e-01  0.000000e+00  0.000000e+00  2.392696e-01  0.000000e+00  0.000000e+00  -3.712262e-01  0.000000e+00  0.000000e+00  2.392696e-01  1.965905e+00  1.077567e-02  8.228157e-01  0.000000e+00  0.000000e+00  2.392696e-01  0.000000e+00  0.000000e+00  -3.712262e-01  0.000000e+00  0.000000e+00  2.392696e-01  0.000000e+00  0.000000e+00  -3.712262e-01  0.000000e+00  0.000000e+00  2.392696e-01  
2.062813e+00  1.590477e-02  8.796040e-01  0.000000e+00  0.000000e+00  3.195162e-01  0.000000e+00  0.000000e+00  -3.736149e-01  0.000000e+00  0.000000e+00  3.195162e-01  0.000000e+00  0.000000e+00  -3.736149e-01  0.000000e+00  0.000000e+00  3.195162e-01  2.062813e+00  1.590477e-02  8.796040e-01  0.000000e+00  0.000000e+00  3.195162e-01  0.000000e+00  0.000000e+00  -3.736149e-01  0.000000e+00  0.000000e+00  3.195162e-01  0.000000e+00  0.000000e+00  -3.736149e-01  0.000000e+00  0.000000e+00  3.195162e-01  
2.049363e+00  8.929989e-03  8.953578e-01  0.000000e+00  0.000000e+00  3.319030e-01  0.000000e+00  0.000000e+00  -3.638198e-01  0.000000e+00  0.000000e+00  3.319030e-01  0.000000e+00  0.000000e+00  -3.638198e-01  0.000000e+00  0.000000e+00  3.319030e-01  2.049363e+00  8.929989e-03  8.953578e-01  0.000000e+00  0.000000e+00  3.319030e-01  0.000000e+00  0.000000e+00  -3.638198e-01  0.000000e+00  0.000000e+00  3.319030e-01  0.000000e+00  0.000000e+00  -3.638198e-01  0.000000e+00  0.000000e+00  3.319030e-01  
2.218315e+00  2.987920e-02  8.516610e-01  0.000000e+00  0.000000e+00  2.963835e-01  0.000000e+00  0.000000e+00  -3.866492e-01  0.000000e+00  0.000000e+00  2.963835e-01  0.000000e+00  0.000000e+00  -3.866492e-01  0.000000e+00  0.000000e+00  2.963835e-01  2.218315e+00  2.987920e-02  8.516610e-01  0.000000e+00  0.000000e+00  2.963835e-01  0.000000e+00  0.000000e+00  -3.866492e-01  0.000000e+00  0.000000e+00  2.963835e-01  0.000000e+00  0.000000e+00  -3.866492e-01  0.000000e+00  0.000000e+00  2.963835e-01  
2.066032e+00  1.072713e-02  8.667750e-01  0.000000e+00  0.000000e+00  2.506656e-01  0.000000e+00  0.000000e+00  -3.663539e-01  0.000000e+00  0.000000e+00  2.506656e-01  0.000000e+00  0.000000e+00  -3.663539e-01  0.000000e+00  0.000000e+00  2.506656e-01  2.066032e+00  1.072713e-02  8.667750e-01  0.000000e+00  0.000000e+00  2.506656e-01  0.000000e+00  0.000000e+00  -3.663539e-01  0.000000e+00  0.000000e+00  2.506656e-01  0.000000e+00  0.000000e+00  -3.663539e-01  0.000000e+00  0.000000e+00  2.506656e-01  
2.148275e+00  2.212392e-02  9.046357e-01  0.000000e+00  0.000000e+00  3.044026e-01  0.000000e+00  0.000000e+00  -3.617238e-01  0.000000e+00  0.000000e+00  3.044026e-01  0.000000e+00  0.000000e+00  -3.617238e-01  0.000000e+00  0.000000e+00  3.044026e-01  2.148275e+00  2.212392e-02  9.046357e-01  0.000000e+00  0.000000e+00  3.044026e-01  0.000000e+00  0.000000e+00  -3.617238e-01  0.000000e+00  0.000000e+00  3.044026e-01  0.000000e+00  0.000000e+00  -3.617238e-01  0.000000e+00  0.000000e+00  3.044026e-01  
1.979225e+00  1.690399e-02  8.510238e-01  0.000000e+00  0.000000e+00  2.590974e-01  0.000000e+00  0.000000e+00  -3.591557e-01  0.000000e+00  0.000000e+00  2.590974e-01  0.000000e+00  0.000000e+00  -3.591557e-01  0.000000e+00  0.000000e+00  2.590974e-01  1.979225e+00  1.690399e-02  8.510238e-01  0.000000e+00  0.000000e+00  2.590974e-01  0.000000e+00  0.000000e+00  -3.591557e-01  0.000000e+00  0.000000e+00  2.590974e-01  0.000000e+00  0.000000e+00  -3.591557e-01  0.000000e+00  0.000000e+00  2.590974e-01  
2.156981e+00  5.339505e-02  8.269353e-01  0.000000e+00  0.000000e+00  3.812504e-01  0.000000e+00  0.000000e+00  -3.725117e-01  0.000000e+00  0.000000e+00  3.812504e-01  0.000000e+00  0.000000e+00  -3.725117e-01  0.000000e+00  0.000000e+00  3.812504e-01  2.156981e+00  5.339505e-02  8.269353e-01  0.000000e+00  0.000000e+00  3.812504e-01  0.000000e+00  0.000000e+00  -3.725117e-01  0.000000e+00  0.000000e+00  3.812504e-01  0.000000e+00  0.000000e+00  -3.725117e-01  0.000000e+00  0.000000e+00  3.812504e-01  
2.007564e+00  8.427374e-03  8.305935e-01  0.000000e+00  0.000000e+00  3.119642e-01  0.000000e+00  0.000000e+00  -3.843642e-01  0.000000e+00  0.000000e+00  3.119642e-01  0.000000e+00  0.000000e+00  -3.843642e-01  0.000000e+00  0.000000e+00  3.119642e-01  2.007564e+00  8.427374e-03  8.305935e-01  0.000000e+00  0.000000e+00  3.119642e-01  0.000000e+00  0.000000e+00  -3.843642e-01  0.000000e+00  0.000000e+00  3.119642e-01  0.000000e+00  0.000000e+00  -3.843642e-01  0.000000e+00  0.000000e+00  3.119642e-01  
2.069884e+00  2.927027e-03  9.252066e-01  0.000000e+00  0.000000e+00  3.317845e-01  0.000000e+00  0.000000e+00  -3.652695e-01  0.000000e+00  0.000000e+00  3.317845e-01  0.000000e+00  0.000000e+00  -3.652695e-01  0.000000e+00  0.000000e+00  3.317845e-01  2.069884e+00  2.927027e-03  9.252066e-01  0.000000e+00  0.000000e+00  3.317845e-01  0.000000e+00  0.000000e+00  -3.652695e-01  0.000000e+00  0.000000e+00  3.317845e-01  0.000000e+00  0.000000e+00  -3.652695e-01  0.000000e+00  0.000000e+00  3.317845e-01  
2.142492e+00  1.670885e-02  8.828292e-01  0.000000e+00  0.000000e+00  3.071821e-01  0.000000e+00  0.000000e+00  -3.727248e-01  0.000000e+00  0.000000e+00  3.071821e-01  0.000000e+00  0.000000e+00  -3.727248e-01  0.000000e+00  0.000000e+00  3.071821e-01  2.142492e+00  1.670885e-02  8.828292e-01  0.000000e+00  0.000000e+00  3.071821e-01  0.000000e+00  0.000000e+00  -3.727248e-01  0.000000e+00  0.000000e+00  3.071821e-01  0.000000e+00  0.000000e+00  -3.727248e-01  0.000000e+00  0.000000e+00  3.071821e-01  
2.094697e+00  1.040309e-02  8.791995e-01  0.000000e+00  0.000000e+00  2.708953e-01  0.000000e+00  0.000000e+00  -3.695478e-01  0.000000e+00  0.000000e+00  2.708953e-01  0.000000e+00  0.000000e+00  -3.695478e-01  0.000000e+00  0.000000e+00  2.708953e-01  2.094697e+00  1.040309e-02  8.791995e-01  0.000000e+00  0.000000e+00  2.708953e-01  0.000000e+00  0.000000e+00  -3.695478e-01  0.000000e+00  0.000000e+00  2.708953e-01  0.000000e+00  0.000000e+00  -3.695478e-01  0.000000e+00  0.000000e+00  2.708953e-01  
1.996019e+00  7.176505e-03  8.905907e-01  0.000000e+00  0.000000e+00  2.209948e-01  0.000000e+00  0.000000e+00  -3.515235e-01  0.000000e+00  0.000000e+00  2.209948e-01  0.000000e+00  0.000000e+00  -3.515235e-01  0.000000e+00  0.000000e+00  2.209948e-01  1.996019e+00  7.176505e-03  8.905907e-01  0.000000e+00  0.000000e+00  2.209948e-01  0.000000e+00  0.000000e+00  -3.515235e-01  0.000000e+00  0.000000e+00  2.209948e-01  0.000000e+00  0.000000e+00  -3.515235e-01  0.000000e+00  0.000000e+00  2.209948e-01  
2.143931e+00  1.177907e-02  8.492256e-01  0.000000e+00  0.000000e+00  2.937156e-01  0.000000e+00  0.000000e+00  -3.941076e-01  0.000000e+00  0.000000e+00  2.937156e-01  0.000000e+00  0.000000e+00  -3.941076e-01  0.000000e+00  0.000000e+00  2.937156e-01  2.143931e+00  1.177907e-02  8.492256e-01  0.000000e+00  0.000000e+00  2.937156e-01  0.000000e+00  0.000000e+00  -3.941076e-01  0.000000e+00  0.000000e+00  2.937156e-01  0.000000e+00  0.000000e+00  -3.941076e-01  0.000000e+00  0.000000e+00  2.937156e-01  
2.119957e+00  1.024061e-02  8.838949e-01  0.000000e+00  0.000000e+00  3.123417e-01  0.000000e+00  0.000000e+00  -3.728298e-01  0.000000e+00  0.000000e+00  3.123417e-01  0.000000e+00  0.000000e+00  -3.728298e-01  0.000000e+00  0.000000e+00  3.123417e-01  2.119957e+00  1.024061e-02  8.838949e-01  0.000000e+00  0.000000e+00  3.123417e-01  0.000000e+00  0.000000e+00  -3.728298e-01  0.000000e+00  0.000000e+00  3.123417e-01  0.000000e+00  0.000000e+00  -3.728298e-01  0.000000e+00  0.000000e+00  3.123417e-01  
2.187989e+00  4.730340e-02  8.144656e-01  0.000000e+00  0.000000e+00  2.890592e-01  0.000000e+00  0.000000e+00  -3.831620e-01  0.000000e+00  0.000000e+00  2.890592e-01  0.000000e+00  0.000000e+00  -3.831620e-01  0.000000e+00  0.000000e+00  2.890592e-01  2.187989e+00  4.730340e-02  8.144656e-01  0.000000e+00  0.000000e+00  2.890592e-01  0.000000e+00  0.000000e+00  -3.831620e-01  0.000000e+00  0.000000e+00  2.890592e-01  0.000000e+00  0.000000e+00  -3.831620e-01  0.000000e+00  0.000000e+00  2.890592e-01  
2.036370e+00  1.930579e-03  9.173702e-01  0.000000e+00  0.000000e+00  2.830488e-01  0.000000e+00  0.000000e+00  -3.634229e-01  0.000000e+00  0.000000e+00  2.830488e-01  0.000000e+00  0.000000e+00  -3.634229e-01  0.000000e+00  0.000000e+00  2.830488e-01  2.036370e+00  1.930579e-03  9.173702e-01  0.000000e+00  0.000000e+00  2.830488e-01  0.000000e+00  0.000000e+00  -3.634229e-01  0.000000e+00  0.000000e+00  2.830488e-01  0.000000e+00  0.000000e+00  -3.634229e-01  0.000000e+00  0.000000e+00  2.830488e-01  
2.103486e+00  4.845324e-03  9.246089e-01  0.000000e+00  0.000000e+00  2.894959e-01  0.000000e+00  0.000000e+00  -3.791647e-01  0.000000e+00  0.000000e+00  2.894959e-01  0.000000e+00  0.000000e+00  -3.791647e-01  0.000000e+00  0.000000e+00  2.894959e-01  2.103486e+00  4.845324e-03  9.246089e-01  0.000000e+00  0.000000e+00  2.894959e-01  0.000000e+00  0.000000e+00  -3.791647e-01  0.000000e+00  0.000000e+00  2.894959e-01  0.000000e+00  0.000000e+00  -3.791647e-01  0.000000e+00  0.000000e+00  2.894959e-01  
2.108861e+00  1.669741e-02  8.890026e-01  0.000000e+00  0.000000e+00  2.468181e-01  0.000000e+00  0.000000e+00  -3.660621e-01  0.000000e+00  0.000000e+00  2.468181e-01  0.000000e+00  0.000000e+00  -3.660621e-01  0.000000e+00  0.000000e+00  2.468181e-01  2.108861e+00  1.669741e-02  8.890026e-01  0.000000e+00  0.000000e+00  2.468181e-01  0.000000e+00  0.000000e+00  -3.660621e-01  0.000000e+00  0.000000e+00  2.468181e-01  0.000000e+00  0.000000e+00  -3.660621e-01  0.000000e+00  0.000000e+00  2.468181e-01  
1.972015e+00  5.545940e-03  8.452904e-01  0.000000e+00  0.000000e+00  2.718820e-01  0.000000e+00  0.000000e+00  -3.568688e-01  0.000000e+00  0.000000e+00  2.718820e-01  0.000000e+00  0.000000e+00  -3.568688e-01  0.000000e+00  0.000000e+00  2.718820e-01  1.972015e+00  5.545940e-03  8.452904e-01  0.000000e+00  0.000000e+00  2.718820e-01  0.000000e+00  0.000000e+00  -3.568688e-01  0.000000e+00  0.000000e+00  2.718820e-01  0.000000e+00  0.000000e+00  -3.568688e-01  0.000000e+00  0.000000e+00  2.718820e-01  
2.032071e+00  9.868311e-03  8.739712e-01  0.000000e+00  0.000000e+00  2.650740e-01  0.000000e+00  0.000000e+00  -3.700359e-01  0.000000e+00  0.000000e+00  2.650740e-01  0.000000e+00  0.000000e+00  -3.700359e-01  0.000000e+00  0.000000e+00  2.650740e-01  2.032071e+00  9.868311e-03  8.739712e-01  0.000000e+00  0.000000e+00  2.650740e-01  0.000000e+00  0.000000e+00  -3.700359e-01  0.000000e+00  0.000000e+00  2.650740e-01  0.000000e+00  0.000000e+00  -3.700359e-01  0.000000e+00  0.000000e+00  2.650740e-01  
2.005101e+00  5.517761e-03  8.760539e-01  0.000000e+00  0.000000e+00  2.624515e-01  0.000000e+00  0.000000e+00  -3.682966e-01  0.000000e+00  0.000000e+00  2.624515e-01  0.000000e+00  0.000000e+00  -3.682966e-01  0.000000e+00  0.000000e+00  2.624515e-01  2.005101e+00  5.517761e-03  8.760539e-01  0.000000e+00  0.000000e+00  2.624515e-01  0.000000e+00  0.000000e+00  -3.682966e-01  0.000000e+00  0.000000e+00  2.624515e-01  0.000000e+00  0.000000e+00  -3.682966e-01  0.000000e+00  0.000000e+00  2.624515e-01  
2.172382e+00  6.976897e-04  9.346054e-01  0.000000e+00  0.000000e+00  2.081953e-01  0.000000e+00  0.000000e+00  -3.826068e-01  0.000000e+00  0.000000e+00  2.081953e-01  0.000000e+00  0.000000e+00  -3.826068e-01  0.000000e+00  0.000000e+00  2.081953e-01  2.172382e+00  6.976897e-04  9.346054e-01  0.000000e+00  0.000000e+00  2.081953e-01  0.000000e+00  0.000000e+00  -3.826068e-01  0.000000e+00  0.000000e+00  2.081953e-01  0.000000e+00  0.000000e+00  -3.826068e-01  0.000000e+00  0.000000e+00  2.081953e-01  
2.055360e+00  1.032977e-02  9.003852e-01  0.000000e+00  0.000000e+00  2.692604e-01  0.000000e+00  0.000000e+00  -3.576219e-01  0.000000e+00  0.000000e+00  2.692604e-01  0.000000e+00  0.000000e+00  -3.576219e-01  0.000000e+00  0.000000e+00  2.692604e-01  2.055360e+00  1.032977e-02  9.003852e-01  0.000000e+00  0.000000e+00  2.692604e-01  0.000000e+00  0.000000e+00  -3.576219e-01  0.000000e+00  0.000000e+00  2.692604e-01  0.000000e+00  0.000000e+00  -3.576219e-01  0.000000e+00  0.000000e+00  2.692604e-01  
2.004869e+00  1.902027e-02  8.675087e-01  0.000000e+00  0.000000e+00  2.720982e-01  0.000000e+00  0.000000e+00  -3.492951e-01  0.000000e+00  0.000000e+00  2.720982e-01  0.000000e+00  0.000000e+00  -3.492951e-01  0.000000e+00  0.000000e+00  2.720982e-01  2.004869e+00  1.902027e-02  8.675087e-01  0.000000e+00  0.000000e+00  2.720982e-01  0.000000e+00  0.000000e+00  -3.492951e-01  0.000000e+00  0.000000e+00  2.720982e-01  0.000000e+00  0.000000e+00  -3.492951e-01  0.000000e+00  0.000000e+00  2.720982e-01  
2.134119e+00  2.887809e-02  8.396608e-01  0.000000e+00  0.000000e+00  2.520639e-01  0.000000e+00  0.000000e+00  -3.816620e-01  0.000000e+00  0.000000e+00  2.520639e-01  0.000000e+00  0.000000e+00  -3.816620e-01  0.000000e+00  0.000000e+00  2.520639e-01  2.134119e+00  2.887809e-02  8.396608e-01  0.000000e+00  0.000000e+00  2.520639e-01  0.000000e+00  0.000000e+00  -3.816620e-01  0.000000e+00  0.000000e+00  2.520639e-01  0.000000e+00  0.000000e+00  -3.816620e-01  0.000000e+00  0.000000e+00  2.520639e-01  
2.100697e+00  1.846110e-02  8.358346e-01  0.000000e+00  0.000000e+00  2.735730e-01  0.000000e+00  0.000000e+00  -3.719270e-01  0.000000e+00  0.000000e+00  2.735730e-01  0.000000e+00  0.000000e+00  -3.719270e-01  0.000000e+00  0.000000e+00  2.735730e-01  2.100697e+00  1.846110e-02  8.358346e-01  0.000000e+00  0.000000e+00  2.735730e-01  0.000000e+00  0.000000e+00  -3.719270e-01  0.000000e+00  0.000000e+00  2.735730e-01  0.000000e+00  0.000000e+00  -3.719270e-01  0.000000e+00  0.000000e+00  2.735730e-01  
2.121819e+00  1.213809e-02  9.075893e-01  0.000000e+00  0.000000e+00  3.228925e-01  0.000000e+00  0.000000e+00  -3.688423e-01  0.000000e+00  0.000000e+00  3.228925e-01  0.000000e+00  0.000000e+00  -3.688423e-01  0.000000e+00  0.000000e+00  3.228925e-01  2.121819e+00  1.213809e-02  9.075893e-01  0.000000e+00  0.000000e+00  3.228925e-01  0.000000e+00  0.000000e+00  -3.688423e-01  0.000000e+00  0.000000e+00  3.228925e-01  0.000000e+00  0.000000e+00  -3.688423e-01  0.000000e+00  0.000000e+00  3.228925e-01  
2.051527e+00  1.351380e-02  8.175046e-01  0.000000e+00  0.000000e+00  2.434466e-01  0.000000e+00  0.000000e+00  -3.844997e-01  0.000000e+00  0.000000e+00  2.434466e-01  0.000000e+00  0.000000e+00  -3.844997e-01  0.000000e+00  0.000000e+00  2.434466e-01  2.051527e+00  1.351380e-02  8.175046e-01  0.000000e+00  0.000000e+00  2.434466e-01  0.000000e+00  0.000000e+00  -3.844997e-01  0.000000e+00  0.000000e+00  2.434466e-01  0.000000e+00  0.000000e+00  -3.844997e-01  0.000000e+00  0.000000e+00  2.434466e-01  
2.033734e+00  1.634314e-02  8.723805e-01  0.000000e+00  0.000000e+00  2.992057e-01  0.000000e+00  0.000000e+00  -3.707224e-01  0.000000e+00  0.000000e+00  2.992057e-01  0.000000e+00  0.000000e+00  -3.707224e-01  0.000000e+00  0.000000e+00  2.992057e-01  2.033734e+00  1.634314e-02  8.723805e-01  0.000000e+00  0.000000e+00  2.992057e-01  0.000000e+00  0.000000e+00  -3.707224e-01  0.000000e+00  0.000000e+00  2.992057e-01  0.000000e+00  0.000000e+00  -3.707224e-01  0.000000e+00  0.000000e+00  2.992057e-01  
2.122588e+00  8.070812e-03  9.371717e-01  0.000000e+00  0.000000e+00  3.640501e-01  0.000000e+00  0.000000e+00  -3.766499e-01  0.000000e+00  0.000000e+00  3.640501e-01  0.000000e+00  0.000000e+00  -3.766499e-01  0.000000e+00  0.000000e+00  3.640501e-01  2.122588e+00  8.070812e-03  9.371717e-01  0.000000e+00  0.000000e+00  3.640501e-01  0.000000e+00  0.000000e+00  -3.766499e-01  0.000000e+00  0.000000e+00  3.640501e-01  0.000000e+00  0.000000e+00  -3.766499e-01  0.000000e+00  0.000000e+00  3.640501e-01  
1.994831e+00  9.059265e-04  8.905190e-01  0.000000e+00  0.000000e+00  2.556204e-01  0.000000e+00  0.000000e+00  -3.583549e-01  0.000000e+00  0.000000e+00  2.556204e-01  0.000000e+00  0.000000e+00  -3.583549e-01  0.000000e+00  0.000000e+00  2.556204e-01  1.994831e+00  9.059265e-04  8.905190e-01  0.000000e+00  0.000000e+00  2.556204e-01  0.000000e+00  0.000000e+00  -3.583549e-01  0.000000e+00  0.000000e+00  2.556204e-01  0.000000e+00  0.000000e+00  -3.583549e-01  0.000000e+00  0.000000e+00  2.556204e-01  
2.133955e+00  1.934260e-02  8.847969e-01  0.000000e+00  0.000000e+00  4.004182e-01  0.000000e+00  0.000000e+00  -3.900893e-01  0.000000e+00  0.000000e+00  4.004182e-01  0.000000e+00  0.000000e+00  -3.900893e-01  0.000000e+00  0.000000e+00  4.004182e-01  2.133955e+00  1.934260e-02  8.847969e-01  0.000000e+00  0.000000e+00  4.004182e-01  0.000000e+00  0.000000e+00  -3.900893e-01  0.000000e+00  0.000000e+00  4.004182e-01  0.000000e+00  0.000000e+00  -3.900893e-01  0.000000e+00  0.000000e+00  4.004182e-01  
2.005529e+00  3.471404e-02  7.965842e-01  0.000000e+00  0.000000e+00  2.864970e-01  0.000000e+00  0.000000e+00  -3.629750e-01  0.000000e+00  0.000000e+00  2.864970e-01  0.000000e+00  0.000000e+00  -3.629750e-01  0.000000e+00  0.000000e+00  2.864970e-01  2.005529e+00  3.471404e-02  7.965842e-01  0.000000e+00  0.000000e+00  2.864970e-01  0.000000e+00  0.000000e+00  -3.629750e-01  0.000000e+00  0.000000e+00  2.864970e-01  0.000000e+00  0.000000e+00  -3.629750e-01  0.000000e+00  0.000000e+00  2.864970e-01  
2.033958e+00  1.200967e-02  8.694260e-01  0.000000e+00  0.000000e+00  3.228905e-01  0.000000e+00  0.000000e+00  -3.740675e-01  0.000000e+00  0.000000e+00  3.228905e-01  0.000000e+00  0.000000e+00  -3.740675e-01  0.000000e+00  0.000000e+00  3.228905e-01  2.033958e+00  1.200967e-02  8.694260e-01  0.000000e+00  0.000000e+00  3.228905e-01  0.000000e+00  0.000000e+00  -3.740675e-01  0.000000e+00  0.000000e+00  3.228905e-01  0.000000e+00  0.000000e+00  -3.740675e-01  0.000000e+00  0.000000e+00  3.228905e-01  
2.082106e+00  1.389274e-02  8.658963e-01  0.000000e+00  0.000000e+00  2.900203e-01  0.000000e+00  0.000000e+00  -3.698316e-01  0.000000e+00  0.000000e+00  2.900203e-01  0.000000e+00  0.000000e+00  -3.698316e-01  0.000000e+00  0.000000e+00  2.900203e-01  2.082106e+00  1.389274e-02  8.658963e-01  0.000000e+00  0.000000e+00  2.900203e-01  0.000000e+00  0.000000e+00  -3.698316e-01  0.000000e+00  0.000000e+00  2.900203e-01  0.000000e+00  0.000000e+00  -3.698316e-01  0.000000e+00  0.000000e+00  2.900203e-01  
1.971518e+00  4.949687e-03  8.474822e-01  0.000000e+00  0.000000e+00  2.319131e-01  0.000000e+00  0.000000e+00  -3.732202e-01  0.000000e+00  0.000000e+00  2.319131e-01  0.000000e+00  0.000000e+00  -3.732202e-01  0.000000e+00  0.000000e+00  2.319131e-01  1.971518e+00  4.949687e-03  8.474822e-01  0.000000e+00  0.000000e+00  2.319131e-01  0.000000e+00  0.000000e+00  -3.732202e-01  0.000000e+00  0.000000e+00  2.319131e-01  0.000000e+00  0.000000e+00  -3.732202e-01  0.000000e+00  0.000000e+00  2.319131e-01  
2.001812e+00  1.682845e-03  8.742352e-01  0.000000e+00  0.000000e+00  2.633866e-01  0.000000e+00  0.000000e+00  -3.575808e-01  0.000000e+00  0.000000e+00  2.633866e-01  0.000000e+00  0.000000e+00  -3.575808e-01  0.000000e+00  0.000000e+00  2.633866e-01  2.001812e+00  1.682845e-03  8.742352e-01  0.000000e+00  0.000000e+00  2.633866e-01  0.000000e+00  0.000000e+00  -3.575808e-01  0.000000e+00  0.000000e+00  2.633866e-01  0.000000e+00  0.000000e+00  -3.575808e-01  0.000000e+00  0.000000e+00  2.633866e-01  
2.025958e+00  1.981012e-02  8.184668e-01  0.000000e+00  0.000000e+00  2.935691e-01  0.000000e+00  0.000000e+00  -3.577978e-01  0.000000e+00  0.000000e+00  2.935691e-01  0.000000e+00  0.000000e+00  -3.577978e-01  0.000000e+00  0.000000e+00  2.935691e-01  2.025958e+00  1.981012e-02  8.184668e-01  0.000000e+00  0.000000e+00  2.935691e-01  0.000000e+00  0.000000e+00  -3.577978e-01  0.000000e+00  0.000000e+00  2.935691e-01  0.000000e+00  0.000000e+00  -3.577978e-01  0.000000e+00  0.000000e+00  2.935691e-01  
2.167736e+00  2.511139e-03  9.482092e-01  0.000000e+00  0.000000e+00  2.763013e-01  0.000000e+00  0.000000e+00  -3.743371e-01  0.000000e+00  0.000000e+00  2.763013e-01  0.000000e+00  0.000000e+00  -3.743371e-01  0.000000e+00  0.000000e+00  2.763013e-01  2.167736e+00  2.511139e-03  9.482092e-01  0.000000e+00  0.000000e+00  2.763013e-01  0.000000e+00  0.000000e+00  -3.743371e-01  0.000000e+00  0.000000e+00  2.763013e-01  0.000000e+00  0.000000e+00  -3.743371e-01  0.000000e+00  0.000000e+00  2.763013e-01  
2.039979e+00  3.552467e-03  8.836325e-01  0.000000e+00  0.000000e+00  3.157008e-01  0.000000e+00  0.000000e+00  -3.811518e-01  0.000000e+00  0.000000e+00  3.157008e-01  0.000000e+00  0.000000e+00  -3.811518e-01  0.000000e+00  0.000000e+00  3.157008e-01  2.039979e+00  3.552467e-03  8.836325e-01  0.000000e+00  0.000000e+00  3.157008e-01  0.000000e+00  0.000000e+00  -3.811518e-01  0.000000e+00  0.000000e+00  3.157008e-01  0.000000e+00  0.000000e+00  -3.811518e-01  0.000000e+00  0.000000e+00  3.157008e-01  
2.060899e+00  8.432003e-03  8.896576e-01  0.000000e+00  0.000000e+00  2.418530e-01  0.000000e+00  0.000000e+00  -3.645796e-01  0.000000e+00  0.000000e+00  2.418530e-01  0.000000e+00  0.000000e+00  -3.645796e-01  0.000000e+00  0.000000e+00  2.418530e-01  2.060899e+00  8.432003e-03  8.896576e-01  0.000000e+00  0.000000e+00  2.418530e-01  0.000000e+00  0.000000e+00  -3.645796e-01  0.000000e+00  0.000000e+00  2.418530e-01  0.000000e+00  0.000000e+00  -3.645796e-01  0.000000e+00  0.000000e+00  2.418530e-01  
1.942537e+00  1.746077e-03  8.742910e-01  0.000000e+00  0.000000e+00  2.205236e-01  0.000000e+00  0.000000e+00  -3.589966e-01  0.000000e+00  0.000000e+00  2.205236e-01  0.000000e+00  0.000000e+00  -3.589966e-01  0.000000e+00  0.000000e+00  2.205236e-01  1.942537e+00  1.746077e-03  8.742910e-01  0.000000e+00  0.000000e+00  2.205236e-01  0.000000e+00  0.000000e+00  -3.589966e-01  0.000000e+00  0.000000e+00  2.205236e-01  0.000000e+00  0.000000e+00  -3.589966e-01  0.000000e+00  0.000000e+00  2.205236e-01  
2.116503e+00  3.203226e-02  8.569341e-01  0.000000e+00  0.000000e+00  3.183912e-01  0.000000e+00  0.000000e+00  -3.753116e-01  0.000000e+00  0.000000e+00  3.183912e-01  0.000000e+00  0.000000e+00  -3.753116e-01  0.000000e+00  0.000000e+00  3.183912e-01  2.116503e+00  3.203226e-02  8.569341e-01  0.000000e+00  0.000000e+00  3.183912e-01  0.000000e+00  0.000000e+00  -3.753116e-01  0.000000e+00  0.000000e+00  3.183912e-01  0.000000e+00  0.000000e+00  -3.753116e-01  0.000000e+00  0.000000e+00  3.183912e-01  
1.972558e+00  4.629471e-03  9.004080e-01  0.000000e+00  0.000000e+00  2.441285e-01  0.000000e+00  0.000000e+00  -3.414046e-01  0.000000e+00  0.000000e+00  2.441285e-01  0.000000e+00  0.000000e+00  -3.414046e-01  0.000000e+00  0.000000e+00  2.441285e-01  1.972558e+00  4.629471e-03  9.004080e-01  0.000000e+00  0.000000e+00  2.441285e-01  0.000000e+00  0.000000e+00  -3.414046e-01  0.000000e+00  0.000000e+00  2.441285e-01  0.000000e+00  0.000000e+00  -3.414046e-01  0.000000e+00  0.000000e+00  2.441285e-01  
2.025374e+00  1.862694e-02  8.690022e-01  0.000000e+00  0.000000e+00  2.538861e-01  0.000000e+00  0.000000e+00  -3.558382e-01  0.000000e+00  0.000000e+00  2.538861e-01  0.000000e+00  0.000000e+00  -3.558382e-01  0.000000e+00  0.000000e+00  2.538861e-01  2.025374e+00  1.862694e-02  8.690022e-01  0.000000e+00  0.000000e+00  2.538861e-01  0.000000e+00  0.000000e+00  -3.558382e-01  0.000000e+00  0.000000e+00  2.538861e-01  0.000000e+00  0.000000e+00  -3.558382e-01  0.000000e+00  0.000000e+00  2.538861e-01  
2.198856e+00  4.936218e-02  8.334541e-01  0.000000e+00  0.000000e+00  2.807263e-01  0.000000e+00  0.000000e+00  -3.642475e-01  0.000000e+00  0.000000e+00  2.807263e-01  0.000000e+00  0.000000e+00  -3.642475e-01  0.000000e+00  0.000000e+00  2.807263e-01  2.198856e+00  4.936218e-02  8.334541e-01  0.000000e+00  0.000000e+00  2.807263e-01  0.000000e+00  0.000000e+00  -3.642475e-01  0.000000e+00  0.000000e+00  2.807263e-01  0.000000e+00  0.000000e+00  -3.642475e-01  0.000000e+00  0.000000e+00  2.807263e-01  
2.022755e+00  1.660894e-02  8.698280e-01  0.000000e+00  0.000000e+00  2.848824e-01  0.000000e+00  0.000000e+00  -3.678918e-01  0.000000e+00  0.000000e+00  2.848824e-01  0.000000e+00  0.000000e+00  -3.678918e-01  0.000000e+00  0.000000e+00  2.848824e-01  2.022755e+00  1.660894e-02  8.698280e-01  0.000000e+00  0.000000e+00  2.848824e-01  0.000000e+00  0.000000e+00  -3.678918e-01  0.000000e+00  0.000000e+00  2.848824e-01  0.000000e+00  0.000000e+00  -3.678918e-01  0.000000e+00  0.000000e+00  2.848824e-01  
2.022282e+00  4.145731e-03  8.689474e-01  0.000000e+00  0.000000e+00  2.834750e-01  0.000000e+00  0.000000e+00  -3.786794e-01  0.000000e+00  0.000000e+00  2.834750e-01  0.000000e+00  0.000000e+00  -3.786794e-01  0.000000e+00  0.000000e+00  2.834750e-01  2.022282e+00  4.145731e-03  8.689474e-01  0.000000e+00  0.000000e+00  2.834750e-01  0.000000e+00  0.000000e+00  -3.786794e-01  0.000000e+00  0.000000e+00  2.834750e-01  0.000000e+00  0.000000e+00  -3.786794e-01  0.000000e+00  0.000000e+00  2.834750e-01  
1.990770e+00  3.995617e-03  8.648439e-01  0.000000e+00  0.000000e+00  2.756351e-01  0.000000e+00  0.000000e+00  -3.678244e-01  0.000000e+00  0.000000e+00  2.756351e-01  0.000000e+00  0.000000e+00  -3.678244e-01  0.000000e+00  0.000000e+00  2.756351e-01  1.990770e+00  3.995617e-03  8.648439e-01  0.000000e+00  0.000000e+00  2.756351e-01  0.000000e+00  0.000000e+00  -3.678244e-01  0.000000e+00  0.000000e+00  2.756351e-01  0.000000e+00  0.000000e+00  -3.678244e-01  0.000000e+00  0.000000e+00  2.756351e-01  
2.069294e+00  1.709323e-02  8.455686e-01  0.000000e+00  0.000000e+00  2.494985e-01  0.000000e+00  0.000000e+00  -3.686083e-01  0.000000e+00  0.000000e+00  2.494985e-01  0.000000e+00  0.000000e+00  -3.686083e-01  0.000000e+00  0.000000e+00  2.494985e-01  2.069294e+00  1.709323e-02  8.455686e-01  0.000000e+00  0.000000e+00  2.494985e-01  0.000000e+00  0.000000e+00  -3.686083e-01  0.000000e+00  0.000000e+00  2.494985e-01  0.000000e+00  0.000000e+00  -3.686083e-01  0.000000e+00  0.000000e+00  2.494985e-01  
2.051361e+00  1.895225e-02  8.613802e-01  0.000000e+00  0.000000e+00  3.213129e-01  0.000000e+00  0.000000e+00  -3.786236e-01  0.000000e+00  0.000000e+00  3.213129e-01  0.000000e+00  0.000000e+00  -3.786236e-01  0.000000e+00  0.000000e+00  3.213129e-01  2.051361e+00  1.895225e-02  8.613802e-01  0.000000e+00  0.000000e+00  3.213129e-01  0.000000e+00  0.000000e+00  -3.786236e-01  0.000000e+00  0.000000e+00  3.213129e-01  0.000000e+00  0.000000e+00  -3.786236e-01  0.000000e+00  0.000000e+00  3.213129e-01  
2.008523e+00  1.356906e-02  8.324634e-01  0.000000e+00  0.000000e+00  2.431183e-01  0.000000e+00  0.000000e+00  -3.588247e-01  0.000000e+00  0.000000e+00  2.431183e-01  0.000000e+00  0.000000e+00  -3.588247e-01  0.000000e+00  0.000000e+00  2.431183e-01  2.008523e+00  1.356906e-02  8.324634e-01  0.000000e+00  0.000000e+00  2.431183e-01  0.000000e+00  0.000000e+00  -3.588247e-01  0.000000e+00  0.000000e+00  2.431183e-01  0.000000e+00  0.000000e+00  -3.588247e-01  0.000000e+00  0.000000e+00  2.431183e-01  
1.995527e+00  3.184080e-03  8.268794e-01  0.000000e+00  0.000000e+00  2.674408e-01  0.000000e+00  0.000000e+00  -3.792504e-01  0.000000e+00  0.000000e+00  2.674408e-01  0.000000e+00  0.000000e+00  -3.792504e-01  0.000000e+00  0.000000e+00  2.674408e-01  1.995527e+00  3.184080e-03  8.268794e-01  0.000000e+00  0.000000e+00  2.674408e-01  0.000000e+00  0.000000e+00  -3.792504e-01  0.000000e+00  0.000000e+00  2.674408e-01  0.000000e+00  0.000000e+00  -3.792504e-01  0.000000e+00  0.000000e+00  2.674408e-01  
2.058990e+00  8.379718e-03  9.286279e-01  0.000000e+00  0.000000e+00  3.656623e-01  0.000000e+00  0.000000e+00  -3.675264e-01  0.000000e+00  0.000000e+00  3.656623e-01  0.000000e+00  0.000000e+00  -3.675264e-01  0.000000e+00  0.000000e+00  3.656623e-01  2.058990e+00  8.379718e-03  9.286279e-01  0.000000e+00  0.000000e+00  3.656623e-01  0.000000e+00  0.000000e+00  -3.675264e-01  0.000000e+00  0.000000e+00  3.656623e-01  0.000000e+00  0.000000e+00  -3.675264e-01  0.000000e+00  0.000000e+00  3.656623e-01  
2.029627e+00  1.759215e-02  8.562331e-01  0.000000e+00  0.000000e+00  3.071452e-01  0.000000e+00  0.000000e+00  -3.550578e-01  0.000000e+00  0.000000e+00  3.071452e-01  0.000000e+00  0.000000e+00  -3.550578e-01  0.000000e+00  0.000000e+00  3.071452e-01  2.029627e+00  1.759215e-02  8.562331e-01  0.000000e+00  0.000000e+00  3.071452e-01  0.000000e+00  0.000000e+00  -3.550578e-01  0.000000e+00  0.000000e+00  3.071452e-01  0.000000e+00  0.000000e+00  -3.550578e-01  0.000000e+00  0.000000e+00  3.071452e-01  
2.045894e+00  2.951168e-02  8.129641e-01  0.000000e+00  0.000000e+00  2.806491e-01  0.000000e+00  0.000000e+00  -3.518873e-01  0.000000e+00  0.000000e+00  2.806491e-01  0.000000e+00  0.000000e+00  -3.518873e-01  0.000000e+00  0.000000e+00  2.806491e-01  2.045894e+00  2.951168e-02  8.129641e-01  0.000000e+00  0.000000e+00  2.806491e-01  0.000000e+00  0.000000e+00  -3.518873e-01  0.000000e+00  0.000000e+00  2.806491e-01  0.000000e+00  0.000000e+00  -3.518873e-01  0.000000e+00  0.000000e+00  2.806491e-01  
2.030555e+00  7.737699e-03  8.823239e-01  0.000000e+00  0.000000e+00  2.819269e-01  0.000000e+00  0.000000e+00  -3.622567e-01  0.000000e+00  0.000000e+00  2.819269e-01  0.000000e+00  0.000000e+00  -3.622567e-01  0.000000e+00  0.000000e+00  2.819269e-01  2.030555e+00  7.737699e-03  8.823239e-01  0.000000e+00  0.000000e+00  2.819269e-01  0.000000e+00  0.000000e+00  -3.622567e-01  0.000000e+00  0.000000e+00  2.819269e-01  0.000000e+00  0.000000e+00  -3.622567e-01  0.000000e+00  0.000000e+00  2.819269e-01  
2.011800e+00  8.623882e-04  8.720197e-01  0.000000e+00  0.000000e+00  3.359911e-01  0.000000e+00  0.000000e+00  -3.822220e-01  0.000000e+00  0.000000e+00  3.359911e-01  0.000000e+00  0.000000e+00  -3.822220e-01  0.000000e+00  0.000000e+00  3.359911e-01  2.011800e+00  8.623882e-04  8.720197e-01  0.000000e+00  0.000000e+00  3.359911e-01  0.000000e+00  0.000000e+00  -3.822220e-01  0.000000e+00  0.000000e+00  3.359911e-01  0.000000e+00  0.000000e+00  -3.822220e-01  0.000000e+00  0.000000e+00  3.359911e-01  
2.106526e+00  9.597174e-03  8.945244e-01  0.000000e+00  0.000000e+00  2.833152e-01  0.000000e+00  0.000000e+00  -3.761289e-01  0.000000e+00  0.000000e+00  2.833152e-01  0.000000e+00  0.000000e+00  -3.761289e-01  0.000000e+00  0.000000e+00  2.833152e-01  2.106526e+00  9.597174e-03  8.945244e-01  0.000000e+00  0.000000e+00  2.833152e-01  0.000000e+00  0.000000e+00  -3.761289e-01  0.000000e+00  0.000000e+00  2.833152e-01  0.000000e+00  0.000000e+00  -3.761289e-01  0.000000e+00  0.000000e+00  2.833152e-01  
2.092361e+00  3.136414e-02  8.642254e-01  0.000000e+00  0.000000e+00  2.889494e-01  0.000000e+00  0.000000e+00  -3.554382e-01  0.000000e+00  0.000000e+00  2.889494e-01  0.000000e+00  0.000000e+00  -3.554382e-01  0.000000e+00  0.000000e+00  2.889494e-01  2.092361e+00  3.136414e-02  8.642254e-01  0.000000e+00  0.000000e+00  2.889494e-01  0.000000e+00  0.000000e+00  -3.554382e-01  0.000000e+00  0.000000e+00  2.889494e-01  0.000000e+00  0.000000e+00  -3.554382e-01  0.000000e+00  0.000000e+00  2.889494e-01  
2.119869e+00  5.901512e-03  9.298530e-01  0.000000e+00  0.000000e+00  3.533224e-01  0.000000e+00  0.000000e+00  -3.891561e-01  0.000000e+00  0.000000e+00  3.533224e-01  0.000000e+00  0.000000e+00  -3.891561e-01  0.000000e+00  0.000000e+00  3.533224e-01  2.119869e+00  5.901512e-03  9.298530e-01  0.000000e+00  0.000000e+00  3.533224e-01  0.000000e+00  0.000000e+00  -3.891561e-01  0.000000e+00  0.000000e+00  3.533224e-01  0.000000e+00  0.000000e+00  -3.891561e-01  0.000000e+00  0.000000e+00  3.533224e-01  
2.043607e+00  3.619965e-03  9.052901e-01  0.000000e+00  0.000000e+00  2.600231e-01  0.000000e+00  0.000000e+00  -3.667332e-01  0.000000e+00  0.000000e+00  2.600231e-01  0.000000e+00  0.000000e+00  -3.667332e-01  0.000000e+00  0.000000e+00  2.600231e-01  2.043607e+00  3.619965e-03  9.052901e-01  0.000000e+00  0.000000e+00  2.600231e-01  0.000000e+00  0.000000e+00  -3.667332e-01  0.000000e+00  0.000000e+00  2.600231e-01  0.000000e+00  0.000000e+00  -3.667332e-01  0.000000e+00  0.000000e+00  2.600231e-01  
2.043219e+00  2.805139e-02  8.340746e-01  0.000000e+00  0.000000e+00  3.494177e-01  0.000000e+00  0.000000e+00  -3.594837e-01  0.000000e+00  0.000000e+00  3.494177e-01  0.000000e+00  0.000000e+00  -3.594837e-01  0.000000e+00  0.000000e+00  3.494177e-01  2.043219e+00  2.805139e-02  8.340746e-01  0.000000e+00  0.000000e+00  3.494177e-01  0.000000e+00  0.000000e+00  -3.594837e-01  0.000000e+00  0.000000e+00  3.494177e-01  0.000000e+00  0.000000e+00  -3.594837e-01  0.000000e+00  0.000000e+00  3.494177e-01  
1.976155e+00  4.056599e-03  8.397192e-01  0.000000e+00  0.000000e+00  2.709211e-01  0.000000e+00  0.000000e+00  -3.751954e-01  0.000000e+00  0.000000e+00  2.709211e-01  0.000000e+00  0.000000e+00  -3.751954e-01  0.000000e+00  0.000000e+00  2.709211e-01  1.976155e+00  4.056599e-03  8.397192e-01  0.000000e+00  0.000000e+00  2.709211e-01  0.000000e+00  0.000000e+00  -3.751954e-01  0.000000e+00  0.000000e+00  2.709211e-01  0.000000e+00  0.000000e+00  -3.751954e-01  0.000000e+00  0.000000e+00  2.709211e-01  
2.114140e+00  2.845263e-02  8.529155e-01  0.000000e+00  0.000000e+00  3.234051e-01  0.000000e+00  0.000000e+00  -3.650679e-01  0.000000e+00  0.000000e+00  3.234051e-01  0.000000e+00  0.000000e+00  -3.650679e-01  0.000000e+00  0.000000e+00  3.234051e-01  2.114140e+00  2.845263e-02  8.529155e-01  0.000000e+00  0.000000e+00  3.234051e-01  0.000000e+00  0.000000e+00  -3.650679e-01  0.000000e+00  0.000000e+00  3.234051e-01  0.000000e+00  0.000000e+00  -3.650679e-01  0.000000e+00  0.000000e+00  3.234051e-01  
2.052136e+00  8.577566e-03  8.752789e-01  0.000000e+00  0.000000e+00  2.567421e-01  0.000000e+00  0.000000e+00  -3.691908e-01  0.000000e+00  0.000000e+00  2.567421e-01  0.000000e+00  0.000000e+00  -3.691908e-01  0.000000e+00  0.000000e+00  2.567421e-01  2.052136e+00  8.577566e-03  8.752789e-01  0.000000e+00  0.000000e+00  2.567421e-01  0.000000e+00  0.000000e+00  -3.691908e-01  0.000000e+00  0.000000e+00  2.567421e-01  0.000000e+00  0.000000e+00  -3.691908e-01  0.000000e+00  0.000000e+00  2.567421e-01  
2.101445e+00  9.872683e-03  8.796554e-01  0.000000e+00  0.000000e+00  3.607118e-01  0.000000e+00  0.000000e+00  -3.856093e-01  0.000000e+00  0.000000e+00  3.607118e-01  0.000000e+00  0.000000e+00  -3.856093e-01  0.000000e+00  0.000000e+00  3.607118e-01  2.101445e+00  9.872683e-03  8.796554e-01  0.000000e+00  0.000000e+00  3.607118e-01  0.000000e+00  0.000000e+00  -3.856093e-01  0.000000e+00  0.000000e+00  3.607118e-01  0.000000e+00  0.000000e+00  -3.856093e-01  0.000000e+00  0.000000e+00  3.607118e-01  
2.006511e+00  1.431086e-02  8.187154e-01  0.000000e+00  0.000000e+00  2.832777e-01  0.000000e+00  0.000000e+00  -3.752378e-01  0.000000e+00  0.000000e+00  2.832777e-01  0.000000e+00  0.000000e+00  -3.752378e-01  0.000000e+00  0.000000e+00  2.832777e-01  2.006511e+00  1.431086e-02  8.187154e-01  0.000000e+00  0.000000e+00  2.832777e-01  0.000000e+00  0.000000e+00  -3.752378e-01  0.000000e+00  0.000000e+00  2.832777e-01  0.000000e+00  0.000000e+00  -3.752378e-01  0.000000e+00  0.000000e+00  2.832777e-01  
1.999215e+00  3.698588e-04  9.057586e-01  0.000000e+00  0.000000e+00  3.259585e-01  0.000000e+00  0.000000e+00  -3.614943e-01  0.000000e+00  0.000000e+00  3.259585e-01  0.000000e+00  0.000000e+00  -3.614943e-01  0.000000e+00  0.000000e+00  3.259585e-01  1.999215e+00  3.698588e-04  9.057586e-01  0.000000e+00  0.000000e+00  3.259585e-01  0.000000e+00  0.000000e+00  -3.614943e-01  0.000000e+00  0.000000e+00  3.259585e-01  0.000000e+00  0.000000e+00  -3.614943e-01  0.000000e+00  0.000000e+00  3.259585e-01  
2.124712e+00  4.054570e-02  8.401400e-01  0.000000e+00  0.000000e+00  3.357494e-01  0.000000e+00  0.000000e+00  -3.637045e-01  0.000000e+00  0.000000e+00  3.357494e-01  0.000000e+00  0.000000e+00  -3.637045e-01  0.000000e+00  0.000000e+00  3.357494e-01  2.124712e+00  4.054570e-02  8.401400e-01  0.000000e+00  0.000000e+00  3.357494e-01  0.000000e+00  0.000000e+00  -3.637045e-01  0.000000e+00  0.000000e+00  3.357494e-01  0.000000e+00  0.000000e+00  -3.637045e-01  0.000000e+00  0.000000e+00  3.357494e-01  
2.071423e+00  1.152641e-02  8.871331e-01  0.000000e+00  0.000000e+00  2.738549e-01  0.000000e+00  0.000000e+00  -3.551954e-01  0.000000e+00  0.000000e+00  2.738549e-01  0.000000e+00  0.000000e+00  -3.551954e-01  0.000000e+00  0.000000e+00  2.738549e-01  2.071423e+00  1.152641e-02  8.871331e-01  0.000000e+00  0.000000e+00  2.738549e-01  0.000000e+00  0.000000e+00  -3.551954e-01  0.000000e+00  0.000000e+00  2.738549e-01  0.000000e+00  0.000000e+00  -3.551954e-01  0.000000e+00  0.000000e+00  2.738549e-01  
1.966357e+00  3.173140e-02  8.037199e-01  0.000000e+00  0.000000e+00  2.802175e-01  0.000000e+00  0.000000e+00  -3.601924e-01  0.000000e+00  0.000000e+00  2.802175e-01  0.000000e+00  0.000000e+00  -3.601924e-01  0.000000e+00  0.000000e+00  2.802175e-01  1.966357e+00  3.173140e-02  8.037199e-01  0.000000e+00  0.000000e+00  2.802175e-01  0.000000e+00  0.000000e+00  -3.601924e-01  0.000000e+00  0.000000e+00  2.802175e-01  0.000000e+00  0.000000e+00  -3.601924e-01  0.000000e+00  0.000000e+00  2.802175e-01  
2.022695e+00  3.511555e-02  8.052657e-01  0.000000e+00  0.000000e+00  3.529861e-01  0.000000e+00  0.000000e+00  -3.803926e-01  0.000000e+00  0.000000e+00  3.529861e-01  0.000000e+00  0.000000e+00  -3.803926e-01  0.000000e+00  0.000000e+00  3.529861e-01  2.022695e+00  3.511555e-02  8.052657e-01  0.000000e+00  0.000000e+00  3.529861e-01  0.000000e+00  0.000000e+00  -3.803926e-01  0.000000e+00  0.000000e+00  3.529861e-01  0.000000e+00  0.000000e+00  -3.803926e-01  0.000000e+00  0.000000e+00  3.529861e-01  
1.934657e+00  3.515678e-03  8.679790e-01  0.000000e+00  0.000000e+00  2.823101e-01  0.000000e+00  0.000000e+00  -3.594068e-01  0.000000e+00  0.000000e+00  2.823101e-01  0.000000e+00  0.000000e+00  -3.594068e-01  0.000000e+00  0.000000e+00  2.823101e-01  1.934657e+00  3.515678e-03  8.679790e-01  0.000000e+00  0.000000e+00  2.823101e-01  0.000000e+00  0.000000e+00  -3.594068e-01  0.000000e+00  0.000000e+00  2.823101e-01  0.000000e+00  0.000000e+00  -3.594068e-01  0.000000e+00  0.000000e+00  2.823101e-01  
2.011433e+00  6.084382e-03  8.336262e-01  0.000000e+00  0.000000e+00  2.267352e-01  0.000000e+00  0.000000e+00  -3.818697e-01  0.000000e+00  0.000000e+00  2.267352e-01  0.000000e+00  0.000000e+00  -3.818697e-01  0.000000e+00  0.000000e+00  2.267352e-01  2.011433e+00  6.084382e-03  8.336262e-01  0.000000e+00  0.000000e+00  2.267352e-01  0.000000e+00  0.000000e+00  -3.818697e-01  0.000000e+00  0.000000e+00  2.267352e-01  0.000000e+00  0.000000e+00  -3.818697e-01  0.000000e+00  0.000000e+00  2.267352e-01  
2.088116e+00  5.593214e-04  8.909009e-01  0.000000e+00  0.000000e+00  2.802583e-01  0.000000e+00  0.000000e+00  -3.816993e-01  0.000000e+00  0.000000e+00  2.802583e-01  0.000000e+00  0.000000e+00  -3.816993e-01  0.000000e+00  0.000000e+00  2.802583e-01  2.088116e+00  5.593214e-04  8.909009e-01  0.000000e+00  0.000000e+00  2.802583e-01  0.000000e+00  0.000000e+00  -3.816993e-01  0.000000e+00  0.000000e+00  2.802583e-01  0.000000e+00  0.000000e+00  -3.816993e-01  0.000000e+00  0.000000e+00  2.802583e-01  
2.096364e+00  8.422160e-03  8.574619e-01  0.000000e+00  0.000000e+00  2.882064e-01  0.000000e+00  0.000000e+00  -3.973179e-01  0.000000e+00  0.000000e+00  2.882064e-01  0.000000e+00  0.000000e+00  -3.973179e-01  0.000000e+00  0.000000e+00  2.882064e-01  2.096364e+00  8.422160e-03  8.574619e-01  0.000000e+00  0.000000e+00  2.882064e-01  0.000000e+00  0.000000e+00  -3.973179e-01  0.000000e+00  0.000000e+00  2.882064e-01  0.000000e+00  0.000000e+00  -3.973179e-01  0.000000e+00  0.000000e+00  2.882064e-01  
2.174700e+00  2.900097e-02  8.487753e-01  0.000000e+00  0.000000e+00  3.125947e-01  0.000000e+00  0.000000e+00  -3.773310e-01  0.000000e+00  0.000000e+00  3.125947e-01  0.000000e+00  0.000000e+00  -3.773310e-01  0.000000e+00  0.000000e+00  3.125947e-01  2.174700e+00  2.900097e-02  8.487753e-01  0.000000e+00  0.000000e+00  3.125947e-01  0.000000e+00  0.000000e+00  -3.773310e-01  0.000000e+00  0.000000e+00  3.125947e-01  0.000000e+00  0.000000e+00  -3.773310e-01  0.000000e+00  0.000000e+00  3.125947e-01  
1.973771e+00  5.344953e-06  9.209291e-01  0.000000e+00  0.000000e+00  2.888690e-01  0.000000e+00  0.000000e+00  -3.446920e-01  0.000000e+00  0.000000e+00  2.888690e-01  0.000000e+00  0.000000e+00  -3.446920e-01  0.000000e+00  0.000000e+00  2.888690e-01  1.973771e+00  5.344953e-06  9.209291e-01  0.000000e+00  0.000000e+00  2.888690e-01  0.000000e+00  0.000000e+00  -3.446920e-01  0.000000e+00  0.000000e+00  2.888690e-01  0.000000e+00  0.000000e+00  -3.446920e-01  0.000000e+00  0.000000e+00  2.888690e-01  
2.053231e+00  3.345176e-03  9.228170e-01  0.000000e+00  0.000000e+00  3.437915e-01  0.000000e+00  0.000000e+00  -3.810529e-01  0.000000e+00  0.000000e+00  3.437915e-01  0.000000e+00  0.000000e+00  -3.810529e-01  0.000000e+00  0.000000e+00  3.437915e-01  2.053231e+00  3.345176e-03  9.228170e-01  0.000000e+00  0.000000e+00  3.437915e-01  0.000000e+00  0.000000e+00  -3.810529e-01  0.000000e+00  0.000000e+00  3.437915e-01  0.000000e+00  0.000000e+00  -3.810529e-01  0.000000e+00  0.000000e+00  3.437915e-01  
2.087314e+00  3.284570e-03  9.232519e-01  0.000000e+00  0.000000e+00  2.427642e-01  0.000000e+00  0.000000e+00  -3.700386e-01  0.000000e+00  0.000000e+00  2.427642e-01  0.000000e+00  0.000000e+00  -3.700386e-01  0.000000e+00  0.000000e+00  2.427642e-01  2.087314e+00  3.284570e-03  9.232519e-01  0.000000e+00  0.000000e+00  2.427642e-01  0.000000e+00  0.000000e+00  -3.700386e-01  0.000000e+00  0.000000e+00  2.427642e-01  0.000000e+00  0.000000e+00  -3.700386e-01  0.000000e+00  0.000000e+00  2.427642e-01  
2.145803e+00  4.713170e-02  8.008782e-01  0.000000e+00  0.000000e+00  2.818570e-01  0.000000e+00  0.000000e+00  -3.717791e-01  0.000000e+00  0.000000e+00  2.818570e-01  0.000000e+00  0.000000e+00  -3.717791e-01  0.000000e+00  0.000000e+00  2.818570e-01  2.145803e+00  4.713170e-02  8.008782e-01  0.000000e+00  0.000000e+00  2.818570e-01  0.000000e+00  0.000000e+00  -3.717791e-01  0.000000e+00  0.000000e+00  2.818570e-01  0.000000e+00  0.000000e+00  -3.717791e-01  0.000000e+00  0.000000e+00  2.818570e-01  
2.096887e+00  6.444026e-03  9.218675e-01  0.000000e+00  0.000000e+00  2.910619e-01  0.000000e+00  0.000000e+00  -3.608614e-01  0.000000e+00  0.000000e+00  2.910619e-01  0.000000e+00  0.000000e+00  -3.608614e-01  0.000000e+00  0.000000e+00  2.910619e-01  2.096887e+00  6.444026e-03  9.218675e-01  0.000000e+00  0.000000e+00  2.910619e-01  0.000000e+00  0.000000e+00  -3.608614e-01  0.000000e+00  0.000000e+00  2.910619e-01  0.000000e+00  0.000000e+00  -3.608614e-01  0.000000e+00  0.000000e+00  2.910619e-01  
1.979391e+00  1.101188e-02  8.381322e-01  0.000000e+00  0.000000e+00  2.905849e-01  0.000000e+00  0.000000e+00  -3.599102e-01  0.000000e+00  0.000000e+00  2.905849e-01  0.000000e+00  0.000000e+00  -3.599102e-01  0.000000e+00  0.000000e+00  2.905849e-01  1.979391e+00  1.101188e-02  8.381322e-01  0.000000e+00  0.000000e+00  2.905849e-01  0.000000e+00  0.000000e+00  -3.599102e-01  0.000000e+00  0.000000e+00  2.905849e-01  0.000000e+00  0.000000e+00  -3.599102e-01  0.000000e+00  0.000000e+00  2.905849e-01  
2.192250e+00  4.716210e-03  9.439531e-01  0.000000e+00  0.000000e+00  3.170038e-01  0.000000e+00  0.000000e+00  -3.865423e-01  0.000000e+00  0.000000e+00  3.170038e-01  0.000000e+00  0.000000e+00  -3.865423e-01  0.000000e+00  0.000000e+00  3.170038e-01  2.192250e+00  4.716210e-03  9.439531e-01  0.000000e+00  0.000000e+00  3.170038e-01  0.000000e+00  0.000000e+00  -3.865423e-01  0.000000e+00  0.000000e+00  3.170038e-01  0.000000e+00  0.000000e+00  -3.865423e-01  0.000000e+00  0.000000e+00  3.170038e-01  
1.998748e+00  8.208138e-03  8.936487e-01  0.000000e+00  0.000000e+00  3.354350e-01  0.000000e+00  0.000000e+00  -3.537296e-01  0.000000e+00  0.000000e+00  3.354350e-01  0.000000e+00  0.000000e+00  -3.537296e-01  0.000000e+00  0.000000e+00  3.354350e-01  1.998748e+00  8.208138e-03  8.936487e-01  0.000000e+00  0.000000e+00  3.354350e-01  0.000000e+00  0.000000e+00  -3.537296e-01  0.000000e+00  0.000000e+00  3.354350e-01  0.000000e+00  0.000000e+00  -3.537296e-01  0.000000e+00  0.000000e+00  3.354350e-01  
2.016488e+00  1.144038e-02  8.509848e-01  0.000000e+00  0.000000e+00  2.911478e-01  0.000000e+00  0.000000e+00  -3.599297e-01  0.000000e+00  0.000000e+00  2.911478e-01  0.000000e+00  0.000000e+00  -3.599297e-01  0.000000e+00  0.000000e+00  2.911478e-01  2.016488e+00  1.144038e-02  8.509848e-01  0.000000e+00  0.000000e+00  2.911478e-01  0.000000e+00  0.000000e+00  -3.599297e-01  0.000000e+00  0.000000e+00  2.911478e-01  0.000000e+00  0.000000e+00  -3.599297e-01  0.000000e+00  0.000000e+00  2.911478e-01  
2.081002e+00  1.521914e-02  8.934832e-01  0.000000e+00  0.000000e+00  3.112773e-01  0.000000e+00  0.000000e+00  -3.575531e-01  0.000000e+00  0.000000e+00  3.112773e-01  0.000000e+00  0.000000e+00  -3.575531e-01  0.000000e+00  0.000000e+00  3.112773e-01  2.081002e+00  1.521914e-02  8.934832e-01  0.000000e+00  0.000000e+00  3.112773e-01  0.000000e+00  0.000000e+00  -3.575531e-01  0.000000e+00  0.000000e+00  3.112773e-01  0.000000e+00  0.000000e+00  -3.575531e-01  0.000000e+00  0.000000e+00  3.112773e-01  
1.979532e+00  8.947793e-03  8.466090e-01  0.000000e+00  0.000000e+00  2.639809e-01  0.000000e+00  0.000000e+00  -3.537164e-01  0.000000e+00  0.000000e+00  2.639809e-01  0.000000e+00  0.000000e+00  -3.537164e-01  0.000000e+00  0.000000e+00  2.639809e-01  1.979532e+00  8.947793e-03  8.466090e-01  0.000000e+00  0.000000e+00  2.639809e-01  0.000000e+00  0.000000e+00  -3.537164e-01  0.000000e+00  0.000000e+00  2.639809e-01  0.000000e+00  0.000000e+00  -3.537164e-01  0.000000e+00  0.000000e+00  2.639809e-01  
1.929784e+00  8.831481e-03  8.442091e-01  0.000000e+00  0.000000e+00  2.251956e-01  0.000000e+00  0.000000e+00  -3.583849e-01  0.000000e+00  0.000000e+00  2.251956e-01  0.000000e+00  0.000000e+00  -3.583849e-01  0.000000e+00  0.000000e+00  2.251956e-01  1.929784e+00  8.831481e-03  8.442091e-01  0.000000e+00  0.000000e+00  2.251956e-01  0.000000e+00  0.000000e+00  -3.583849e-01  0.000000e+00  0.000000e+00  2.251956e-01  0.000000e+00  0.000000e+00  -3.583849e-01  0.000000e+00  0.000000e+00  2.251956e-01  
2.117001e+00  5.531420e-03  8.642992e-01  0.000000e+00  0.000000e+00  2.772755e-01  0.000000e+00  0.000000e+00  -3.901775e-01  0.000000e+00  0.000000e+00  2.772755e-01  0.000000e+00  0.000000e+00  -3.901775e-01  0.000000e+00  0.000000e+00  2.772755e-01  2.117001e+00  5.531420e-03  8.642992e-01  0.000000e+00  0.000000e+00  2.772755e-01  0.000000e+00  0.000000e+00  -3.901775e-01  0.000000e+00  0.000000e+00  2.772755e-01  0.000000e+00  0.000000e+00  -3.901775e-01  0.000000e+00  0.000000e+00  2.772755e-01  
2.048357e+00  4.651389e-03  8.852010e-01  0.000000e+00  0.000000e+00  3.022975e-01  0.000000e+00  0.000000e+00  -3.746056e-01  0.000000e+00  0.000000e+00  3.022975e-01  0.000000e+00  0.000000e+00  -3.746056e-01  0.000000e+00  0.000000e+00  3.022975e-01  2.048357e+00  4.651389e-03  8.852010e-01  0.000000e+00  0.000000e+00  3.022975e-01  0.000000e+00  0.000000e+00  -3.746056e-01  0.000000e+00  0.000000e+00  3.022975e-01  0.000000e+00  0.000000e+00  -3.746056e-01  0.000000e+00  0.000000e+00  3.022975e-01  
2.038227e+00  1.309858e-02  8.148784e-01  0.000000e+00  0.000000e+00  2.542052e-01  0.000000e+00  0.000000e+00  -3.698751e-01  0.000000e+00  0.000000e+00  2.542052e-01  0.000000e+00  0.000000e+00  -3.698751e-01  0.000000e+00  0.000000e+00  2.542052e-01  2.038227e+00  1.309858e-02  8.148784e-01  0.000000e+00  0.000000e+00  2.542052e-01  0.000000e+00  0.000000e+00  -3.698751e-01  0.000000e+00  0.000000e+00  2.542052e-01  0.000000e+00  0.000000e+00  -3.698751e-01  0.000000e+00  0.000000e+00  2.542052e-01  
2.001298e+00  6.238332e-03  9.038264e-01  0.000000e+00  0.000000e+00  3.336723e-01  0.000000e+00  0.000000e+00  -3.630358e-01  0.000000e+00  0.000000e+00  3.336723e-01  0.000000e+00  0.000000e+00  -3.630358e-01  0.000000e+00  0.000000e+00  3.336723e-01  2.001298e+00  6.238332e-03  9.038264e-01  0.000000e+00  0.000000e+00  3.336723e-01  0.000000e+00  0.000000e+00  -3.630358e-01  0.000000e+00  0.000000e+00  3.336723e-01  0.000000e+00  0.000000e+00  -3.630358e-01  0.000000e+00  0.000000e+00  3.336723e-01  
1.948801e+00  3.220312e-03  8.664318e-01  0.000000e+00  0.000000e+00  3.170180e-01  0.000000e+00  0.000000e+00  -3.687074e-01  0.000000e+00  0.000000e+00  3.170180e-01  0.000000e+00  0.000000e+00  -3.687074e-01  0.000000e+00  0.000000e+00  3.170180e-01  1.948801e+00  3.220312e-03  8.664318e-01  0.000000e+00  0.000000e+00  3.170180e-01  0.000000e+00  0.000000e+00  -3.687074e-01  0.000000e+00  0.000000e+00  3.170180e-01  0.000000e+00  0.000000e+00  -3.687074e-01  0.000000e+00  0.000000e+00  3.170180e-01  
2.069446e+00  2.436946e-02  8.633916e-01  0.000000e+00  0.000000e+00  2.480826e-01  0.000000e+00  0.000000e+00  -3.625888e-01  0.000000e+00  0.000000e+00  2.480826e-01  0.000000e+00  0.000000e+00  -3.625888e-01  0.000000e+00  0.000000e+00  2.480826e-01  2.069446e+00  2.436946e-02  8.633916e-01  0.000000e+00  0.000000e+00  2.480826e-01  0.000000e+00  0.000000e+00  -3.625888e-01  0.000000e+00  0.000000e+00  2.480826e-01  0.000000e+00  0.000000e+00  -3.625888e-01  0.000000e+00  0.000000e+00  2.480826e-01  
2.056309e+00  1.845956e-02  8.555728e-01  0.000000e+00  0.000000e+00  2.639937e-01  0.000000e+00  0.000000e+00  -3.633213e-01  0.000000e+00  0.000000e+00  2.639937e-01  0.000000e+00  0.000000e+00  -3.633213e-01  0.000000e+00  0.000000e+00  2.639937e-01  2.056309e+00  1.845956e-02  8.555728e-01  0.000000e+00  0.000000e+00  2.639937e-01  0.000000e+00  0.000000e+00  -3.633213e-01  0.000000e+00  0.000000e+00  2.639937e-01  0.000000e+00  0.000000e+00  -3.633213e-01  0.000000e+00  0.000000e+00  2.639937e-01  
1.905671e+00  1.690697e-03  8.789430e-01  0.000000e+00  0.000000e+00  2.348773e-01  0.000000e+00  0.000000e+00  -3.549980e-01  0.000000e+00  0.000000e+00  2.348773e-01  0.000000e+00  0.000000e+00  -3.549980e-01  0.000000e+00  0.000000e+00  2.348773e-01  1.905671e+00  1.690697e-03  8.789430e-01  0.000000e+00  0.000000e+00  2.348773e-01  0.000000e+00  0.000000e+00  -3.549980e-01  0.000000e+00  0.000000e+00  2.348773e-01  0.000000e+00  0.000000e+00  -3.549980e-01  0.000000e+00  0.000000e+00  2.348773e-01  
1.988734e+00  2.433862e-03  9.184763e-01  0.000000e+00  0.000000e+00  3.307029e-01  0.000000e+00  0.000000e+00  -3.588298e-01  0.000000e+00  0.000000e+00  3.307029e-01  0.000000e+00  0.000000e+00  -3.588298e-01  0.000000e+00  0.000000e+00  3.307029e-01  1.988734e+00  2.433862e-03  9.184763e-01  0.000000e+00  0.000000e+00  3.307029e-01  0.000000e+00  0.000000e+00  -3.588298e-01  0.000000e+00  0.000000e+00  3.307029e-01  0.000000e+00  0.000000e+00  -3.588298e-01  0.000000e+00  0.000000e+00  3.307029e-01  
2.078574e+00  1.119569e-02  8.560118e-01  0.000000e+00  0.000000e+00  3.287536e-01  0.000000e+00  0.000000e+00  -3.755972e-01  0.000000e+00  0.000000e+00  3.287536e-01  0.000000e+00  0.000000e+00  -3.755972e-01  0.000000e+00  0.000000e+00  3.287536e-01  2.078574e+00  1.119569e-02  8.560118e-01  0.000000e+00  0.000000e+00  3.287536e-01  0.000000e+00  0.000000e+00  -3.755972e-01  0.000000e+00  0.000000e+00  3.287536e-01  0.000000e+00  0.000000e+00  -3.755972e-01  0.000000e+00  0.000000e+00  3.287536e-01  
1.975996e+00  6.569725e-04  9.082735e-01  0.000000e+00  0.000000e+00  2.522240e-01  0.000000e+00  0.000000e+00  -3.566546e-01  0.000000e+00  0.000000e+00  2.522240e-01  0.000000e+00  0.000000e+00  -3.566546e-01  0.000000e+00  0.000000e+00  2.522240e-01  1.975996e+00  6.569725e-04  9.082735e-01  0.000000e+00  0.000000e+00  2.522240e-01  0.000000e+00  0.000000e+00  -3.566546e-01  0.000000e+00  0.000000e+00  2.522240e-01  0.000000e+00  0.000000e+00  -3.566546e-01  0.000000e+00  0.000000e+00  2.522240e-01  
2.074806e+00  1.457586e-02  8.494925e-01  0.000000e+00  0.000000e+00  2.381964e-01  0.000000e+00  0.000000e+00  -3.758253e-01  0.000000e+00  0.000000e+00  2.381964e-01  0.000000e+00  0.000000e+00  -3.758253e-01  0.000000e+00  0.000000e+00  2.381964e-01  2.074806e+00  1.457586e-02  8.494925e-01  0.000000e+00  0.000000e+00  2.381964e-01  0.000000e+00  0.000000e+00  -3.758253e-01  0.000000e+00  0.000000e+00  2.381964e-01  0.000000e+00  0.000000e+00  -3.758253e-01  0.000000e+00  0.000000e+00  2.381964e-01  
1.982127e+00  8.418863e-03  8.983535e-01  0.000000e+00  0.000000e+00  2.932392e-01  0.000000e+00  0.000000e+00  -3.509322e-01  0.000000e+00  0.000000e+00  2.932392e-01  0.000000e+00  0.000000e+00  -3.509322e-01  0.000000e+00  0.000000e+00  2.932392e-01  1.982127e+00  8.418863e-03  8.983535e-01  0.000000e+00  0.000000e+00  2.932392e-01  0.000000e+00  0.000000e+00  -3.509322e-01  0.000000e+00  0.000000e+00  2.932392e-01  0.000000e+00  0.000000e+00  -3.509322e-01  0.000000e+00  0.000000e+00  2.932392e-01  
2.156448e+00  1.382959e-02  9.031598e-01  0.000000e+00  0.000000e+00  3.061305e-01  0.000000e+00  0.000000e+00  -3.838983e-01  0.000000e+00  0.000000e+00  3.061305e-01  0.000000e+00  0.000000e+00  -3.838983e-01  0.000000e+00  0.000000e+00  3.061305e-01  2.156448e+00  1.382959e-02  9.031598e-01  0.000000e+00  0.000000e+00  3.061305e-01  0.000000e+00  0.000000e+00  -3.838983e-01  0.000000e+00  0.000000e+00  3.061305e-01  0.000000e+00  0.000000e+00  -3.838983e-01  0.000000e+00  0.000000e+00  3.061305e-01  
2.147980e+00  1.871037e-02  9.116224e-01  0.000000e+00  0.000000e+00  3.420767e-01  0.000000e+00  0.000000e+00  -3.707831e-01  0.000000e+00  0.000000e+00  3.420767e-01  0.000000e+00  0.000000e+00  -3.707831e-01  0.000000e+00  0.000000e+00  3.420767e-01  2.147980e+00  1.871037e-02  9.116224e-01  0.000000e+00  0.000000e+00  3.420767e-01  0.000000e+00  0.000000e+00  -3.707831e-01  0.000000e+00  0.000000e+00  3.420767e-01  0.000000e+00  0.000000e+00  -3.707831e-01  0.000000e+00  0.000000e+00  3.420767e-01  
2.044142e+00  1.045255e-03  9.012792e-01  0.000000e+00  0.000000e+00  2.294259e-01  0.000000e+00  0.000000e+00  -3.789368e-01  0.000000e+00  0.000000e+00  2.294259e-01  0.000000e+00  0.000000e+00  -3.789368e-01  0.000000e+00  0.000000e+00  2.294259e-01  2.044142e+00  1.045255e-03  9.012792e-01  0.000000e+00  0.000000e+00  2.294259e-01  0.000000e+00  0.000000e+00  -3.789368e-01  0.000000e+00  0.000000e+00  2.294259e-01  0.000000e+00  0.000000e+00  -3.789368e-01  0.000000e+00  0.000000e+00  2.294259e-01  
2.015766e+00  1.830309e-02  8.436418e-01  0.000000e+00  0.000000e+00  3.093673e-01  0.000000e+00  0.000000e+00  -3.774109e-01  0.000000e+00  0.000000e+00  3.093673e-01  0.000000e+00  0.000000e+00  -3.774109e-01  0.000000e+00  0.000000e+00  3.093673e-01  2.015766e+00  1.830309e-02  8.436418e-01  0.000000e+00  0.000000e+00  3.093673e-01  0.000000e+00  0.000000e+00  -3.774109e-01  0.000000e+00  0.000000e+00  3.093673e-01  0.000000e+00  0.000000e+00  -3.774109e-01  0.000000e+00  0.000000e+00  3.093673e-01  
2.033317e+00  2.895520e-02  8.148159e-01  0.000000e+00  0.000000e+00  3.105521e-01  0.000000e+00  0.000000e+00  -3.682872e-01  0.000000e+00  0.000000e+00  3.105521e-01  0.000000e+00  0.000000e+00  -3.682872e-01  0.000000e+00  0.000000e+00  3.105521e-01  2.033317e+00  2.895520e-02  8.148159e-01  0.000000e+00  0.000000e+00  3.105521e-01  0.000000e+00  0.000000e+00  -3.682872e-01  0.000000e+00  0.000000e+00  3.105521e-01  0.000000e+00  0.000000e+00  -3.682872e-01  0.000000e+00  0.000000e+00  3.105521e-01  
2.054750e+00  1.052046e-02  8.834960e-01  0.000000e+00  0.000000e+00  3.051610e-01  0.000000e+00  0.000000e+00  -3.790971e-01  0.000000e+00  0.000000e+00  3.051610e-01  0.000000e+00  0.000000e+00  -3.790971e-01  0.000000e+00  0.000000e+00  3.051610e-01  2.054750e+00  1.052046e-02  8.834960e-01  0.000000e+00  0.000000e+00  3.051610e-01  0.000000e+00  0.000000e+00  -3.790971e-01  0.000000e+00  0.000000e+00  3.051610e-01  0.000000e+00  0.000000e+00  -3.790971e-01  0.000000e+00  0.000000e+00  3.051610e-01  
2.095780e+00  1.106637e-02  8.905762e-01  0.000000e+00  0.000000e+00  2.814571e-01  0.000000e+00  0.000000e+00  -3.720967e-01  0.000000e+00  0.000000e+00  2.814571e-01  0.000000e+00  0.000000e+00  -3.720967e-01  0.000000e+00  0.000000e+00  2.814571e-01  2.095780e+00  1.106637e-02  8.905762e-01  0.000000e+00  0.000000e+00  2.814571e-01  0.000000e+00  0.000000e+00  -3.720967e-01  0.000000e+00  0.000000e+00  2.814571e-01  0.000000e+00  0.000000e+00  -3.720967e-01  0.000000e+00  0.000000e+00  2.814571e-01  
2.024199e+00  2.212055e-03  9.011353e-01  0.000000e+00  0.000000e+00  2.691213e-01  0.000000e+00  0.000000e+00  -3.497354e-01  0.000000e+00  0.000000e+00  2.691213e-01  0.000000e+00  0.000000e+00  -3.497354e-01  0.000000e+00  0.000000e+00  2.691213e-01  2.024199e+00  2.212055e-03  9.011353e-01  0.000000e+00  0.000000e+00  2.691213e-01  0.000000e+00  0.000000e+00  -3.497354e-01  0.000000e+00  0.000000e+00  2.691213e-01  0.000000e+00  0.000000e+00  -3.497354e-01  0.000000e+00  0.000000e+00  2.691213e-01  
2.023065e+00  1.956278e-03  9.467646e-01  0.000000e+00  0.000000e+00  4.006959e-01  0.000000e+00  0.000000e+00  -3.826503e-01  0.000000e+00  0.000000e+00  4.006959e-01  0.000000e+00  0.000000e+00  -3.826503e-01  0.000000e+00  0.000000e+00  4.006959e-01  2.023065e+00  1.956278e-03  9.467646e-01  0.000000e+00  0.000000e+00  4.006959e-01  0.000000e+00  0.000000e+00  -3.826503e-01  0.000000e+00  0.000000e+00  4.006959e-01  0.000000e+00  0.000000e+00  -3.826503e-01  0.000000e+00  0.000000e+00  4.006959e-01  
2.030823e+00  1.214610e-02  9.019250e-01  0.000000e+00  0.000000e+00  3.579182e-01  0.000000e+00  0.000000e+00  -3.676151e-01  0.000000e+00  0.000000e+00  3.579182e-01  0.000000e+00  0.000000e+00  -3.676151e-01  0.000000e+00  0.000000e+00  3.579182e-01  2.030823e+00  1.214610e-02  9.019250e-01  0.000000e+00  0.000000e+00  3.579182e-01  0.000000e+00  0.000000e+00  -3.676151e-01  0.000000e+00  0.000000e+00  3.579182e-01  0.000000e+00  0.000000e+00  -3.676151e-01  0.000000e+00  0.000000e+00  3.579182e-01  
2.076011e+00  9.553406e-03  8.662308e-01  0.000000e+00  0.000000e+00  3.289226e-01  0.000000e+00  0.000000e+00  -3.860487e-01  0.000000e+00  0.000000e+00  3.289226e-01  0.000000e+00  0.000000e+00  -3.860487e-01  0.000000e+00  0.000000e+00  3.289226e-01  2.076011e+00  9.553406e-03  8.662308e-01  0.000000e+00  0.000000e+00  3.289226e-01  0.000000e+00  0.000000e+00  -3.860487e-01  0.000000e+00  0.000000e+00  3.289226e-01  0.000000e+00  0.000000e+00  -3.860487e-01  0.000000e+00  0.000000e+00  3.289226e-01  
2.047612e+00  4.268302e-03  8.454565e-01  0.000000e+00  0.000000e+00  2.658099e-01  0.000000e+00  0.000000e+00  -3.844185e-01  0.000000e+00  0.000000e+00  2.658099e-01  0.000000e+00  0.000000e+00  -3.844185e-01  0.000000e+00  0.000000e+00  2.658099e-01  2.047612e+00  4.268302e-03  8.454565e-01  0.000000e+00  0.000000e+00  2.658099e-01  0.000000e+00  0.000000e+00  -3.844185e-01  0.000000e+00  0.000000e+00  2.658099e-01  0.000000e+00  0.000000e+00  -3.844185e-01  0.000000e+00  0.000000e+00  2.658099e-01  
2.074064e+00  2.047679e-02  8.668360e-01  0.000000e+00  0.000000e+00  3.180066e-01  0.000000e+00  0.000000e+00  -3.717076e-01  0.000000e+00  0.000000e+00  3.180066e-01  0.000000e+00  0.000000e+00  -3.717076e-01  0.000000e+00  0.000000e+00  3.180066e-01  2.074064e+00  2.047679e-02  8.668360e-01  0.000000e+00  0.000000e+00  3.180066e-01  0.000000e+00  0.000000e+00  -3.717076e-01  0.000000e+00  0.000000e+00  3.180066e-01  0.000000e+00  0.000000e+00  -3.717076e-01  0.000000e+00  0.000000e+00  3.180066e-01  
2.024543e+00  2.875189e-02  8.452947e-01  0.000000e+00  0.000000e+00  3.323908e-01  0.000000e+00  0.000000e+00  -3.631291e-01  0.000000e+00  0.000000e+00  3.323908e-01  0.000000e+00  0.000000e+00  -3.631291e-01  0.000000e+00  0.000000e+00  3.323908e-01  2.024543e+00  2.875189e-02  8.452947e-01  0.000000e+00  0.000000e+00  3.323908e-01  0.000000e+00  0.000000e+00  -3.631291e-01  0.000000e+00  0.000000e+00  3.323908e-01  0.000000e+00  0.000000e+00  -3.631291e-01  0.000000e+00  0.000000e+00  3.323908e-01  
2.106773e+00  1.095069e-02  8.944906e-01  0.000000e+00  0.000000e+00  3.105073e-01  0.000000e+00  0.000000e+00  -3.814996e-01  0.000000e+00  0.000000e+00  3.105073e-01  0.000000e+00  0.000000e+00  -3.814996e-01  0.000000e+00  0.000000e+00  3.105073e-01  2.106773e+00  1.095069e-02  8.944906e-01  0.000000e+00  0.000000e+00  3.105073e-01  0.000000e+00  0.000000e+00  -3.814996e-01  0.000000e+00  0.000000e+00  3.105073e-01  0.000000e+00  0.000000e+00  -3.814996e-01  0.000000e+00  0.000000e+00  3.105073e-01  
2.051119e+00  2.008631e-02  8.466144e-01  0.000000e+00  0.000000e+00  3.475042e-01  0.000000e+00  0.000000e+00  -3.759580e-01  0.000000e+00  0.000000e+00  3.475042e-01  0.000000e+00  0.000000e+00  -3.759580e-01  0.000000e+00  0.000000e+00  3.475042e-01  2.051119e+00  2.008631e-02  8.466144e-01  0.000000e+00  0.000000e+00  3.475042e-01  0.000000e+00  0.000000e+00  -3.759580e-01  0.000000e+00  0.000000e+00  3.475042e-01  0.000000e+00  0.000000e+00  -3.759580e-01  0.000000e+00  0.000000e+00  3.475042e-01  
2.092804e+00  1.200571e-02  8.972253e-01  0.000000e+00  0.000000e+00  2.809440e-01  0.000000e+00  0.000000e+00  -3.697315e-01  0.000000e+00  0.000000e+00  2.809440e-01  0.000000e+00  0.000000e+00  -3.697315e-01  0.000000e+00  0.000000e+00  2.809440e-01  2.092804e+00  1.200571e-02  8.972253e-01  0.000000e+00  0.000000e+00  2.809440e-01  0.000000e+00  0.000000e+00  -3.697315e-01  0.000000e+00  0.000000e+00  2.809440e-01  0.000000e+00  0.000000e+00  -3.697315e-01  0.000000e+00  0.000000e+00  2.809440e-01  
2.041767e+00  1.649131e-02  8.715652e-01  0.000000e+00  0.000000e+00  2.685768e-01  0.000000e+00  0.000000e+00  -3.651994e-01  0.000000e+00  0.000000e+00  2.685768e-01  0.000000e+00  0.000000e+00  -3.651994e-01  0.000000e+00  0.000000e+00  2.685768e-01  2.041767e+00  1.649131e-02  8.715652e-01  0.000000e+00  0.000000e+00  2.685768e-01  0.000000e+00  0.000000e+00  -3.651994e-01  0.000000e+00  0.000000e+00  2.685768e-01  0.000000e+00  0.000000e+00  -3.651994e-01  0.000000e+00  0.000000e+00  2.685768e-01  
2.150396e+00  5.266497e-04  9.254723e-01  0.000000e+00  0.000000e+00  2.904219e-01  0.000000e+00  0.000000e+00  -3.975652e-01  0.000000e+00  0.000000e+00  2.904219e-01  0.000000e+00  0.000000e+00  -3.975652e-01  0.000000e+00  0.000000e+00  2.904219e-01  2.150396e+00  5.266497e-04  9.254723e-01  0.000000e+00  0.000000e+00  2.904219e-01  0.000000e+00  0.000000e+00  -3.975652e-01  0.000000e+00  0.000000e+00  2.904219e-01  0.000000e+00  0.000000e+00  -3.975652e-01  0.000000e+00  0.000000e+00  2.904219e-01  
2.035463e+00  5.133432e-03  8.916987e-01  0.000000e+00  0.000000e+00  2.333761e-01  0.000000e+00  0.000000e+00  -3.681583e-01  0.000000e+00  0.000000e+00  2.333761e-01  0.000000e+00  0.000000e+00  -3.681583e-01  0.000000e+00  0.000000e+00  2.333761e-01  2.035463e+00  5.133432e-03  8.916987e-01  0.000000e+00  0.000000e+00  2.333761e-01  0.000000e+00  0.000000e+00  -3.681583e-01  0.000000e+00  0.000000e+00  2.333761e-01  0.000000e+00  0.000000e+00  -3.681583e-01  0.000000e+00  0.000000e+00  2.333761e-01  
2.084433e+00  9.132088e-03  9.030455e-01  0.000000e+00  0.000000e+00  2.858476e-01  0.000000e+00  0.000000e+00  -3.547736e-01  0.000000e+00  0.000000e+00  2.858476e-01  0.000000e+00  0.000000e+00  -3.547736e-01  0.000000e+00  0.000000e+00  2.858476e-01  2.084433e+00  9.132088e-03  9.030455e-01  0.000000e+00  0.000000e+00  2.858476e-01  0.000000e+00  0.000000e+00  -3.547736e-01  0.000000e+00  0.000000e+00  2.858476e-01  0.000000e+00  0.000000e+00  -3.547736e-01  0.000000e+00  0.000000e+00  2.858476e-01  
1.978309e+00  2.122826e-02  8.333032e-01  0.000000e+00  0.000000e+00  3.522276e-01  0.000000e+00  0.000000e+00  -3.698867e-01  0.000000e+00  0.000000e+00  3.522276e-01  0.000000e+00  0.000000e+00  -3.698867e-01  0.000000e+00  0.000000e+00  3.522276e-01  1.978309e+00  2.122826e-02  8.333032e-01  0.000000e+00  0.000000e+00  3.522276e-01  0.000000e+00  0.000000e+00  -3.698867e-01  0.000000e+00  0.000000e+00  3.522276e-01  0.000000e+00  0.000000e+00  -3.698867e-01  0.000000e+00  0.000000e+00  3.522276e-01  
2.075441e+00  1.091541e-03  8.951751e-01  0.000000e+00  0.000000e+00  3.126690e-01  0.000000e+00  0.000000e+00  -3.701581e-01  0.000000e+00  0.000000e+00  3.126690e-01  0.000000e+00  0.000000e+00  -3.701581e-01  0.000000e+00  0.000000e+00  3.126690e-01  2.075441e+00  1.091541e-03  8.951751e-01  0.000000e+00  0.000000e+00  3.126690e-01  0.000000e+00  0.000000e+00  -3.701581e-01  0.000000e+00  0.000000e+00  3.126690e-01  0.000000e+00  0.000000e+00  -3.701581e-01  0.000000e+00  0.000000e+00  3.126690e-01  
2.093109e+00  2.413886e-02  8.254592e-01  0.000000e+00  0.000000e+00  3.046912e-01  0.000000e+00  0.000000e+00  -3.687818e-01  0.000000e+00  0.000000e+00  3.046912e-01  0.000000e+00  0.000000e+00  -3.687818e-01  0.000000e+00  0.000000e+00  3.046912e-01  2.093109e+00  2.413886e-02  8.254592e-01  0.000000e+00  0.000000e+00  3.046912e-01  0.000000e+00  0.000000e+00  -3.687818e-01  0.000000e+00  0.000000e+00  3.046912e-01  0.000000e+00  0.000000e+00  -3.687818e-01  0.000000e+00  0.000000e+00  3.046912e-01  
2.140551e+00  1.168824e-02  8.647048e-01  0.000000e+00  0.000000e+00  2.898443e-01  0.000000e+00  0.000000e+00  -3.773128e-01  0.000000e+00  0.000000e+00  2.898443e-01  0.000000e+00  0.000000e+00  -3.773128e-01  0.000000e+00  0.000000e+00  2.898443e-01  2.140551e+00  1.168824e-02  8.647048e-01  0.000000e+00  0.000000e+00  2.898443e-01  0.000000e+00  0.000000e+00  -3.773128e-01  0.000000e+00  0.000000e+00  2.898443e-01  0.000000e+00  0.000000e+00  -3.773128e-01  0.000000e+00  0.000000e+00  2.898443e-01  
1.977295e+00  2.662147e-02  7.975433e-01  0.000000e+00  0.000000e+00  2.594621e-01  0.000000e+00  0.000000e+00  -3.643348e-01  0.000000e+00  0.000000e+00  2.594621e-01  0.000000e+00  0.000000e+00  -3.643348e-01  0.000000e+00  0.000000e+00  2.594621e-01  1.977295e+00  2.662147e-02  7.975433e-01  0.000000e+00  0.000000e+00  2.594621e-01  0.000000e+00  0.000000e+00  -3.643348e-01  0.000000e+00  0.000000e+00  2.594621e-01  0.000000e+00  0.000000e+00  -3.643348e-01  0.000000e+00  0.000000e+00  2.594621e-01  
2.053149e+00  5.242201e-03  8.870383e-01  0.000000e+00  0.000000e+00  3.263754e-01  0.000000e+00  0.000000e+00  -3.660153e-01  0.000000e+00  0.000000e+00  3.263754e-01  0.000000e+00  0.000000e+00  -3.660153e-01  0.000000e+00  0.000000e+00  3.263754e-01  2.053149e+00  5.242201e-03  8.870383e-01  0.000000e+00  0.000000e+00  3.263754e-01  0.000000e+00  0.000000e+00  -3.660153e-01  0.000000e+00  0.000000e+00  3.263754e-01  0.000000e+00  0.000000e+00  -3.660153e-01  0.000000e+00  0.000000e+00  3.263754e-01  
2.001387e+00  1.447965e-04  8.822243e-01  0.000000e+00  0.000000e+00  2.999508e-01  0.000000e+00  0.000000e+00  -3.686648e-01  0.000000e+00  0.000000e+00  2.999508e-01  0.000000e+00  0.000000e+00  -3.686648e-01  0.000000e+00  0.000000e+00  2.999508e-01  2.001387e+00  1.447965e-04  8.822243e-01  0.000000e+00  0.000000e+00  2.999508e-01  0.000000e+00  0.000000e+00  -3.686648e-01  0.000000e+00  0.000000e+00  2.999508e-01  0.000000e+00  0.000000e+00  -3.686648e-01  0.000000e+00  0.000000e+00  2.999508e-01  
2.107541e+00  4.930288e-03  9.316005e-01  0.000000e+00  0.000000e+00  2.313255e-01  0.000000e+00  0.000000e+00  -3.707217e-01  0.000000e+00  0.000000e+00  2.313255e-01  0.000000e+00  0.000000e+00  -3.707217e-01  0.000000e+00  0.000000e+00  2.313255e-01  2.107541e+00  4.930288e-03  9.316005e-01  0.000000e+00  0.000000e+00  2.313255e-01  0.000000e+00  0.000000e+00  -3.707217e-01  0.000000e+00  0.000000e+00  2.313255e-01  0.000000e+00  0.000000e+00  -3.707217e-01  0.000000e+00  0.000000e+00  2.313255e-01  
2.171257e+00  3.801276e-02  8.594499e-01  0.000000e+00  0.000000e+00  3.358909e-01  0.000000e+00  0.000000e+00  -3.667942e-01  0.000000e+00  0.000000e+00  3.358909e-01  0.000000e+00  0.000000e+00  -3.667942e-01  0.000000e+00  0.000000e+00  3.358909e-01  2.171257e+00  3.801276e-02  8.594499e-01  0.000000e+00  0.000000e+00  3.358909e-01  0.000000e+00  0.000000e+00  -3.667942e-01  0.000000e+00  0.000000e+00  3.358909e-01  0.000000e+00  0.000000e+00  -3.667942e-01  0.000000e+00  0.000000e+00  3.358909e-01  
2.059121e+00  2.123789e-03  9.104839e-01  0.000000e+00  0.000000e+00  2.261622e-01  0.000000e+00  0.000000e+00  -3.756506e-01  0.000000e+00  0.000000e+00  2.261622e-01  0.000000e+00  0.000000e+00  -3.756506e-01  0.000000e+00  0.000000e+00  2.261622e-01  2.059121e+00  2.123789e-03  9.104839e-01  0.000000e+00  0.000000e+00  2.261622e-01  0.000000e+00  0.000000e+00  -3.756506e-01  0.000000e+00  0.000000e+00  2.261622e-01  0.000000e+00  0.000000e+00  -3.756506e-01  0.000000e+00  0.000000e+00  2.261622e-01  
2.213958e+00  2.071644e-02  8.317150e-01  0.000000e+00  0.000000e+00  2.564361e-01  0.000000e+00  0.000000e+00  -3.985574e-01  0.000000e+00  0.000000e+00  2.564361e-01  0.000000e+00  0.000000e+00  -3.985574e-01  0.000000e+00  0.000000e+00  2.564361e-01  2.213958e+00  2.071644e-02  8.317150e-01  0.000000e+00  0.000000e+00  2.564361e-01  0.000000e+00  0.000000e+00  -3.985574e-01  0.000000e+00  0.000000e+00  2.564361e-01  0.000000e+00  0.000000e+00  -3.985574e-01  0.000000e+00  0.000000e+00  2.564361e-01  
2.049175e+00  1.536042e-02  8.710328e-01  0.000000e+00  0.000000e+00  2.541830e-01  0.000000e+00  0.000000e+00  -3.628094e-01  0.000000e+00  0.000000e+00  2.541830e-01  0.000000e+00  0.000000e+00  -3.628094e-01  0.000000e+00  0.000000e+00  2.541830e-01  2.049175e+00  1.536042e-02  8.710328e-01  0.000000e+00  0.000000e+00  2.541830e-01  0.000000e+00  0.000000e+00  -3.628094e-01  0.000000e+00  0.000000e+00  2.541830e-01  0.000000e+00  0.000000e+00  -3.628094e-01  0.000000e+00  0.000000e+00  2.541830e-01  
1.961171e+00  4.000698e-04  8.805357e-01  0.000000e+00  0.000000e+00  3.218237e-01  0.000000e+00  0.000000e+00  -3.671578e-01  0.000000e+00  0.000000e+00  3.218237e-01  0.000000e+00  0.000000e+00  -3.671578e-01  0.000000e+00  0.000000e+00  3.218237e-01  1.961171e+00  4.000698e-04  8.805357e-01  0.000000e+00  0.000000e+00  3.218237e-01  0.000000e+00  0.000000e+00  -3.671578e-01  0.000000e+00  0.000000e+00  3.218237e-01  0.000000e+00  0.000000e+00  -3.671578e-01  0.000000e+00  0.000000e+00  3.218237e-01  
2.050297e+00  3.701473e-03  8.422132e-01  0.000000e+00  0.000000e+00  2.461825e-01  0.000000e+00  0.000000e+00  -3.781453e-01  0.000000e+00  0.000000e+00  2.461825e-01  0.000000e+00  0.000000e+00  -3.781453e-01  0.000000e+00  0.000000e+00  2.461825e-01  2.050297e+00  3.701473e-03  8.422132e-01  0.000000e+00  0.000000e+00  2.461825e-01  0.000000e+00  0.000000e+00  -3.781453e-01  0.000000e+00  0.000000e+00  2.461825e-01  0.000000e+00  0.000000e+00  -3.781453e-01  0.000000e+00  0.000000e+00  2.461825e-01  
1.978879e+00  1.127369e-02  8.410291e-01  0.000000e+00  0.000000e+00  2.475151e-01  0.000000e+00  0.000000e+00  -3.650843e-01  0.000000e+00  0.000000e+00  2.475151e-01  0.000000e+00  0.000000e+00  -3.650843e-01  0.000000e+00  0.000000e+00  2.475151e-01  1.978879e+00  1.127369e-02  8.410291e-01  0.000000e+00  0.000000e+00  2.475151e-01  0.000000e+00  0.000000e+00  -3.650843e-01  0.000000e+00  0.000000e+00  2.475151e-01  0.000000e+00  0.000000e+00  -3.650843e-01  0.000000e+00  0.000000e+00  2.475151e-01  
2.121512e+00  1.651881e-02  8.856388e-01  0.000000e+00  0.000000e+00  3.241806e-01  0.000000e+00  0.000000e+00  -3.681701e-01  0.000000e+00  0.000000e+00  3.241806e-01  0.000000e+00  0.000000e+00  -3.681701e-01  0.000000e+00  0.000000e+00  3.241806e-01  2.121512e+00  1.651881e-02  8.856388e-01  0.000000e+00  0.000000e+00  3.241806e-01  0.000000e+00  0.000000e+00  -3.681701e-01  0.000000e+00  0.000000e+00  3.241806e-01  0.000000e+00  0.000000e+00  -3.681701e-01  0.000000e+00  0.000000e+00  3.241806e-01  
1.903771e+00  1.134340e-02  8.111359e-01  0.000000e+00  0.000000e+00  3.037700e-01  0.000000e+00  0.000000e+00  -3.552972e-01  0.000000e+00  0.000000e+00  3.037700e-01  0.000000e+00  0.000000e+00  -3.552972e-01  0.000000e+00  0.000000e+00  3.037700e-01  1.903771e+00  1.134340e-02  8.111359e-01  0.000000e+00  0.000000e+00  3.037700e-01  0.000000e+00  0.000000e+00  -3.552972e-01  0.000000e+00  0.000000e+00  3.037700e-01  0.000000e+00  0.000000e+00  -3.552972e-01  0.000000e+00  0.000000e+00  3.037700e-01  
2.049884e+00  1.890722e-02  8.435053e-01  0.000000e+00  0.000000e+00  2.646951e-01  0.000000e+00  0.000000e+00  -3.730659e-01  0.000000e+00  0.000000e+00  2.646951e-01  0.000000e+00  0.000000e+00  -3.730659e-01  0.000000e+00  0.000000e+00  2.646951e-01  2.049884e+00  1.890722e-02  8.435053e-01  0.000000e+00  0.000000e+00  2.646951e-01  0.000000e+00  0.000000e+00  -3.730659e-01  0.000000e+00  0.000000e+00  2.646951e-01  0.000000e+00  0.000000e+00  -3.730659e-01  0.000000e+00  0.000000e+00  2.646951e-01  
2.121718e+00  7.880422e-03  8.968418e-01  0.000000e+00  0.000000e+00  2.898205e-01  0.000000e+00  0.000000e+00  -3.753972e-01  0.000000e+00  0.000000e+00  2.898205e-01  0.000000e+00  0.000000e+00  -3.753972e-01  0.000000e+00  0.000000e+00  2.898205e-01  2.121718e+00  7.880422e-03  8.968418e-01  0.000000e+00  0.000000e+00  2.898205e-01  0.000000e+00  0.000000e+00  -3.753972e-01  0.000000e+00  0.000000e+00  2.898205e-01  0.000000e+00  0.000000e+00  -3.753972e-01  0.000000e+00  0.000000e+00  2.898205e-01  
1.995511e+00  6.253657e-03  8.645565e-01  0.000000e+00  0.000000e+00  3.394853e-01  0.000000e+00  0.000000e+00  -3.790994e-01  0.000000e+00  0.000000e+00  3.394853e-01  0.000000e+00  0.000000e+00  -3.790994e-01  0.000000e+00  0.000000e+00  3.394853e-01  1.995511e+00  6.253657e-03  8.645565e-01  0.000000e+00  0.000000e+00  3.394853e-01  0.000000e+00  0.000000e+00  -3.790994e-01  0.000000e+00  0.000000e+00  3.394853e-01  0.000000e+00  0.000000e+00  -3.790994e-01  0.000000e+00  0.000000e+00  3.394853e-01  
1.984674e+00  4.366437e-03  8.350469e-01  0.000000e+00  0.000000e+00  2.802987e-01  0.000000e+00  0.000000e+00  -3.632718e-01  0.000000e+00  0.000000e+00  2.802987e-01  0.000000e+00  0.000000e+00  -3.632718e-01  0.000000e+00  0.000000e+00  2.802987e-01  1.984674e+00  4.366437e-03  8.350469e-01  0.000000e+00  0.000000e+00  2.802987e-01  0.000000e+00  0.000000e+00  -3.632718e-01  0.000000e+00  0.000000e+00  2.802987e-01  0.000000e+00  0.000000e+00  -3.632718e-01  0.000000e+00  0.000000e+00  2.802987e-01  
2.133014e+00  9.877233e-03  8.980824e-01  0.000000e+00  0.000000e+00  2.853046e-01  0.000000e+00  0.000000e+00  -3.812047e-01  0.000000e+00  0.000000e+00  2.853046e-01  0.000000e+00  0.000000e+00  -3.812047e-01  0.000000e+00  0.000000e+00  2.853046e-01  2.133014e+00  9.877233e-03  8.980824e-01  0.000000e+00  0.000000e+00  2.853046e-01  0.000000e+00  0.000000e+00  -3.812047e-01  0.000000e+00  0.000000e+00  2.853046e-01  0.000000e+00  0.000000e+00  -3.812047e-01  0.000000e+00  0.000000e+00  2.853046e-01  
2.178457e+00  5.237025e-02  8.324589e-01  0.000000e+00  0.000000e+00  3.685891e-01  0.000000e+00  0.000000e+00  -3.730975e-01  0.000000e+00  0.000000e+00  3.685891e-01  0.000000e+00  0.000000e+00  -3.730975e-01  0.000000e+00  0.000000e+00  3.685891e-01  2.178457e+00  5.237025e-02  8.324589e-01  0.000000e+00  0.000000e+00  3.685891e-01  0.000000e+00  0.000000e+00  -3.730975e-01  0.000000e+00  0.000000e+00  3.685891e-01  0.000000e+00  0.000000e+00  -3.730975e-01  0.000000e+00  0.000000e+00  3.685891e-01  
2.130796e+00  3.952887e-02  8.160072e-01  0.000000e+00  0.000000e+00  2.737185e-01  0.000000e+00  0.000000e+00  -3.663637e-01  0.000000e+00  0.000000e+00  2.737185e-01  0.000000e+00  0.000000e+00  -3.663637e-01  0.000000e+00  0.000000e+00  2.737185e-01  2.130796e+00  3.952887e-02  8.160072e-01  0.000000e+00  0.000000e+00  2.737185e-01  0.000000e+00  0.000000e+00  -3.663637e-01  0.000000e+00  0.000000e+00  2.737185e-01  0.000000e+00  0.000000e+00  -3.663637e-01  0.000000e+00  0.000000e+00  2.737185e-01  
2.044144e+00  1.026136e-02  8.679348e-01  0.000000e+00  0.000000e+00  2.961257e-01  0.000000e+00  0.000000e+00  -3.634607e-01  0.000000e+00  0.000000e+00  2.961257e-01  0.000000e+00  0.000000e+00  -3.634607e-01  0.000000e+00  0.000000e+00  2.961257e-01  2.044144e+00  1.026136e-02  8.679348e-01  0.000000e+00  0.000000e+00  2.961257e-01  0.000000e+00  0.000000e+00  -3.634607e-01  0.000000e+00  0.000000e+00  2.961257e-01  0.000000e+00  0.000000e+00  -3.634607e-01  0.000000e+00  0.000000e+00  2.961257e-01  
2.010394e+00  1.133957e-02  8.017760e-01  0.000000e+00  0.000000e+00  2.387675e-01  0.000000e+00  0.000000e+00  -3.812709e-01  0.000000e+00  0.000000e+00  2.387675e-01  0.000000e+00  0.000000e+00  -3.812709e-01  0.000000e+00  0.000000e+00  2.387675e-01  2.010394e+00  1.133957e-02  8.017760e-01  0.000000e+00  0.000000e+00  2.387675e-01  0.000000e+00  0.000000e+00  -3.812709e-01  0.000000e+00  0.000000e+00  2.387675e-01  0.000000e+00  0.000000e+00  -3.812709e-01  0.000000e+00  0.000000e+00  2.387675e-01  
1.930672e+00  8.134156e-03  8.424299e-01  0.000000e+00  0.000000e+00  2.687332e-01  0.000000e+00  0.000000e+00  -3.627465e-01  0.000000e+00  0.000000e+00  2.687332e-01  0.000000e+00  0.000000e+00  -3.627465e-01  0.000000e+00  0.000000e+00  2.687332e-01  1.930672e+00  8.134156e-03  8.424299e-01  0.000000e+00  0.000000e+00  2.687332e-01  0.000000e+00  0.000000e+00  -3.627465e-01  0.000000e+00  0.000000e+00  2.687332e-01  0.000000e+00  0.000000e+00  -3.627465e-01  0.000000e+00  0.000000e+00  2.687332e-01  
2.093868e+00  1.950499e-02  8.306159e-01  0.000000e+00  0.000000e+00  3.189534e-01  0.000000e+00  0.000000e+00  -3.756313e-01  0.000000e+00  0.000000e+00  3.189534e-01  0.000000e+00  0.000000e+00  -3.756313e-01  0.000000e+00  0.000000e+00  3.189534e-01  2.093868e+00  1.950499e-02  8.306159e-01  0.000000e+00  0.000000e+00  3.189534e-01  0.000000e+00  0.000000e+00  -3.756313e-01  0.000000e+00  0.000000e+00  3.189534e-01  0.000000e+00  0.000000e+00  -3.756313e-01  0.000000e+00  0.000000e+00  3.189534e-01  
1.998738e+00  8.353125e-03  8.816170e-01  0.000000e+00  0.000000e+00  3.082095e-01  0.000000e+00  0.000000e+00  -3.538866e-01  0.000000e+00  0.000000e+00  3.082095e-01  0.000000e+00  0.000000e+00  -3.538866e-01  0.000000e+00  0.000000e+00  3.082095e-01  1.998738e+00  8.353125e-03  8.816170e-01  0.000000e+00  0.000000e+00  3.082095e-01  0.000000e+00  0.000000e+00  -3.538866e-01  0.000000e+00  0.000000e+00  3.082095e-01  0.000000e+00  0.000000e+00  -3.538866e-01  0.000000e+00  0.000000e+00  3.082095e-01  
2.067773e+00  2.663763e-03  8.733596e-01  0.000000e+00  0.000000e+00  2.634091e-01  0.000000e+00  0.000000e+00  -3.803477e-01  0.000000e+00  0.000000e+00  2.634091e-01  0.000000e+00  0.000000e+00  -3.803477e-01  0.000000e+00  0.000000e+00  2.634091e-01  2.067773e+00  2.663763e-03  8.733596e-01  0.000000e+00  0.000000e+00  2.634091e-01  0.000000e+00  0.000000e+00  -3.803477e-01  0.000000e+00  0.000000e+00  2.634091e-01  0.000000e+00  0.000000e+00  -3.803477e-01  0.000000e+00  0.000000e+00  2.634091e-01  
2.004116e+00  2.961676e-02  8.013366e-01  0.000000e+00  0.000000e+00  2.728292e-01  0.000000e+00  0.000000e+00  -3.702906e-01  0.000000e+00  0.000000e+00  2.728292e-01  0.000000e+00  0.000000e+00  -3.702906e-01  0.000000e+00  0.000000e+00  2.728292e-01  2.004116e+00  2.961676e-02  8.013366e-01  0.000000e+00  0.000000e+00  2.728292e-01  0.000000e+00  0.000000e+00  -3.702906e-01  0.000000e+00  0.000000e+00  2.728292e-01  0.000000e+00  0.000000e+00  -3.702906e-01  0.000000e+00  0.000000e+00  2.728292e-01  
1.977753e+00  3.503806e-03  8.608929e-01  0.000000e+00  0.000000e+00  2.655606e-01  0.000000e+00  0.000000e+00  -3.563437e-01  0.000000e+00  0.000000e+00  2.655606e-01  0.000000e+00  0.000000e+00  -3.563437e-01  0.000000e+00  0.000000e+00  2.655606e-01  1.977753e+00  3.503806e-03  8.608929e-01  0.000000e+00  0.000000e+00  2.655606e-01  0.000000e+00  0.000000e+00  -3.563437e-01  0.000000e+00  0.000000e+00  2.655606e-01  0.000000e+00  0.000000e+00  -3.563437e-01  0.000000e+00  0.000000e+00  2.655606e-01  
1.983308e+00  1.284525e-02  8.793125e-01  0.000000e+00  0.000000e+00  3.202688e-01  0.000000e+00  0.000000e+00  -3.540624e-01  0.000000e+00  0.000000e+00  3.202688e-01  0.000000e+00  0.000000e+00  -3.540624e-01  0.000000e+00  0.000000e+00  3.202688e-01  1.983308e+00  1.284525e-02  8.793125e-01  0.000000e+00  0.000000e+00  3.202688e-01  0.000000e+00  0.000000e+00  -3.540624e-01  0.000000e+00  0.000000e+00  3.202688e-01  0.000000e+00  0.000000e+00  -3.540624e-01  0.000000e+00  0.000000e+00  3.202688e-01  
2.150212e+00  7.414676e-03  8.888015e-01  0.000000e+00  0.000000e+00  3.148620e-01  0.000000e+00  0.000000e+00  -3.804303e-01  0.000000e+00  0.000000e+00  3.148620e-01  0.000000e+00  0.000000e+00  -3.804303e-01  0.000000e+00  0.000000e+00  3.148620e-01  2.150212e+00  7.414676e-03  8.888015e-01  0.000000e+00  0.000000e+00  3.148620e-01  0.000000e+00  0.000000e+00  -3.804303e-01  0.000000e+00  0.000000e+00  3.148620e-01  0.000000e+00  0.000000e+00  -3.804303e-01  0.000000e+00  0.000000e+00  3.148620e-01  
1.961759e+00  3.838095e-03  8.671566e-01  0.000000e+00  0.000000e+00  2.236429e-01  0.000000e+00  0.000000e+00  -3.605748e-01  0.000000e+00  0.000000e+00  2.236429e-01  0.000000e+00  0.000000e+00  -3.605748e-01  0.000000e+00  0.000000e+00  2.236429e-01  1.961759e+00  3.838095e-03  8.671566e-01  0.000000e+00  0.000000e+00  2.236429e-01  0.000000e+00  0.000000e+00  -3.605748e-01  0.000000e+00  0.000000e+00  2.236429e-01  0.000000e+00  0.000000e+00  -3.605748e-01  0.000000e+00  0.000000e+00  2.236429e-01  
2.150058e+00  3.224673e-02  8.663704e-01  0.000000e+00  0.000000e+00  2.720456e-01  0.000000e+00  0.000000e+00  -3.703310e-01  0.000000e+00  0.000000e+00  2.720456e-01  0.000000e+00  0.000000e+00  -3.703310e-01  0.000000e+00  0.000000e+00  2.720456e-01  2.150058e+00  3.224673e-02  8.663704e-01  0.000000e+00  0.000000e+00  2.720456e-01  0.000000e+00  0.000000e+00  -3.703310e-01  0.000000e+00  0.000000e+00  2.720456e-01  0.000000e+00  0.000000e+00  -3.703310e-01  0.000000e+00  0.000000e+00  2.720456e-01  
1.971764e+00  1.017867e-02  8.491780e-01  0.000000e+00  0.000000e+00  3.189386e-01  0.000000e+00  0.000000e+00  -3.654779e-01  0.000000e+00  0.000000e+00  3.189386e-01  0.000000e+00  0.000000e+00  -3.654779e-01  0.000000e+00  0.000000e+00  3.189386e-01  1.971764e+00  1.017867e-02  8.491780e-01  0.000000e+00  0.000000e+00  3.189386e-01  0.000000e+00  0.000000e+00  -3.654779e-01  0.000000e+00  0.000000e+00  3.189386e-01  0.000000e+00  0.000000e+00  -3.654779e-01  0.000000e+00  0.000000e+00  3.189386e-01  
2.012937e+00  5.216638e-03  9.069803e-01  0.000000e+00  0.000000e+00  3.155242e-01  0.000000e+00  0.000000e+00  -3.617138e-01  0.000000e+00  0.000000e+00  3.155242e-01  0.000000e+00  0.000000e+00  -3.617138e-01  0.000000e+00  0.000000e+00  3.155242e-01  2.012937e+00  5.216638e-03  9.069803e-01  0.000000e+00  0.000000e+00  3.155242e-01  0.000000e+00  0.000000e+00  -3.617138e-01  0.000000e+00  0.000000e+00  3.155242e-01  0.000000e+00  0.000000e+00  -3.617138e-01  0.000000e+00  0.000000e+00  3.155242e-01  
2.099116e+00  3.550828e-03  8.622117e-01  0.000000e+00  0.000000e+00  2.673575e-01  0.000000e+00  0.000000e+00  -3.907872e-01  0.000000e+00  0.000000e+00  2.673575e-01  0.000000e+00  0.000000e+00  -3.907872e-01  0.000000e+00  0.000000e+00  2.673575e-01  2.099116e+00  3.550828e-03  8.622117e-01  0.000000e+00  0.000000e+00  2.673575e-01  0.000000e+00  0.000000e+00  -3.907872e-01  0.000000e+00  0.000000e+00  2.673575e-01  0.000000e+00  0.000000e+00  -3.907872e-01  0.000000e+00  0.000000e+00  2.673575e-01  
2.002925e+00  8.681969e-03  8.753722e-01  0.000000e+00  0.000000e+00  3.528900e-01  0.000000e+00  0.000000e+00  -3.709289e-01  0.000000e+00  0.000000e+00  3.528900e-01  0.000000e+00  0.000000e+00  -3.709289e-01  0.000000e+00  0.000000e+00  3.528900e-01  2.002925e+00  8.681969e-03  8.753722e-01  0.000000e+00  0.000000e+00  3.528900e-01  0.000000e+00  0.000000e+00  -3.709289e-01  0.000000e+00  0.000000e+00  3.528900e-01  0.000000e+00  0.000000e+00  -3.709289e-01  0.000000e+00  0.000000e+00  3.528900e-01  
2.076513e+00  2.422917e-03  9.259114e-01  0.000000e+00  0.000000e+00  2.604662e-01  0.000000e+00  0.000000e+00  -3.717175e-01  0.000000e+00  0.000000e+00  2.604662e-01  0.000000e+00  0.000000e+00  -3.717175e-01  0.000000e+00  0.000000e+00  2.604662e-01  2.076513e+00  2.422917e-03  9.259114e-01  0.000000e+00  0.000000e+00  2.604662e-01  0.000000e+00  0.000000e+00  -3.717175e-01  0.000000e+00  0.000000e+00  2.604662e-01  0.000000e+00  0.000000e+00  -3.717175e-01  0.000000e+00  0.000000e+00  2.604662e-01  
2.059600e+00  3.221360e-03  8.658497e-01  0.000000e+00  0.000000e+00  2.543034e-01  0.000000e+00  0.000000e+00  -3.730802e-01  0.000000e+00  0.000000e+00  2.543034e-01  0.000000e+00  0.000000e+00  -3.730802e-01  0.000000e+00  0.000000e+00  2.543034e-01  2.059600e+00  3.221360e-03  8.658497e-01  0.000000e+00  0.000000e+00  2.543034e-01  0.000000e+00  0.000000e+00  -3.730802e-01  0.000000e+00  0.000000e+00  2.543034e-01  0.000000e+00  0.000000e+00  -3.730802e-01  0.000000e+00  0.000000e+00  2.543034e-01  
1.989073e+00  2.114876e-03  9.036449e-01  0.000000e+00  0.000000e+00  2.280192e-01  0.000000e+00  0.000000e+00  -3.604936e-01  0.000000e+00  0.000000e+00  2.280192e-01  0.000000e+00  0.000000e+00  -3.604936e-01  0.000000e+00  0.000000e+00  2.280192e-01  1.989073e+00  2.114876e-03  9.036449e-01  0.000000e+00  0.000000e+00  2.280192e-01  0.000000e+00  0.000000e+00  -3.604936e-01  0.000000e+00  0.000000e+00  2.280192e-01  0.000000e+00  0.000000e+00  -3.604936e-01  0.000000e+00  0.000000e+00  2.280192e-01  
2.103167e+00  7.638649e-03  8.776702e-01  0.000000e+00  0.000000e+00  2.925395e-01  0.000000e+00  0.000000e+00  -3.769549e-01  0.000000e+00  0.000000e+00  2.925395e-01  0.000000e+00  0.000000e+00  -3.769549e-01  0.000000e+00  0.000000e+00  2.925395e-01  2.103167e+00  7.638649e-03  8.776702e-01  0.000000e+00  0.000000e+00  2.925395e-01  0.000000e+00  0.000000e+00  -3.769549e-01  0.000000e+00  0.000000e+00  2.925395e-01  0.000000e+00  0.000000e+00  -3.769549e-01  0.000000e+00  0.000000e+00  2.925395e-01  
2.140000e+00  8.194699e-04  8.719668e-01  0.000000e+00  0.000000e+00  2.524990e-01  0.000000e+00  0.000000e+00  -3.876303e-01  0.000000e+00  0.000000e+00  2.524990e-01  0.000000e+00  0.000000e+00  -3.876303e-01  0.000000e+00  0.000000e+00  2.524990e-01  2.140000e+00  8.194699e-04  8.719668e-01  0.000000e+00  0.000000e+00  2.524990e-01  0.000000e+00  0.000000e+00  -3.876303e-01  0.000000e+00  0.000000e+00  2.524990e-01  0.000000e+00  0.000000e+00  -3.876303e-01  0.000000e+00  0.000000e+00  2.524990e-01  
2.069118e+00  5.456738e-03  8.623492e-01  0.000000e+00  0.000000e+00  2.554197e-01  0.000000e+00  0.000000e+00  -3.717646e-01  0.000000e+00  0.000000e+00  2.554197e-01  0.000000e+00  0.000000e+00  -3.717646e-01  0.000000e+00  0.000000e+00  2.554197e-01  2.069118e+00  5.456738e-03  8.623492e-01  0.000000e+00  0.000000e+00  2.554197e-01  0.000000e+00  0.000000e+00  -3.717646e-01  0.000000e+00  0.000000e+00  2.554197e-01  0.000000e+00  0.000000e+00  -3.717646e-01  0.000000e+00  0.000000e+00  2.554197e-01  
2.012205e+00  3.246167e-02  8.018937e-01  0.000000e+00  0.000000e+00  3.289490e-01  0.000000e+00  0.000000e+00  -3.635540e-01  0.000000e+00  0.000000e+00  3.289490e-01  0.000000e+00  0.000000e+00  -3.635540e-01  0.000000e+00  0.000000e+00  3.289490e-01  2.012205e+00  3.246167e-02  8.018937e-01  0.000000e+00  0.000000e+00  3.289490e-01  0.000000e+00  0.000000e+00  -3.635540e-01  0.000000e+00  0.000000e+00  3.289490e-01  0.000000e+00  0.000000e+00  -3.635540e-01  0.000000e+00  0.000000e+00  3.289490e-01  
2.017857e+00  1.385263e-02  8.708076e-01  0.000000e+00  0.000000e+00  3.215331e-01  0.000000e+00  0.000000e+00  -3.655855e-01  0.000000e+00  0.000000e+00  3.215331e-01  0.000000e+00  0.000000e+00  -3.655855e-01  0.000000e+00  0.000000e+00  3.215331e-01  2.017857e+00  1.385263e-02  8.708076e-01  0.000000e+00  0.000000e+00  3.215331e-01  0.000000e+00  0.000000e+00  -3.655855e-01  0.000000e+00  0.000000e+00  3.215331e-01  0.000000e+00  0.000000e+00  -3.655855e-01  0.000000e+00  0.000000e+00  3.215331e-01  
1.922157e+00  1.178440e-02  8.433408e-01  0.000000e+00  0.000000e+00  3.241166e-01  0.000000e+00  0.000000e+00  -3.605505e-01  0.000000e+00  0.000000e+00  3.241166e-01  0.000000e+00  0.000000e+00  -3.605505e-01  0.000000e+00  0.000000e+00  3.241166e-01  1.922157e+00  1.178440e-02  8.433408e-01  0.000000e+00  0.000000e+00  3.241166e-01  0.000000e+00  0.000000e+00  -3.605505e-01  0.000000e+00  0.000000e+00  3.241166e-01  0.000000e+00  0.000000e+00  -3.605505e-01  0.000000e+00  0.000000e+00  3.241166e-01  
1.991691e+00  2.024443e-02  8.717555e-01  0.000000e+00  0.000000e+00  3.351744e-01  0.000000e+00  0.000000e+00  -3.563047e-01  0.000000e+00  0.000000e+00  3.351744e-01  0.000000e+00  0.000000e+00  -3.563047e-01  0.000000e+00  0.000000e+00  3.351744e-01  1.991691e+00  2.024443e-02  8.717555e-01  0.000000e+00  0.000000e+00  3.351744e-01  0.000000e+00  0.000000e+00  -3.563047e-01  0.000000e+00  0.000000e+00  3.351744e-01  0.000000e+00  0.000000e+00  -3.563047e-01  0.000000e+00  0.000000e+00  3.351744e-01  
2.151611e+00  2.645422e-02  8.587391e-01  0.000000e+00  0.000000e+00  2.995559e-01  0.000000e+00  0.000000e+00  -3.785764e-01  0.000000e+00  0.000000e+00  2.995559e-01  0.000000e+00  0.000000e+00  -3.785764e-01  0.000000e+00  0.000000e+00  2.995559e-01  2.151611e+00  2.645422e-02  8.587391e-01  0.000000e+00  0.000000e+00  2.995559e-01  0.000000e+00  0.000000e+00  -3.785764e-01  0.000000e+00  0.000000e+00  2.995559e-01  0.000000e+00  0.000000e+00  -3.785764e-01  0.000000e+00  0.000000e+00  2.995559e-01  
2.055318e+00  3.198887e-02  8.132564e-01  0.000000e+00  0.000000e+00  3.058768e-01  0.000000e+00  0.000000e+00  -3.681076e-01  0.000000e+00  0.000000e+00  3.058768e-01  0.000000e+00  0.000000e+00  -3.681076e-01  0.000000e+00  0.000000e+00  3.058768e-01  2.055318e+00  3.198887e-02  8.132564e-01  0.000000e+00  0.000000e+00  3.058768e-01  0.000000e+00  0.000000e+00  -3.681076e-01  0.000000e+00  0.000000e+00  3.058768e-01  0.000000e+00  0.000000e+00  -3.681076e-01  0.000000e+00  0.000000e+00  3.058768e-01  
1.890638e+00  5.839841e-03  8.553756e-01  0.000000e+00  0.000000e+00  3.278136e-01  0.000000e+00  0.000000e+00  -3.581867e-01  0.000000e+00  0.000000e+00  3.278136e-01  0.000000e+00  0.000000e+00  -3.581867e-01  0.000000e+00  0.000000e+00  3.278136e-01  1.890638e+00  5.839841e-03  8.553756e-01  0.000000e+00  0.000000e+00  3.278136e-01  0.000000e+00  0.000000e+00  -3.581867e-01  0.000000e+00  0.000000e+00  3.278136e-01  0.000000e+00  0.000000e+00  -3.581867e-01  0.000000e+00  0.000000e+00  3.278136e-01  
1.996531e+00  5.775098e-03  8.577165e-01  0.000000e+00  0.000000e+00  2.736789e-01  0.000000e+00  0.000000e+00  -3.606447e-01  0.000000e+00  0.000000e+00  2.736789e-01  0.000000e+00  0.000000e+00  -3.606447e-01  0.000000e+00  0.000000e+00  2.736789e-01  1.996531e+00  5.775098e-03  8.577165e-01  0.000000e+00  0.000000e+00  2.736789e-01  0.000000e+00  0.000000e+00  -3.606447e-01  0.000000e+00  0.000000e+00  2.736789e-01  0.000000e+00  0.000000e+00  -3.606447e-01  0.000000e+00  0.000000e+00  2.736789e-01  
2.064128e+00  1.607231e-02  8.565812e-01  0.000000e+00  0.000000e+00  2.397424e-01  0.000000e+00  0.000000e+00  -3.705823e-01  0.000000e+00  0.000000e+00  2.397424e-01  0.000000e+00  0.000000e+00  -3.705823e-01  0.000000e+00  0.000000e+00  2.397424e-01  2.064128e+00  1.607231e-02  8.565812e-01  0.000000e+00  0.000000e+00  2.397424e-01  0.000000e+00  0.000000e+00  -3.705823e-01  0.000000e+00  0.000000e+00  2.397424e-01  0.000000e+00  0.000000e+00  -3.705823e-01  0.000000e+00  0.000000e+00  2.397424e-01  
2.083580e+00  1.913311e-02  8.263555e-01  0.000000e+00  0.000000e+00  2.969450e-01  0.000000e+00  0.000000e+00  -3.895208e-01  0.000000e+00  0.000000e+00  2.969450e-01  0.000000e+00  0.000000e+00  -3.895208e-01  0.000000e+00  0.000000e+00  2.969450e-01  2.083580e+00  1.913311e-02  8.263555e-01  0.000000e+00  0.000000e+00  2.969450e-01  0.000000e+00  0.000000e+00  -3.895208e-01  0.000000e+00  0.000000e+00  2.969450e-01  0.000000e+00  0.000000e+00  -3.895208e-01  0.000000e+00  0.000000e+00  2.969450e-01  
2.223919e+00  2.558071e-02  8.320815e-01  0.000000e+00  0.000000e+00  2.274330e-01  0.000000e+00  0.000000e+00  -3.861211e-01  0.000000e+00  0.000000e+00  2.274330e-01  0.000000e+00  0.000000e+00  -3.861211e-01  0.000000e+00  0.000000e+00  2.274330e-01  2.223919e+00  2.558071e-02  8.320815e-01  0.000000e+00  0.000000e+00  2.274330e-01  0.000000e+00  0.000000e+00  -3.861211e-01  0.000000e+00  0.000000e+00  2.274330e-01  0.000000e+00  0.000000e+00  -3.861211e-01  0.000000e+00  0.000000e+00  2.274330e-01  
2.132647e+00  3.574766e-02  8.572119e-01  0.000000e+00  0.000000e+00  3.445718e-01  0.000000e+00  0.000000e+00  -3.682697e-01  0.000000e+00  0.000000e+00  3.445718e-01  0.000000e+00  0.000000e+00  -3.682697e-01  0.000000e+00  0.000000e+00  3.445718e-01  2.132647e+00  3.574766e-02  8.572119e-01  0.000000e+00  0.000000e+00  3.445718e-01  0.000000e+00  0.000000e+00  -3.682697e-01  0.000000e+00  0.000000e+00  3.445718e-01  0.000000e+00  0.000000e+00  -3.682697e-01  0.000000e+00  0.000000e+00  3.445718e-01  
2.118939e+00  1.567034e-03  9.158342e-01  0.000000e+00  0.000000e+00  2.784456e-01  0.000000e+00  0.000000e+00  -3.756970e-01  0.000000e+00  0.000000e+00  2.784456e-01  0.000000e+00  0.000000e+00  -3.756970e-01  0.000000e+00  0.000000e+00  2.784456e-01  2.118939e+00  1.567034e-03  9.158342e-01  0.000000e+00  0.000000e+00  2.784456e-01  0.000000e+00  0.000000e+00  -3.756970e-01  0.000000e+00  0.000000e+00  2.784456e-01  0.000000e+00  0.000000e+00  -3.756970e-01  0.000000e+00  0.000000e+00  2.784456e-01  
2.135745e+00  1.413137e-02  9.212713e-01  0.000000e+00  0.000000e+00  2.660681e-01  0.000000e+00  0.000000e+00  -3.588858e-01  0.000000e+00  0.000000e+00  2.660681e-01  0.000000e+00  0.000000e+00  -3.588858e-01  0.000000e+00  0.000000e+00  2.660681e-01  2.135745e+00  1.413137e-02  9.212713e-01  0.000000e+00  0.000000e+00  2.660681e-01  0.000000e+00  0.000000e+00  -3.588858e-01  0.000000e+00  0.000000e+00  2.660681e-01  0.000000e+00  0.000000e+00  -3.588858e-01  0.000000e+00  0.000000e+00  2.660681e-01  
1.995730e+00  1.317036e-02  8.170198e-01  0.000000e+00  0.000000e+00  2.578560e-01  0.000000e+00  0.000000e+00  -3.594927e-01  0.000000e+00  0.000000e+00  2.578560e-01  0.000000e+00  0.000000e+00  -3.594927e-01  0.000000e+00  0.000000e+00  2.578560e-01  1.995730e+00  1.317036e-02  8.170198e-01  0.000000e+00  0.000000e+00  2.578560e-01  0.000000e+00  0.000000e+00  -3.594927e-01  0.000000e+00  0.000000e+00  2.578560e-01  0.000000e+00  0.000000e+00  -3.594927e-01  0.000000e+00  0.000000e+00  2.578560e-01  
2.083992e+00  4.018303e-02  8.299892e-01  0.000000e+00  0.000000e+00  2.881648e-01  0.000000e+00  0.000000e+00  -3.623056e-01  0.000000e+00  0.000000e+00  2.881648e-01  0.000000e+00  0.000000e+00  -3.623056e-01  0.000000e+00  0.000000e+00  2.881648e-01  2.083992e+00  4.018303e-02  8.299892e-01  0.000000e+00  0.000000e+00  2.881648e-01  0.000000e+00  0.000000e+00  -3.623056e-01  0.000000e+00  0.000000e+00  2.881648e-01  0.000000e+00  0.000000e+00  -3.623056e-01  0.000000e+00  0.000000e+00  2.881648e-01  
2.023465e+00  3.768120e-03  8.354258e-01  0.000000e+00  0.000000e+00  2.637754e-01  0.000000e+00  0.000000e+00  -3.799216e-01  0.000000e+00  0.000000e+00  2.637754e-01  0.000000e+00  0.000000e+00  -3.799216e-01  0.000000e+00  0.000000e+00  2.637754e-01  2.023465e+00  3.768120e-03  8.354258e-01  0.000000e+00  0.000000e+00  2.637754e-01  0.000000e+00  0.000000e+00  -3.799216e-01  0.000000e+00  0.000000e+00  2.637754e-01  0.000000e+00  0.000000e+00  -3.799216e-01  0.000000e+00  0.000000e+00  2.637754e-01  
2.035335e+00  4.918939e-03  8.858811e-01  0.000000e+00  0.000000e+00  2.515289e-01  0.000000e+00  0.000000e+00  -3.713735e-01  0.000000e+00  0.000000e+00  2.515289e-01  0.000000e+00  0.000000e+00  -3.713735e-01  0.000000e+00  0.000000e+00  2.515289e-01  2.035335e+00  4.918939e-03  8.858811e-01  0.000000e+00  0.000000e+00  2.515289e-01  0.000000e+00  0.000000e+00  -3.713735e-01  0.000000e+00  0.000000e+00  2.515289e-01  0.000000e+00  0.000000e+00  -3.713735e-01  0.000000e+00  0.000000e+00  2.515289e-01  
1.986288e+00  1.214523e-02  8.678932e-01  0.000000e+00  0.000000e+00  2.933788e-01  0.000000e+00  0.000000e+00  -3.620193e-01  0.000000e+00  0.000000e+00  2.933788e-01  0.000000e+00  0.000000e+00  -3.620193e-01  0.000000e+00  0.000000e+00  2.933788e-01  1.986288e+00  1.214523e-02  8.678932e-01  0.000000e+00  0.000000e+00  2.933788e-01  0.000000e+00  0.000000e+00  -3.620193e-01  0.000000e+00  0.000000e+00  2.933788e-01  0.000000e+00  0.000000e+00  -3.620193e-01  0.000000e+00  0.000000e+00  2.933788e-01  
2.169906e+00  4.728157e-02  7.984381e-01  0.000000e+00  0.000000e+00  2.348169e-01  0.000000e+00  0.000000e+00  -3.754922e-01  0.000000e+00  0.000000e+00  2.348169e-01  0.000000e+00  0.000000e+00  -3.754922e-01  0.000000e+00  0.000000e+00  2.348169e-01  2.169906e+00  4.728157e-02  7.984381e-01  0.000000e+00  0.000000e+00  2.348169e-01  0.000000e+00  0.000000e+00  -3.754922e-01  0.000000e+00  0.000000e+00  2.348169e-01  0.000000e+00  0.000000e+00  -3.754922e-01  0.000000e+00  0.000000e+00  2.348169e-01  
2.034376e+00  1.208395e-02  8.738939e-01  0.000000e+00  0.000000e+00  2.491498e-01  0.000000e+00  0.000000e+00  -3.675484e-01  0.000000e+00  0.000000e+00  2.491498e-01  0.000000e+00  0.000000e+00  -3.675484e-01  0.000000e+00  0.000000e+00  2.491498e-01  2.034376e+00  1.208395e-02  8.738939e-01  0.000000e+00  0.000000e+00  2.491498e-01  0.000000e+00  0.000000e+00  -3.675484e-01  0.000000e+00  0.000000e+00  2.491498e-01  0.000000e+00  0.000000e+00  -3.675484e-01  0.000000e+00  0.000000e+00  2.491498e-01  
2.119010e+00  7.373197e-03  9.019659e-01  0.000000e+00  0.000000e+00  2.598458e-01  0.000000e+00  0.000000e+00  -3.636551e-01  0.000000e+00  0.000000e+00  2.598458e-01  0.000000e+00  0.000000e+00  -3.636551e-01  0.000000e+00  0.000000e+00  2.598458e-01  2.119010e+00  7.373197e-03  9.019659e-01  0.000000e+00  0.000000e+00  2.598458e-01  0.000000e+00  0.000000e+00  -3.636551e-01  0.000000e+00  0.000000e+00  2.598458e-01  0.000000e+00  0.000000e+00  -3.636551e-01  0.000000e+00  0.000000e+00  2.598458e-01  
2.165324e+00  9.362527e-03  9.233315e-01  0.000000e+00  0.000000e+00  2.711907e-01  0.000000e+00  0.000000e+00  -3.758065e-01  0.000000e+00  0.000000e+00  2.711907e-01  0.000000e+00  0.000000e+00  -3.758065e-01  0.000000e+00  0.000000e+00  2.711907e-01  2.165324e+00  9.362527e-03  9.233315e-01  0.000000e+00  0.000000e+00  2.711907e-01  0.000000e+00  0.000000e+00  -3.758065e-01  0.000000e+00  0.000000e+00  2.711907e-01  0.000000e+00  0.000000e+00  -3.758065e-01  0.000000e+00  0.000000e+00  2.711907e-01  
2.019447e+00  1.646440e-02  8.104582e-01  0.000000e+00  0.000000e+00  2.757904e-01  0.000000e+00  0.000000e+00  -3.738430e-01  0.000000e+00  0.000000e+00  2.757904e-01  0.000000e+00  0.000000e+00  -3.738430e-01  0.000000e+00  0.000000e+00  2.757904e-01  2.019447e+00  1.646440e-02  8.104582e-01  0.000000e+00  0.000000e+00  2.757904e-01  0.000000e+00  0.000000e+00  -3.738430e-01  0.000000e+00  0.000000e+00  2.757904e-01  0.000000e+00  0.000000e+00  -3.738430e-01  0.000000e+00  0.000000e+00  2.757904e-01  
2.181315e+00  5.066450e-02  8.314714e-01  0.000000e+00  0.000000e+00  3.077992e-01  0.000000e+00  0.000000e+00  -3.662655e-01  0.000000e+00  0.000000e+00  3.077992e-01  0.000000e+00  0.000000e+00  -3.662655e-01  0.000000e+00  0.000000e+00  3.077992e-01  2.181315e+00  5.066450e-02  8.314714e-01  0.000000e+00  0.000000e+00  3.077992e-01  0.000000e+00  0.000000e+00  -3.662655e-01  0.000000e+00  0.000000e+00  3.077992e-01  0.000000e+00  0.000000e+00  -3.662655e-01  0.000000e+00  0.000000e+00  3.077992e-01  
2.081468e+00  1.167369e-03  9.495316e-01  0.000000e+00  0.000000e+00  2.641494e-01  0.000000e+00  0.000000e+00  -3.539607e-01  0.000000e+00  0.000000e+00  2.641494e-01  0.000000e+00  0.000000e+00  -3.539607e-01  0.000000e+00  0.000000e+00  2.641494e-01  2.081468e+00  1.167369e-03  9.495316e-01  0.000000e+00  0.000000e+00  2.641494e-01  0.000000e+00  0.000000e+00  -3.539607e-01  0.000000e+00  0.000000e+00  2.641494e-01  0.000000e+00  0.000000e+00  -3.539607e-01  0.000000e+00  0.000000e+00  2.641494e-01  
1.997626e+00  1.146866e-02  8.593497e-01  0.000000e+00  0.000000e+00  2.449879e-01  0.000000e+00  0.000000e+00  -3.676146e-01  0.000000e+00  0.000000e+00  2.449879e-01  0.000000e+00  0.000000e+00  -3.676146e-01  0.000000e+00  0.000000e+00  2.449879e-01  1.997626e+00  1.146866e-02  8.593497e-01  0.000000e+00  0.000000e+00  2.449879e-01  0.000000e+00  0.000000e+00  -3.676146e-01  0.000000e+00  0.000000e+00  2.449879e-01  0.000000e+00  0.000000e+00  -3.676146e-01  0.000000e+00  0.000000e+00  2.449879e-01  
1.981627e+00  1.646275e-03  8.666745e-01  0.000000e+00  0.000000e+00  2.472930e-01  0.000000e+00  0.000000e+00  -3.779030e-01  0.000000e+00  0.000000e+00  2.472930e-01  0.000000e+00  0.000000e+00  -3.779030e-01  0.000000e+00  0.000000e+00  2.472930e-01  1.981627e+00  1.646275e-03  8.666745e-01  0.000000e+00  0.000000e+00  2.472930e-01  0.000000e+00  0.000000e+00  -3.779030e-01  0.000000e+00  0.000000e+00  2.472930e-01  0.000000e+00  0.000000e+00  -3.779030e-01  0.000000e+00  0.000000e+00  2.472930e-01  
2.068845e+00  2.611786e-02  8.435332e-01  0.000000e+00  0.000000e+00  2.645555e-01  0.000000e+00  0.000000e+00  -3.596554e-01  0.000000e+00  0.000000e+00  2.645555e-01  0.000000e+00  0.000000e+00  -3.596554e-01  0.000000e+00  0.000000e+00  2.645555e-01  2.068845e+00  2.611786e-02  8.435332e-01  0.000000e+00  0.000000e+00  2.645555e-01  0.000000e+00  0.000000e+00  -3.596554e-01  0.000000e+00  0.000000e+00  2.645555e-01  0.000000e+00  0.000000e+00  -3.596554e-01  0.000000e+00  0.000000e+00  2.645555e-01  
2.075231e+00  9.604240e-03  9.031031e-01  0.000000e+00  0.000000e+00  2.620720e-01  0.000000e+00  0.000000e+00  -3.689318e-01  0.000000e+00  0.000000e+00  2.620720e-01  0.000000e+00  0.000000e+00  -3.689318e-01  0.000000e+00  0.000000e+00  2.620720e-01  2.075231e+00  9.604240e-03  9.031031e-01  0.000000e+00  0.000000e+00  2.620720e-01  0.000000e+00  0.000000e+00  -3.689318e-01  0.000000e+00  0.000000e+00  2.620720e-01  0.000000e+00  0.000000e+00  -3.689318e-01  0.000000e+00  0.000000e+00  2.620720e-01  
2.062780e+00  3.271687e-02  8.036200e-01  0.000000e+00  0.000000e+00  2.397926e-01  0.000000e+00  0.000000e+00  -3.660256e-01  0.000000e+00  0.000000e+00  2.397926e-01  0.000000e+00  0.000000e+00  -3.660256e-01  0.000000e+00  0.000000e+00  2.397926e-01  2.062780e+00  3.271687e-02  8.036200e-01  0.000000e+00  0.000000e+00  2.397926e-01  0.000000e+00  0.000000e+00  -3.660256e-01  0.000000e+00  0.000000e+00  2.397926e-01  0.000000e+00  0.000000e+00  -3.660256e-01  0.000000e+00  0.000000e+00  2.397926e-01  
2.012809e+00  6.909723e-03  8.517267e-01  0.000000e+00  0.000000e+00  2.429161e-01  0.000000e+00  0.000000e+00  -3.770941e-01  0.000000e+00  0.000000e+00  2.429161e-01  0.000000e+00  0.000000e+00  -3.770941e-01  0.000000e+00  0.000000e+00  2.429161e-01  2.012809e+00  6.909723e-03  8.517267e-01  0.000000e+00  0.000000e+00  2.429161e-01  0.000000e+00  0.000000e+00  -3.770941e-01  0.000000e+00  0.000000e+00  2.429161e-01  0.000000e+00  0.000000e+00  -3.770941e-01  0.000000e+00  0.000000e+00  2.429161e-01  
1.982655e+00  6.594245e-03  8.430961e-01  0.000000e+00  0.000000e+00  2.633609e-01  0.000000e+00  0.000000e+00  -3.667720e-01  0.000000e+00  0.000000e+00  2.633609e-01  0.000000e+00  0.000000e+00  -3.667720e-01  0.000000e+00  0.000000e+00  2.633609e-01  1.982655e+00  6.594245e-03  8.430961e-01  0.000000e+00  0.000000e+00  2.633609e-01  0.000000e+00  0.000000e+00  -3.667720e-01  0.000000e+00  0.000000e+00  2.633609e-01  0.000000e+00  0.000000e+00  -3.667720e-01  0.000000e+00  0.000000e+00  2.633609e-01  
2.063740e+00  2.752973e-02  8.314044e-01  0.000000e+00  0.000000e+00  2.843688e-01  0.000000e+00  0.000000e+00  -3.733822e-01  0.000000e+00  0.000000e+00  2.843688e-01  0.000000e+00  0.000000e+00  -3.733822e-01  0.000000e+00  0.000000e+00  2.843688e-01  2.063740e+00  2.752973e-02  8.314044e-01  0.000000e+00  0.000000e+00  2.843688e-01  0.000000e+00  0.000000e+00  -3.733822e-01  0.000000e+00  0.000000e+00  2.843688e-01  0.000000e+00  0.000000e+00  -3.733822e-01  0.000000e+00  0.000000e+00  2.843688e-01  
2.013484e+00  7.499667e-03  8.850192e-01  0.000000e+00  0.000000e+00  2.265684e-01  0.000000e+00  0.000000e+00  -3.643588e-01  0.000000e+00  0.000000e+00  2.265684e-01  0.000000e+00  0.000000e+00  -3.643588e-01  0.000000e+00  0.000000e+00  2.265684e-01  2.013484e+00  7.499667e-03  8.850192e-01  0.000000e+00  0.000000e+00  2.265684e-01  0.000000e+00  0.000000e+00  -3.643588e-01  0.000000e+00  0.000000e+00  2.265684e-01  0.000000e+00  0.000000e+00  -3.643588e-01  0.000000e+00  0.000000e+00  2.265684e-01  
2.093912e+00  1.165230e-02  8.838831e-01  0.000000e+00  0.000000e+00  2.736958e-01  0.000000e+00  0.000000e+00  -3.784412e-01  0.000000e+00  0.000000e+00  2.736958e-01  0.000000e+00  0.000000e+00  -3.784412e-01  0.000000e+00  0.000000e+00  2.736958e-01  2.093912e+00  1.165230e-02  8.838831e-01  0.000000e+00  0.000000e+00  2.736958e-01  0.000000e+00  0.000000e+00  -3.784412e-01  0.000000e+00  0.000000e+00  2.736958e-01  0.000000e+00  0.000000e+00  -3.784412e-01  0.000000e+00  0.000000e+00  2.736958e-01  
2.083488e+00  3.791944e-02  8.184900e-01  0.000000e+00  0.000000e+00  2.818379e-01  0.000000e+00  0.000000e+00  -3.630556e-01  0.000000e+00  0.000000e+00  2.818379e-01  0.000000e+00  0.000000e+00  -3.630556e-01  0.000000e+00  0.000000e+00  2.818379e-01  2.083488e+00  3.791944e-02  8.184900e-01  0.000000e+00  0.000000e+00  2.818379e-01  0.000000e+00  0.000000e+00  -3.630556e-01  0.000000e+00  0.000000e+00  2.818379e-01  0.000000e+00  0.000000e+00  -3.630556e-01  0.000000e+00  0.000000e+00  2.818379e-01  
2.136659e+00  2.994679e-03  9.449189e-01  0.000000e+00  0.000000e+00  3.417324e-01  0.000000e+00  0.000000e+00  -3.734386e-01  0.000000e+00  0.000000e+00  3.417324e-01  0.000000e+00  0.000000e+00  -3.734386e-01  0.000000e+00  0.000000e+00  3.417324e-01  2.136659e+00  2.994679e-03  9.449189e-01  0.000000e+00  0.000000e+00  3.417324e-01  0.000000e+00  0.000000e+00  -3.734386e-01  0.000000e+00  0.000000e+00  3.417324e-01  0.000000e+00  0.000000e+00  -3.734386e-01  0.000000e+00  0.000000e+00  3.417324e-01  
2.165371e+00  1.416336e-02  9.105582e-01  0.000000e+00  0.000000e+00  2.439367e-01  0.000000e+00  0.000000e+00  -3.779234e-01  0.000000e+00  0.000000e+00  2.439367e-01  0.000000e+00  0.000000e+00  -3.779234e-01  0.000000e+00  0.000000e+00  2.439367e-01  2.165371e+00  1.416336e-02  9.105582e-01  0.000000e+00  0.000000e+00  2.439367e-01  0.000000e+00  0.000000e+00  -3.779234e-01  0.000000e+00  0.000000e+00  2.439367e-01  0.000000e+00  0.000000e+00  -3.779234e-01  0.000000e+00  0.000000e+00  2.439367e-01  
2.063389e+00  7.182067e-03  8.946503e-01  0.000000e+00  0.000000e+00  3.142949e-01  0.000000e+00  0.000000e+00  -3.626540e-01  0.000000e+00  0.000000e+00  3.142949e-01  0.000000e+00  0.000000e+00  -3.626540e-01  0.000000e+00  0.000000e+00  3.142949e-01  2.063389e+00  7.182067e-03  8.946503e-01  0.000000e+00  0.000000e+00  3.142949e-01  0.000000e+00  0.000000e+00  -3.626540e-01  0.000000e+00  0.000000e+00  3.142949e-01  0.000000e+00  0.000000e+00  -3.626540e-01  0.000000e+00  0.000000e+00  3.142949e-01  
1.983407e+00  4.250635e-03  8.800421e-01  0.000000e+00  0.000000e+00  2.984102e-01  0.000000e+00  0.000000e+00  -3.580219e-01  0.000000e+00  0.000000e+00  2.984102e-01  0.000000e+00  0.000000e+00  -3.580219e-01  0.000000e+00  0.000000e+00  2.984102e-01  1.983407e+00  4.250635e-03  8.800421e-01  0.000000e+00  0.000000e+00  2.984102e-01  0.000000e+00  0.000000e+00  -3.580219e-01  0.000000e+00  0.000000e+00  2.984102e-01  0.000000e+00  0.000000e+00  -3.580219e-01  0.000000e+00  0.000000e+00  2.984102e-01  
2.041299e+00  8.518402e-03  8.663589e-01  0.000000e+00  0.000000e+00  3.083730e-01  0.000000e+00  0.000000e+00  -3.688284e-01  0.000000e+00  0.000000e+00  3.083730e-01  0.000000e+00  0.000000e+00  -3.688284e-01  0.000000e+00  0.000000e+00  3.083730e-01  2.041299e+00  8.518402e-03  8.663589e-01  0.000000e+00  0.000000e+00  3.083730e-01  0.000000e+00  0.000000e+00  -3.688284e-01  0.000000e+00  0.000000e+00  3.083730e-01  0.000000e+00  0.000000e+00  -3.688284e-01  0.000000e+00  0.000000e+00  3.083730e-01  
2.009382e+00  2.369025e-03  9.249909e-01  0.000000e+00  0.000000e+00  3.492767e-01  0.000000e+00  0.000000e+00  -3.708780e-01  0.000000e+00  0.000000e+00  3.492767e-01  0.000000e+00  0.000000e+00  -3.708780e-01  0.000000e+00  0.000000e+00  3.492767e-01  2.009382e+00  2.369025e-03  9.249909e-01  0.000000e+00  0.000000e+00  3.492767e-01  0.000000e+00  0.000000e+00  -3.708780e-01  0.000000e+00  0.000000e+00  3.492767e-01  0.000000e+00  0.000000e+00  -3.708780e-01  0.000000e+00  0.000000e+00  3.492767e-01  
2.209474e+00  1.510474e-02  8.928738e-01  0.000000e+00  0.000000e+00  2.523459e-01  0.000000e+00  0.000000e+00  -3.757132e-01  0.000000e+00  0.000000e+00  2.523459e-01  0.000000e+00  0.000000e+00  -3.757132e-01  0.000000e+00  0.000000e+00  2.523459e-01  2.209474e+00  1.510474e-02  8.928738e-01  0.000000e+00  0.000000e+00  2.523459e-01  0.000000e+00  0.000000e+00  -3.757132e-01  0.000000e+00  0.000000e+00  2.523459e-01  0.000000e+00  0.000000e+00  -3.757132e-01  0.000000e+00  0.000000e+00  2.523459e-01  
2.148655e+00  1.258412e-02  9.085443e-01  0.000000e+00  0.000000e+00  3.257885e-01  0.000000e+00  0.000000e+00  -3.738149e-01  0.000000e+00  0.000000e+00  3.257885e-01  0.000000e+00  0.000000e+00  -3.738149e-01  0.000000e+00  0.000000e+00  3.257885e-01  2.148655e+00  1.258412e-02  9.085443e-01  0.000000e+00  0.000000e+00  3.257885e-01  0.000000e+00  0.000000e+00  -3.738149e-01  0.000000e+00  0.000000e+00  3.257885e-01  0.000000e+00  0.000000e+00  -3.738149e-01  0.000000e+00  0.000000e+00  3.257885e-01  
1.879618e+00  2.132837e-02  7.948477e-01  0.000000e+00  0.000000e+00  2.907647e-01  0.000000e+00  0.000000e+00  -3.592574e-01  0.000000e+00  0.000000e+00  2.907647e-01  0.000000e+00  0.000000e+00  -3.592574e-01  0.000000e+00  0.000000e+00  2.907647e-01  1.879618e+00  2.132837e-02  7.948477e-01  0.000000e+00  0.000000e+00  2.907647e-01  0.000000e+00  0.000000e+00  -3.592574e-01  0.000000e+00  0.000000e+00  2.907647e-01  0.000000e+00  0.000000e+00  -3.592574e-01  0.000000e+00  0.000000e+00  2.907647e-01  
1.926221e+00  6.201728e-03  8.636537e-01  0.000000e+00  0.000000e+00  3.849751e-01  0.000000e+00  0.000000e+00  -3.728317e-01  0.000000e+00  0.000000e+00  3.849751e-01  0.000000e+00  0.000000e+00  -3.728317e-01  0.000000e+00  0.000000e+00  3.849751e-01  1.926221e+00  6.201728e-03  8.636537e-01  0.000000e+00  0.000000e+00  3.849751e-01  0.000000e+00  0.000000e+00  -3.728317e-01  0.000000e+00  0.000000e+00  3.849751e-01  0.000000e+00  0.000000e+00  -3.728317e-01  0.000000e+00  0.000000e+00  3.849751e-01  
2.060958e+00  4.424003e-03  8.979111e-01  0.000000e+00  0.000000e+00  2.740785e-01  0.000000e+00  0.000000e+00  -3.726307e-01  0.000000e+00  0.000000e+00  2.740785e-01  0.000000e+00  0.000000e+00  -3.726307e-01  0.000000e+00  0.000000e+00  2.740785e-01  2.060958e+00  4.424003e-03  8.979111e-01  0.000000e+00  0.000000e+00  2.740785e-01  0.000000e+00  0.000000e+00  -3.726307e-01  0.000000e+00  0.000000e+00  2.740785e-01  0.000000e+00  0.000000e+00  -3.726307e-01  0.000000e+00  0.000000e+00  2.740785e-01  
2.002573e+00  9.642167e-04  9.095920e-01  0.000000e+00  0.000000e+00  2.839138e-01  0.000000e+00  0.000000e+00  -3.614361e-01  0.000000e+00  0.000000e+00  2.839138e-01  0.000000e+00  0.000000e+00  -3.614361e-01  0.000000e+00  0.000000e+00  2.839138e-01  2.002573e+00  9.642167e-04  9.095920e-01  0.000000e+00  0.000000e+00  2.839138e-01  0.000000e+00  0.000000e+00  -3.614361e-01  0.000000e+00  0.000000e+00  2.839138e-01  0.000000e+00  0.000000e+00  -3.614361e-01  0.000000e+00  0.000000e+00  2.839138e-01  
2.126443e+00  2.098528e-02  8.799818e-01  0.000000e+00  0.000000e+00  2.791837e-01  0.000000e+00  0.000000e+00  -3.577805e-01  0.000000e+00  0.000000e+00  2.791837e-01  0.000000e+00  0.000000e+00  -3.577805e-01  0.000000e+00  0.000000e+00  2.791837e-01  2.126443e+00  2.098528e-02  8.799818e-01  0.000000e+00  0.000000e+00  2.791837e-01  0.000000e+00  0.000000e+00  -3.577805e-01  0.000000e+00  0.000000e+00  2.791837e-01  0.000000e+00  0.000000e+00  -3.577805e-01  0.000000e+00  0.000000e+00  2.791837e-01  
2.008274e+00  1.101012e-02  8.877637e-01  0.000000e+00  0.000000e+00  3.518156e-01  0.000000e+00  0.000000e+00  -3.628229e-01  0.000000e+00  0.000000e+00  3.518156e-01  0.000000e+00  0.000000e+00  -3.628229e-01  0.000000e+00  0.000000e+00  3.518156e-01  2.008274e+00  1.101012e-02  8.877637e-01  0.000000e+00  0.000000e+00  3.518156e-01  0.000000e+00  0.000000e+00  -3.628229e-01  0.000000e+00  0.000000e+00  3.518156e-01  0.000000e+00  0.000000e+00  -3.628229e-01  0.000000e+00  0.000000e+00  3.518156e-01  
2.005557e+00  1.483257e-02  8.263025e-01  0.000000e+00  0.000000e+00  2.361744e-01  0.000000e+00  0.000000e+00  -3.703430e-01  0.000000e+00  0.000000e+00  2.361744e-01  0.000000e+00  0.000000e+00  -3.703430e-01  0.000000e+00  0.000000e+00  2.361744e-01  2.005557e+00  1.483257e-02  8.263025e-01  0.000000e+00  0.000000e+00  2.361744e-01  0.000000e+00  0.000000e+00  -3.703430e-01  0.000000e+00  0.000000e+00  2.361744e-01  0.000000e+00  0.000000e+00  -3.703430e-01  0.000000e+00  0.000000e+00  2.361744e-01  
2.087398e+00  2.701449e-02  8.366556e-01  0.000000e+00  0.000000e+00  2.740889e-01  0.000000e+00  0.000000e+00  -3.743910e-01  0.000000e+00  0.000000e+00  2.740889e-01  0.000000e+00  0.000000e+00  -3.743910e-01  0.000000e+00  0.000000e+00  2.740889e-01  2.087398e+00  2.701449e-02  8.366556e-01  0.000000e+00  0.000000e+00  2.740889e-01  0.000000e+00  0.000000e+00  -3.743910e-01  0.000000e+00  0.000000e+00  2.740889e-01  0.000000e+00  0.000000e+00  -3.743910e-01  0.000000e+00  0.000000e+00  2.740889e-01  
1.976070e+00  1.443889e-03  9.019807e-01  0.000000e+00  0.000000e+00  2.283841e-01  0.000000e+00  0.000000e+00  -3.542980e-01  0.000000e+00  0.000000e+00  2.283841e-01  0.000000e+00  0.000000e+00  -3.542980e-01  0.000000e+00  0.000000e+00  2.283841e-01  1.976070e+00  1.443889e-03  9.019807e-01  0.000000e+00  0.000000e+00  2.283841e-01  0.000000e+00  0.000000e+00  -3.542980e-01  0.000000e+00  0.000000e+00  2.283841e-01  0.000000e+00  0.000000e+00  -3.542980e-01  0.000000e+00  0.000000e+00  2.283841e-01  
2.063280e+00  8.476184e-03  8.705994e-01  0.000000e+00  0.000000e+00  3.211843e-01  0.000000e+00  0.000000e+00  -3.661077e-01  0.000000e+00  0.000000e+00  3.211843e-01  0.000000e+00  0.000000e+00  -3.661077e-01  0.000000e+00  0.000000e+00  3.211843e-01  2.063280e+00  8.476184e-03  8.705994e-01  0.000000e+00  0.000000e+00  3.211843e-01  0.000000e+00  0.000000e+00  -3.661077e-01  0.000000e+00  0.000000e+00  3.211843e-01  0.000000e+00  0.000000e+00  -3.661077e-01  0.000000e+00  0.000000e+00  3.211843e-01  
2.084450e+00  3.389663e-02  8.127599e-01  0.000000e+00  0.000000e+00  3.675271e-01  0.000000e+00  0.000000e+00  -3.762676e-01  0.000000e+00  0.000000e+00  3.675271e-01  0.000000e+00  0.000000e+00  -3.762676e-01  0.000000e+00  0.000000e+00  3.675271e-01  2.084450e+00  3.389663e-02  8.127599e-01  0.000000e+00  0.000000e+00  3.675271e-01  0.000000e+00  0.000000e+00  -3.762676e-01  0.000000e+00  0.000000e+00  3.675271e-01  0.000000e+00  0.000000e+00  -3.762676e-01  0.000000e+00  0.000000e+00  3.675271e-01  
1.969090e+00  1.632836e-02  8.445991e-01  0.000000e+00  0.000000e+00  3.177405e-01  0.000000e+00  0.000000e+00  -3.643229e-01  0.000000e+00  0.000000e+00  3.177405e-01  0.000000e+00  0.000000e+00  -3.643229e-01  0.000000e+00  0.000000e+00  3.177405e-01  1.969090e+00  1.632836e-02  8.445991e-01  0.000000e+00  0.000000e+00  3.177405e-01  0.000000e+00  0.000000e+00  -3.643229e-01  0.000000e+00  0.000000e+00  3.177405e-01  0.000000e+00  0.000000e+00  -3.643229e-01  0.000000e+00  0.000000e+00  3.177405e-01  
2.007270e+00  1.253914e-02  8.721135e-01  0.000000e+00  0.000000e+00  2.551972e-01  0.000000e+00  0.000000e+00  -3.659950e-01  0.000000e+00  0.000000e+00  2.551972e-01  0.000000e+00  0.000000e+00  -3.659950e-01  0.000000e+00  0.000000e+00  2.551972e-01  2.007270e+00  1.253914e-02  8.721135e-01  0.000000e+00  0.000000e+00  2.551972e-01  0.000000e+00  0.000000e+00  -3.659950e-01  0.000000e+00  0.000000e+00  2.551972e-01  0.000000e+00  0.000000e+00  -3.659950e-01  0.000000e+00  0.000000e+00  2.551972e-01  
1.869395e+00  5.298499e-04  8.725572e-01  0.000000e+00  0.000000e+00  2.293971e-01  0.000000e+00  0.000000e+00  -3.447576e-01  0.000000e+00  0.000000e+00  2.293971e-01  0.000000e+00  0.000000e+00  -3.447576e-01  0.000000e+00  0.000000e+00  2.293971e-01  1.869395e+00  5.298499e-04  8.725572e-01  0.000000e+00  0.000000e+00  2.293971e-01  0.000000e+00  0.000000e+00  -3.447576e-01  0.000000e+00  0.000000e+00  2.293971e-01  0.000000e+00  0.000000e+00  -3.447576e-01  0.000000e+00  0.000000e+00  2.293971e-01  
2.201308e+00  6.944663e-03  9.300085e-01  0.000000e+00  0.000000e+00  2.810918e-01  0.000000e+00  0.000000e+00  -3.833522e-01  0.000000e+00  0.000000e+00  2.810918e-01  0.000000e+00  0.000000e+00  -3.833522e-01  0.000000e+00  0.000000e+00  2.810918e-01  2.201308e+00  6.944663e-03  9.300085e-01  0.000000e+00  0.000000e+00  2.810918e-01  0.000000e+00  0.000000e+00  -3.833522e-01  0.000000e+00  0.000000e+00  2.810918e-01  0.000000e+00  0.000000e+00  -3.833522e-01  0.000000e+00  0.000000e+00  2.810918e-01  
2.092053e+00  3.697156e-03  8.936290e-01  0.000000e+00  0.000000e+00  3.315431e-01  0.000000e+00  0.000000e+00  -3.744102e-01  0.000000e+00  0.000000e+00  3.315431e-01  0.000000e+00  0.000000e+00  -3.744102e-01  0.000000e+00  0.000000e+00  3.315431e-01  2.092053e+00  3.697156e-03  8.936290e-01  0.000000e+00  0.000000e+00  3.315431e-01  0.000000e+00  0.000000e+00  -3.744102e-01  0.000000e+00  0.000000e+00  3.315431e-01  0.000000e+00  0.000000e+00  -3.744102e-01  0.000000e+00  0.000000e+00  3.315431e-01  
2.148934e+00  1.981231e-02  8.387653e-01  0.000000e+00  0.000000e+00  2.492751e-01  0.000000e+00  0.000000e+00  -3.851905e-01  0.000000e+00  0.000000e+00  2.492751e-01  0.000000e+00  0.000000e+00  -3.851905e-01  0.000000e+00  0.000000e+00  2.492751e-01  2.148934e+00  1.981231e-02  8.387653e-01  0.000000e+00  0.000000e+00  2.492751e-01  0.000000e+00  0.000000e+00  -3.851905e-01  0.000000e+00  0.000000e+00  2.492751e-01  0.000000e+00  0.000000e+00  -3.851905e-01  0.000000e+00  0.000000e+00  2.492751e-01  
2.054184e+00  1.525012e-02  8.720019e-01  0.000000e+00  0.000000e+00  2.659567e-01  0.000000e+00  0.000000e+00  -3.645529e-01  0.000000e+00  0.000000e+00  2.659567e-01  0.000000e+00  0.000000e+00  -3.645529e-01  0.000000e+00  0.000000e+00  2.659567e-01  2.054184e+00  1.525012e-02  8.720019e-01  0.000000e+00  0.000000e+00  2.659567e-01  0.000000e+00  0.000000e+00  -3.645529e-01  0.000000e+00  0.000000e+00  2.659567e-01  0.000000e+00  0.000000e+00  -3.645529e-01  0.000000e+00  0.000000e+00  2.659567e-01  
2.149113e+00  2.182579e-02  8.718888e-01  0.000000e+00  0.000000e+00  3.181255e-01  0.000000e+00  0.000000e+00  -3.850051e-01  0.000000e+00  0.000000e+00  3.181255e-01  0.000000e+00  0.000000e+00  -3.850051e-01  0.000000e+00  0.000000e+00  3.181255e-01  2.149113e+00  2.182579e-02  8.718888e-01  0.000000e+00  0.000000e+00  3.181255e-01  0.000000e+00  0.000000e+00  -3.850051e-01  0.000000e+00  0.000000e+00  3.181255e-01  0.000000e+00  0.000000e+00  -3.850051e-01  0.000000e+00  0.000000e+00  3.181255e-01  
2.035538e+00  2.097974e-02  8.116613e-01  0.000000e+00  0.000000e+00  2.586433e-01  0.000000e+00  0.000000e+00  -3.693158e-01  0.000000e+00  0.000000e+00  2.586433e-01  0.000000e+00  0.000000e+00  -3.693158e-01  0.000000e+00  0.000000e+00  2.586433e-01  2.035538e+00  2.097974e-02  8.116613e-01  0.000000e+00  0.000000e+00  2.586433e-01  0.000000e+00  0.000000e+00  -3.693158e-01  0.000000e+00  0.000000e+00  2.586433e-01  0.000000e+00  0.000000e+00  -3.693158e-01  0.000000e+00  0.000000e+00  2.586433e-01  
2.074896e+00  1.923522e-02  8.297065e-01  0.000000e+00  0.000000e+00  2.874470e-01  0.000000e+00  0.000000e+00  -3.758679e-01  0.000000e+00  0.000000e+00  2.874470e-01  0.000000e+00  0.000000e+00  -3.758679e-01  0.000000e+00  0.000000e+00  2.874470e-01  2.074896e+00  1.923522e-02  8.297065e-01  0.000000e+00  0.000000e+00  2.874470e-01  0.000000e+00  0.000000e+00  -3.758679e-01  0.000000e+00  0.000000e+00  2.874470e-01  0.000000e+00  0.000000e+00  -3.758679e-01  0.000000e+00  0.000000e+00  2.874470e-01  
2.118014e+00  7.606000e-02  7.665151e-01  0.000000e+00  0.000000e+00  3.386380e-01  0.000000e+00  0.000000e+00  -3.745182e-01  0.000000e+00  0.000000e+00  3.386380e-01  0.000000e+00  0.000000e+00  -3.745182e-01  0.000000e+00  0.000000e+00  3.386380e-01  2.118014e+00  7.606000e-02  7.665151e-01  0.000000e+00  0.000000e+00  3.386380e-01  0.000000e+00  0.000000e+00  -3.745182e-01  0.000000e+00  0.000000e+00  3.386380e-01  0.000000e+00  0.000000e+00  -3.745182e-01  0.000000e+00  0.000000e+00  3.386380e-01  
2.055126e+00  7.603075e-03  8.844060e-01  0.000000e+00  0.000000e+00  3.051425e-01  0.000000e+00  0.000000e+00  -3.790806e-01  0.000000e+00  0.000000e+00  3.051425e-01  0.000000e+00  0.000000e+00  -3.790806e-01  0.000000e+00  0.000000e+00  3.051425e-01  2.055126e+00  7.603075e-03  8.844060e-01  0.000000e+00  0.000000e+00  3.051425e-01  0.000000e+00  0.000000e+00  -3.790806e-01  0.000000e+00  0.000000e+00  3.051425e-01  0.000000e+00  0.000000e+00  -3.790806e-01  0.000000e+00  0.000000e+00  3.051425e-01  
2.014448e+00  1.285039e-03  8.926005e-01  0.000000e+00  0.000000e+00  3.421837e-01  0.000000e+00  0.000000e+00  -3.815260e-01  0.000000e+00  0.000000e+00  3.421837e-01  0.000000e+00  0.000000e+00  -3.815260e-01  0.000000e+00  0.000000e+00  3.421837e-01  2.014448e+00  1.285039e-03  8.926005e-01  0.000000e+00  0.000000e+00  3.421837e-01  0.000000e+00  0.000000e+00  -3.815260e-01  0.000000e+00  0.000000e+00  3.421837e-01  0.000000e+00  0.000000e+00  -3.815260e-01  0.000000e+00  0.000000e+00  3.421837e-01  
2.186594e+00  3.937670e-02  8.606148e-01  0.000000e+00  0.000000e+00  3.201088e-01  0.000000e+00  0.000000e+00  -3.707725e-01  0.000000e+00  0.000000e+00  3.201088e-01  0.000000e+00  0.000000e+00  -3.707725e-01  0.000000e+00  0.000000e+00  3.201088e-01  2.186594e+00  3.937670e-02  8.606148e-01  0.000000e+00  0.000000e+00  3.201088e-01  0.000000e+00  0.000000e+00  -3.707725e-01  0.000000e+00  0.000000e+00  3.201088e-01  0.000000e+00  0.000000e+00  -3.707725e-01  0.000000e+00  0.000000e+00  3.201088e-01  
2.007934e+00  7.944850e-03  8.823087e-01  0.000000e+00  0.000000e+00  2.633595e-01  0.000000e+00  0.000000e+00  -3.534193e-01  0.000000e+00  0.000000e+00  2.633595e-01  0.000000e+00  0.000000e+00  -3.534193e-01  0.000000e+00  0.000000e+00  2.633595e-01  2.007934e+00  7.944850e-03  8.823087e-01  0.000000e+00  0.000000e+00  2.633595e-01  0.000000e+00  0.000000e+00  -3.534193e-01  0.000000e+00  0.000000e+00  2.633595e-01  0.000000e+00  0.000000e+00  -3.534193e-01  0.000000e+00  0.000000e+00  2.633595e-01  
2.077178e+00  1.767238e-02  8.965875e-01  0.000000e+00  0.000000e+00  3.089227e-01  0.000000e+00  0.000000e+00  -3.627618e-01  0.000000e+00  0.000000e+00  3.089227e-01  0.000000e+00  0.000000e+00  -3.627618e-01  0.000000e+00  0.000000e+00  3.089227e-01  2.077178e+00  1.767238e-02  8.965875e-01  0.000000e+00  0.000000e+00  3.089227e-01  0.000000e+00  0.000000e+00  -3.627618e-01  0.000000e+00  0.000000e+00  3.089227e-01  0.000000e+00  0.000000e+00  -3.627618e-01  0.000000e+00  0.000000e+00  3.089227e-01  
2.052750e+00  1.012329e-06  9.228724e-01  0.000000e+00  0.000000e+00  2.516349e-01  0.000000e+00  0.000000e+00  -3.625802e-01  0.000000e+00  0.000000e+00  2.516349e-01  0.000000e+00  0.000000e+00  -3.625802e-01  0.000000e+00  0.000000e+00  2.516349e-01  2.052750e+00  1.012329e-06  9.228724e-01  0.000000e+00  0.000000e+00  2.516349e-01  0.000000e+00  0.000000e+00  -3.625802e-01  0.000000e+00  0.000000e+00  2.516349e-01  0.000000e+00  0.000000e+00  -3.625802e-01  0.000000e+00  0.000000e+00  2.516349e-01  
2.049099e+00  5.068349e-03  8.610516e-01  0.000000e+00  0.000000e+00  3.242415e-01  0.000000e+00  0.000000e+00  -3.899529e-01  0.000000e+00  0.000000e+00  3.242415e-01  0.000000e+00  0.000000e+00  -3.899529e-01  0.000000e+00  0.000000e+00  3.242415e-01  2.049099e+00  5.068349e-03  8.610516e-01  0.000000e+00  0.000000e+00  3.242415e-01  0.000000e+00  0.000000e+00  -3.899529e-01  0.000000e+00  0.000000e+00  3.242415e-01  0.000000e+00  0.000000e+00  -3.899529e-01  0.000000e+00  0.000000e+00  3.242415e-01  
2.110088e+00  1.765789e-02  8.767402e-01  0.000000e+00  0.000000e+00  2.606060e-01  0.000000e+00  0.000000e+00  -3.736658e-01  0.000000e+00  0.000000e+00  2.606060e-01  0.000000e+00  0.000000e+00  -3.736658e-01  0.000000e+00  0.000000e+00  2.606060e-01  2.110088e+00  1.765789e-02  8.767402e-01  0.000000e+00  0.000000e+00  2.606060e-01  0.000000e+00  0.000000e+00  -3.736658e-01  0.000000e+00  0.000000e+00  2.606060e-01  0.000000e+00  0.000000e+00  -3.736658e-01  0.000000e+00  0.000000e+00  2.606060e-01  
2.033912e+00  2.675228e-02  8.082312e-01  0.000000e+00  0.000000e+00  3.233260e-01  0.000000e+00  0.000000e+00  -3.674098e-01  0.000000e+00  0.000000e+00  3.233260e-01  0.000000e+00  0.000000e+00  -3.674098e-01  0.000000e+00  0.000000e+00  3.233260e-01  2.033912e+00  2.675228e-02  8.082312e-01  0.000000e+00  0.000000e+00  3.233260e-01  0.000000e+00  0.000000e+00  -3.674098e-01  0.000000e+00  0.000000e+00  3.233260e-01  0.000000e+00  0.000000e+00  -3.674098e-01  0.000000e+00  0.000000e+00  3.233260e-01  
1.983481e+00  1.277278e-02  8.633681e-01  0.000000e+00  0.000000e+00  2.989472e-01  0.000000e+00  0.000000e+00  -3.692958e-01  0.000000e+00  0.000000e+00  2.989472e-01  0.000000e+00  0.000000e+00  -3.692958e-01  0.000000e+00  0.000000e+00  2.989472e-01  1.983481e+00  1.277278e-02  8.633681e-01  0.000000e+00  0.000000e+00  2.989472e-01  0.000000e+00  0.000000e+00  -3.692958e-01  0.000000e+00  0.000000e+00  2.989472e-01  0.000000e+00  0.000000e+00  -3.692958e-01  0.000000e+00  0.000000e+00  2.989472e-01  
1.963379e+00  3.835623e-03  8.133126e-01  0.000000e+00  0.000000e+00  3.055786e-01  0.000000e+00  0.000000e+00  -3.805549e-01  0.000000e+00  0.000000e+00  3.055786e-01  0.000000e+00  0.000000e+00  -3.805549e-01  0.000000e+00  0.000000e+00  3.055786e-01  1.963379e+00  3.835623e-03  8.133126e-01  0.000000e+00  0.000000e+00  3.055786e-01  0.000000e+00  0.000000e+00  -3.805549e-01  0.000000e+00  0.000000e+00  3.055786e-01  0.000000e+00  0.000000e+00  -3.805549e-01  0.000000e+00  0.000000e+00  3.055786e-01  
2.016133e+00  4.344437e-03  8.997474e-01  0.000000e+00  0.000000e+00  2.835501e-01  0.000000e+00  0.000000e+00  -3.538721e-01  0.000000e+00  0.000000e+00  2.835501e-01  0.000000e+00  0.000000e+00  -3.538721e-01  0.000000e+00  0.000000e+00  2.835501e-01  2.016133e+00  4.344437e-03  8.997474e-01  0.000000e+00  0.000000e+00  2.835501e-01  0.000000e+00  0.000000e+00  -3.538721e-01  0.000000e+00  0.000000e+00  2.835501e-01  0.000000e+00  0.000000e+00  -3.538721e-01  0.000000e+00  0.000000e+00  2.835501e-01  
2.037439e+00  5.820257e-03  8.833874e-01  0.000000e+00  0.000000e+00  2.681106e-01  0.000000e+00  0.000000e+00  -3.541363e-01  0.000000e+00  0.000000e+00  2.681106e-01  0.000000e+00  0.000000e+00  -3.541363e-01  0.000000e+00  0.000000e+00  2.681106e-01  2.037439e+00  5.820257e-03  8.833874e-01  0.000000e+00  0.000000e+00  2.681106e-01  0.000000e+00  0.000000e+00  -3.541363e-01  0.000000e+00  0.000000e+00  2.681106e-01  0.000000e+00  0.000000e+00  -3.541363e-01  0.000000e+00  0.000000e+00  2.681106e-01  
1.999773e+00  2.062871e-02  8.505480e-01  0.000000e+00  0.000000e+00  3.270329e-01  0.000000e+00  0.000000e+00  -3.628145e-01  0.000000e+00  0.000000e+00  3.270329e-01  0.000000e+00  0.000000e+00  -3.628145e-01  0.000000e+00  0.000000e+00  3.270329e-01  1.999773e+00  2.062871e-02  8.505480e-01  0.000000e+00  0.000000e+00  3.270329e-01  0.000000e+00  0.000000e+00  -3.628145e-01  0.000000e+00  0.000000e+00  3.270329e-01  0.000000e+00  0.000000e+00  -3.628145e-01  0.000000e+00  0.000000e+00  3.270329e-01  
2.085925e+00  5.975658e-03  8.927643e-01  0.000000e+00  0.000000e+00  2.858207e-01  0.000000e+00  0.000000e+00  -3.828393e-01  0.000000e+00  0.000000e+00  2.858207e-01  0.000000e+00  0.000000e+00  -3.828393e-01  0.000000e+00  0.000000e+00  2.858207e-01  2.085925e+00  5.975658e-03  8.927643e-01  0.000000e+00  0.000000e+00  2.858207e-01  0.000000e+00  0.000000e+00  -3.828393e-01  0.000000e+00  0.000000e+00  2.858207e-01  0.000000e+00  0.000000e+00  -3.828393e-01  0.000000e+00  0.000000e+00  2.858207e-01  
2.099715e+00  2.496464e-02  8.640106e-01  0.000000e+00  0.000000e+00  2.526359e-01  0.000000e+00  0.000000e+00  -3.648127e-01  0.000000e+00  0.000000e+00  2.526359e-01  0.000000e+00  0.000000e+00  -3.648127e-01  0.000000e+00  0.000000e+00  2.526359e-01  2.099715e+00  2.496464e-02  8.640106e-01  0.000000e+00  0.000000e+00  2.526359e-01  0.000000e+00  0.000000e+00  -3.648127e-01  0.000000e+00  0.000000e+00  2.526359e-01  0.000000e+00  0.000000e+00  -3.648127e-01  0.000000e+00  0.000000e+00  2.526359e-01  
2.107934e+00  2.150713e-02  8.360522e-01  0.000000e+00  0.000000e+00  2.939903e-01  0.000000e+00  0.000000e+00  -3.788830e-01  0.000000e+00  0.000000e+00  2.939903e-01  0.000000e+00  0.000000e+00  -3.788830e-01  0.000000e+00  0.000000e+00  2.939903e-01  2.107934e+00  2.150713e-02  8.360522e-01  0.000000e+00  0.000000e+00  2.939903e-01  0.000000e+00  0.000000e+00  -3.788830e-01  0.000000e+00  0.000000e+00  2.939903e-01  0.000000e+00  0.000000e+00  -3.788830e-01  0.000000e+00  0.000000e+00  2.939903e-01  
1.970214e+00  4.487180e-03  8.400034e-01  0.000000e+00  0.000000e+00  2.337128e-01  0.000000e+00  0.000000e+00  -3.667229e-01  0.000000e+00  0.000000e+00  2.337128e-01  0.000000e+00  0.000000e+00  -3.667229e-01  0.000000e+00  0.000000e+00  2.337128e-01  1.970214e+00  4.487180e-03  8.400034e-01  0.000000e+00  0.000000e+00  2.337128e-01  0.000000e+00  0.000000e+00  -3.667229e-01  0.000000e+00  0.000000e+00  2.337128e-01  0.000000e+00  0.000000e+00  -3.667229e-01  0.000000e+00  0.000000e+00  2.337128e-01  
1.989889e+00  9.071306e-03  8.556364e-01  0.000000e+00  0.000000e+00  2.858991e-01  0.000000e+00  0.000000e+00  -3.497256e-01  0.000000e+00  0.000000e+00  2.858991e-01  0.000000e+00  0.000000e+00  -3.497256e-01  0.000000e+00  0.000000e+00  2.858991e-01  1.989889e+00  9.071306e-03  8.556364e-01  0.000000e+00  0.000000e+00  2.858991e-01  0.000000e+00  0.000000e+00  -3.497256e-01  0.000000e+00  0.000000e+00  2.858991e-01  0.000000e+00  0.000000e+00  -3.497256e-01  0.000000e+00  0.000000e+00  2.858991e-01  
1.948333e+00  8.341261e-03  8.635723e-01  0.000000e+00  0.000000e+00  2.750130e-01  0.000000e+00  0.000000e+00  -3.546949e-01  0.000000e+00  0.000000e+00  2.750130e-01  0.000000e+00  0.000000e+00  -3.546949e-01  0.000000e+00  0.000000e+00  2.750130e-01  1.948333e+00  8.341261e-03  8.635723e-01  0.000000e+00  0.000000e+00  2.750130e-01  0.000000e+00  0.000000e+00  -3.546949e-01  0.000000e+00  0.000000e+00  2.750130e-01  0.000000e+00  0.000000e+00  -3.546949e-01  0.000000e+00  0.000000e+00  2.750130e-01  
2.058817e+00  8.305667e-03  8.669461e-01  0.000000e+00  0.000000e+00  2.397975e-01  0.000000e+00  0.000000e+00  -3.812209e-01  0.000000e+00  0.000000e+00  2.397975e-01  0.000000e+00  0.000000e+00  -3.812209e-01  0.000000e+00  0.000000e+00  2.397975e-01  2.058817e+00  8.305667e-03  8.669461e-01  0.000000e+00  0.000000e+00  2.397975e-01  0.000000e+00  0.000000e+00  -3.812209e-01  0.000000e+00  0.000000e+00  2.397975e-01  0.000000e+00  0.000000e+00  -3.812209e-01  0.000000e+00  0.000000e+00  2.397975e-01  
2.088639e+00  1.074023e-02  8.982650e-01  0.000000e+00  0.000000e+00  3.068761e-01  0.000000e+00  0.000000e+00  -3.760872e-01  0.000000e+00  0.000000e+00  3.068761e-01  0.000000e+00  0.000000e+00  -3.760872e-01  0.000000e+00  0.000000e+00  3.068761e-01  2.088639e+00  1.074023e-02  8.982650e-01  0.000000e+00  0.000000e+00  3.068761e-01  0.000000e+00  0.000000e+00  -3.760872e-01  0.000000e+00  0.000000e+00  3.068761e-01  0.000000e+00  0.000000e+00  -3.760872e-01  0.000000e+00  0.000000e+00  3.068761e-01  
2.111632e+00  3.444136e-02  8.110006e-01  0.000000e+00  0.000000e+00  2.772513e-01  0.000000e+00  0.000000e+00  -3.776918e-01  0.000000e+00  0.000000e+00  2.772513e-01  0.000000e+00  0.000000e+00  -3.776918e-01  0.000000e+00  0.000000e+00  2.772513e-01  2.111632e+00  3.444136e-02  8.110006e-01  0.000000e+00  0.000000e+00  2.772513e-01  0.000000e+00  0.000000e+00  -3.776918e-01  0.000000e+00  0.000000e+00  2.772513e-01  0.000000e+00  0.000000e+00  -3.776918e-01  0.000000e+00  0.000000e+00  2.772513e-01  
2.013451e+00  1.368342e-02  8.446779e-01  0.000000e+00  0.000000e+00  2.276962e-01  0.000000e+00  0.000000e+00  -3.527121e-01  0.000000e+00  0.000000e+00  2.276962e-01  0.000000e+00  0.000000e+00  -3.527121e-01  0.000000e+00  0.000000e+00  2.276962e-01  2.013451e+00  1.368342e-02  8.446779e-01  0.000000e+00  0.000000e+00  2.276962e-01  0.000000e+00  0.000000e+00  -3.527121e-01  0.000000e+00  0.000000e+00  2.276962e-01  0.000000e+00  0.000000e+00  -3.527121e-01  0.000000e+00  0.000000e+00  2.276962e-01  
2.085637e+00  1.313990e-02  9.224557e-01  0.000000e+00  0.000000e+00  3.452510e-01  0.000000e+00  0.000000e+00  -3.686236e-01  0.000000e+00  0.000000e+00  3.452510e-01  0.000000e+00  0.000000e+00  -3.686236e-01  0.000000e+00  0.000000e+00  3.452510e-01  2.085637e+00  1.313990e-02  9.224557e-01  0.000000e+00  0.000000e+00  3.452510e-01  0.000000e+00  0.000000e+00  -3.686236e-01  0.000000e+00  0.000000e+00  3.452510e-01  0.000000e+00  0.000000e+00  -3.686236e-01  0.000000e+00  0.000000e+00  3.452510e-01  
2.113307e+00  9.473423e-03  9.163033e-01  0.000000e+00  0.000000e+00  3.051797e-01  0.000000e+00  0.000000e+00  -3.677860e-01  0.000000e+00  0.000000e+00  3.051797e-01  0.000000e+00  0.000000e+00  -3.677860e-01  0.000000e+00  0.000000e+00  3.051797e-01  2.113307e+00  9.473423e-03  9.163033e-01  0.000000e+00  0.000000e+00  3.051797e-01  0.000000e+00  0.000000e+00  -3.677860e-01  0.000000e+00  0.000000e+00  3.051797e-01  0.000000e+00  0.000000e+00  -3.677860e-01  0.000000e+00  0.000000e+00  3.051797e-01  
1.999665e+00  3.090319e-02  8.207421e-01  0.000000e+00  0.000000e+00  3.310119e-01  0.000000e+00  0.000000e+00  -3.620174e-01  0.000000e+00  0.000000e+00  3.310119e-01  0.000000e+00  0.000000e+00  -3.620174e-01  0.000000e+00  0.000000e+00  3.310119e-01  1.999665e+00  3.090319e-02  8.207421e-01  0.000000e+00  0.000000e+00  3.310119e-01  0.000000e+00  0.000000e+00  -3.620174e-01  0.000000e+00  0.000000e+00  3.310119e-01  0.000000e+00  0.000000e+00  -3.620174e-01  0.000000e+00  0.000000e+00  3.310119e-01  
1.963614e+00  4.341732e-03  8.977143e-01  0.000000e+00  0.000000e+00  2.640108e-01  0.000000e+00  0.000000e+00  -3.527329e-01  0.000000e+00  0.000000e+00  2.640108e-01  0.000000e+00  0.000000e+00  -3.527329e-01  0.000000e+00  0.000000e+00  2.640108e-01  1.963614e+00  4.341732e-03  8.977143e-01  0.000000e+00  0.000000e+00  2.640108e-01  0.000000e+00  0.000000e+00  -3.527329e-01  0.000000e+00  0.000000e+00  2.640108e-01  0.000000e+00  0.000000e+00  -3.527329e-01  0.000000e+00  0.000000e+00  2.640108e-01  
2.089271e+00  8.770502e-03  8.925399e-01  0.000000e+00  0.000000e+00  2.787499e-01  0.000000e+00  0.000000e+00  -3.705588e-01  0.000000e+00  0.000000e+00  2.787499e-01  0.000000e+00  0.000000e+00  -3.705588e-01  0.000000e+00  0.000000e+00  2.787499e-01  2.089271e+00  8.770502e-03  8.925399e-01  0.000000e+00  0.000000e+00  2.787499e-01  0.000000e+00  0.000000e+00  -3.705588e-01  0.000000e+00  0.000000e+00  2.787499e-01  0.000000e+00  0.000000e+00  -3.705588e-01  0.000000e+00  0.000000e+00  2.787499e-01  
1.973019e+00  1.602731e-02  8.269553e-01  0.000000e+00  0.000000e+00  2.938595e-01  0.000000e+00  0.000000e+00  -3.691415e-01  0.000000e+00  0.000000e+00  2.938595e-01  0.000000e+00  0.000000e+00  -3.691415e-01  0.000000e+00  0.000000e+00  2.938595e-01  1.973019e+00  1.602731e-02  8.269553e-01  0.000000e+00  0.000000e+00  2.938595e-01  0.000000e+00  0.000000e+00  -3.691415e-01  0.000000e+00  0.000000e+00  2.938595e-01  0.000000e+00  0.000000e+00  -3.691415e-01  0.000000e+00  0.000000e+00  2.938595e-01  
2.072177e+00  1.334358e-02  8.550029e-01  0.000000e+00  0.000000e+00  2.586700e-01  0.000000e+00  0.000000e+00  -3.718502e-01  0.000000e+00  0.000000e+00  2.586700e-01  0.000000e+00  0.000000e+00  -3.718502e-01  0.000000e+00  0.000000e+00  2.586700e-01  2.072177e+00  1.334358e-02  8.550029e-01  0.000000e+00  0.000000e+00  2.586700e-01  0.000000e+00  0.000000e+00  -3.718502e-01  0.000000e+00  0.000000e+00  2.586700e-01  0.000000e+00  0.000000e+00  -3.718502e-01  0.000000e+00  0.000000e+00  2.586700e-01  
2.030446e+00  1.645729e-03  8.854148e-01  0.000000e+00  0.000000e+00  2.926684e-01  0.000000e+00  0.000000e+00  -3.748811e-01  0.000000e+00  0.000000e+00  2.926684e-01  0.000000e+00  0.000000e+00  -3.748811e-01  0.000000e+00  0.000000e+00  2.926684e-01  2.030446e+00  1.645729e-03  8.854148e-01  0.000000e+00  0.000000e+00  2.926684e-01  0.000000e+00  0.000000e+00  -3.748811e-01  0.000000e+00  0.000000e+00  2.926684e-01  0.000000e+00  0.000000e+00  -3.748811e-01  0.000000e+00  0.000000e+00  2.926684e-01  
2.101774e+00  2.340471e-02  8.289822e-01  0.000000e+00  0.000000e+00  2.025512e-01  0.000000e+00  0.000000e+00  -3.739821e-01  0.000000e+00  0.000000e+00  2.025512e-01  0.000000e+00  0.000000e+00  -3.739821e-01  0.000000e+00  0.000000e+00  2.025512e-01  2.101774e+00  2.340471e-02  8.289822e-01  0.000000e+00  0.000000e+00  2.025512e-01  0.000000e+00  0.000000e+00  -3.739821e-01  0.000000e+00  0.000000e+00  2.025512e-01  0.000000e+00  0.000000e+00  -3.739821e-01  0.000000e+00  0.000000e+00  2.025512e-01  
1.938948e+00  1.002789e-02  8.242576e-01  0.000000e+00  0.000000e+00  2.743846e-01  0.000000e+00  0.000000e+00  -3.714880e-01  0.000000e+00  0.000000e+00  2.743846e-01  0.000000e+00  0.000000e+00  -3.714880e-01  0.000000e+00  0.000000e+00  2.743846e-01  1.938948e+00  1.002789e-02  8.242576e-01  0.000000e+00  0.000000e+00  2.743846e-01  0.000000e+00  0.000000e+00  -3.714880e-01  0.000000e+00  0.000000e+00  2.743846e-01  0.000000e+00  0.000000e+00  -3.714880e-01  0.000000e+00  0.000000e+00  2.743846e-01  
2.212695e+00  1.117228e-02  9.423441e-01  0.000000e+00  0.000000e+00  3.684430e-01  0.000000e+00  0.000000e+00  -3.890490e-01  0.000000e+00  0.000000e+00  3.684430e-01  0.000000e+00  0.000000e+00  -3.890490e-01  0.000000e+00  0.000000e+00  3.684430e-01  2.212695e+00  1.117228e-02  9.423441e-01  0.000000e+00  0.000000e+00  3.684430e-01  0.000000e+00  0.000000e+00  -3.890490e-01  0.000000e+00  0.000000e+00  3.684430e-01  0.000000e+00  0.000000e+00  -3.890490e-01  0.000000e+00  0.000000e+00  3.684430e-01  
1.988661e+00  1.404342e-02  8.595799e-01  0.000000e+00  0.000000e+00  3.424883e-01  0.000000e+00  0.000000e+00  -3.737771e-01  0.000000e+00  0.000000e+00  3.424883e-01  0.000000e+00  0.000000e+00  -3.737771e-01  0.000000e+00  0.000000e+00  3.424883e-01  1.988661e+00  1.404342e-02  8.595799e-01  0.000000e+00  0.000000e+00  3.424883e-01  0.000000e+00  0.000000e+00  -3.737771e-01  0.000000e+00  0.000000e+00  3.424883e-01  0.000000e+00  0.000000e+00  -3.737771e-01  0.000000e+00  0.000000e+00  3.424883e-01  
2.147067e+00  1.681091e-02  9.137946e-01  0.000000e+00  0.000000e+00  2.901620e-01  0.000000e+00  0.000000e+00  -3.735103e-01  0.000000e+00  0.000000e+00  2.901620e-01  0.000000e+00  0.000000e+00  -3.735103e-01  0.000000e+00  0.000000e+00  2.901620e-01  2.147067e+00  1.681091e-02  9.137946e-01  0.000000e+00  0.000000e+00  2.901620e-01  0.000000e+00  0.000000e+00  -3.735103e-01  0.000000e+00  0.000000e+00  2.901620e-01  0.000000e+00  0.000000e+00  -3.735103e-01  0.000000e+00  0.000000e+00  2.901620e-01  
1.954709e+00  1.435248e-02  7.907246e-01  0.000000e+00  0.000000e+00  2.659850e-01  0.000000e+00  0.000000e+00  -3.758338e-01  0.000000e+00  0.000000e+00  2.659850e-01  0.000000e+00  0.000000e+00  -3.758338e-01  0.000000e+00  0.000000e+00  2.659850e-01  1.954709e+00  1.435248e-02  7.907246e-01  0.000000e+00  0.000000e+00  2.659850e-01  0.000000e+00  0.000000e+00  -3.758338e-01  0.000000e+00  0.000000e+00  2.659850e-01  0.000000e+00  0.000000e+00  -3.758338e-01  0.000000e+00  0.000000e+00  2.659850e-01  
1.983518e+00  6.295574e-03  8.585964e-01  0.000000e+00  0.000000e+00  2.706985e-01  0.000000e+00  0.000000e+00  -3.580179e-01  0.000000e+00  0.000000e+00  2.706985e-01  0.000000e+00  0.000000e+00  -3.580179e-01  0.000000e+00  0.000000e+00  2.706985e-01  1.983518e+00  6.295574e-03  8.585964e-01  0.000000e+00  0.000000e+00  2.706985e-01  0.000000e+00  0.000000e+00  -3.580179e-01  0.000000e+00  0.000000e+00  2.706985e-01  0.000000e+00  0.000000e+00  -3.580179e-01  0.000000e+00  0.000000e+00  2.706985e-01  
2.103457e+00  1.234459e-04  9.662006e-01  0.000000e+00  0.000000e+00  2.864695e-01  0.000000e+00  0.000000e+00  -3.638606e-01  0.000000e+00  0.000000e+00  2.864695e-01  0.000000e+00  0.000000e+00  -3.638606e-01  0.000000e+00  0.000000e+00  2.864695e-01  2.103457e+00  1.234459e-04  9.662006e-01  0.000000e+00  0.000000e+00  2.864695e-01  0.000000e+00  0.000000e+00  -3.638606e-01  0.000000e+00  0.000000e+00  2.864695e-01  0.000000e+00  0.000000e+00  -3.638606e-01  0.000000e+00  0.000000e+00  2.864695e-01  
2.053514e+00  2.659135e-02  8.073745e-01  0.000000e+00  0.000000e+00  2.764220e-01  0.000000e+00  0.000000e+00  -3.821846e-01  0.000000e+00  0.000000e+00  2.764220e-01  0.000000e+00  0.000000e+00  -3.821846e-01  0.000000e+00  0.000000e+00  2.764220e-01  2.053514e+00  2.659135e-02  8.073745e-01  0.000000e+00  0.000000e+00  2.764220e-01  0.000000e+00  0.000000e+00  -3.821846e-01  0.000000e+00  0.000000e+00  2.764220e-01  0.000000e+00  0.000000e+00  -3.821846e-01  0.000000e+00  0.000000e+00  2.764220e-01  
2.087850e+00  2.992210e-02  8.505602e-01  0.000000e+00  0.000000e+00  2.864001e-01  0.000000e+00  0.000000e+00  -3.609196e-01  0.000000e+00  0.000000e+00  2.864001e-01  0.000000e+00  0.000000e+00  -3.609196e-01  0.000000e+00  0.000000e+00  2.864001e-01  2.087850e+00  2.992210e-02  8.505602e-01  0.000000e+00  0.000000e+00  2.864001e-01  0.000000e+00  0.000000e+00  -3.609196e-01  0.000000e+00  0.000000e+00  2.864001e-01  0.000000e+00  0.000000e+00  -3.609196e-01  0.000000e+00  0.000000e+00  2.864001e-01  
1.982114e+00  8.488924e-03  8.746293e-01  0.000000e+00  0.000000e+00  3.484995e-01  0.000000e+00  0.000000e+00  -3.728718e-01  0.000000e+00  0.000000e+00  3.484995e-01  0.000000e+00  0.000000e+00  -3.728718e-01  0.000000e+00  0.000000e+00  3.484995e-01  1.982114e+00  8.488924e-03  8.746293e-01  0.000000e+00  0.000000e+00  3.484995e-01  0.000000e+00  0.000000e+00  -3.728718e-01  0.000000e+00  0.000000e+00  3.484995e-01  0.000000e+00  0.000000e+00  -3.728718e-01  0.000000e+00  0.000000e+00  3.484995e-01  
2.066749e+00  1.086438e-02  9.100676e-01  0.000000e+00  0.000000e+00  3.098390e-01  0.000000e+00  0.000000e+00  -3.690128e-01  0.000000e+00  0.000000e+00  3.098390e-01  0.000000e+00  0.000000e+00  -3.690128e-01  0.000000e+00  0.000000e+00  3.098390e-01  2.066749e+00  1.086438e-02  9.100676e-01  0.000000e+00  0.000000e+00  3.098390e-01  0.000000e+00  0.000000e+00  -3.690128e-01  0.000000e+00  0.000000e+00  3.098390e-01  0.000000e+00  0.000000e+00  -3.690128e-01  0.000000e+00  0.000000e+00  3.098390e-01  
2.124057e+00  1.403620e-02  8.918479e-01  0.000000e+00  0.000000e+00  2.872424e-01  0.000000e+00  0.000000e+00  -3.711968e-01  0.000000e+00  0.000000e+00  2.872424e-01  0.000000e+00  0.000000e+00  -3.711968e-01  0.000000e+00  0.000000e+00  2.872424e-01  2.124057e+00  1.403620e-02  8.918479e-01  0.000000e+00  0.000000e+00  2.872424e-01  0.000000e+00  0.000000e+00  -3.711968e-01  0.000000e+00  0.000000e+00  2.872424e-01  0.000000e+00  0.000000e+00  -3.711968e-01  0.000000e+00  0.000000e+00  2.872424e-01  
2.099323e+00  3.409110e-02  8.424143e-01  0.000000e+00  0.000000e+00  3.110021e-01  0.000000e+00  0.000000e+00  -3.720649e-01  0.000000e+00  0.000000e+00  3.110021e-01  0.000000e+00  0.000000e+00  -3.720649e-01  0.000000e+00  0.000000e+00  3.110021e-01  2.099323e+00  3.409110e-02  8.424143e-01  0.000000e+00  0.000000e+00  3.110021e-01  0.000000e+00  0.000000e+00  -3.720649e-01  0.000000e+00  0.000000e+00  3.110021e-01  0.000000e+00  0.000000e+00  -3.720649e-01  0.000000e+00  0.000000e+00  3.110021e-01  
2.029300e+00  1.178459e-02  8.697094e-01  0.000000e+00  0.000000e+00  2.599125e-01  0.000000e+00  0.000000e+00  -3.721630e-01  0.000000e+00  0.000000e+00  2.599125e-01  0.000000e+00  0.000000e+00  -3.721630e-01  0.000000e+00  0.000000e+00  2.599125e-01  2.029300e+00  1.178459e-02  8.697094e-01  0.000000e+00  0.000000e+00  2.599125e-01  0.000000e+00  0.000000e+00  -3.721630e-01  0.000000e+00  0.000000e+00  2.599125e-01  0.000000e+00  0.000000e+00  -3.721630e-01  0.000000e+00  0.000000e+00  2.599125e-01  
1.992015e+00  2.086973e-03  8.610497e-01  0.000000e+00  0.000000e+00  2.476565e-01  0.000000e+00  0.000000e+00  -3.670420e-01  0.000000e+00  0.000000e+00  2.476565e-01  0.000000e+00  0.000000e+00  -3.670420e-01  0.000000e+00  0.000000e+00  2.476565e-01  1.992015e+00  2.086973e-03  8.610497e-01  0.000000e+00  0.000000e+00  2.476565e-01  0.000000e+00  0.000000e+00  -3.670420e-01  0.000000e+00  0.000000e+00  2.476565e-01  0.000000e+00  0.000000e+00  -3.670420e-01  0.000000e+00  0.000000e+00  2.476565e-01  
2.085100e+00  9.288021e-03  8.822008e-01  0.000000e+00  0.000000e+00  3.369484e-01  0.000000e+00  0.000000e+00  -3.850800e-01  0.000000e+00  0.000000e+00  3.369484e-01  0.000000e+00  0.000000e+00  -3.850800e-01  0.000000e+00  0.000000e+00  3.369484e-01  2.085100e+00  9.288021e-03  8.822008e-01  0.000000e+00  0.000000e+00  3.369484e-01  0.000000e+00  0.000000e+00  -3.850800e-01  0.000000e+00  0.000000e+00  3.369484e-01  0.000000e+00  0.000000e+00  -3.850800e-01  0.000000e+00  0.000000e+00  3.369484e-01  
2.166103e+00  5.513811e-02  7.832170e-01  0.000000e+00  0.000000e+00  3.360807e-01  0.000000e+00  0.000000e+00  -3.798268e-01  0.000000e+00  0.000000e+00  3.360807e-01  0.000000e+00  0.000000e+00  -3.798268e-01  0.000000e+00  0.000000e+00  3.360807e-01  2.166103e+00  5.513811e-02  7.832170e-01  0.000000e+00  0.000000e+00  3.360807e-01  0.000000e+00  0.000000e+00  -3.798268e-01  0.000000e+00  0.000000e+00  3.360807e-01  0.000000e+00  0.000000e+00  -3.798268e-01  0.000000e+00  0.000000e+00  3.360807e-01  
2.088918e+00  9.567222e-03  8.724350e-01  0.000000e+00  0.000000e+00  3.234361e-01  0.000000e+00  0.000000e+00  -3.795417e-01  0.000000e+00  0.000000e+00  3.234361e-01  0.000000e+00  0.000000e+00  -3.795417e-01  0.000000e+00  0.000000e+00  3.234361e-01  2.088918e+00  9.567222e-03  8.724350e-01  0.000000e+00  0.000000e+00  3.234361e-01  0.000000e+00  0.000000e+00  -3.795417e-01  0.000000e+00  0.000000e+00  3.234361e-01  0.000000e+00  0.000000e+00  -3.795417e-01  0.000000e+00  0.000000e+00  3.234361e-01  
2.118649e+00  3.320622e-03  9.132022e-01  0.000000e+00  0.000000e+00  2.855222e-01  0.000000e+00  0.000000e+00  -3.759776e-01  0.000000e+00  0.000000e+00  2.855222e-01  0.000000e+00  0.000000e+00  -3.759776e-01  0.000000e+00  0.000000e+00  2.855222e-01  2.118649e+00  3.320622e-03  9.132022e-01  0.000000e+00  0.000000e+00  2.855222e-01  0.000000e+00  0.000000e+00  -3.759776e-01  0.000000e+00  0.000000e+00  2.855222e-01  0.000000e+00  0.000000e+00  -3.759776e-01  0.000000e+00  0.000000e+00  2.855222e-01  
2.039921e+00  7.588480e-04  9.181886e-01  0.000000e+00  0.000000e+00  3.051416e-01  0.000000e+00  0.000000e+00  -3.686793e-01  0.000000e+00  0.000000e+00  3.051416e-01  0.000000e+00  0.000000e+00  -3.686793e-01  0.000000e+00  0.000000e+00  3.051416e-01  2.039921e+00  7.588480e-04  9.181886e-01  0.000000e+00  0.000000e+00  3.051416e-01  0.000000e+00  0.000000e+00  -3.686793e-01  0.000000e+00  0.000000e+00  3.051416e-01  0.000000e+00  0.000000e+00  -3.686793e-01  0.000000e+00  0.000000e+00  3.051416e-01  
2.013607e+00  2.916788e-02  8.425706e-01  0.000000e+00  0.000000e+00  2.647423e-01  0.000000e+00  0.000000e+00  -3.517078e-01  0.000000e+00  0.000000e+00  2.647423e-01  0.000000e+00  0.000000e+00  -3.517078e-01  0.000000e+00  0.000000e+00  2.647423e-01  2.013607e+00  2.916788e-02  8.425706e-01  0.000000e+00  0.000000e+00  2.647423e-01  0.000000e+00  0.000000e+00  -3.517078e-01  0.000000e+00  0.000000e+00  2.647423e-01  0.000000e+00  0.000000e+00  -3.517078e-01  0.000000e+00  0.000000e+00  2.647423e-01  
2.105759e+00  4.598011e-03  9.601499e-01  0.000000e+00  0.000000e+00  3.949332e-01  0.000000e+00  0.000000e+00  -3.816025e-01  0.000000e+00  0.000000e+00  3.949332e-01  0.000000e+00  0.000000e+00  -3.816025e-01  0.000000e+00  0.000000e+00  3.949332e-01  2.105759e+00  4.598011e-03  9.601499e-01  0.000000e+00  0.000000e+00  3.949332e-01  0.000000e+00  0.000000e+00  -3.816025e-01  0.000000e+00  0.000000e+00  3.949332e-01  0.000000e+00  0.000000e+00  -3.816025e-01  0.000000e+00  0.000000e+00  3.949332e-01  
2.077828e+00  2.632914e-02  8.278013e-01  0.000000e+00  0.000000e+00  2.880801e-01  0.000000e+00  0.000000e+00  -3.811764e-01  0.000000e+00  0.000000e+00  2.880801e-01  0.000000e+00  0.000000e+00  -3.811764e-01  0.000000e+00  0.000000e+00  2.880801e-01  2.077828e+00  2.632914e-02  8.278013e-01  0.000000e+00  0.000000e+00  2.880801e-01  0.000000e+00  0.000000e+00  -3.811764e-01  0.000000e+00  0.000000e+00  2.880801e-01  0.000000e+00  0.000000e+00  -3.811764e-01  0.000000e+00  0.000000e+00  2.880801e-01  
2.096834e+00  1.229883e-02  8.902705e-01  0.000000e+00  0.000000e+00  3.493350e-01  0.000000e+00  0.000000e+00  -3.850539e-01  0.000000e+00  0.000000e+00  3.493350e-01  0.000000e+00  0.000000e+00  -3.850539e-01  0.000000e+00  0.000000e+00  3.493350e-01  2.096834e+00  1.229883e-02  8.902705e-01  0.000000e+00  0.000000e+00  3.493350e-01  0.000000e+00  0.000000e+00  -3.850539e-01  0.000000e+00  0.000000e+00  3.493350e-01  0.000000e+00  0.000000e+00  -3.850539e-01  0.000000e+00  0.000000e+00  3.493350e-01  
2.020786e+00  3.086739e-02  8.046702e-01  0.000000e+00  0.000000e+00  2.546134e-01  0.000000e+00  0.000000e+00  -3.669071e-01  0.000000e+00  0.000000e+00  2.546134e-01  0.000000e+00  0.000000e+00  -3.669071e-01  0.000000e+00  0.000000e+00  2.546134e-01  2.020786e+00  3.086739e-02  8.046702e-01  0.000000e+00  0.000000e+00  2.546134e-01  0.000000e+00  0.000000e+00  -3.669071e-01  0.000000e+00  0.000000e+00  2.546134e-01  0.000000e+00  0.000000e+00  -3.669071e-01  0.000000e+00  0.000000e+00  2.546134e-01  
2.086373e+00  1.433592e-02  8.342038e-01  0.000000e+00  0.000000e+00  2.434100e-01  0.000000e+00  0.000000e+00  -3.725608e-01  0.000000e+00  0.000000e+00  2.434100e-01  0.000000e+00  0.000000e+00  -3.725608e-01  0.000000e+00  0.000000e+00  2.434100e-01  2.086373e+00  1.433592e-02  8.342038e-01  0.000000e+00  0.000000e+00  2.434100e-01  0.000000e+00  0.000000e+00  -3.725608e-01  0.000000e+00  0.000000e+00  2.434100e-01  0.000000e+00  0.000000e+00  -3.725608e-01  0.000000e+00  0.000000e+00  2.434100e-01  
1.973227e+00  6.091482e-03  8.841717e-01  0.000000e+00  0.000000e+00  2.906139e-01  0.000000e+00  0.000000e+00  -3.644676e-01  0.000000e+00  0.000000e+00  2.906139e-01  0.000000e+00  0.000000e+00  -3.644676e-01  0.000000e+00  0.000000e+00  2.906139e-01  1.973227e+00  6.091482e-03  8.841717e-01  0.000000e+00  0.000000e+00  2.906139e-01  0.000000e+00  0.000000e+00  -3.644676e-01  0.000000e+00  0.000000e+00  2.906139e-01  0.000000e+00  0.000000e+00  -3.644676e-01  0.000000e+00  0.000000e+00  2.906139e-01  
1.957285e+00  4.989403e-03  8.670851e-01  0.000000e+00  0.000000e+00  3.064482e-01  0.000000e+00  0.000000e+00  -3.579188e-01  0.000000e+00  0.000000e+00  3.064482e-01  0.000000e+00  0.000000e+00  -3.579188e-01  0.000000e+00  0.000000e+00  3.064482e-01  1.957285e+00  4.989403e-03  8.670851e-01  0.000000e+00  0.000000e+00  3.064482e-01  0.000000e+00  0.000000e+00  -3.579188e-01  0.000000e+00  0.000000e+00  3.064482e-01  0.000000e+00  0.000000e+00  -3.579188e-01  0.000000e+00  0.000000e+00  3.064482e-01  
2.020105e+00  4.928948e-03  8.814077e-01  0.000000e+00  0.000000e+00  2.950807e-01  0.000000e+00  0.000000e+00  -3.779248e-01  0.000000e+00  0.000000e+00  2.950807e-01  0.000000e+00  0.000000e+00  -3.779248e-01  0.000000e+00  0.000000e+00  2.950807e-01  2.020105e+00  4.928948e-03  8.814077e-01  0.000000e+00  0.000000e+00  2.950807e-01  0.000000e+00  0.000000e+00  -3.779248e-01  0.000000e+00  0.000000e+00  2.950807e-01  0.000000e+00  0.000000e+00  -3.779248e-01  0.000000e+00  0.000000e+00  2.950807e-01  
1.945052e+00  5.587519e-03  8.629536e-01  0.000000e+00  0.000000e+00  2.974419e-01  0.000000e+00  0.000000e+00  -3.591333e-01  0.000000e+00  0.000000e+00  2.974419e-01  0.000000e+00  0.000000e+00  -3.591333e-01  0.000000e+00  0.000000e+00  2.974419e-01  1.945052e+00  5.587519e-03  8.629536e-01  0.000000e+00  0.000000e+00  2.974419e-01  0.000000e+00  0.000000e+00  -3.591333e-01  0.000000e+00  0.000000e+00  2.974419e-01  0.000000e+00  0.000000e+00  -3.591333e-01  0.000000e+00  0.000000e+00  2.974419e-01  
1.859043e+00  6.754093e-03  8.520018e-01  0.000000e+00  0.000000e+00  2.992795e-01  0.000000e+00  0.000000e+00  -3.477613e-01  0.000000e+00  0.000000e+00  2.992795e-01  0.000000e+00  0.000000e+00  -3.477613e-01  0.000000e+00  0.000000e+00  2.992795e-01  1.859043e+00  6.754093e-03  8.520018e-01  0.000000e+00  0.000000e+00  2.992795e-01  0.000000e+00  0.000000e+00  -3.477613e-01  0.000000e+00  0.000000e+00  2.992795e-01  0.000000e+00  0.000000e+00  -3.477613e-01  0.000000e+00  0.000000e+00  2.992795e-01  
1.946978e+00  7.659398e-03  8.629701e-01  0.000000e+00  0.000000e+00  2.143570e-01  0.000000e+00  0.000000e+00  -3.536997e-01  0.000000e+00  0.000000e+00  2.143570e-01  0.000000e+00  0.000000e+00  -3.536997e-01  0.000000e+00  0.000000e+00  2.143570e-01  1.946978e+00  7.659398e-03  8.629701e-01  0.000000e+00  0.000000e+00  2.143570e-01  0.000000e+00  0.000000e+00  -3.536997e-01  0.000000e+00  0.000000e+00  2.143570e-01  0.000000e+00  0.000000e+00  -3.536997e-01  0.000000e+00  0.000000e+00  2.143570e-01  
2.084896e+00  5.938516e-03  9.119979e-01  0.000000e+00  0.000000e+00  3.356226e-01  0.000000e+00  0.000000e+00  -3.671820e-01  0.000000e+00  0.000000e+00  3.356226e-01  0.000000e+00  0.000000e+00  -3.671820e-01  0.000000e+00  0.000000e+00  3.356226e-01  2.084896e+00  5.938516e-03  9.119979e-01  0.000000e+00  0.000000e+00  3.356226e-01  0.000000e+00  0.000000e+00  -3.671820e-01  0.000000e+00  0.000000e+00  3.356226e-01  0.000000e+00  0.000000e+00  -3.671820e-01  0.000000e+00  0.000000e+00  3.356226e-01  
2.181390e+00  2.024701e-02  8.658801e-01  0.000000e+00  0.000000e+00  2.445297e-01  0.000000e+00  0.000000e+00  -3.734969e-01  0.000000e+00  0.000000e+00  2.445297e-01  0.000000e+00  0.000000e+00  -3.734969e-01  0.000000e+00  0.000000e+00  2.445297e-01  2.181390e+00  2.024701e-02  8.658801e-01  0.000000e+00  0.000000e+00  2.445297e-01  0.000000e+00  0.000000e+00  -3.734969e-01  0.000000e+00  0.000000e+00  2.445297e-01  0.000000e+00  0.000000e+00  -3.734969e-01  0.000000e+00  0.000000e+00  2.445297e-01  
2.080266e+00  7.572353e-03  9.118868e-01  0.000000e+00  0.000000e+00  2.612621e-01  0.000000e+00  0.000000e+00  -3.599763e-01  0.000000e+00  0.000000e+00  2.612621e-01  0.000000e+00  0.000000e+00  -3.599763e-01  0.000000e+00  0.000000e+00  2.612621e-01  2.080266e+00  7.572353e-03  9.118868e-01  0.000000e+00  0.000000e+00  2.612621e-01  0.000000e+00  0.000000e+00  -3.599763e-01  0.000000e+00  0.000000e+00  2.612621e-01  0.000000e+00  0.000000e+00  -3.599763e-01  0.000000e+00  0.000000e+00  2.612621e-01  
2.009531e+00  6.114629e-03  9.125714e-01  0.000000e+00  0.000000e+00  3.398143e-01  0.000000e+00  0.000000e+00  -3.582330e-01  0.000000e+00  0.000000e+00  3.398143e-01  0.000000e+00  0.000000e+00  -3.582330e-01  0.000000e+00  0.000000e+00  3.398143e-01  2.009531e+00  6.114629e-03  9.125714e-01  0.000000e+00  0.000000e+00  3.398143e-01  0.000000e+00  0.000000e+00  -3.582330e-01  0.000000e+00  0.000000e+00  3.398143e-01  0.000000e+00  0.000000e+00  -3.582330e-01  0.000000e+00  0.000000e+00  3.398143e-01  
2.047080e+00  4.321569e-02  8.024119e-01  0.000000e+00  0.000000e+00  3.206228e-01  0.000000e+00  0.000000e+00  -3.527095e-01  0.000000e+00  0.000000e+00  3.206228e-01  0.000000e+00  0.000000e+00  -3.527095e-01  0.000000e+00  0.000000e+00  3.206228e-01  2.047080e+00  4.321569e-02  8.024119e-01  0.000000e+00  0.000000e+00  3.206228e-01  0.000000e+00  0.000000e+00  -3.527095e-01  0.000000e+00  0.000000e+00  3.206228e-01  0.000000e+00  0.000000e+00  -3.527095e-01  0.000000e+00  0.000000e+00  3.206228e-01  
2.179776e+00  1.267758e-02  8.465856e-01  0.000000e+00  0.000000e+00  3.062395e-01  0.000000e+00  0.000000e+00  -3.922986e-01  0.000000e+00  0.000000e+00  3.062395e-01  0.000000e+00  0.000000e+00  -3.922986e-01  0.000000e+00  0.000000e+00  3.062395e-01  2.179776e+00  1.267758e-02  8.465856e-01  0.000000e+00  0.000000e+00  3.062395e-01  0.000000e+00  0.000000e+00  -3.922986e-01  0.000000e+00  0.000000e+00  3.062395e-01  0.000000e+00  0.000000e+00  -3.922986e-01  0.000000e+00  0.000000e+00  3.062395e-01  
2.053617e+00  1.148399e-02  8.901119e-01  0.000000e+00  0.000000e+00  3.073221e-01  0.000000e+00  0.000000e+00  -3.704927e-01  0.000000e+00  0.000000e+00  3.073221e-01  0.000000e+00  0.000000e+00  -3.704927e-01  0.000000e+00  0.000000e+00  3.073221e-01  2.053617e+00  1.148399e-02  8.901119e-01  0.000000e+00  0.000000e+00  3.073221e-01  0.000000e+00  0.000000e+00  -3.704927e-01  0.000000e+00  0.000000e+00  3.073221e-01  0.000000e+00  0.000000e+00  -3.704927e-01  0.000000e+00  0.000000e+00  3.073221e-01  
2.088231e+00  6.774943e-02  7.759664e-01  0.000000e+00  0.000000e+00  2.773106e-01  0.000000e+00  0.000000e+00  -3.515795e-01  0.000000e+00  0.000000e+00  2.773106e-01  0.000000e+00  0.000000e+00  -3.515795e-01  0.000000e+00  0.000000e+00  2.773106e-01  2.088231e+00  6.774943e-02  7.759664e-01  0.000000e+00  0.000000e+00  2.773106e-01  0.000000e+00  0.000000e+00  -3.515795e-01  0.000000e+00  0.000000e+00  2.773106e-01  0.000000e+00  0.000000e+00  -3.515795e-01  0.000000e+00  0.000000e+00  2.773106e-01  
2.106971e+00  7.228373e-03  9.064274e-01  0.000000e+00  0.000000e+00  2.270329e-01  0.000000e+00  0.000000e+00  -3.767591e-01  0.000000e+00  0.000000e+00  2.270329e-01  0.000000e+00  0.000000e+00  -3.767591e-01  0.000000e+00  0.000000e+00  2.270329e-01  2.106971e+00  7.228373e-03  9.064274e-01  0.000000e+00  0.000000e+00  2.270329e-01  0.000000e+00  0.000000e+00  -3.767591e-01  0.000000e+00  0.000000e+00  2.270329e-01  0.000000e+00  0.000000e+00  -3.767591e-01  0.000000e+00  0.000000e+00  2.270329e-01  
2.179024e+00  2.225483e-02  8.907387e-01  0.000000e+00  0.000000e+00  3.062904e-01  0.000000e+00  0.000000e+00  -3.817257e-01  0.000000e+00  0.000000e+00  3.062904e-01  0.000000e+00  0.000000e+00  -3.817257e-01  0.000000e+00  0.000000e+00  3.062904e-01  2.179024e+00  2.225483e-02  8.907387e-01  0.000000e+00  0.000000e+00  3.062904e-01  0.000000e+00  0.000000e+00  -3.817257e-01  0.000000e+00  0.000000e+00  3.062904e-01  0.000000e+00  0.000000e+00  -3.817257e-01  0.000000e+00  0.000000e+00  3.062904e-01  
2.193639e+00  1.361592e-02  8.994268e-01  0.000000e+00  0.000000e+00  2.554106e-01  0.000000e+00  0.000000e+00  -3.799621e-01  0.000000e+00  0.000000e+00  2.554106e-01  0.000000e+00  0.000000e+00  -3.799621e-01  0.000000e+00  0.000000e+00  2.554106e-01  2.193639e+00  1.361592e-02  8.994268e-01  0.000000e+00  0.000000e+00  2.554106e-01  0.000000e+00  0.000000e+00  -3.799621e-01  0.000000e+00  0.000000e+00  2.554106e-01  0.000000e+00  0.000000e+00  -3.799621e-01  0.000000e+00  0.000000e+00  2.554106e-01  
2.181833e+00  1.670545e-02  8.960457e-01  0.000000e+00  0.000000e+00  2.957830e-01  0.000000e+00  0.000000e+00  -3.722799e-01  0.000000e+00  0.000000e+00  2.957830e-01  0.000000e+00  0.000000e+00  -3.722799e-01  0.000000e+00  0.000000e+00  2.957830e-01  2.181833e+00  1.670545e-02  8.960457e-01  0.000000e+00  0.000000e+00  2.957830e-01  0.000000e+00  0.000000e+00  -3.722799e-01  0.000000e+00  0.000000e+00  2.957830e-01  0.000000e+00  0.000000e+00  -3.722799e-01  0.000000e+00  0.000000e+00  2.957830e-01  
2.112182e+00  6.876442e-03  8.710317e-01  0.000000e+00  0.000000e+00  2.990307e-01  0.000000e+00  0.000000e+00  -3.822957e-01  0.000000e+00  0.000000e+00  2.990307e-01  0.000000e+00  0.000000e+00  -3.822957e-01  0.000000e+00  0.000000e+00  2.990307e-01  2.112182e+00  6.876442e-03  8.710317e-01  0.000000e+00  0.000000e+00  2.990307e-01  0.000000e+00  0.000000e+00  -3.822957e-01  0.000000e+00  0.000000e+00  2.990307e-01  0.000000e+00  0.000000e+00  -3.822957e-01  0.000000e+00  0.000000e+00  2.990307e-01  
2.058453e+00  5.309026e-03  8.840441e-01  0.000000e+00  0.000000e+00  2.393416e-01  0.000000e+00  0.000000e+00  -3.699738e-01  0.000000e+00  0.000000e+00  2.393416e-01  0.000000e+00  0.000000e+00  -3.699738e-01  0.000000e+00  0.000000e+00  2.393416e-01  2.058453e+00  5.309026e-03  8.840441e-01  0.000000e+00  0.000000e+00  2.393416e-01  0.000000e+00  0.000000e+00  -3.699738e-01  0.000000e+00  0.000000e+00  2.393416e-01  0.000000e+00  0.000000e+00  -3.699738e-01  0.000000e+00  0.000000e+00  2.393416e-01  
1.939675e+00  5.465986e-03  8.643153e-01  0.000000e+00  0.000000e+00  3.929098e-01  0.000000e+00  0.000000e+00  -3.679236e-01  0.000000e+00  0.000000e+00  3.929098e-01  0.000000e+00  0.000000e+00  -3.679236e-01  0.000000e+00  0.000000e+00  3.929098e-01  1.939675e+00  5.465986e-03  8.643153e-01  0.000000e+00  0.000000e+00  3.929098e-01  0.000000e+00  0.000000e+00  -3.679236e-01  0.000000e+00  0.000000e+00  3.929098e-01  0.000000e+00  0.000000e+00  -3.679236e-01  0.000000e+00  0.000000e+00  3.929098e-01  
1.947946e+00  5.755155e-03  8.235915e-01  0.000000e+00  0.000000e+00  2.619752e-01  0.000000e+00  0.000000e+00  -3.662413e-01  0.000000e+00  0.000000e+00  2.619752e-01  0.000000e+00  0.000000e+00  -3.662413e-01  0.000000e+00  0.000000e+00  2.619752e-01  1.947946e+00  5.755155e-03  8.235915e-01  0.000000e+00  0.000000e+00  2.619752e-01  0.000000e+00  0.000000e+00  -3.662413e-01  0.000000e+00  0.000000e+00  2.619752e-01  0.000000e+00  0.000000e+00  -3.662413e-01  0.000000e+00  0.000000e+00  2.619752e-01  
2.184103e+00  4.363950e-02  8.082560e-01  0.000000e+00  0.000000e+00  3.328855e-01  0.000000e+00  0.000000e+00  -3.897263e-01  0.000000e+00  0.000000e+00  3.328855e-01  0.000000e+00  0.000000e+00  -3.897263e-01  0.000000e+00  0.000000e+00  3.328855e-01  2.184103e+00  4.363950e-02  8.082560e-01  0.000000e+00  0.000000e+00  3.328855e-01  0.000000e+00  0.000000e+00  -3.897263e-01  0.000000e+00  0.000000e+00  3.328855e-01  0.000000e+00  0.000000e+00  -3.897263e-01  0.000000e+00  0.000000e+00  3.328855e-01  
2.075076e+00  5.240411e-03  9.066705e-01  0.000000e+00  0.000000e+00  3.337447e-01  0.000000e+00  0.000000e+00  -3.732049e-01  0.000000e+00  0.000000e+00  3.337447e-01  0.000000e+00  0.000000e+00  -3.732049e-01  0.000000e+00  0.000000e+00  3.337447e-01  2.075076e+00  5.240411e-03  9.066705e-01  0.000000e+00  0.000000e+00  3.337447e-01  0.000000e+00  0.000000e+00  -3.732049e-01  0.000000e+00  0.000000e+00  3.337447e-01  0.000000e+00  0.000000e+00  -3.732049e-01  0.000000e+00  0.000000e+00  3.337447e-01  
2.109903e+00  4.912008e-02  8.257293e-01  0.000000e+00  0.000000e+00  2.882412e-01  0.000000e+00  0.000000e+00  -3.549042e-01  0.000000e+00  0.000000e+00  2.882412e-01  0.000000e+00  0.000000e+00  -3.549042e-01  0.000000e+00  0.000000e+00  2.882412e-01  2.109903e+00  4.912008e-02  8.257293e-01  0.000000e+00  0.000000e+00  2.882412e-01  0.000000e+00  0.000000e+00  -3.549042e-01  0.000000e+00  0.000000e+00  2.882412e-01  0.000000e+00  0.000000e+00  -3.549042e-01  0.000000e+00  0.000000e+00  2.882412e-01  
2.179361e+00  3.016666e-02  8.433591e-01  0.000000e+00  0.000000e+00  2.407684e-01  0.000000e+00  0.000000e+00  -3.850792e-01  0.000000e+00  0.000000e+00  2.407684e-01  0.000000e+00  0.000000e+00  -3.850792e-01  0.000000e+00  0.000000e+00  2.407684e-01  2.179361e+00  3.016666e-02  8.433591e-01  0.000000e+00  0.000000e+00  2.407684e-01  0.000000e+00  0.000000e+00  -3.850792e-01  0.000000e+00  0.000000e+00  2.407684e-01  0.000000e+00  0.000000e+00  -3.850792e-01  0.000000e+00  0.000000e+00  2.407684e-01  
2.052639e+00  4.272581e-03  8.937069e-01  0.000000e+00  0.000000e+00  2.510130e-01  0.000000e+00  0.000000e+00  -3.632984e-01  0.000000e+00  0.000000e+00  2.510130e-01  0.000000e+00  0.000000e+00  -3.632984e-01  0.000000e+00  0.000000e+00  2.510130e-01  2.052639e+00  4.272581e-03  8.937069e-01  0.000000e+00  0.000000e+00  2.510130e-01  0.000000e+00  0.000000e+00  -3.632984e-01  0.000000e+00  0.000000e+00  2.510130e-01  0.000000e+00  0.000000e+00  -3.632984e-01  0.000000e+00  0.000000e+00  2.510130e-01  
2.092434e+00  5.613265e-03  8.818868e-01  0.000000e+00  0.000000e+00  3.010282e-01  0.000000e+00  0.000000e+00  -3.770076e-01  0.000000e+00  0.000000e+00  3.010282e-01  0.000000e+00  0.000000e+00  -3.770076e-01  0.000000e+00  0.000000e+00  3.010282e-01  2.092434e+00  5.613265e-03  8.818868e-01  0.000000e+00  0.000000e+00  3.010282e-01  0.000000e+00  0.000000e+00  -3.770076e-01  0.000000e+00  0.000000e+00  3.010282e-01  0.000000e+00  0.000000e+00  -3.770076e-01  0.000000e+00  0.000000e+00  3.010282e-01  
2.093477e+00  1.700534e-02  8.577440e-01  0.000000e+00  0.000000e+00  2.945678e-01  0.000000e+00  0.000000e+00  -3.635337e-01  0.000000e+00  0.000000e+00  2.945678e-01  0.000000e+00  0.000000e+00  -3.635337e-01  0.000000e+00  0.000000e+00  2.945678e-01  2.093477e+00  1.700534e-02  8.577440e-01  0.000000e+00  0.000000e+00  2.945678e-01  0.000000e+00  0.000000e+00  -3.635337e-01  0.000000e+00  0.000000e+00  2.945678e-01  0.000000e+00  0.000000e+00  -3.635337e-01  0.000000e+00  0.000000e+00  2.945678e-01  
2.192242e+00  5.228021e-02  8.074989e-01  0.000000e+00  0.000000e+00  2.583944e-01  0.000000e+00  0.000000e+00  -3.702923e-01  0.000000e+00  0.000000e+00  2.583944e-01  0.000000e+00  0.000000e+00  -3.702923e-01  0.000000e+00  0.000000e+00  2.583944e-01  2.192242e+00  5.228021e-02  8.074989e-01  0.000000e+00  0.000000e+00  2.583944e-01  0.000000e+00  0.000000e+00  -3.702923e-01  0.000000e+00  0.000000e+00  2.583944e-01  0.000000e+00  0.000000e+00  -3.702923e-01  0.000000e+00  0.000000e+00  2.583944e-01  
2.080191e+00  1.073933e-02  8.621888e-01  0.000000e+00  0.000000e+00  2.896048e-01  0.000000e+00  0.000000e+00  -3.620028e-01  0.000000e+00  0.000000e+00  2.896048e-01  0.000000e+00  0.000000e+00  -3.620028e-01  0.000000e+00  0.000000e+00  2.896048e-01  2.080191e+00  1.073933e-02  8.621888e-01  0.000000e+00  0.000000e+00  2.896048e-01  0.000000e+00  0.000000e+00  -3.620028e-01  0.000000e+00  0.000000e+00  2.896048e-01  0.000000e+00  0.000000e+00  -3.620028e-01  0.000000e+00  0.000000e+00  2.896048e-01  
2.161038e+00  2.183734e-02  8.914518e-01  0.000000e+00  0.000000e+00  3.293260e-01  0.000000e+00  0.000000e+00  -3.716771e-01  0.000000e+00  0.000000e+00  3.293260e-01  0.000000e+00  0.000000e+00  -3.716771e-01  0.000000e+00  0.000000e+00  3.293260e-01  2.161038e+00  2.183734e-02  8.914518e-01  0.000000e+00  0.000000e+00  3.293260e-01  0.000000e+00  0.000000e+00  -3.716771e-01  0.000000e+00  0.000000e+00  3.293260e-01  0.000000e+00  0.000000e+00  -3.716771e-01  0.000000e+00  0.000000e+00  3.293260e-01  
1.949938e+00  5.000504e-04  9.006795e-01  0.000000e+00  0.000000e+00  2.525550e-01  0.000000e+00  0.000000e+00  -3.629452e-01  0.000000e+00  0.000000e+00  2.525550e-01  0.000000e+00  0.000000e+00  -3.629452e-01  0.000000e+00  0.000000e+00  2.525550e-01  1.949938e+00  5.000504e-04  9.006795e-01  0.000000e+00  0.000000e+00  2.525550e-01  0.000000e+00  0.000000e+00  -3.629452e-01  0.000000e+00  0.000000e+00  2.525550e-01  0.000000e+00  0.000000e+00  -3.629452e-01  0.000000e+00  0.000000e+00  2.525550e-01  
2.287474e+00  2.695194e-02  8.328710e-01  0.000000e+00  0.000000e+00  2.931101e-01  0.000000e+00  0.000000e+00  -3.997451e-01  0.000000e+00  0.000000e+00  2.931101e-01  0.000000e+00  0.000000e+00  -3.997451e-01  0.000000e+00  0.000000e+00  2.931101e-01  2.287474e+00  2.695194e-02  8.328710e-01  0.000000e+00  0.000000e+00  2.931101e-01  0.000000e+00  0.000000e+00  -3.997451e-01  0.000000e+00  0.000000e+00  2.931101e-01  0.000000e+00  0.000000e+00  -3.997451e-01  0.000000e+00  0.000000e+00  2.931101e-01  
2.084706e+00  1.566426e-02  8.887203e-01  0.000000e+00  0.000000e+00  2.984719e-01  0.000000e+00  0.000000e+00  -3.554430e-01  0.000000e+00  0.000000e+00  2.984719e-01  0.000000e+00  0.000000e+00  -3.554430e-01  0.000000e+00  0.000000e+00  2.984719e-01  2.084706e+00  1.566426e-02  8.887203e-01  0.000000e+00  0.000000e+00  2.984719e-01  0.000000e+00  0.000000e+00  -3.554430e-01  0.000000e+00  0.000000e+00  2.984719e-01  0.000000e+00  0.000000e+00  -3.554430e-01  0.000000e+00  0.000000e+00  2.984719e-01  
2.009466e+00  1.612681e-02  8.359427e-01  0.000000e+00  0.000000e+00  2.354138e-01  0.000000e+00  0.000000e+00  -3.540576e-01  0.000000e+00  0.000000e+00  2.354138e-01  0.000000e+00  0.000000e+00  -3.540576e-01  0.000000e+00  0.000000e+00  2.354138e-01  2.009466e+00  1.612681e-02  8.359427e-01  0.000000e+00  0.000000e+00  2.354138e-01  0.000000e+00  0.000000e+00  -3.540576e-01  0.000000e+00  0.000000e+00  2.354138e-01  0.000000e+00  0.000000e+00  -3.540576e-01  0.000000e+00  0.000000e+00  2.354138e-01  
2.005568e+00  4.110897e-02  8.080689e-01  0.000000e+00  0.000000e+00  3.371316e-01  0.000000e+00  0.000000e+00  -3.589778e-01  0.000000e+00  0.000000e+00  3.371316e-01  0.000000e+00  0.000000e+00  -3.589778e-01  0.000000e+00  0.000000e+00  3.371316e-01  2.005568e+00  4.110897e-02  8.080689e-01  0.000000e+00  0.000000e+00  3.371316e-01  0.000000e+00  0.000000e+00  -3.589778e-01  0.000000e+00  0.000000e+00  3.371316e-01  0.000000e+00  0.000000e+00  -3.589778e-01  0.000000e+00  0.000000e+00  3.371316e-01  
1.993379e+00  1.088441e-02  8.647145e-01  0.000000e+00  0.000000e+00  2.951401e-01  0.000000e+00  0.000000e+00  -3.730738e-01  0.000000e+00  0.000000e+00  2.951401e-01  0.000000e+00  0.000000e+00  -3.730738e-01  0.000000e+00  0.000000e+00  2.951401e-01  1.993379e+00  1.088441e-02  8.647145e-01  0.000000e+00  0.000000e+00  2.951401e-01  0.000000e+00  0.000000e+00  -3.730738e-01  0.000000e+00  0.000000e+00  2.951401e-01  0.000000e+00  0.000000e+00  -3.730738e-01  0.000000e+00  0.000000e+00  2.951401e-01  
1.962029e+00  7.822182e-04  8.860664e-01  0.000000e+00  0.000000e+00  2.848152e-01  0.000000e+00  0.000000e+00  -3.566864e-01  0.000000e+00  0.000000e+00  2.848152e-01  0.000000e+00  0.000000e+00  -3.566864e-01  0.000000e+00  0.000000e+00  2.848152e-01  1.962029e+00  7.822182e-04  8.860664e-01  0.000000e+00  0.000000e+00  2.848152e-01  0.000000e+00  0.000000e+00  -3.566864e-01  0.000000e+00  0.000000e+00  2.848152e-01  0.000000e+00  0.000000e+00  -3.566864e-01  0.000000e+00  0.000000e+00  2.848152e-01  
1.987922e+00  3.266559e-02  8.139513e-01  0.000000e+00  0.000000e+00  2.895077e-01  0.000000e+00  0.000000e+00  -3.616077e-01  0.000000e+00  0.000000e+00  2.895077e-01  0.000000e+00  0.000000e+00  -3.616077e-01  0.000000e+00  0.000000e+00  2.895077e-01  1.987922e+00  3.266559e-02  8.139513e-01  0.000000e+00  0.000000e+00  2.895077e-01  0.000000e+00  0.000000e+00  -3.616077e-01  0.000000e+00  0.000000e+00  2.895077e-01  0.000000e+00  0.000000e+00  -3.616077e-01  0.000000e+00  0.000000e+00  2.895077e-01  
2.188581e+00  4.402536e-02  8.080957e-01  0.000000e+00  0.000000e+00  3.183324e-01  0.000000e+00  0.000000e+00  -3.808645e-01  0.000000e+00  0.000000e+00  3.183324e-01  0.000000e+00  0.000000e+00  -3.808645e-01  0.000000e+00  0.000000e+00  3.183324e-01  2.188581e+00  4.402536e-02  8.080957e-01  0.000000e+00  0.000000e+00  3.183324e-01  0.000000e+00  0.000000e+00  -3.808645e-01  0.000000e+00  0.000000e+00  3.183324e-01  0.000000e+00  0.000000e+00  -3.808645e-01  0.000000e+00  0.000000e+00  3.183324e-01  
2.082645e+00  2.527091e-04  8.625649e-01  0.000000e+00  0.000000e+00  2.680666e-01  0.000000e+00  0.000000e+00  -3.826198e-01  0.000000e+00  0.000000e+00  2.680666e-01  0.000000e+00  0.000000e+00  -3.826198e-01  0.000000e+00  0.000000e+00  2.680666e-01  2.082645e+00  2.527091e-04  8.625649e-01  0.000000e+00  0.000000e+00  2.680666e-01  0.000000e+00  0.000000e+00  -3.826198e-01  0.000000e+00  0.000000e+00  2.680666e-01  0.000000e+00  0.000000e+00  -3.826198e-01  0.000000e+00  0.000000e+00  2.680666e-01  
1.971927e+00  1.318508e-02  8.501978e-01  0.000000e+00  0.000000e+00  2.977005e-01  0.000000e+00  0.000000e+00  -3.540535e-01  0.000000e+00  0.000000e+00  2.977005e-01  0.000000e+00  0.000000e+00  -3.540535e-01  0.000000e+00  0.000000e+00  2.977005e-01  1.971927e+00  1.318508e-02  8.501978e-01  0.000000e+00  0.000000e+00  2.977005e-01  0.000000e+00  0.000000e+00  -3.540535e-01  0.000000e+00  0.000000e+00  2.977005e-01  0.000000e+00  0.000000e+00  -3.540535e-01  0.000000e+00  0.000000e+00  2.977005e-01  
2.147429e+00  1.721837e-02  8.838693e-01  0.000000e+00  0.000000e+00  2.842953e-01  0.000000e+00  0.000000e+00  -3.841244e-01  0.000000e+00  0.000000e+00  2.842953e-01  0.000000e+00  0.000000e+00  -3.841244e-01  0.000000e+00  0.000000e+00  2.842953e-01  2.147429e+00  1.721837e-02  8.838693e-01  0.000000e+00  0.000000e+00  2.842953e-01  0.000000e+00  0.000000e+00  -3.841244e-01  0.000000e+00  0.000000e+00  2.842953e-01  0.000000e+00  0.000000e+00  -3.841244e-01  0.000000e+00  0.000000e+00  2.842953e-01  
1.974849e+00  6.061232e-03  8.535544e-01  0.000000e+00  0.000000e+00  2.635526e-01  0.000000e+00  0.000000e+00  -3.658034e-01  0.000000e+00  0.000000e+00  2.635526e-01  0.000000e+00  0.000000e+00  -3.658034e-01  0.000000e+00  0.000000e+00  2.635526e-01  1.974849e+00  6.061232e-03  8.535544e-01  0.000000e+00  0.000000e+00  2.635526e-01  0.000000e+00  0.000000e+00  -3.658034e-01  0.000000e+00  0.000000e+00  2.635526e-01  0.000000e+00  0.000000e+00  -3.658034e-01  0.000000e+00  0.000000e+00  2.635526e-01  
2.181370e+00  1.221353e-02  9.182497e-01  0.000000e+00  0.000000e+00  2.736515e-01  0.000000e+00  0.000000e+00  -3.719881e-01  0.000000e+00  0.000000e+00  2.736515e-01  0.000000e+00  0.000000e+00  -3.719881e-01  0.000000e+00  0.000000e+00  2.736515e-01  2.181370e+00  1.221353e-02  9.182497e-01  0.000000e+00  0.000000e+00  2.736515e-01  0.000000e+00  0.000000e+00  -3.719881e-01  0.000000e+00  0.000000e+00  2.736515e-01  0.000000e+00  0.000000e+00  -3.719881e-01  0.000000e+00  0.000000e+00  2.736515e-01  
2.077723e+00  2.032194e-02  8.487493e-01  0.000000e+00  0.000000e+00  2.947597e-01  0.000000e+00  0.000000e+00  -3.690281e-01  0.000000e+00  0.000000e+00  2.947597e-01  0.000000e+00  0.000000e+00  -3.690281e-01  0.000000e+00  0.000000e+00  2.947597e-01  2.077723e+00  2.032194e-02  8.487493e-01  0.000000e+00  0.000000e+00  2.947597e-01  0.000000e+00  0.000000e+00  -3.690281e-01  0.000000e+00  0.000000e+00  2.947597e-01  0.000000e+00  0.000000e+00  -3.690281e-01  0.000000e+00  0.000000e+00  2.947597e-01  
2.024174e+00  6.235707e-03  8.679039e-01  0.000000e+00  0.000000e+00  2.574776e-01  0.000000e+00  0.000000e+00  -3.754854e-01  0.000000e+00  0.000000e+00  2.574776e-01  0.000000e+00  0.000000e+00  -3.754854e-01  0.000000e+00  0.000000e+00  2.574776e-01  2.024174e+00  6.235707e-03  8.679039e-01  0.000000e+00  0.000000e+00  2.574776e-01  0.000000e+00  0.000000e+00  -3.754854e-01  0.000000e+00  0.000000e+00  2.574776e-01  0.000000e+00  0.000000e+00  -3.754854e-01  0.000000e+00  0.000000e+00  2.574776e-01  
2.081452e+00  1.433263e-02  8.468275e-01  0.000000e+00  0.000000e+00  2.188381e-01  0.000000e+00  0.000000e+00  -3.775357e-01  0.000000e+00  0.000000e+00  2.188381e-01  0.000000e+00  0.000000e+00  -3.775357e-01  0.000000e+00  0.000000e+00  2.188381e-01  2.081452e+00  1.433263e-02  8.468275e-01  0.000000e+00  0.000000e+00  2.188381e-01  0.000000e+00  0.000000e+00  -3.775357e-01  0.000000e+00  0.000000e+00  2.188381e-01  0.000000e+00  0.000000e+00  -3.775357e-01  0.000000e+00  0.000000e+00  2.188381e-01  
2.069646e+00  2.966985e-02  8.214835e-01  0.000000e+00  0.000000e+00  2.854526e-01  0.000000e+00  0.000000e+00  -3.603491e-01  0.000000e+00  0.000000e+00  2.854526e-01  0.000000e+00  0.000000e+00  -3.603491e-01  0.000000e+00  0.000000e+00  2.854526e-01  2.069646e+00  2.966985e-02  8.214835e-01  0.000000e+00  0.000000e+00  2.854526e-01  0.000000e+00  0.000000e+00  -3.603491e-01  0.000000e+00  0.000000e+00  2.854526e-01  0.000000e+00  0.000000e+00  -3.603491e-01  0.000000e+00  0.000000e+00  2.854526e-01  
2.027170e+00  5.958027e-03  8.155400e-01  0.000000e+00  0.000000e+00  2.596997e-01  0.000000e+00  0.000000e+00  -3.908015e-01  0.000000e+00  0.000000e+00  2.596997e-01  0.000000e+00  0.000000e+00  -3.908015e-01  0.000000e+00  0.000000e+00  2.596997e-01  2.027170e+00  5.958027e-03  8.155400e-01  0.000000e+00  0.000000e+00  2.596997e-01  0.000000e+00  0.000000e+00  -3.908015e-01  0.000000e+00  0.000000e+00  2.596997e-01  0.000000e+00  0.000000e+00  -3.908015e-01  0.000000e+00  0.000000e+00  2.596997e-01  
2.109004e+00  3.706152e-02  8.437753e-01  0.000000e+00  0.000000e+00  2.707552e-01  0.000000e+00  0.000000e+00  -3.557419e-01  0.000000e+00  0.000000e+00  2.707552e-01  0.000000e+00  0.000000e+00  -3.557419e-01  0.000000e+00  0.000000e+00  2.707552e-01  2.109004e+00  3.706152e-02  8.437753e-01  0.000000e+00  0.000000e+00  2.707552e-01  0.000000e+00  0.000000e+00  -3.557419e-01  0.000000e+00  0.000000e+00  2.707552e-01  0.000000e+00  0.000000e+00  -3.557419e-01  0.000000e+00  0.000000e+00  2.707552e-01  
2.074626e+00  5.266850e-02  7.379202e-01  0.000000e+00  0.000000e+00  2.958780e-01  0.000000e+00  0.000000e+00  -3.819160e-01  0.000000e+00  0.000000e+00  2.958780e-01  0.000000e+00  0.000000e+00  -3.819160e-01  0.000000e+00  0.000000e+00  2.958780e-01  2.074626e+00  5.266850e-02  7.379202e-01  0.000000e+00  0.000000e+00  2.958780e-01  0.000000e+00  0.000000e+00  -3.819160e-01  0.000000e+00  0.000000e+00  2.958780e-01  0.000000e+00  0.000000e+00  -3.819160e-01  0.000000e+00  0.000000e+00  2.958780e-01  
2.141189e+00  6.249861e-03  9.540714e-01  0.000000e+00  0.000000e+00  2.911354e-01  0.000000e+00  0.000000e+00  -3.677844e-01  0.000000e+00  0.000000e+00  2.911354e-01  0.000000e+00  0.000000e+00  -3.677844e-01  0.000000e+00  0.000000e+00  2.911354e-01  2.141189e+00  6.249861e-03  9.540714e-01  0.000000e+00  0.000000e+00  2.911354e-01  0.000000e+00  0.000000e+00  -3.677844e-01  0.000000e+00  0.000000e+00  2.911354e-01  0.000000e+00  0.000000e+00  -3.677844e-01  0.000000e+00  0.000000e+00  2.911354e-01  
1.947485e+00  2.268758e-02  8.228168e-01  0.000000e+00  0.000000e+00  3.323638e-01  0.000000e+00  0.000000e+00  -3.588285e-01  0.000000e+00  0.000000e+00  3.323638e-01  0.000000e+00  0.000000e+00  -3.588285e-01  0.000000e+00  0.000000e+00  3.323638e-01  1.947485e+00  2.268758e-02  8.228168e-01  0.000000e+00  0.000000e+00  3.323638e-01  0.000000e+00  0.000000e+00  -3.588285e-01  0.000000e+00  0.000000e+00  3.323638e-01  0.000000e+00  0.000000e+00  -3.588285e-01  0.000000e+00  0.000000e+00  3.323638e-01  
2.155899e+00  4.478336e-02  8.143360e-01  0.000000e+00  0.000000e+00  3.338424e-01  0.000000e+00  0.000000e+00  -3.835457e-01  0.000000e+00  0.000000e+00  3.338424e-01  0.000000e+00  0.000000e+00  -3.835457e-01  0.000000e+00  0.000000e+00  3.338424e-01  2.155899e+00  4.478336e-02  8.143360e-01  0.000000e+00  0.000000e+00  3.338424e-01  0.000000e+00  0.000000e+00  -3.835457e-01  0.000000e+00  0.000000e+00  3.338424e-01  0.000000e+00  0.000000e+00  -3.835457e-01  0.000000e+00  0.000000e+00  3.338424e-01  
2.070627e+00  1.165028e-02  8.829060e-01  0.000000e+00  0.000000e+00  2.942909e-01  0.000000e+00  0.000000e+00  -3.593037e-01  0.000000e+00  0.000000e+00  2.942909e-01  0.000000e+00  0.000000e+00  -3.593037e-01  0.000000e+00  0.000000e+00  2.942909e-01  2.070627e+00  1.165028e-02  8.829060e-01  0.000000e+00  0.000000e+00  2.942909e-01  0.000000e+00  0.000000e+00  -3.593037e-01  0.000000e+00  0.000000e+00  2.942909e-01  0.000000e+00  0.000000e+00  -3.593037e-01  0.000000e+00  0.000000e+00  2.942909e-01  
2.057706e+00  5.768974e-03  8.952733e-01  0.000000e+00  0.000000e+00  2.648902e-01  0.000000e+00  0.000000e+00  -3.647625e-01  0.000000e+00  0.000000e+00  2.648902e-01  0.000000e+00  0.000000e+00  -3.647625e-01  0.000000e+00  0.000000e+00  2.648902e-01  2.057706e+00  5.768974e-03  8.952733e-01  0.000000e+00  0.000000e+00  2.648902e-01  0.000000e+00  0.000000e+00  -3.647625e-01  0.000000e+00  0.000000e+00  2.648902e-01  0.000000e+00  0.000000e+00  -3.647625e-01  0.000000e+00  0.000000e+00  2.648902e-01  
2.056313e+00  5.939585e-03  8.753200e-01  0.000000e+00  0.000000e+00  3.419266e-01  0.000000e+00  0.000000e+00  -3.863845e-01  0.000000e+00  0.000000e+00  3.419266e-01  0.000000e+00  0.000000e+00  -3.863845e-01  0.000000e+00  0.000000e+00  3.419266e-01  2.056313e+00  5.939585e-03  8.753200e-01  0.000000e+00  0.000000e+00  3.419266e-01  0.000000e+00  0.000000e+00  -3.863845e-01  0.000000e+00  0.000000e+00  3.419266e-01  0.000000e+00  0.000000e+00  -3.863845e-01  0.000000e+00  0.000000e+00  3.419266e-01  
1.959896e+00  1.101694e-02  8.463376e-01  0.000000e+00  0.000000e+00  3.239745e-01  0.000000e+00  0.000000e+00  -3.500354e-01  0.000000e+00  0.000000e+00  3.239745e-01  0.000000e+00  0.000000e+00  -3.500354e-01  0.000000e+00  0.000000e+00  3.239745e-01  1.959896e+00  1.101694e-02  8.463376e-01  0.000000e+00  0.000000e+00  3.239745e-01  0.000000e+00  0.000000e+00  -3.500354e-01  0.000000e+00  0.000000e+00  3.239745e-01  0.000000e+00  0.000000e+00  -3.500354e-01  0.000000e+00  0.000000e+00  3.239745e-01  
1.966094e+00  3.864458e-03  8.714712e-01  0.000000e+00  0.000000e+00  2.758712e-01  0.000000e+00  0.000000e+00  -3.662557e-01  0.000000e+00  0.000000e+00  2.758712e-01  0.000000e+00  0.000000e+00  -3.662557e-01  0.000000e+00  0.000000e+00  2.758712e-01  1.966094e+00  3.864458e-03  8.714712e-01  0.000000e+00  0.000000e+00  2.758712e-01  0.000000e+00  0.000000e+00  -3.662557e-01  0.000000e+00  0.000000e+00  2.758712e-01  0.000000e+00  0.000000e+00  -3.662557e-01  0.000000e+00  0.000000e+00  2.758712e-01  
1.957254e+00  2.281174e-04  8.356739e-01  0.000000e+00  0.000000e+00  2.799702e-01  0.000000e+00  0.000000e+00  -3.769256e-01  0.000000e+00  0.000000e+00  2.799702e-01  0.000000e+00  0.000000e+00  -3.769256e-01  0.000000e+00  0.000000e+00  2.799702e-01  1.957254e+00  2.281174e-04  8.356739e-01  0.000000e+00  0.000000e+00  2.799702e-01  0.000000e+00  0.000000e+00  -3.769256e-01  0.000000e+00  0.000000e+00  2.799702e-01  0.000000e+00  0.000000e+00  -3.769256e-01  0.000000e+00  0.000000e+00  2.799702e-01  
2.079488e+00  3.854217e-02  7.701517e-01  0.000000e+00  0.000000e+00  2.360936e-01  0.000000e+00  0.000000e+00  -3.855678e-01  0.000000e+00  0.000000e+00  2.360936e-01  0.000000e+00  0.000000e+00  -3.855678e-01  0.000000e+00  0.000000e+00  2.360936e-01  2.079488e+00  3.854217e-02  7.701517e-01  0.000000e+00  0.000000e+00  2.360936e-01  0.000000e+00  0.000000e+00  -3.855678e-01  0.000000e+00  0.000000e+00  2.360936e-01  0.000000e+00  0.000000e+00  -3.855678e-01  0.000000e+00  0.000000e+00  2.360936e-01  
2.039835e+00  9.769677e-03  8.714333e-01  0.000000e+00  0.000000e+00  3.056668e-01  0.000000e+00  0.000000e+00  -3.752587e-01  0.000000e+00  0.000000e+00  3.056668e-01  0.000000e+00  0.000000e+00  -3.752587e-01  0.000000e+00  0.000000e+00  3.056668e-01  2.039835e+00  9.769677e-03  8.714333e-01  0.000000e+00  0.000000e+00  3.056668e-01  0.000000e+00  0.000000e+00  -3.752587e-01  0.000000e+00  0.000000e+00  3.056668e-01  0.000000e+00  0.000000e+00  -3.752587e-01  0.000000e+00  0.000000e+00  3.056668e-01  
2.101014e+00  2.648135e-02  8.100531e-01  0.000000e+00  0.000000e+00  2.519710e-01  0.000000e+00  0.000000e+00  -3.789997e-01  0.000000e+00  0.000000e+00  2.519710e-01  0.000000e+00  0.000000e+00  -3.789997e-01  0.000000e+00  0.000000e+00  2.519710e-01  2.101014e+00  2.648135e-02  8.100531e-01  0.000000e+00  0.000000e+00  2.519710e-01  0.000000e+00  0.000000e+00  -3.789997e-01  0.000000e+00  0.000000e+00  2.519710e-01  0.000000e+00  0.000000e+00  -3.789997e-01  0.000000e+00  0.000000e+00  2.519710e-01  
2.068280e+00  1.825987e-03  8.902366e-01  0.000000e+00  0.000000e+00  2.233198e-01  0.000000e+00  0.000000e+00  -3.824807e-01  0.000000e+00  0.000000e+00  2.233198e-01  0.000000e+00  0.000000e+00  -3.824807e-01  0.000000e+00  0.000000e+00  2.233198e-01  2.068280e+00  1.825987e-03  8.902366e-01  0.000000e+00  0.000000e+00  2.233198e-01  0.000000e+00  0.000000e+00  -3.824807e-01  0.000000e+00  0.000000e+00  2.233198e-01  0.000000e+00  0.000000e+00  -3.824807e-01  0.000000e+00  0.000000e+00  2.233198e-01  
2.049062e+00  2.738908e-03  8.839784e-01  0.000000e+00  0.000000e+00  3.065230e-01  0.000000e+00  0.000000e+00  -3.738537e-01  0.000000e+00  0.000000e+00  3.065230e-01  0.000000e+00  0.000000e+00  -3.738537e-01  0.000000e+00  0.000000e+00  3.065230e-01  2.049062e+00  2.738908e-03  8.839784e-01  0.000000e+00  0.000000e+00  3.065230e-01  0.000000e+00  0.000000e+00  -3.738537e-01  0.000000e+00  0.000000e+00  3.065230e-01  0.000000e+00  0.000000e+00  -3.738537e-01  0.000000e+00  0.000000e+00  3.065230e-01  
2.118088e+00  3.203732e-03  9.259760e-01  0.000000e+00  0.000000e+00  2.666500e-01  0.000000e+00  0.000000e+00  -3.684532e-01  0.000000e+00  0.000000e+00  2.666500e-01  0.000000e+00  0.000000e+00  -3.684532e-01  0.000000e+00  0.000000e+00  2.666500e-01  2.118088e+00  3.203732e-03  9.259760e-01  0.000000e+00  0.000000e+00  2.666500e-01  0.000000e+00  0.000000e+00  -3.684532e-01  0.000000e+00  0.000000e+00  2.666500e-01  0.000000e+00  0.000000e+00  -3.684532e-01  0.000000e+00  0.000000e+00  2.666500e-01  
2.145861e+00  2.049347e-02  8.806054e-01  0.000000e+00  0.000000e+00  3.248858e-01  0.000000e+00  0.000000e+00  -3.882822e-01  0.000000e+00  0.000000e+00  3.248858e-01  0.000000e+00  0.000000e+00  -3.882822e-01  0.000000e+00  0.000000e+00  3.248858e-01  2.145861e+00  2.049347e-02  8.806054e-01  0.000000e+00  0.000000e+00  3.248858e-01  0.000000e+00  0.000000e+00  -3.882822e-01  0.000000e+00  0.000000e+00  3.248858e-01  0.000000e+00  0.000000e+00  -3.882822e-01  0.000000e+00  0.000000e+00  3.248858e-01  
2.089030e+00  3.246520e-02  8.137088e-01  0.000000e+00  0.000000e+00  3.043174e-01  0.000000e+00  0.000000e+00  -3.821680e-01  0.000000e+00  0.000000e+00  3.043174e-01  0.000000e+00  0.000000e+00  -3.821680e-01  0.000000e+00  0.000000e+00  3.043174e-01  2.089030e+00  3.246520e-02  8.137088e-01  0.000000e+00  0.000000e+00  3.043174e-01  0.000000e+00  0.000000e+00  -3.821680e-01  0.000000e+00  0.000000e+00  3.043174e-01  0.000000e+00  0.000000e+00  -3.821680e-01  0.000000e+00  0.000000e+00  3.043174e-01  
2.005115e+00  8.970149e-03  8.478804e-01  0.000000e+00  0.000000e+00  2.576821e-01  0.000000e+00  0.000000e+00  -3.711165e-01  0.000000e+00  0.000000e+00  2.576821e-01  0.000000e+00  0.000000e+00  -3.711165e-01  0.000000e+00  0.000000e+00  2.576821e-01  2.005115e+00  8.970149e-03  8.478804e-01  0.000000e+00  0.000000e+00  2.576821e-01  0.000000e+00  0.000000e+00  -3.711165e-01  0.000000e+00  0.000000e+00  2.576821e-01  0.000000e+00  0.000000e+00  -3.711165e-01  0.000000e+00  0.000000e+00  2.576821e-01  
1.972991e+00  1.454479e-02  8.185083e-01  0.000000e+00  0.000000e+00  2.583444e-01  0.000000e+00  0.000000e+00  -3.672227e-01  0.000000e+00  0.000000e+00  2.583444e-01  0.000000e+00  0.000000e+00  -3.672227e-01  0.000000e+00  0.000000e+00  2.583444e-01  1.972991e+00  1.454479e-02  8.185083e-01  0.000000e+00  0.000000e+00  2.583444e-01  0.000000e+00  0.000000e+00  -3.672227e-01  0.000000e+00  0.000000e+00  2.583444e-01  0.000000e+00  0.000000e+00  -3.672227e-01  0.000000e+00  0.000000e+00  2.583444e-01  
2.157964e+00  3.145904e-02  8.276558e-01  0.000000e+00  0.000000e+00  3.054860e-01  0.000000e+00  0.000000e+00  -3.968886e-01  0.000000e+00  0.000000e+00  3.054860e-01  0.000000e+00  0.000000e+00  -3.968886e-01  0.000000e+00  0.000000e+00  3.054860e-01  2.157964e+00  3.145904e-02  8.276558e-01  0.000000e+00  0.000000e+00  3.054860e-01  0.000000e+00  0.000000e+00  -3.968886e-01  0.000000e+00  0.000000e+00  3.054860e-01  0.000000e+00  0.000000e+00  -3.968886e-01  0.000000e+00  0.000000e+00  3.054860e-01  
2.052549e+00  1.301452e-02  8.742679e-01  0.000000e+00  0.000000e+00  2.993470e-01  0.000000e+00  0.000000e+00  -3.661146e-01  0.000000e+00  0.000000e+00  2.993470e-01  0.000000e+00  0.000000e+00  -3.661146e-01  0.000000e+00  0.000000e+00  2.993470e-01  2.052549e+00  1.301452e-02  8.742679e-01  0.000000e+00  0.000000e+00  2.993470e-01  0.000000e+00  0.000000e+00  -3.661146e-01  0.000000e+00  0.000000e+00  2.993470e-01  0.000000e+00  0.000000e+00  -3.661146e-01  0.000000e+00  0.000000e+00  2.993470e-01  
2.087424e+00  1.677043e-02  8.284963e-01  0.000000e+00  0.000000e+00  2.689377e-01  0.000000e+00  0.000000e+00  -3.770618e-01  0.000000e+00  0.000000e+00  2.689377e-01  0.000000e+00  0.000000e+00  -3.770618e-01  0.000000e+00  0.000000e+00  2.689377e-01  2.087424e+00  1.677043e-02  8.284963e-01  0.000000e+00  0.000000e+00  2.689377e-01  0.000000e+00  0.000000e+00  -3.770618e-01  0.000000e+00  0.000000e+00  2.689377e-01  0.000000e+00  0.000000e+00  -3.770618e-01  0.000000e+00  0.000000e+00  2.689377e-01  
2.278351e+00  4.114649e-02  8.689390e-01  0.000000e+00  0.000000e+00  3.792280e-01  0.000000e+00  0.000000e+00  -3.991079e-01  0.000000e+00  0.000000e+00  3.792280e-01  0.000000e+00  0.000000e+00  -3.991079e-01  0.000000e+00  0.000000e+00  3.792280e-01  2.278351e+00  4.114649e-02  8.689390e-01  0.000000e+00  0.000000e+00  3.792280e-01  0.000000e+00  0.000000e+00  -3.991079e-01  0.000000e+00  0.000000e+00  3.792280e-01  0.000000e+00  0.000000e+00  -3.991079e-01  0.000000e+00  0.000000e+00  3.792280e-01  
2.173980e+00  1.031505e-02  9.325052e-01  0.000000e+00  0.000000e+00  3.382951e-01  0.000000e+00  0.000000e+00  -3.705027e-01  0.000000e+00  0.000000e+00  3.382951e-01  0.000000e+00  0.000000e+00  -3.705027e-01  0.000000e+00  0.000000e+00  3.382951e-01  2.173980e+00  1.031505e-02  9.325052e-01  0.000000e+00  0.000000e+00  3.382951e-01  0.000000e+00  0.000000e+00  -3.705027e-01  0.000000e+00  0.000000e+00  3.382951e-01  0.000000e+00  0.000000e+00  -3.705027e-01  0.000000e+00  0.000000e+00  3.382951e-01  
2.070506e+00  2.458045e-03  9.666143e-01  0.000000e+00  0.000000e+00  4.059455e-01  0.000000e+00  0.000000e+00  -3.722426e-01  0.000000e+00  0.000000e+00  4.059455e-01  0.000000e+00  0.000000e+00  -3.722426e-01  0.000000e+00  0.000000e+00  4.059455e-01  2.070506e+00  2.458045e-03  9.666143e-01  0.000000e+00  0.000000e+00  4.059455e-01  0.000000e+00  0.000000e+00  -3.722426e-01  0.000000e+00  0.000000e+00  4.059455e-01  0.000000e+00  0.000000e+00  -3.722426e-01  0.000000e+00  0.000000e+00  4.059455e-01  
2.119433e+00  1.492356e-02  8.862070e-01  0.000000e+00  0.000000e+00  2.259979e-01  0.000000e+00  0.000000e+00  -3.814824e-01  0.000000e+00  0.000000e+00  2.259979e-01  0.000000e+00  0.000000e+00  -3.814824e-01  0.000000e+00  0.000000e+00  2.259979e-01  2.119433e+00  1.492356e-02  8.862070e-01  0.000000e+00  0.000000e+00  2.259979e-01  0.000000e+00  0.000000e+00  -3.814824e-01  0.000000e+00  0.000000e+00  2.259979e-01  0.000000e+00  0.000000e+00  -3.814824e-01  0.000000e+00  0.000000e+00  2.259979e-01  
1.930548e+00  2.418601e-03  8.799102e-01  0.000000e+00  0.000000e+00  2.972921e-01  0.000000e+00  0.000000e+00  -3.570991e-01  0.000000e+00  0.000000e+00  2.972921e-01  0.000000e+00  0.000000e+00  -3.570991e-01  0.000000e+00  0.000000e+00  2.972921e-01  1.930548e+00  2.418601e-03  8.799102e-01  0.000000e+00  0.000000e+00  2.972921e-01  0.000000e+00  0.000000e+00  -3.570991e-01  0.000000e+00  0.000000e+00  2.972921e-01  0.000000e+00  0.000000e+00  -3.570991e-01  0.000000e+00  0.000000e+00  2.972921e-01  
1.975733e+00  5.028061e-03  8.882804e-01  0.000000e+00  0.000000e+00  3.220134e-01  0.000000e+00  0.000000e+00  -3.469120e-01  0.000000e+00  0.000000e+00  3.220134e-01  0.000000e+00  0.000000e+00  -3.469120e-01  0.000000e+00  0.000000e+00  3.220134e-01  1.975733e+00  5.028061e-03  8.882804e-01  0.000000e+00  0.000000e+00  3.220134e-01  0.000000e+00  0.000000e+00  -3.469120e-01  0.000000e+00  0.000000e+00  3.220134e-01  0.000000e+00  0.000000e+00  -3.469120e-01  0.000000e+00  0.000000e+00  3.220134e-01  
2.045495e+00  4.048841e-03  8.996825e-01  0.000000e+00  0.000000e+00  2.386881e-01  0.000000e+00  0.000000e+00  -3.693059e-01  0.000000e+00  0.000000e+00  2.386881e-01  0.000000e+00  0.000000e+00  -3.693059e-01  0.000000e+00  0.000000e+00  2.386881e-01  2.045495e+00  4.048841e-03  8.996825e-01  0.000000e+00  0.000000e+00  2.386881e-01  0.000000e+00  0.000000e+00  -3.693059e-01  0.000000e+00  0.000000e+00  2.386881e-01  0.000000e+00  0.000000e+00  -3.693059e-01  0.000000e+00  0.000000e+00  2.386881e-01  
2.229291e+00  8.886892e-03  9.116935e-01  0.000000e+00  0.000000e+00  3.048721e-01  0.000000e+00  0.000000e+00  -3.800784e-01  0.000000e+00  0.000000e+00  3.048721e-01  0.000000e+00  0.000000e+00  -3.800784e-01  0.000000e+00  0.000000e+00  3.048721e-01  2.229291e+00  8.886892e-03  9.116935e-01  0.000000e+00  0.000000e+00  3.048721e-01  0.000000e+00  0.000000e+00  -3.800784e-01  0.000000e+00  0.000000e+00  3.048721e-01  0.000000e+00  0.000000e+00  -3.800784e-01  0.000000e+00  0.000000e+00  3.048721e-01  
2.090120e+00  2.076892e-02  8.357979e-01  0.000000e+00  0.000000e+00  3.230552e-01  0.000000e+00  0.000000e+00  -3.707364e-01  0.000000e+00  0.000000e+00  3.230552e-01  0.000000e+00  0.000000e+00  -3.707364e-01  0.000000e+00  0.000000e+00  3.230552e-01  2.090120e+00  2.076892e-02  8.357979e-01  0.000000e+00  0.000000e+00  3.230552e-01  0.000000e+00  0.000000e+00  -3.707364e-01  0.000000e+00  0.000000e+00  3.230552e-01  0.000000e+00  0.000000e+00  -3.707364e-01  0.000000e+00  0.000000e+00  3.230552e-01  
2.125848e+00  4.369858e-02  8.090609e-01  0.000000e+00  0.000000e+00  2.422985e-01  0.000000e+00  0.000000e+00  -3.680488e-01  0.000000e+00  0.000000e+00  2.422985e-01  0.000000e+00  0.000000e+00  -3.680488e-01  0.000000e+00  0.000000e+00  2.422985e-01  2.125848e+00  4.369858e-02  8.090609e-01  0.000000e+00  0.000000e+00  2.422985e-01  0.000000e+00  0.000000e+00  -3.680488e-01  0.000000e+00  0.000000e+00  2.422985e-01  0.000000e+00  0.000000e+00  -3.680488e-01  0.000000e+00  0.000000e+00  2.422985e-01  
2.111570e+00  2.559322e-02  8.285025e-01  0.000000e+00  0.000000e+00  2.157514e-01  0.000000e+00  0.000000e+00  -3.775471e-01  0.000000e+00  0.000000e+00  2.157514e-01  0.000000e+00  0.000000e+00  -3.775471e-01  0.000000e+00  0.000000e+00  2.157514e-01  2.111570e+00  2.559322e-02  8.285025e-01  0.000000e+00  0.000000e+00  2.157514e-01  0.000000e+00  0.000000e+00  -3.775471e-01  0.000000e+00  0.000000e+00  2.157514e-01  0.000000e+00  0.000000e+00  -3.775471e-01  0.000000e+00  0.000000e+00  2.157514e-01  
2.114056e+00  5.062397e-02  7.823792e-01  0.000000e+00  0.000000e+00  2.867364e-01  0.000000e+00  0.000000e+00  -3.753966e-01  0.000000e+00  0.000000e+00  2.867364e-01  0.000000e+00  0.000000e+00  -3.753966e-01  0.000000e+00  0.000000e+00  2.867364e-01  2.114056e+00  5.062397e-02  7.823792e-01  0.000000e+00  0.000000e+00  2.867364e-01  0.000000e+00  0.000000e+00  -3.753966e-01  0.000000e+00  0.000000e+00  2.867364e-01  0.000000e+00  0.000000e+00  -3.753966e-01  0.000000e+00  0.000000e+00  2.867364e-01  
1.996844e+00  1.021734e-03  8.582258e-01  0.000000e+00  0.000000e+00  3.318242e-01  0.000000e+00  0.000000e+00  -3.800763e-01  0.000000e+00  0.000000e+00  3.318242e-01  0.000000e+00  0.000000e+00  -3.800763e-01  0.000000e+00  0.000000e+00  3.318242e-01  1.996844e+00  1.021734e-03  8.582258e-01  0.000000e+00  0.000000e+00  3.318242e-01  0.000000e+00  0.000000e+00  -3.800763e-01  0.000000e+00  0.000000e+00  3.318242e-01  0.000000e+00  0.000000e+00  -3.800763e-01  0.000000e+00  0.000000e+00  3.318242e-01  
2.059698e+00  2.347270e-02  8.316823e-01  0.000000e+00  0.000000e+00  2.905420e-01  0.000000e+00  0.000000e+00  -3.771037e-01  0.000000e+00  0.000000e+00  2.905420e-01  0.000000e+00  0.000000e+00  -3.771037e-01  0.000000e+00  0.000000e+00  2.905420e-01  2.059698e+00  2.347270e-02  8.316823e-01  0.000000e+00  0.000000e+00  2.905420e-01  0.000000e+00  0.000000e+00  -3.771037e-01  0.000000e+00  0.000000e+00  2.905420e-01  0.000000e+00  0.000000e+00  -3.771037e-01  0.000000e+00  0.000000e+00  2.905420e-01  
2.007294e+00  1.083547e-02  8.835079e-01  0.000000e+00  0.000000e+00  3.384821e-01  0.000000e+00  0.000000e+00  -3.694419e-01  0.000000e+00  0.000000e+00  3.384821e-01  0.000000e+00  0.000000e+00  -3.694419e-01  0.000000e+00  0.000000e+00  3.384821e-01  2.007294e+00  1.083547e-02  8.835079e-01  0.000000e+00  0.000000e+00  3.384821e-01  0.000000e+00  0.000000e+00  -3.694419e-01  0.000000e+00  0.000000e+00  3.384821e-01  0.000000e+00  0.000000e+00  -3.694419e-01  0.000000e+00  0.000000e+00  3.384821e-01  
2.108358e+00  3.480917e-02  8.377254e-01  0.000000e+00  0.000000e+00  3.190101e-01  0.000000e+00  0.000000e+00  -3.772734e-01  0.000000e+00  0.000000e+00  3.190101e-01  0.000000e+00  0.000000e+00  -3.772734e-01  0.000000e+00  0.000000e+00  3.190101e-01  2.108358e+00  3.480917e-02  8.377254e-01  0.000000e+00  0.000000e+00  3.190101e-01  0.000000e+00  0.000000e+00  -3.772734e-01  0.000000e+00  0.000000e+00  3.190101e-01  0.000000e+00  0.000000e+00  -3.772734e-01  0.000000e+00  0.000000e+00  3.190101e-01  
2.051938e+00  2.132338e-02  8.094468e-01  0.000000e+00  0.000000e+00  2.364831e-01  0.000000e+00  0.000000e+00  -3.747655e-01  0.000000e+00  0.000000e+00  2.364831e-01  0.000000e+00  0.000000e+00  -3.747655e-01  0.000000e+00  0.000000e+00  2.364831e-01  2.051938e+00  2.132338e-02  8.094468e-01  0.000000e+00  0.000000e+00  2.364831e-01  0.000000e+00  0.000000e+00  -3.747655e-01  0.000000e+00  0.000000e+00  2.364831e-01  0.000000e+00  0.000000e+00  -3.747655e-01  0.000000e+00  0.000000e+00  2.364831e-01  
2.096014e+00  1.066743e-02  8.776408e-01  0.000000e+00  0.000000e+00  2.958183e-01  0.000000e+00  0.000000e+00  -3.619177e-01  0.000000e+00  0.000000e+00  2.958183e-01  0.000000e+00  0.000000e+00  -3.619177e-01  0.000000e+00  0.000000e+00  2.958183e-01  2.096014e+00  1.066743e-02  8.776408e-01  0.000000e+00  0.000000e+00  2.958183e-01  0.000000e+00  0.000000e+00  -3.619177e-01  0.000000e+00  0.000000e+00  2.958183e-01  0.000000e+00  0.000000e+00  -3.619177e-01  0.000000e+00  0.000000e+00  2.958183e-01  
2.132330e+00  2.499940e-02  8.383976e-01  0.000000e+00  0.000000e+00  2.842391e-01  0.000000e+00  0.000000e+00  -3.718961e-01  0.000000e+00  0.000000e+00  2.842391e-01  0.000000e+00  0.000000e+00  -3.718961e-01  0.000000e+00  0.000000e+00  2.842391e-01  2.132330e+00  2.499940e-02  8.383976e-01  0.000000e+00  0.000000e+00  2.842391e-01  0.000000e+00  0.000000e+00  -3.718961e-01  0.000000e+00  0.000000e+00  2.842391e-01  0.000000e+00  0.000000e+00  -3.718961e-01  0.000000e+00  0.000000e+00  2.842391e-01  
2.167112e+00  3.514470e-02  8.219228e-01  0.000000e+00  0.000000e+00  2.149564e-01  0.000000e+00  0.000000e+00  -3.807787e-01  0.000000e+00  0.000000e+00  2.149564e-01  0.000000e+00  0.000000e+00  -3.807787e-01  0.000000e+00  0.000000e+00  2.149564e-01  2.167112e+00  3.514470e-02  8.219228e-01  0.000000e+00  0.000000e+00  2.149564e-01  0.000000e+00  0.000000e+00  -3.807787e-01  0.000000e+00  0.000000e+00  2.149564e-01  0.000000e+00  0.000000e+00  -3.807787e-01  0.000000e+00  0.000000e+00  2.149564e-01  
2.073037e+00  7.255673e-03  9.062947e-01  0.000000e+00  0.000000e+00  3.119117e-01  0.000000e+00  0.000000e+00  -3.702835e-01  0.000000e+00  0.000000e+00  3.119117e-01  0.000000e+00  0.000000e+00  -3.702835e-01  0.000000e+00  0.000000e+00  3.119117e-01  2.073037e+00  7.255673e-03  9.062947e-01  0.000000e+00  0.000000e+00  3.119117e-01  0.000000e+00  0.000000e+00  -3.702835e-01  0.000000e+00  0.000000e+00  3.119117e-01  0.000000e+00  0.000000e+00  -3.702835e-01  0.000000e+00  0.000000e+00  3.119117e-01  
2.087989e+00  1.813186e-02  8.786199e-01  0.000000e+00  0.000000e+00  3.489692e-01  0.000000e+00  0.000000e+00  -3.744556e-01  0.000000e+00  0.000000e+00  3.489692e-01  0.000000e+00  0.000000e+00  -3.744556e-01  0.000000e+00  0.000000e+00  3.489692e-01  2.087989e+00  1.813186e-02  8.786199e-01  0.000000e+00  0.000000e+00  3.489692e-01  0.000000e+00  0.000000e+00  -3.744556e-01  0.000000e+00  0.000000e+00  3.489692e-01  0.000000e+00  0.000000e+00  -3.744556e-01  0.000000e+00  0.000000e+00  3.489692e-01  
2.126982e+00  1.048363e-02  8.868059e-01  0.000000e+00  0.000000e+00  2.508885e-01  0.000000e+00  0.000000e+00  -3.751589e-01  0.000000e+00  0.000000e+00  2.508885e-01  0.000000e+00  0.000000e+00  -3.751589e-01  0.000000e+00  0.000000e+00  2.508885e-01  2.126982e+00  1.048363e-02  8.868059e-01  0.000000e+00  0.000000e+00  2.508885e-01  0.000000e+00  0.000000e+00  -3.751589e-01  0.000000e+00  0.000000e+00  2.508885e-01  0.000000e+00  0.000000e+00  -3.751589e-01  0.000000e+00  0.000000e+00  2.508885e-01  
1.998913e+00  1.503400e-02  8.657641e-01  0.000000e+00  0.000000e+00  3.109577e-01  0.000000e+00  0.000000e+00  -3.647102e-01  0.000000e+00  0.000000e+00  3.109577e-01  0.000000e+00  0.000000e+00  -3.647102e-01  0.000000e+00  0.000000e+00  3.109577e-01  1.998913e+00  1.503400e-02  8.657641e-01  0.000000e+00  0.000000e+00  3.109577e-01  0.000000e+00  0.000000e+00  -3.647102e-01  0.000000e+00  0.000000e+00  3.109577e-01  0.000000e+00  0.000000e+00  -3.647102e-01  0.000000e+00  0.000000e+00  3.109577e-01  
2.135754e+00  1.954652e-02  8.745366e-01  0.000000e+00  0.000000e+00  2.592598e-01  0.000000e+00  0.000000e+00  -3.724047e-01  0.000000e+00  0.000000e+00  2.592598e-01  0.000000e+00  0.000000e+00  -3.724047e-01  0.000000e+00  0.000000e+00  2.592598e-01  2.135754e+00  1.954652e-02  8.745366e-01  0.000000e+00  0.000000e+00  2.592598e-01  0.000000e+00  0.000000e+00  -3.724047e-01  0.000000e+00  0.000000e+00  2.592598e-01  0.000000e+00  0.000000e+00  -3.724047e-01  0.000000e+00  0.000000e+00  2.592598e-01  
2.054764e+00  1.829962e-02  8.570428e-01  0.000000e+00  0.000000e+00  3.723880e-01  0.000000e+00  0.000000e+00  -3.810860e-01  0.000000e+00  0.000000e+00  3.723880e-01  0.000000e+00  0.000000e+00  -3.810860e-01  0.000000e+00  0.000000e+00  3.723880e-01  2.054764e+00  1.829962e-02  8.570428e-01  0.000000e+00  0.000000e+00  3.723880e-01  0.000000e+00  0.000000e+00  -3.810860e-01  0.000000e+00  0.000000e+00  3.723880e-01  0.000000e+00  0.000000e+00  -3.810860e-01  0.000000e+00  0.000000e+00  3.723880e-01  
2.011982e+00  2.873716e-02  8.125105e-01  0.000000e+00  0.000000e+00  2.293663e-01  0.000000e+00  0.000000e+00  -3.555660e-01  0.000000e+00  0.000000e+00  2.293663e-01  0.000000e+00  0.000000e+00  -3.555660e-01  0.000000e+00  0.000000e+00  2.293663e-01  2.011982e+00  2.873716e-02  8.125105e-01  0.000000e+00  0.000000e+00  2.293663e-01  0.000000e+00  0.000000e+00  -3.555660e-01  0.000000e+00  0.000000e+00  2.293663e-01  0.000000e+00  0.000000e+00  -3.555660e-01  0.000000e+00  0.000000e+00  2.293663e-01  
2.144148e+00  4.356843e-03  8.996639e-01  0.000000e+00  0.000000e+00  2.523664e-01  0.000000e+00  0.000000e+00  -3.697997e-01  0.000000e+00  0.000000e+00  2.523664e-01  0.000000e+00  0.000000e+00  -3.697997e-01  0.000000e+00  0.000000e+00  2.523664e-01  2.144148e+00  4.356843e-03  8.996639e-01  0.000000e+00  0.000000e+00  2.523664e-01  0.000000e+00  0.000000e+00  -3.697997e-01  0.000000e+00  0.000000e+00  2.523664e-01  0.000000e+00  0.000000e+00  -3.697997e-01  0.000000e+00  0.000000e+00  2.523664e-01  
2.131005e+00  5.117453e-02  8.053819e-01  0.000000e+00  0.000000e+00  3.033905e-01  0.000000e+00  0.000000e+00  -3.710797e-01  0.000000e+00  0.000000e+00  3.033905e-01  0.000000e+00  0.000000e+00  -3.710797e-01  0.000000e+00  0.000000e+00  3.033905e-01  2.131005e+00  5.117453e-02  8.053819e-01  0.000000e+00  0.000000e+00  3.033905e-01  0.000000e+00  0.000000e+00  -3.710797e-01  0.000000e+00  0.000000e+00  3.033905e-01  0.000000e+00  0.000000e+00  -3.710797e-01  0.000000e+00  0.000000e+00  3.033905e-01  
1.977967e+00  2.699582e-04  8.645355e-01  0.000000e+00  0.000000e+00  2.664300e-01  0.000000e+00  0.000000e+00  -3.668548e-01  0.000000e+00  0.000000e+00  2.664300e-01  0.000000e+00  0.000000e+00  -3.668548e-01  0.000000e+00  0.000000e+00  2.664300e-01  1.977967e+00  2.699582e-04  8.645355e-01  0.000000e+00  0.000000e+00  2.664300e-01  0.000000e+00  0.000000e+00  -3.668548e-01  0.000000e+00  0.000000e+00  2.664300e-01  0.000000e+00  0.000000e+00  -3.668548e-01  0.000000e+00  0.000000e+00  2.664300e-01  
2.008916e+00  8.989505e-03  8.382930e-01  0.000000e+00  0.000000e+00  2.669345e-01  0.000000e+00  0.000000e+00  -3.711871e-01  0.000000e+00  0.000000e+00  2.669345e-01  0.000000e+00  0.000000e+00  -3.711871e-01  0.000000e+00  0.000000e+00  2.669345e-01  2.008916e+00  8.989505e-03  8.382930e-01  0.000000e+00  0.000000e+00  2.669345e-01  0.000000e+00  0.000000e+00  -3.711871e-01  0.000000e+00  0.000000e+00  2.669345e-01  0.000000e+00  0.000000e+00  -3.711871e-01  0.000000e+00  0.000000e+00  2.669345e-01  
2.034422e+00  2.890515e-02  8.312442e-01  0.000000e+00  0.000000e+00  2.475301e-01  0.000000e+00  0.000000e+00  -3.515062e-01  0.000000e+00  0.000000e+00  2.475301e-01  0.000000e+00  0.000000e+00  -3.515062e-01  0.000000e+00  0.000000e+00  2.475301e-01  2.034422e+00  2.890515e-02  8.312442e-01  0.000000e+00  0.000000e+00  2.475301e-01  0.000000e+00  0.000000e+00  -3.515062e-01  0.000000e+00  0.000000e+00  2.475301e-01  0.000000e+00  0.000000e+00  -3.515062e-01  0.000000e+00  0.000000e+00  2.475301e-01  
2.049804e+00  2.637650e-02  8.214233e-01  0.000000e+00  0.000000e+00  2.366375e-01  0.000000e+00  0.000000e+00  -3.698897e-01  0.000000e+00  0.000000e+00  2.366375e-01  0.000000e+00  0.000000e+00  -3.698897e-01  0.000000e+00  0.000000e+00  2.366375e-01  2.049804e+00  2.637650e-02  8.214233e-01  0.000000e+00  0.000000e+00  2.366375e-01  0.000000e+00  0.000000e+00  -3.698897e-01  0.000000e+00  0.000000e+00  2.366375e-01  0.000000e+00  0.000000e+00  -3.698897e-01  0.000000e+00  0.000000e+00  2.366375e-01  
1.972698e+00  8.371811e-03  8.518559e-01  0.000000e+00  0.000000e+00  2.546454e-01  0.000000e+00  0.000000e+00  -3.670051e-01  0.000000e+00  0.000000e+00  2.546454e-01  0.000000e+00  0.000000e+00  -3.670051e-01  0.000000e+00  0.000000e+00  2.546454e-01  1.972698e+00  8.371811e-03  8.518559e-01  0.000000e+00  0.000000e+00  2.546454e-01  0.000000e+00  0.000000e+00  -3.670051e-01  0.000000e+00  0.000000e+00  2.546454e-01  0.000000e+00  0.000000e+00  -3.670051e-01  0.000000e+00  0.000000e+00  2.546454e-01  
1.967736e+00  3.530632e-03  8.760107e-01  0.000000e+00  0.000000e+00  2.886701e-01  0.000000e+00  0.000000e+00  -3.595929e-01  0.000000e+00  0.000000e+00  2.886701e-01  0.000000e+00  0.000000e+00  -3.595929e-01  0.000000e+00  0.000000e+00  2.886701e-01  1.967736e+00  3.530632e-03  8.760107e-01  0.000000e+00  0.000000e+00  2.886701e-01  0.000000e+00  0.000000e+00  -3.595929e-01  0.000000e+00  0.000000e+00  2.886701e-01  0.000000e+00  0.000000e+00  -3.595929e-01  0.000000e+00  0.000000e+00  2.886701e-01  
2.117474e+00  2.021489e-02  8.470124e-01  0.000000e+00  0.000000e+00  2.641574e-01  0.000000e+00  0.000000e+00  -3.720402e-01  0.000000e+00  0.000000e+00  2.641574e-01  0.000000e+00  0.000000e+00  -3.720402e-01  0.000000e+00  0.000000e+00  2.641574e-01  2.117474e+00  2.021489e-02  8.470124e-01  0.000000e+00  0.000000e+00  2.641574e-01  0.000000e+00  0.000000e+00  -3.720402e-01  0.000000e+00  0.000000e+00  2.641574e-01  0.000000e+00  0.000000e+00  -3.720402e-01  0.000000e+00  0.000000e+00  2.641574e-01  
2.023191e+00  6.091384e-03  9.008988e-01  0.000000e+00  0.000000e+00  2.697160e-01  0.000000e+00  0.000000e+00  -3.656419e-01  0.000000e+00  0.000000e+00  2.697160e-01  0.000000e+00  0.000000e+00  -3.656419e-01  0.000000e+00  0.000000e+00  2.697160e-01  2.023191e+00  6.091384e-03  9.008988e-01  0.000000e+00  0.000000e+00  2.697160e-01  0.000000e+00  0.000000e+00  -3.656419e-01  0.000000e+00  0.000000e+00  2.697160e-01  0.000000e+00  0.000000e+00  -3.656419e-01  0.000000e+00  0.000000e+00  2.697160e-01  
2.157374e+00  2.206119e-02  8.867832e-01  0.000000e+00  0.000000e+00  2.837453e-01  0.000000e+00  0.000000e+00  -3.818135e-01  0.000000e+00  0.000000e+00  2.837453e-01  0.000000e+00  0.000000e+00  -3.818135e-01  0.000000e+00  0.000000e+00  2.837453e-01  2.157374e+00  2.206119e-02  8.867832e-01  0.000000e+00  0.000000e+00  2.837453e-01  0.000000e+00  0.000000e+00  -3.818135e-01  0.000000e+00  0.000000e+00  2.837453e-01  0.000000e+00  0.000000e+00  -3.818135e-01  0.000000e+00  0.000000e+00  2.837453e-01  
2.163836e+00  2.908066e-02  8.396639e-01  0.000000e+00  0.000000e+00  2.566596e-01  0.000000e+00  0.000000e+00  -3.737700e-01  0.000000e+00  0.000000e+00  2.566596e-01  0.000000e+00  0.000000e+00  -3.737700e-01  0.000000e+00  0.000000e+00  2.566596e-01  2.163836e+00  2.908066e-02  8.396639e-01  0.000000e+00  0.000000e+00  2.566596e-01  0.000000e+00  0.000000e+00  -3.737700e-01  0.000000e+00  0.000000e+00  2.566596e-01  0.000000e+00  0.000000e+00  -3.737700e-01  0.000000e+00  0.000000e+00  2.566596e-01  
2.051442e+00  3.829161e-05  8.892554e-01  0.000000e+00  0.000000e+00  2.719749e-01  0.000000e+00  0.000000e+00  -3.692484e-01  0.000000e+00  0.000000e+00  2.719749e-01  0.000000e+00  0.000000e+00  -3.692484e-01  0.000000e+00  0.000000e+00  2.719749e-01  2.051442e+00  3.829161e-05  8.892554e-01  0.000000e+00  0.000000e+00  2.719749e-01  0.000000e+00  0.000000e+00  -3.692484e-01  0.000000e+00  0.000000e+00  2.719749e-01  0.000000e+00  0.000000e+00  -3.692484e-01  0.000000e+00  0.000000e+00  2.719749e-01  
2.107126e+00  9.621086e-03  8.709978e-01  0.000000e+00  0.000000e+00  2.961482e-01  0.000000e+00  0.000000e+00  -3.736181e-01  0.000000e+00  0.000000e+00  2.961482e-01  0.000000e+00  0.000000e+00  -3.736181e-01  0.000000e+00  0.000000e+00  2.961482e-01  2.107126e+00  9.621086e-03  8.709978e-01  0.000000e+00  0.000000e+00  2.961482e-01  0.000000e+00  0.000000e+00  -3.736181e-01  0.000000e+00  0.000000e+00  2.961482e-01  0.000000e+00  0.000000e+00  -3.736181e-01  0.000000e+00  0.000000e+00  2.961482e-01  
2.103668e+00  2.591610e-02  8.486298e-01  0.000000e+00  0.000000e+00  3.138056e-01  0.000000e+00  0.000000e+00  -3.740316e-01  0.000000e+00  0.000000e+00  3.138056e-01  0.000000e+00  0.000000e+00  -3.740316e-01  0.000000e+00  0.000000e+00  3.138056e-01  2.103668e+00  2.591610e-02  8.486298e-01  0.000000e+00  0.000000e+00  3.138056e-01  0.000000e+00  0.000000e+00  -3.740316e-01  0.000000e+00  0.000000e+00  3.138056e-01  0.000000e+00  0.000000e+00  -3.740316e-01  0.000000e+00  0.000000e+00  3.138056e-01  
2.012762e+00  1.310265e-03  9.154029e-01  0.000000e+00  0.000000e+00  3.022725e-01  0.000000e+00  0.000000e+00  -3.623790e-01  0.000000e+00  0.000000e+00  3.022725e-01  0.000000e+00  0.000000e+00  -3.623790e-01  0.000000e+00  0.000000e+00  3.022725e-01  2.012762e+00  1.310265e-03  9.154029e-01  0.000000e+00  0.000000e+00  3.022725e-01  0.000000e+00  0.000000e+00  -3.623790e-01  0.000000e+00  0.000000e+00  3.022725e-01  0.000000e+00  0.000000e+00  -3.623790e-01  0.000000e+00  0.000000e+00  3.022725e-01  
2.077573e+00  4.421653e-02  7.841915e-01  0.000000e+00  0.000000e+00  2.951731e-01  0.000000e+00  0.000000e+00  -3.806166e-01  0.000000e+00  0.000000e+00  2.951731e-01  0.000000e+00  0.000000e+00  -3.806166e-01  0.000000e+00  0.000000e+00  2.951731e-01  2.077573e+00  4.421653e-02  7.841915e-01  0.000000e+00  0.000000e+00  2.951731e-01  0.000000e+00  0.000000e+00  -3.806166e-01  0.000000e+00  0.000000e+00  2.951731e-01  0.000000e+00  0.000000e+00  -3.806166e-01  0.000000e+00  0.000000e+00  2.951731e-01  
2.152968e+00  1.814971e-02  8.730507e-01  0.000000e+00  0.000000e+00  2.199543e-01  0.000000e+00  0.000000e+00  -3.798802e-01  0.000000e+00  0.000000e+00  2.199543e-01  0.000000e+00  0.000000e+00  -3.798802e-01  0.000000e+00  0.000000e+00  2.199543e-01  2.152968e+00  1.814971e-02  8.730507e-01  0.000000e+00  0.000000e+00  2.199543e-01  0.000000e+00  0.000000e+00  -3.798802e-01  0.000000e+00  0.000000e+00  2.199543e-01  0.000000e+00  0.000000e+00  -3.798802e-01  0.000000e+00  0.000000e+00  2.199543e-01  
2.115991e+00  9.508626e-03  8.567114e-01  0.000000e+00  0.000000e+00  2.769308e-01  0.000000e+00  0.000000e+00  -3.726852e-01  0.000000e+00  0.000000e+00  2.769308e-01  0.000000e+00  0.000000e+00  -3.726852e-01  0.000000e+00  0.000000e+00  2.769308e-01  2.115991e+00  9.508626e-03  8.567114e-01  0.000000e+00  0.000000e+00  2.769308e-01  0.000000e+00  0.000000e+00  -3.726852e-01  0.000000e+00  0.000000e+00  2.769308e-01  0.000000e+00  0.000000e+00  -3.726852e-01  0.000000e+00  0.000000e+00  2.769308e-01  
1.967432e+00  9.888132e-04  8.648111e-01  0.000000e+00  0.000000e+00  2.978468e-01  0.000000e+00  0.000000e+00  -3.571384e-01  0.000000e+00  0.000000e+00  2.978468e-01  0.000000e+00  0.000000e+00  -3.571384e-01  0.000000e+00  0.000000e+00  2.978468e-01  1.967432e+00  9.888132e-04  8.648111e-01  0.000000e+00  0.000000e+00  2.978468e-01  0.000000e+00  0.000000e+00  -3.571384e-01  0.000000e+00  0.000000e+00  2.978468e-01  0.000000e+00  0.000000e+00  -3.571384e-01  0.000000e+00  0.000000e+00  2.978468e-01  
2.039591e+00  1.845526e-02  8.494840e-01  0.000000e+00  0.000000e+00  2.980795e-01  0.000000e+00  0.000000e+00  -3.668844e-01  0.000000e+00  0.000000e+00  2.980795e-01  0.000000e+00  0.000000e+00  -3.668844e-01  0.000000e+00  0.000000e+00  2.980795e-01  2.039591e+00  1.845526e-02  8.494840e-01  0.000000e+00  0.000000e+00  2.980795e-01  0.000000e+00  0.000000e+00  -3.668844e-01  0.000000e+00  0.000000e+00  2.980795e-01  0.000000e+00  0.000000e+00  -3.668844e-01  0.000000e+00  0.000000e+00  2.980795e-01  
2.002140e+00  5.508542e-03  8.863938e-01  0.000000e+00  0.000000e+00  2.779267e-01  0.000000e+00  0.000000e+00  -3.670528e-01  0.000000e+00  0.000000e+00  2.779267e-01  0.000000e+00  0.000000e+00  -3.670528e-01  0.000000e+00  0.000000e+00  2.779267e-01  2.002140e+00  5.508542e-03  8.863938e-01  0.000000e+00  0.000000e+00  2.779267e-01  0.000000e+00  0.000000e+00  -3.670528e-01  0.000000e+00  0.000000e+00  2.779267e-01  0.000000e+00  0.000000e+00  -3.670528e-01  0.000000e+00  0.000000e+00  2.779267e-01  
2.119936e+00  5.400721e-03  9.053873e-01  0.000000e+00  0.000000e+00  2.823980e-01  0.000000e+00  0.000000e+00  -3.753743e-01  0.000000e+00  0.000000e+00  2.823980e-01  0.000000e+00  0.000000e+00  -3.753743e-01  0.000000e+00  0.000000e+00  2.823980e-01  2.119936e+00  5.400721e-03  9.053873e-01  0.000000e+00  0.000000e+00  2.823980e-01  0.000000e+00  0.000000e+00  -3.753743e-01  0.000000e+00  0.000000e+00  2.823980e-01  0.000000e+00  0.000000e+00  -3.753743e-01  0.000000e+00  0.000000e+00  2.823980e-01  
2.066267e+00  3.049071e-02  7.798194e-01  0.000000e+00  0.000000e+00  2.655742e-01  0.000000e+00  0.000000e+00  -3.697407e-01  0.000000e+00  0.000000e+00  2.655742e-01  0.000000e+00  0.000000e+00  -3.697407e-01  0.000000e+00  0.000000e+00  2.655742e-01  2.066267e+00  3.049071e-02  7.798194e-01  0.000000e+00  0.000000e+00  2.655742e-01  0.000000e+00  0.000000e+00  -3.697407e-01  0.000000e+00  0.000000e+00  2.655742e-01  0.000000e+00  0.000000e+00  -3.697407e-01  0.000000e+00  0.000000e+00  2.655742e-01  
2.010224e+00  5.725690e-04  9.614435e-01  0.000000e+00  0.000000e+00  3.314317e-01  0.000000e+00  0.000000e+00  -3.522839e-01  0.000000e+00  0.000000e+00  3.314317e-01  0.000000e+00  0.000000e+00  -3.522839e-01  0.000000e+00  0.000000e+00  3.314317e-01  2.010224e+00  5.725690e-04  9.614435e-01  0.000000e+00  0.000000e+00  3.314317e-01  0.000000e+00  0.000000e+00  -3.522839e-01  0.000000e+00  0.000000e+00  3.314317e-01  0.000000e+00  0.000000e+00  -3.522839e-01  0.000000e+00  0.000000e+00  3.314317e-01  
2.221313e+00  8.669606e-03  9.145208e-01  0.000000e+00  0.000000e+00  3.090219e-01  0.000000e+00  0.000000e+00  -3.847452e-01  0.000000e+00  0.000000e+00  3.090219e-01  0.000000e+00  0.000000e+00  -3.847452e-01  0.000000e+00  0.000000e+00  3.090219e-01  2.221313e+00  8.669606e-03  9.145208e-01  0.000000e+00  0.000000e+00  3.090219e-01  0.000000e+00  0.000000e+00  -3.847452e-01  0.000000e+00  0.000000e+00  3.090219e-01  0.000000e+00  0.000000e+00  -3.847452e-01  0.000000e+00  0.000000e+00  3.090219e-01  
1.957068e+00  4.115600e-03  8.535503e-01  0.000000e+00  0.000000e+00  3.493292e-01  0.000000e+00  0.000000e+00  -3.723347e-01  0.000000e+00  0.000000e+00  3.493292e-01  0.000000e+00  0.000000e+00  -3.723347e-01  0.000000e+00  0.000000e+00  3.493292e-01  1.957068e+00  4.115600e-03  8.535503e-01  0.000000e+00  0.000000e+00  3.493292e-01  0.000000e+00  0.000000e+00  -3.723347e-01  0.000000e+00  0.000000e+00  3.493292e-01  0.000000e+00  0.000000e+00  -3.723347e-01  0.000000e+00  0.000000e+00  3.493292e-01  
2.074007e+00  7.201499e-03  8.743700e-01  0.000000e+00  0.000000e+00  2.161769e-01  0.000000e+00  0.000000e+00  -3.853756e-01  0.000000e+00  0.000000e+00  2.161769e-01  0.000000e+00  0.000000e+00  -3.853756e-01  0.000000e+00  0.000000e+00  2.161769e-01  2.074007e+00  7.201499e-03  8.743700e-01  0.000000e+00  0.000000e+00  2.161769e-01  0.000000e+00  0.000000e+00  -3.853756e-01  0.000000e+00  0.000000e+00  2.161769e-01  0.000000e+00  0.000000e+00  -3.853756e-01  0.000000e+00  0.000000e+00  2.161769e-01  
2.124856e+00  2.614985e-02  8.646905e-01  0.000000e+00  0.000000e+00  2.691258e-01  0.000000e+00  0.000000e+00  -3.736318e-01  0.000000e+00  0.000000e+00  2.691258e-01  0.000000e+00  0.000000e+00  -3.736318e-01  0.000000e+00  0.000000e+00  2.691258e-01  2.124856e+00  2.614985e-02  8.646905e-01  0.000000e+00  0.000000e+00  2.691258e-01  0.000000e+00  0.000000e+00  -3.736318e-01  0.000000e+00  0.000000e+00  2.691258e-01  0.000000e+00  0.000000e+00  -3.736318e-01  0.000000e+00  0.000000e+00  2.691258e-01  
2.101758e+00  5.036182e-02  8.012826e-01  0.000000e+00  0.000000e+00  2.271807e-01  0.000000e+00  0.000000e+00  -3.561640e-01  0.000000e+00  0.000000e+00  2.271807e-01  0.000000e+00  0.000000e+00  -3.561640e-01  0.000000e+00  0.000000e+00  2.271807e-01  2.101758e+00  5.036182e-02  8.012826e-01  0.000000e+00  0.000000e+00  2.271807e-01  0.000000e+00  0.000000e+00  -3.561640e-01  0.000000e+00  0.000000e+00  2.271807e-01  0.000000e+00  0.000000e+00  -3.561640e-01  0.000000e+00  0.000000e+00  2.271807e-01  
2.226153e+00  4.339080e-02  8.293042e-01  0.000000e+00  0.000000e+00  2.759324e-01  0.000000e+00  0.000000e+00  -3.900202e-01  0.000000e+00  0.000000e+00  2.759324e-01  0.000000e+00  0.000000e+00  -3.900202e-01  0.000000e+00  0.000000e+00  2.759324e-01  2.226153e+00  4.339080e-02  8.293042e-01  0.000000e+00  0.000000e+00  2.759324e-01  0.000000e+00  0.000000e+00  -3.900202e-01  0.000000e+00  0.000000e+00  2.759324e-01  0.000000e+00  0.000000e+00  -3.900202e-01  0.000000e+00  0.000000e+00  2.759324e-01  
2.226730e+00  2.272621e-02  8.698376e-01  0.000000e+00  0.000000e+00  2.311392e-01  0.000000e+00  0.000000e+00  -3.848190e-01  0.000000e+00  0.000000e+00  2.311392e-01  0.000000e+00  0.000000e+00  -3.848190e-01  0.000000e+00  0.000000e+00  2.311392e-01  2.226730e+00  2.272621e-02  8.698376e-01  0.000000e+00  0.000000e+00  2.311392e-01  0.000000e+00  0.000000e+00  -3.848190e-01  0.000000e+00  0.000000e+00  2.311392e-01  0.000000e+00  0.000000e+00  -3.848190e-01  0.000000e+00  0.000000e+00  2.311392e-01  
2.067777e+00  8.081568e-03  8.663977e-01  0.000000e+00  0.000000e+00  2.540066e-01  0.000000e+00  0.000000e+00  -3.646085e-01  0.000000e+00  0.000000e+00  2.540066e-01  0.000000e+00  0.000000e+00  -3.646085e-01  0.000000e+00  0.000000e+00  2.540066e-01  2.067777e+00  8.081568e-03  8.663977e-01  0.000000e+00  0.000000e+00  2.540066e-01  0.000000e+00  0.000000e+00  -3.646085e-01  0.000000e+00  0.000000e+00  2.540066e-01  0.000000e+00  0.000000e+00  -3.646085e-01  0.000000e+00  0.000000e+00  2.540066e-01  
2.068830e+00  2.720273e-02  8.326141e-01  0.000000e+00  0.000000e+00  2.539425e-01  0.000000e+00  0.000000e+00  -3.540932e-01  0.000000e+00  0.000000e+00  2.539425e-01  0.000000e+00  0.000000e+00  -3.540932e-01  0.000000e+00  0.000000e+00  2.539425e-01  2.068830e+00  2.720273e-02  8.326141e-01  0.000000e+00  0.000000e+00  2.539425e-01  0.000000e+00  0.000000e+00  -3.540932e-01  0.000000e+00  0.000000e+00  2.539425e-01  0.000000e+00  0.000000e+00  -3.540932e-01  0.000000e+00  0.000000e+00  2.539425e-01  
2.284541e+00  4.263377e-02  8.641732e-01  0.000000e+00  0.000000e+00  2.846553e-01  0.000000e+00  0.000000e+00  -3.855749e-01  0.000000e+00  0.000000e+00  2.846553e-01  0.000000e+00  0.000000e+00  -3.855749e-01  0.000000e+00  0.000000e+00  2.846553e-01  2.284541e+00  4.263377e-02  8.641732e-01  0.000000e+00  0.000000e+00  2.846553e-01  0.000000e+00  0.000000e+00  -3.855749e-01  0.000000e+00  0.000000e+00  2.846553e-01  0.000000e+00  0.000000e+00  -3.855749e-01  0.000000e+00  0.000000e+00  2.846553e-01  
1.920772e+00  1.324442e-02  7.993703e-01  0.000000e+00  0.000000e+00  2.860147e-01  0.000000e+00  0.000000e+00  -3.592610e-01  0.000000e+00  0.000000e+00  2.860147e-01  0.000000e+00  0.000000e+00  -3.592610e-01  0.000000e+00  0.000000e+00  2.860147e-01  1.920772e+00  1.324442e-02  7.993703e-01  0.000000e+00  0.000000e+00  2.860147e-01  0.000000e+00  0.000000e+00  -3.592610e-01  0.000000e+00  0.000000e+00  2.860147e-01  0.000000e+00  0.000000e+00  -3.592610e-01  0.000000e+00  0.000000e+00  2.860147e-01  
1.988603e+00  1.020745e-02  8.728682e-01  0.000000e+00  0.000000e+00  3.146621e-01  0.000000e+00  0.000000e+00  -3.594142e-01  0.000000e+00  0.000000e+00  3.146621e-01  0.000000e+00  0.000000e+00  -3.594142e-01  0.000000e+00  0.000000e+00  3.146621e-01  1.988603e+00  1.020745e-02  8.728682e-01  0.000000e+00  0.000000e+00  3.146621e-01  0.000000e+00  0.000000e+00  -3.594142e-01  0.000000e+00  0.000000e+00  3.146621e-01  0.000000e+00  0.000000e+00  -3.594142e-01  0.000000e+00  0.000000e+00  3.146621e-01  
2.070205e+00  1.091786e-02  8.830339e-01  0.000000e+00  0.000000e+00  3.424835e-01  0.000000e+00  0.000000e+00  -3.893571e-01  0.000000e+00  0.000000e+00  3.424835e-01  0.000000e+00  0.000000e+00  -3.893571e-01  0.000000e+00  0.000000e+00  3.424835e-01  2.070205e+00  1.091786e-02  8.830339e-01  0.000000e+00  0.000000e+00  3.424835e-01  0.000000e+00  0.000000e+00  -3.893571e-01  0.000000e+00  0.000000e+00  3.424835e-01  0.000000e+00  0.000000e+00  -3.893571e-01  0.000000e+00  0.000000e+00  3.424835e-01  
2.027941e+00  1.533434e-03  8.965107e-01  0.000000e+00  0.000000e+00  2.979001e-01  0.000000e+00  0.000000e+00  -3.646834e-01  0.000000e+00  0.000000e+00  2.979001e-01  0.000000e+00  0.000000e+00  -3.646834e-01  0.000000e+00  0.000000e+00  2.979001e-01  2.027941e+00  1.533434e-03  8.965107e-01  0.000000e+00  0.000000e+00  2.979001e-01  0.000000e+00  0.000000e+00  -3.646834e-01  0.000000e+00  0.000000e+00  2.979001e-01  0.000000e+00  0.000000e+00  -3.646834e-01  0.000000e+00  0.000000e+00  2.979001e-01  
1.839602e+00  2.036530e-02  7.489405e-01  0.000000e+00  0.000000e+00  2.962679e-01  0.000000e+00  0.000000e+00  -3.625955e-01  0.000000e+00  0.000000e+00  2.962679e-01  0.000000e+00  0.000000e+00  -3.625955e-01  0.000000e+00  0.000000e+00  2.962679e-01  1.839602e+00  2.036530e-02  7.489405e-01  0.000000e+00  0.000000e+00  2.962679e-01  0.000000e+00  0.000000e+00  -3.625955e-01  0.000000e+00  0.000000e+00  2.962679e-01  0.000000e+00  0.000000e+00  -3.625955e-01  0.000000e+00  0.000000e+00  2.962679e-01  
2.015115e+00  1.395617e-03  8.797765e-01  0.000000e+00  0.000000e+00  2.534652e-01  0.000000e+00  0.000000e+00  -3.633857e-01  0.000000e+00  0.000000e+00  2.534652e-01  0.000000e+00  0.000000e+00  -3.633857e-01  0.000000e+00  0.000000e+00  2.534652e-01  2.015115e+00  1.395617e-03  8.797765e-01  0.000000e+00  0.000000e+00  2.534652e-01  0.000000e+00  0.000000e+00  -3.633857e-01  0.000000e+00  0.000000e+00  2.534652e-01  0.000000e+00  0.000000e+00  -3.633857e-01  0.000000e+00  0.000000e+00  2.534652e-01  
2.187886e+00  2.112148e-02  8.873250e-01  0.000000e+00  0.000000e+00  3.524576e-01  0.000000e+00  0.000000e+00  -3.912436e-01  0.000000e+00  0.000000e+00  3.524576e-01  0.000000e+00  0.000000e+00  -3.912436e-01  0.000000e+00  0.000000e+00  3.524576e-01  2.187886e+00  2.112148e-02  8.873250e-01  0.000000e+00  0.000000e+00  3.524576e-01  0.000000e+00  0.000000e+00  -3.912436e-01  0.000000e+00  0.000000e+00  3.524576e-01  0.000000e+00  0.000000e+00  -3.912436e-01  0.000000e+00  0.000000e+00  3.524576e-01  
1.967422e+00  4.230386e-03  8.441763e-01  0.000000e+00  0.000000e+00  3.327552e-01  0.000000e+00  0.000000e+00  -3.648598e-01  0.000000e+00  0.000000e+00  3.327552e-01  0.000000e+00  0.000000e+00  -3.648598e-01  0.000000e+00  0.000000e+00  3.327552e-01  1.967422e+00  4.230386e-03  8.441763e-01  0.000000e+00  0.000000e+00  3.327552e-01  0.000000e+00  0.000000e+00  -3.648598e-01  0.000000e+00  0.000000e+00  3.327552e-01  0.000000e+00  0.000000e+00  -3.648598e-01  0.000000e+00  0.000000e+00  3.327552e-01  
2.054453e+00  4.307111e-02  7.443597e-01  0.000000e+00  0.000000e+00  2.764162e-01  0.000000e+00  0.000000e+00  -3.760141e-01  0.000000e+00  0.000000e+00  2.764162e-01  0.000000e+00  0.000000e+00  -3.760141e-01  0.000000e+00  0.000000e+00  2.764162e-01  2.054453e+00  4.307111e-02  7.443597e-01  0.000000e+00  0.000000e+00  2.764162e-01  0.000000e+00  0.000000e+00  -3.760141e-01  0.000000e+00  0.000000e+00  2.764162e-01  0.000000e+00  0.000000e+00  -3.760141e-01  0.000000e+00  0.000000e+00  2.764162e-01  
1.931785e+00  9.893786e-03  8.027418e-01  0.000000e+00  0.000000e+00  3.082963e-01  0.000000e+00  0.000000e+00  -3.592564e-01  0.000000e+00  0.000000e+00  3.082963e-01  0.000000e+00  0.000000e+00  -3.592564e-01  0.000000e+00  0.000000e+00  3.082963e-01  1.931785e+00  9.893786e-03  8.027418e-01  0.000000e+00  0.000000e+00  3.082963e-01  0.000000e+00  0.000000e+00  -3.592564e-01  0.000000e+00  0.000000e+00  3.082963e-01  0.000000e+00  0.000000e+00  -3.592564e-01  0.000000e+00  0.000000e+00  3.082963e-01  
2.121987e+00  2.413366e-03  9.421350e-01  0.000000e+00  0.000000e+00  2.682745e-01  0.000000e+00  0.000000e+00  -3.803861e-01  0.000000e+00  0.000000e+00  2.682745e-01  0.000000e+00  0.000000e+00  -3.803861e-01  0.000000e+00  0.000000e+00  2.682745e-01  2.121987e+00  2.413366e-03  9.421350e-01  0.000000e+00  0.000000e+00  2.682745e-01  0.000000e+00  0.000000e+00  -3.803861e-01  0.000000e+00  0.000000e+00  2.682745e-01  0.000000e+00  0.000000e+00  -3.803861e-01  0.000000e+00  0.000000e+00  2.682745e-01  
2.009522e+00  8.182883e-03  8.745497e-01  0.000000e+00  0.000000e+00  2.664897e-01  0.000000e+00  0.000000e+00  -3.732895e-01  0.000000e+00  0.000000e+00  2.664897e-01  0.000000e+00  0.000000e+00  -3.732895e-01  0.000000e+00  0.000000e+00  2.664897e-01  2.009522e+00  8.182883e-03  8.745497e-01  0.000000e+00  0.000000e+00  2.664897e-01  0.000000e+00  0.000000e+00  -3.732895e-01  0.000000e+00  0.000000e+00  2.664897e-01  0.000000e+00  0.000000e+00  -3.732895e-01  0.000000e+00  0.000000e+00  2.664897e-01  
2.181613e+00  4.438877e-02  8.278637e-01  0.000000e+00  0.000000e+00  2.795851e-01  0.000000e+00  0.000000e+00  -3.795435e-01  0.000000e+00  0.000000e+00  2.795851e-01  0.000000e+00  0.000000e+00  -3.795435e-01  0.000000e+00  0.000000e+00  2.795851e-01  2.181613e+00  4.438877e-02  8.278637e-01  0.000000e+00  0.000000e+00  2.795851e-01  0.000000e+00  0.000000e+00  -3.795435e-01  0.000000e+00  0.000000e+00  2.795851e-01  0.000000e+00  0.000000e+00  -3.795435e-01  0.000000e+00  0.000000e+00  2.795851e-01  
1.993266e+00  2.324063e-02  8.384026e-01  0.000000e+00  0.000000e+00  3.340100e-01  0.000000e+00  0.000000e+00  -3.685147e-01  0.000000e+00  0.000000e+00  3.340100e-01  0.000000e+00  0.000000e+00  -3.685147e-01  0.000000e+00  0.000000e+00  3.340100e-01  1.993266e+00  2.324063e-02  8.384026e-01  0.000000e+00  0.000000e+00  3.340100e-01  0.000000e+00  0.000000e+00  -3.685147e-01  0.000000e+00  0.000000e+00  3.340100e-01  0.000000e+00  0.000000e+00  -3.685147e-01  0.000000e+00  0.000000e+00  3.340100e-01  
2.110237e+00  7.370109e-03  8.877159e-01  0.000000e+00  0.000000e+00  2.456471e-01  0.000000e+00  0.000000e+00  -3.670728e-01  0.000000e+00  0.000000e+00  2.456471e-01  0.000000e+00  0.000000e+00  -3.670728e-01  0.000000e+00  0.000000e+00  2.456471e-01  2.110237e+00  7.370109e-03  8.877159e-01  0.000000e+00  0.000000e+00  2.456471e-01  0.000000e+00  0.000000e+00  -3.670728e-01  0.000000e+00  0.000000e+00  2.456471e-01  0.000000e+00  0.000000e+00  -3.670728e-01  0.000000e+00  0.000000e+00  2.456471e-01  
1.937050e+00  1.102900e-02  8.459386e-01  0.000000e+00  0.000000e+00  3.229293e-01  0.000000e+00  0.000000e+00  -3.592088e-01  0.000000e+00  0.000000e+00  3.229293e-01  0.000000e+00  0.000000e+00  -3.592088e-01  0.000000e+00  0.000000e+00  3.229293e-01  1.937050e+00  1.102900e-02  8.459386e-01  0.000000e+00  0.000000e+00  3.229293e-01  0.000000e+00  0.000000e+00  -3.592088e-01  0.000000e+00  0.000000e+00  3.229293e-01  0.000000e+00  0.000000e+00  -3.592088e-01  0.000000e+00  0.000000e+00  3.229293e-01  
1.966583e+00  1.202620e-03  8.888446e-01  0.000000e+00  0.000000e+00  3.334901e-01  0.000000e+00  0.000000e+00  -3.705138e-01  0.000000e+00  0.000000e+00  3.334901e-01  0.000000e+00  0.000000e+00  -3.705138e-01  0.000000e+00  0.000000e+00  3.334901e-01  1.966583e+00  1.202620e-03  8.888446e-01  0.000000e+00  0.000000e+00  3.334901e-01  0.000000e+00  0.000000e+00  -3.705138e-01  0.000000e+00  0.000000e+00  3.334901e-01  0.000000e+00  0.000000e+00  -3.705138e-01  0.000000e+00  0.000000e+00  3.334901e-01  
2.174848e+00  2.682908e-02  8.230796e-01  0.000000e+00  0.000000e+00  2.262046e-01  0.000000e+00  0.000000e+00  -3.905357e-01  0.000000e+00  0.000000e+00  2.262046e-01  0.000000e+00  0.000000e+00  -3.905357e-01  0.000000e+00  0.000000e+00  2.262046e-01  2.174848e+00  2.682908e-02  8.230796e-01  0.000000e+00  0.000000e+00  2.262046e-01  0.000000e+00  0.000000e+00  -3.905357e-01  0.000000e+00  0.000000e+00  2.262046e-01  0.000000e+00  0.000000e+00  -3.905357e-01  0.000000e+00  0.000000e+00  2.262046e-01  
2.110682e+00  1.299824e-02  8.561862e-01  0.000000e+00  0.000000e+00  2.532403e-01  0.000000e+00  0.000000e+00  -3.640432e-01  0.000000e+00  0.000000e+00  2.532403e-01  0.000000e+00  0.000000e+00  -3.640432e-01  0.000000e+00  0.000000e+00  2.532403e-01  2.110682e+00  1.299824e-02  8.561862e-01  0.000000e+00  0.000000e+00  2.532403e-01  0.000000e+00  0.000000e+00  -3.640432e-01  0.000000e+00  0.000000e+00  2.532403e-01  0.000000e+00  0.000000e+00  -3.640432e-01  0.000000e+00  0.000000e+00  2.532403e-01  
2.019069e+00  9.034486e-03  8.521134e-01  0.000000e+00  0.000000e+00  2.944383e-01  0.000000e+00  0.000000e+00  -3.631328e-01  0.000000e+00  0.000000e+00  2.944383e-01  0.000000e+00  0.000000e+00  -3.631328e-01  0.000000e+00  0.000000e+00  2.944383e-01  2.019069e+00  9.034486e-03  8.521134e-01  0.000000e+00  0.000000e+00  2.944383e-01  0.000000e+00  0.000000e+00  -3.631328e-01  0.000000e+00  0.000000e+00  2.944383e-01  0.000000e+00  0.000000e+00  -3.631328e-01  0.000000e+00  0.000000e+00  2.944383e-01  
1.953765e+00  2.704928e-02  8.112409e-01  0.000000e+00  0.000000e+00  2.880166e-01  0.000000e+00  0.000000e+00  -3.565504e-01  0.000000e+00  0.000000e+00  2.880166e-01  0.000000e+00  0.000000e+00  -3.565504e-01  0.000000e+00  0.000000e+00  2.880166e-01  1.953765e+00  2.704928e-02  8.112409e-01  0.000000e+00  0.000000e+00  2.880166e-01  0.000000e+00  0.000000e+00  -3.565504e-01  0.000000e+00  0.000000e+00  2.880166e-01  0.000000e+00  0.000000e+00  -3.565504e-01  0.000000e+00  0.000000e+00  2.880166e-01  
1.925363e+00  4.171674e-04  8.966204e-01  0.000000e+00  0.000000e+00  4.068620e-01  0.000000e+00  0.000000e+00  -3.775698e-01  0.000000e+00  0.000000e+00  4.068620e-01  0.000000e+00  0.000000e+00  -3.775698e-01  0.000000e+00  0.000000e+00  4.068620e-01  1.925363e+00  4.171674e-04  8.966204e-01  0.000000e+00  0.000000e+00  4.068620e-01  0.000000e+00  0.000000e+00  -3.775698e-01  0.000000e+00  0.000000e+00  4.068620e-01  0.000000e+00  0.000000e+00  -3.775698e-01  0.000000e+00  0.000000e+00  4.068620e-01  
2.196363e+00  3.301445e-02  8.400996e-01  0.000000e+00  0.000000e+00  2.598866e-01  0.000000e+00  0.000000e+00  -3.785951e-01  0.000000e+00  0.000000e+00  2.598866e-01  0.000000e+00  0.000000e+00  -3.785951e-01  0.000000e+00  0.000000e+00  2.598866e-01  2.196363e+00  3.301445e-02  8.400996e-01  0.000000e+00  0.000000e+00  2.598866e-01  0.000000e+00  0.000000e+00  -3.785951e-01  0.000000e+00  0.000000e+00  2.598866e-01  0.000000e+00  0.000000e+00  -3.785951e-01  0.000000e+00  0.000000e+00  2.598866e-01  
2.246422e+00  1.821527e-02  9.275472e-01  0.000000e+00  0.000000e+00  2.840318e-01  0.000000e+00  0.000000e+00  -3.831315e-01  0.000000e+00  0.000000e+00  2.840318e-01  0.000000e+00  0.000000e+00  -3.831315e-01  0.000000e+00  0.000000e+00  2.840318e-01  2.246422e+00  1.821527e-02  9.275472e-01  0.000000e+00  0.000000e+00  2.840318e-01  0.000000e+00  0.000000e+00  -3.831315e-01  0.000000e+00  0.000000e+00  2.840318e-01  0.000000e+00  0.000000e+00  -3.831315e-01  0.000000e+00  0.000000e+00  2.840318e-01  
1.992668e+00  9.632729e-03  8.469841e-01  0.000000e+00  0.000000e+00  3.504449e-01  0.000000e+00  0.000000e+00  -3.880174e-01  0.000000e+00  0.000000e+00  3.504449e-01  0.000000e+00  0.000000e+00  -3.880174e-01  0.000000e+00  0.000000e+00  3.504449e-01  1.992668e+00  9.632729e-03  8.469841e-01  0.000000e+00  0.000000e+00  3.504449e-01  0.000000e+00  0.000000e+00  -3.880174e-01  0.000000e+00  0.000000e+00  3.504449e-01  0.000000e+00  0.000000e+00  -3.880174e-01  0.000000e+00  0.000000e+00  3.504449e-01  
1.936284e+00  1.707469e-03  8.638714e-01  0.000000e+00  0.000000e+00  3.036557e-01  0.000000e+00  0.000000e+00  -3.643098e-01  0.000000e+00  0.000000e+00  3.036557e-01  0.000000e+00  0.000000e+00  -3.643098e-01  0.000000e+00  0.000000e+00  3.036557e-01  1.936284e+00  1.707469e-03  8.638714e-01  0.000000e+00  0.000000e+00  3.036557e-01  0.000000e+00  0.000000e+00  -3.643098e-01  0.000000e+00  0.000000e+00  3.036557e-01  0.000000e+00  0.000000e+00  -3.643098e-01  0.000000e+00  0.000000e+00  3.036557e-01  
2.085382e+00  1.253436e-02  8.394868e-01  0.000000e+00  0.000000e+00  2.537041e-01  0.000000e+00  0.000000e+00  -3.789997e-01  0.000000e+00  0.000000e+00  2.537041e-01  0.000000e+00  0.000000e+00  -3.789997e-01  0.000000e+00  0.000000e+00  2.537041e-01  2.085382e+00  1.253436e-02  8.394868e-01  0.000000e+00  0.000000e+00  2.537041e-01  0.000000e+00  0.000000e+00  -3.789997e-01  0.000000e+00  0.000000e+00  2.537041e-01  0.000000e+00  0.000000e+00  -3.789997e-01  0.000000e+00  0.000000e+00  2.537041e-01  
2.051847e+00  2.180546e-03  9.017745e-01  0.000000e+00  0.000000e+00  3.183625e-01  0.000000e+00  0.000000e+00  -3.678813e-01  0.000000e+00  0.000000e+00  3.183625e-01  0.000000e+00  0.000000e+00  -3.678813e-01  0.000000e+00  0.000000e+00  3.183625e-01  2.051847e+00  2.180546e-03  9.017745e-01  0.000000e+00  0.000000e+00  3.183625e-01  0.000000e+00  0.000000e+00  -3.678813e-01  0.000000e+00  0.000000e+00  3.183625e-01  0.000000e+00  0.000000e+00  -3.678813e-01  0.000000e+00  0.000000e+00  3.183625e-01  
1.972561e+00  2.016930e-02  8.183182e-01  0.000000e+00  0.000000e+00  2.484934e-01  0.000000e+00  0.000000e+00  -3.575273e-01  0.000000e+00  0.000000e+00  2.484934e-01  0.000000e+00  0.000000e+00  -3.575273e-01  0.000000e+00  0.000000e+00  2.484934e-01  1.972561e+00  2.016930e-02  8.183182e-01  0.000000e+00  0.000000e+00  2.484934e-01  0.000000e+00  0.000000e+00  -3.575273e-01  0.000000e+00  0.000000e+00  2.484934e-01  0.000000e+00  0.000000e+00  -3.575273e-01  0.000000e+00  0.000000e+00  2.484934e-01  
2.139106e+00  1.817005e-03  9.263259e-01  0.000000e+00  0.000000e+00  2.760754e-01  0.000000e+00  0.000000e+00  -3.764142e-01  0.000000e+00  0.000000e+00  2.760754e-01  0.000000e+00  0.000000e+00  -3.764142e-01  0.000000e+00  0.000000e+00  2.760754e-01  2.139106e+00  1.817005e-03  9.263259e-01  0.000000e+00  0.000000e+00  2.760754e-01  0.000000e+00  0.000000e+00  -3.764142e-01  0.000000e+00  0.000000e+00  2.760754e-01  0.000000e+00  0.000000e+00  -3.764142e-01  0.000000e+00  0.000000e+00  2.760754e-01  
1.992015e+00  7.359882e-03  8.851281e-01  0.000000e+00  0.000000e+00  2.808891e-01  0.000000e+00  0.000000e+00  -3.609319e-01  0.000000e+00  0.000000e+00  2.808891e-01  0.000000e+00  0.000000e+00  -3.609319e-01  0.000000e+00  0.000000e+00  2.808891e-01  1.992015e+00  7.359882e-03  8.851281e-01  0.000000e+00  0.000000e+00  2.808891e-01  0.000000e+00  0.000000e+00  -3.609319e-01  0.000000e+00  0.000000e+00  2.808891e-01  0.000000e+00  0.000000e+00  -3.609319e-01  0.000000e+00  0.000000e+00  2.808891e-01  
2.080647e+00  7.471904e-03  9.351982e-01  0.000000e+00  0.000000e+00  3.219019e-01  0.000000e+00  0.000000e+00  -3.644491e-01  0.000000e+00  0.000000e+00  3.219019e-01  0.000000e+00  0.000000e+00  -3.644491e-01  0.000000e+00  0.000000e+00  3.219019e-01  2.080647e+00  7.471904e-03  9.351982e-01  0.000000e+00  0.000000e+00  3.219019e-01  0.000000e+00  0.000000e+00  -3.644491e-01  0.000000e+00  0.000000e+00  3.219019e-01  0.000000e+00  0.000000e+00  -3.644491e-01  0.000000e+00  0.000000e+00  3.219019e-01  
1.959010e+00  6.881929e-03  8.675148e-01  0.000000e+00  0.000000e+00  2.523251e-01  0.000000e+00  0.000000e+00  -3.641393e-01  0.000000e+00  0.000000e+00  2.523251e-01  0.000000e+00  0.000000e+00  -3.641393e-01  0.000000e+00  0.000000e+00  2.523251e-01  1.959010e+00  6.881929e-03  8.675148e-01  0.000000e+00  0.000000e+00  2.523251e-01  0.000000e+00  0.000000e+00  -3.641393e-01  0.000000e+00  0.000000e+00  2.523251e-01  0.000000e+00  0.000000e+00  -3.641393e-01  0.000000e+00  0.000000e+00  2.523251e-01  
2.058364e+00  8.170815e-03  8.600972e-01  0.000000e+00  0.000000e+00  3.092868e-01  0.000000e+00  0.000000e+00  -3.845862e-01  0.000000e+00  0.000000e+00  3.092868e-01  0.000000e+00  0.000000e+00  -3.845862e-01  0.000000e+00  0.000000e+00  3.092868e-01  2.058364e+00  8.170815e-03  8.600972e-01  0.000000e+00  0.000000e+00  3.092868e-01  0.000000e+00  0.000000e+00  -3.845862e-01  0.000000e+00  0.000000e+00  3.092868e-01  0.000000e+00  0.000000e+00  -3.845862e-01  0.000000e+00  0.000000e+00  3.092868e-01  
2.083692e+00  1.505229e-02  8.792104e-01  0.000000e+00  0.000000e+00  3.351892e-01  0.000000e+00  0.000000e+00  -3.791890e-01  0.000000e+00  0.000000e+00  3.351892e-01  0.000000e+00  0.000000e+00  -3.791890e-01  0.000000e+00  0.000000e+00  3.351892e-01  2.083692e+00  1.505229e-02  8.792104e-01  0.000000e+00  0.000000e+00  3.351892e-01  0.000000e+00  0.000000e+00  -3.791890e-01  0.000000e+00  0.000000e+00  3.351892e-01  0.000000e+00  0.000000e+00  -3.791890e-01  0.000000e+00  0.000000e+00  3.351892e-01  
1.964662e+00  3.079434e-02  7.964807e-01  0.000000e+00  0.000000e+00  3.564919e-01  0.000000e+00  0.000000e+00  -3.661485e-01  0.000000e+00  0.000000e+00  3.564919e-01  0.000000e+00  0.000000e+00  -3.661485e-01  0.000000e+00  0.000000e+00  3.564919e-01  1.964662e+00  3.079434e-02  7.964807e-01  0.000000e+00  0.000000e+00  3.564919e-01  0.000000e+00  0.000000e+00  -3.661485e-01  0.000000e+00  0.000000e+00  3.564919e-01  0.000000e+00  0.000000e+00  -3.661485e-01  0.000000e+00  0.000000e+00  3.564919e-01  
2.165946e+00  1.851994e-02  8.733670e-01  0.000000e+00  0.000000e+00  2.562858e-01  0.000000e+00  0.000000e+00  -3.836036e-01  0.000000e+00  0.000000e+00  2.562858e-01  0.000000e+00  0.000000e+00  -3.836036e-01  0.000000e+00  0.000000e+00  2.562858e-01  2.165946e+00  1.851994e-02  8.733670e-01  0.000000e+00  0.000000e+00  2.562858e-01  0.000000e+00  0.000000e+00  -3.836036e-01  0.000000e+00  0.000000e+00  2.562858e-01  0.000000e+00  0.000000e+00  -3.836036e-01  0.000000e+00  0.000000e+00  2.562858e-01  
2.144812e+00  5.263437e-03  9.298776e-01  0.000000e+00  0.000000e+00  2.739916e-01  0.000000e+00  0.000000e+00  -3.741678e-01  0.000000e+00  0.000000e+00  2.739916e-01  0.000000e+00  0.000000e+00  -3.741678e-01  0.000000e+00  0.000000e+00  2.739916e-01  2.144812e+00  5.263437e-03  9.298776e-01  0.000000e+00  0.000000e+00  2.739916e-01  0.000000e+00  0.000000e+00  -3.741678e-01  0.000000e+00  0.000000e+00  2.739916e-01  0.000000e+00  0.000000e+00  -3.741678e-01  0.000000e+00  0.000000e+00  2.739916e-01  
2.052918e+00  1.544752e-02  8.565626e-01  0.000000e+00  0.000000e+00  2.742134e-01  0.000000e+00  0.000000e+00  -3.632084e-01  0.000000e+00  0.000000e+00  2.742134e-01  0.000000e+00  0.000000e+00  -3.632084e-01  0.000000e+00  0.000000e+00  2.742134e-01  2.052918e+00  1.544752e-02  8.565626e-01  0.000000e+00  0.000000e+00  2.742134e-01  0.000000e+00  0.000000e+00  -3.632084e-01  0.000000e+00  0.000000e+00  2.742134e-01  0.000000e+00  0.000000e+00  -3.632084e-01  0.000000e+00  0.000000e+00  2.742134e-01  
2.141953e+00  9.640350e-03  8.538424e-01  0.000000e+00  0.000000e+00  3.030445e-01  0.000000e+00  0.000000e+00  -3.843589e-01  0.000000e+00  0.000000e+00  3.030445e-01  0.000000e+00  0.000000e+00  -3.843589e-01  0.000000e+00  0.000000e+00  3.030445e-01  2.141953e+00  9.640350e-03  8.538424e-01  0.000000e+00  0.000000e+00  3.030445e-01  0.000000e+00  0.000000e+00  -3.843589e-01  0.000000e+00  0.000000e+00  3.030445e-01  0.000000e+00  0.000000e+00  -3.843589e-01  0.000000e+00  0.000000e+00  3.030445e-01  
1.979051e+00  9.472488e-04  9.356582e-01  0.000000e+00  0.000000e+00  3.242535e-01  0.000000e+00  0.000000e+00  -3.522967e-01  0.000000e+00  0.000000e+00  3.242535e-01  0.000000e+00  0.000000e+00  -3.522967e-01  0.000000e+00  0.000000e+00  3.242535e-01  1.979051e+00  9.472488e-04  9.356582e-01  0.000000e+00  0.000000e+00  3.242535e-01  0.000000e+00  0.000000e+00  -3.522967e-01  0.000000e+00  0.000000e+00  3.242535e-01  0.000000e+00  0.000000e+00  -3.522967e-01  0.000000e+00  0.000000e+00  3.242535e-01  
2.005926e+00  1.926379e-02  8.212395e-01  0.000000e+00  0.000000e+00  2.242032e-01  0.000000e+00  0.000000e+00  -3.632135e-01  0.000000e+00  0.000000e+00  2.242032e-01  0.000000e+00  0.000000e+00  -3.632135e-01  0.000000e+00  0.000000e+00  2.242032e-01  2.005926e+00  1.926379e-02  8.212395e-01  0.000000e+00  0.000000e+00  2.242032e-01  0.000000e+00  0.000000e+00  -3.632135e-01  0.000000e+00  0.000000e+00  2.242032e-01  0.000000e+00  0.000000e+00  -3.632135e-01  0.000000e+00  0.000000e+00  2.242032e-01  
2.089616e+00  5.351118e-03  8.438119e-01  0.000000e+00  0.000000e+00  3.036167e-01  0.000000e+00  0.000000e+00  -3.905164e-01  0.000000e+00  0.000000e+00  3.036167e-01  0.000000e+00  0.000000e+00  -3.905164e-01  0.000000e+00  0.000000e+00  3.036167e-01  2.089616e+00  5.351118e-03  8.438119e-01  0.000000e+00  0.000000e+00  3.036167e-01  0.000000e+00  0.000000e+00  -3.905164e-01  0.000000e+00  0.000000e+00  3.036167e-01  0.000000e+00  0.000000e+00  -3.905164e-01  0.000000e+00  0.000000e+00  3.036167e-01  
2.013153e+00  7.617739e-03  8.736058e-01  0.000000e+00  0.000000e+00  2.348492e-01  0.000000e+00  0.000000e+00  -3.677405e-01  0.000000e+00  0.000000e+00  2.348492e-01  0.000000e+00  0.000000e+00  -3.677405e-01  0.000000e+00  0.000000e+00  2.348492e-01  2.013153e+00  7.617739e-03  8.736058e-01  0.000000e+00  0.000000e+00  2.348492e-01  0.000000e+00  0.000000e+00  -3.677405e-01  0.000000e+00  0.000000e+00  2.348492e-01  0.000000e+00  0.000000e+00  -3.677405e-01  0.000000e+00  0.000000e+00  2.348492e-01  
2.022913e+00  3.263846e-02  8.050671e-01  0.000000e+00  0.000000e+00  3.049286e-01  0.000000e+00  0.000000e+00  -3.561589e-01  0.000000e+00  0.000000e+00  3.049286e-01  0.000000e+00  0.000000e+00  -3.561589e-01  0.000000e+00  0.000000e+00  3.049286e-01  2.022913e+00  3.263846e-02  8.050671e-01  0.000000e+00  0.000000e+00  3.049286e-01  0.000000e+00  0.000000e+00  -3.561589e-01  0.000000e+00  0.000000e+00  3.049286e-01  0.000000e+00  0.000000e+00  -3.561589e-01  0.000000e+00  0.000000e+00  3.049286e-01  
1.994901e+00  1.904708e-02  8.448316e-01  0.000000e+00  0.000000e+00  2.405625e-01  0.000000e+00  0.000000e+00  -3.567376e-01  0.000000e+00  0.000000e+00  2.405625e-01  0.000000e+00  0.000000e+00  -3.567376e-01  0.000000e+00  0.000000e+00  2.405625e-01  1.994901e+00  1.904708e-02  8.448316e-01  0.000000e+00  0.000000e+00  2.405625e-01  0.000000e+00  0.000000e+00  -3.567376e-01  0.000000e+00  0.000000e+00  2.405625e-01  0.000000e+00  0.000000e+00  -3.567376e-01  0.000000e+00  0.000000e+00  2.405625e-01  
2.102410e+00  1.653857e-02  8.766802e-01  0.000000e+00  0.000000e+00  2.577738e-01  0.000000e+00  0.000000e+00  -3.609754e-01  0.000000e+00  0.000000e+00  2.577738e-01  0.000000e+00  0.000000e+00  -3.609754e-01  0.000000e+00  0.000000e+00  2.577738e-01  2.102410e+00  1.653857e-02  8.766802e-01  0.000000e+00  0.000000e+00  2.577738e-01  0.000000e+00  0.000000e+00  -3.609754e-01  0.000000e+00  0.000000e+00  2.577738e-01  0.000000e+00  0.000000e+00  -3.609754e-01  0.000000e+00  0.000000e+00  2.577738e-01  
1.991002e+00  1.781865e-02  8.639718e-01  0.000000e+00  0.000000e+00  3.104911e-01  0.000000e+00  0.000000e+00  -3.502987e-01  0.000000e+00  0.000000e+00  3.104911e-01  0.000000e+00  0.000000e+00  -3.502987e-01  0.000000e+00  0.000000e+00  3.104911e-01  1.991002e+00  1.781865e-02  8.639718e-01  0.000000e+00  0.000000e+00  3.104911e-01  0.000000e+00  0.000000e+00  -3.502987e-01  0.000000e+00  0.000000e+00  3.104911e-01  0.000000e+00  0.000000e+00  -3.502987e-01  0.000000e+00  0.000000e+00  3.104911e-01  
2.111641e+00  3.640446e-02  7.867793e-01  0.000000e+00  0.000000e+00  2.633663e-01  0.000000e+00  0.000000e+00  -3.799240e-01  0.000000e+00  0.000000e+00  2.633663e-01  0.000000e+00  0.000000e+00  -3.799240e-01  0.000000e+00  0.000000e+00  2.633663e-01  2.111641e+00  3.640446e-02  7.867793e-01  0.000000e+00  0.000000e+00  2.633663e-01  0.000000e+00  0.000000e+00  -3.799240e-01  0.000000e+00  0.000000e+00  2.633663e-01  0.000000e+00  0.000000e+00  -3.799240e-01  0.000000e+00  0.000000e+00  2.633663e-01  
2.133718e+00  3.360314e-02  8.566604e-01  0.000000e+00  0.000000e+00  2.974263e-01  0.000000e+00  0.000000e+00  -3.701033e-01  0.000000e+00  0.000000e+00  2.974263e-01  0.000000e+00  0.000000e+00  -3.701033e-01  0.000000e+00  0.000000e+00  2.974263e-01  2.133718e+00  3.360314e-02  8.566604e-01  0.000000e+00  0.000000e+00  2.974263e-01  0.000000e+00  0.000000e+00  -3.701033e-01  0.000000e+00  0.000000e+00  2.974263e-01  0.000000e+00  0.000000e+00  -3.701033e-01  0.000000e+00  0.000000e+00  2.974263e-01  
1.901082e+00  1.187942e-02  7.968926e-01  0.000000e+00  0.000000e+00  2.942435e-01  0.000000e+00  0.000000e+00  -3.673006e-01  0.000000e+00  0.000000e+00  2.942435e-01  0.000000e+00  0.000000e+00  -3.673006e-01  0.000000e+00  0.000000e+00  2.942435e-01  1.901082e+00  1.187942e-02  7.968926e-01  0.000000e+00  0.000000e+00  2.942435e-01  0.000000e+00  0.000000e+00  -3.673006e-01  0.000000e+00  0.000000e+00  2.942435e-01  0.000000e+00  0.000000e+00  -3.673006e-01  0.000000e+00  0.000000e+00  2.942435e-01  
2.258070e+00  3.301036e-02  8.500485e-01  0.000000e+00  0.000000e+00  2.732464e-01  0.000000e+00  0.000000e+00  -3.991385e-01  0.000000e+00  0.000000e+00  2.732464e-01  0.000000e+00  0.000000e+00  -3.991385e-01  0.000000e+00  0.000000e+00  2.732464e-01  2.258070e+00  3.301036e-02  8.500485e-01  0.000000e+00  0.000000e+00  2.732464e-01  0.000000e+00  0.000000e+00  -3.991385e-01  0.000000e+00  0.000000e+00  2.732464e-01  0.000000e+00  0.000000e+00  -3.991385e-01  0.000000e+00  0.000000e+00  2.732464e-01  
2.146428e+00  2.481102e-03  9.296960e-01  0.000000e+00  0.000000e+00  2.185852e-01  0.000000e+00  0.000000e+00  -3.800371e-01  0.000000e+00  0.000000e+00  2.185852e-01  0.000000e+00  0.000000e+00  -3.800371e-01  0.000000e+00  0.000000e+00  2.185852e-01  2.146428e+00  2.481102e-03  9.296960e-01  0.000000e+00  0.000000e+00  2.185852e-01  0.000000e+00  0.000000e+00  -3.800371e-01  0.000000e+00  0.000000e+00  2.185852e-01  0.000000e+00  0.000000e+00  -3.800371e-01  0.000000e+00  0.000000e+00  2.185852e-01  
1.974275e+00  1.439319e-02  8.353723e-01  0.000000e+00  0.000000e+00  2.797513e-01  0.000000e+00  0.000000e+00  -3.678834e-01  0.000000e+00  0.000000e+00  2.797513e-01  0.000000e+00  0.000000e+00  -3.678834e-01  0.000000e+00  0.000000e+00  2.797513e-01  1.974275e+00  1.439319e-02  8.353723e-01  0.000000e+00  0.000000e+00  2.797513e-01  0.000000e+00  0.000000e+00  -3.678834e-01  0.000000e+00  0.000000e+00  2.797513e-01  0.000000e+00  0.000000e+00  -3.678834e-01  0.000000e+00  0.000000e+00  2.797513e-01  
1.969269e+00  6.990580e-03  8.591197e-01  0.000000e+00  0.000000e+00  2.285947e-01  0.000000e+00  0.000000e+00  -3.482610e-01  0.000000e+00  0.000000e+00  2.285947e-01  0.000000e+00  0.000000e+00  -3.482610e-01  0.000000e+00  0.000000e+00  2.285947e-01  1.969269e+00  6.990580e-03  8.591197e-01  0.000000e+00  0.000000e+00  2.285947e-01  0.000000e+00  0.000000e+00  -3.482610e-01  0.000000e+00  0.000000e+00  2.285947e-01  0.000000e+00  0.000000e+00  -3.482610e-01  0.000000e+00  0.000000e+00  2.285947e-01  
1.935023e+00  2.416145e-03  8.858044e-01  0.000000e+00  0.000000e+00  2.969589e-01  0.000000e+00  0.000000e+00  -3.635983e-01  0.000000e+00  0.000000e+00  2.969589e-01  0.000000e+00  0.000000e+00  -3.635983e-01  0.000000e+00  0.000000e+00  2.969589e-01  1.935023e+00  2.416145e-03  8.858044e-01  0.000000e+00  0.000000e+00  2.969589e-01  0.000000e+00  0.000000e+00  -3.635983e-01  0.000000e+00  0.000000e+00  2.969589e-01  0.000000e+00  0.000000e+00  -3.635983e-01  0.000000e+00  0.000000e+00  2.969589e-01  
2.030649e+00  2.940996e-04  8.898757e-01  0.000000e+00  0.000000e+00  2.511821e-01  0.000000e+00  0.000000e+00  -3.699119e-01  0.000000e+00  0.000000e+00  2.511821e-01  0.000000e+00  0.000000e+00  -3.699119e-01  0.000000e+00  0.000000e+00  2.511821e-01  2.030649e+00  2.940996e-04  8.898757e-01  0.000000e+00  0.000000e+00  2.511821e-01  0.000000e+00  0.000000e+00  -3.699119e-01  0.000000e+00  0.000000e+00  2.511821e-01  0.000000e+00  0.000000e+00  -3.699119e-01  0.000000e+00  0.000000e+00  2.511821e-01  
2.240043e+00  7.496188e-03  9.477407e-01  0.000000e+00  0.000000e+00  2.880190e-01  0.000000e+00  0.000000e+00  -3.733224e-01  0.000000e+00  0.000000e+00  2.880190e-01  0.000000e+00  0.000000e+00  -3.733224e-01  0.000000e+00  0.000000e+00  2.880190e-01  2.240043e+00  7.496188e-03  9.477407e-01  0.000000e+00  0.000000e+00  2.880190e-01  0.000000e+00  0.000000e+00  -3.733224e-01  0.000000e+00  0.000000e+00  2.880190e-01  0.000000e+00  0.000000e+00  -3.733224e-01  0.000000e+00  0.000000e+00  2.880190e-01  
2.032887e+00  1.437111e-02  8.624887e-01  0.000000e+00  0.000000e+00  3.268269e-01  0.000000e+00  0.000000e+00  -3.806917e-01  0.000000e+00  0.000000e+00  3.268269e-01  0.000000e+00  0.000000e+00  -3.806917e-01  0.000000e+00  0.000000e+00  3.268269e-01  2.032887e+00  1.437111e-02  8.624887e-01  0.000000e+00  0.000000e+00  3.268269e-01  0.000000e+00  0.000000e+00  -3.806917e-01  0.000000e+00  0.000000e+00  3.268269e-01  0.000000e+00  0.000000e+00  -3.806917e-01  0.000000e+00  0.000000e+00  3.268269e-01  
2.086972e+00  1.827363e-02  9.007491e-01  0.000000e+00  0.000000e+00  3.176619e-01  0.000000e+00  0.000000e+00  -3.649983e-01  0.000000e+00  0.000000e+00  3.176619e-01  0.000000e+00  0.000000e+00  -3.649983e-01  0.000000e+00  0.000000e+00  3.176619e-01  2.086972e+00  1.827363e-02  9.007491e-01  0.000000e+00  0.000000e+00  3.176619e-01  0.000000e+00  0.000000e+00  -3.649983e-01  0.000000e+00  0.000000e+00  3.176619e-01  0.000000e+00  0.000000e+00  -3.649983e-01  0.000000e+00  0.000000e+00  3.176619e-01  
2.058489e+00  7.850505e-03  9.341331e-01  0.000000e+00  0.000000e+00  2.940441e-01  0.000000e+00  0.000000e+00  -3.549913e-01  0.000000e+00  0.000000e+00  2.940441e-01  0.000000e+00  0.000000e+00  -3.549913e-01  0.000000e+00  0.000000e+00  2.940441e-01  2.058489e+00  7.850505e-03  9.341331e-01  0.000000e+00  0.000000e+00  2.940441e-01  0.000000e+00  0.000000e+00  -3.549913e-01  0.000000e+00  0.000000e+00  2.940441e-01  0.000000e+00  0.000000e+00  -3.549913e-01  0.000000e+00  0.000000e+00  2.940441e-01  
2.085290e+00  1.490557e-02  8.787515e-01  0.000000e+00  0.000000e+00  3.054850e-01  0.000000e+00  0.000000e+00  -3.688775e-01  0.000000e+00  0.000000e+00  3.054850e-01  0.000000e+00  0.000000e+00  -3.688775e-01  0.000000e+00  0.000000e+00  3.054850e-01  2.085290e+00  1.490557e-02  8.787515e-01  0.000000e+00  0.000000e+00  3.054850e-01  0.000000e+00  0.000000e+00  -3.688775e-01  0.000000e+00  0.000000e+00  3.054850e-01  0.000000e+00  0.000000e+00  -3.688775e-01  0.000000e+00  0.000000e+00  3.054850e-01  
1.971036e+00  1.434571e-02  8.332789e-01  0.000000e+00  0.000000e+00  2.936171e-01  0.000000e+00  0.000000e+00  -3.708819e-01  0.000000e+00  0.000000e+00  2.936171e-01  0.000000e+00  0.000000e+00  -3.708819e-01  0.000000e+00  0.000000e+00  2.936171e-01  1.971036e+00  1.434571e-02  8.332789e-01  0.000000e+00  0.000000e+00  2.936171e-01  0.000000e+00  0.000000e+00  -3.708819e-01  0.000000e+00  0.000000e+00  2.936171e-01  0.000000e+00  0.000000e+00  -3.708819e-01  0.000000e+00  0.000000e+00  2.936171e-01  
2.084992e+00  2.633356e-02  8.344681e-01  0.000000e+00  0.000000e+00  2.605206e-01  0.000000e+00  0.000000e+00  -3.740494e-01  0.000000e+00  0.000000e+00  2.605206e-01  0.000000e+00  0.000000e+00  -3.740494e-01  0.000000e+00  0.000000e+00  2.605206e-01  2.084992e+00  2.633356e-02  8.344681e-01  0.000000e+00  0.000000e+00  2.605206e-01  0.000000e+00  0.000000e+00  -3.740494e-01  0.000000e+00  0.000000e+00  2.605206e-01  0.000000e+00  0.000000e+00  -3.740494e-01  0.000000e+00  0.000000e+00  2.605206e-01  
2.041913e+00  3.012775e-02  7.848986e-01  0.000000e+00  0.000000e+00  3.326777e-01  0.000000e+00  0.000000e+00  -3.828110e-01  0.000000e+00  0.000000e+00  3.326777e-01  0.000000e+00  0.000000e+00  -3.828110e-01  0.000000e+00  0.000000e+00  3.326777e-01  2.041913e+00  3.012775e-02  7.848986e-01  0.000000e+00  0.000000e+00  3.326777e-01  0.000000e+00  0.000000e+00  -3.828110e-01  0.000000e+00  0.000000e+00  3.326777e-01  0.000000e+00  0.000000e+00  -3.828110e-01  0.000000e+00  0.000000e+00  3.326777e-01  
2.009943e+00  5.995953e-03  9.110301e-01  0.000000e+00  0.000000e+00  3.159725e-01  0.000000e+00  0.000000e+00  -3.658295e-01  0.000000e+00  0.000000e+00  3.159725e-01  0.000000e+00  0.000000e+00  -3.658295e-01  0.000000e+00  0.000000e+00  3.159725e-01  2.009943e+00  5.995953e-03  9.110301e-01  0.000000e+00  0.000000e+00  3.159725e-01  0.000000e+00  0.000000e+00  -3.658295e-01  0.000000e+00  0.000000e+00  3.159725e-01  0.000000e+00  0.000000e+00  -3.658295e-01  0.000000e+00  0.000000e+00  3.159725e-01  
2.001985e+00  6.097947e-03  8.532038e-01  0.000000e+00  0.000000e+00  2.761848e-01  0.000000e+00  0.000000e+00  -3.772285e-01  0.000000e+00  0.000000e+00  2.761848e-01  0.000000e+00  0.000000e+00  -3.772285e-01  0.000000e+00  0.000000e+00  2.761848e-01  2.001985e+00  6.097947e-03  8.532038e-01  0.000000e+00  0.000000e+00  2.761848e-01  0.000000e+00  0.000000e+00  -3.772285e-01  0.000000e+00  0.000000e+00  2.761848e-01  0.000000e+00  0.000000e+00  -3.772285e-01  0.000000e+00  0.000000e+00  2.761848e-01  
2.060490e+00  7.051984e-03  8.734165e-01  0.000000e+00  0.000000e+00  2.941094e-01  0.000000e+00  0.000000e+00  -3.749042e-01  0.000000e+00  0.000000e+00  2.941094e-01  0.000000e+00  0.000000e+00  -3.749042e-01  0.000000e+00  0.000000e+00  2.941094e-01  2.060490e+00  7.051984e-03  8.734165e-01  0.000000e+00  0.000000e+00  2.941094e-01  0.000000e+00  0.000000e+00  -3.749042e-01  0.000000e+00  0.000000e+00  2.941094e-01  0.000000e+00  0.000000e+00  -3.749042e-01  0.000000e+00  0.000000e+00  2.941094e-01  
2.065562e+00  2.041347e-02  8.683826e-01  0.000000e+00  0.000000e+00  3.737794e-01  0.000000e+00  0.000000e+00  -3.729349e-01  0.000000e+00  0.000000e+00  3.737794e-01  0.000000e+00  0.000000e+00  -3.729349e-01  0.000000e+00  0.000000e+00  3.737794e-01  2.065562e+00  2.041347e-02  8.683826e-01  0.000000e+00  0.000000e+00  3.737794e-01  0.000000e+00  0.000000e+00  -3.729349e-01  0.000000e+00  0.000000e+00  3.737794e-01  0.000000e+00  0.000000e+00  -3.729349e-01  0.000000e+00  0.000000e+00  3.737794e-01  
2.140140e+00  2.708805e-02  8.162636e-01  0.000000e+00  0.000000e+00  3.301373e-01  0.000000e+00  0.000000e+00  -3.844540e-01  0.000000e+00  0.000000e+00  3.301373e-01  0.000000e+00  0.000000e+00  -3.844540e-01  0.000000e+00  0.000000e+00  3.301373e-01  2.140140e+00  2.708805e-02  8.162636e-01  0.000000e+00  0.000000e+00  3.301373e-01  0.000000e+00  0.000000e+00  -3.844540e-01  0.000000e+00  0.000000e+00  3.301373e-01  0.000000e+00  0.000000e+00  -3.844540e-01  0.000000e+00  0.000000e+00  3.301373e-01  
1.994065e+00  1.399762e-02  7.975434e-01  0.000000e+00  0.000000e+00  2.645623e-01  0.000000e+00  0.000000e+00  -3.693737e-01  0.000000e+00  0.000000e+00  2.645623e-01  0.000000e+00  0.000000e+00  -3.693737e-01  0.000000e+00  0.000000e+00  2.645623e-01  1.994065e+00  1.399762e-02  7.975434e-01  0.000000e+00  0.000000e+00  2.645623e-01  0.000000e+00  0.000000e+00  -3.693737e-01  0.000000e+00  0.000000e+00  2.645623e-01  0.000000e+00  0.000000e+00  -3.693737e-01  0.000000e+00  0.000000e+00  2.645623e-01  
2.032652e+00  2.117474e-03  8.536609e-01  0.000000e+00  0.000000e+00  2.920529e-01  0.000000e+00  0.000000e+00  -3.867958e-01  0.000000e+00  0.000000e+00  2.920529e-01  0.000000e+00  0.000000e+00  -3.867958e-01  0.000000e+00  0.000000e+00  2.920529e-01  2.032652e+00  2.117474e-03  8.536609e-01  0.000000e+00  0.000000e+00  2.920529e-01  0.000000e+00  0.000000e+00  -3.867958e-01  0.000000e+00  0.000000e+00  2.920529e-01  0.000000e+00  0.000000e+00  -3.867958e-01  0.000000e+00  0.000000e+00  2.920529e-01  
2.170668e+00  3.123963e-02  8.332239e-01  0.000000e+00  0.000000e+00  2.866921e-01  0.000000e+00  0.000000e+00  -3.804172e-01  0.000000e+00  0.000000e+00  2.866921e-01  0.000000e+00  0.000000e+00  -3.804172e-01  0.000000e+00  0.000000e+00  2.866921e-01  2.170668e+00  3.123963e-02  8.332239e-01  0.000000e+00  0.000000e+00  2.866921e-01  0.000000e+00  0.000000e+00  -3.804172e-01  0.000000e+00  0.000000e+00  2.866921e-01  0.000000e+00  0.000000e+00  -3.804172e-01  0.000000e+00  0.000000e+00  2.866921e-01  
2.075667e+00  1.084609e-02  8.301765e-01  0.000000e+00  0.000000e+00  3.063082e-01  0.000000e+00  0.000000e+00  -3.803034e-01  0.000000e+00  0.000000e+00  3.063082e-01  0.000000e+00  0.000000e+00  -3.803034e-01  0.000000e+00  0.000000e+00  3.063082e-01  2.075667e+00  1.084609e-02  8.301765e-01  0.000000e+00  0.000000e+00  3.063082e-01  0.000000e+00  0.000000e+00  -3.803034e-01  0.000000e+00  0.000000e+00  3.063082e-01  0.000000e+00  0.000000e+00  -3.803034e-01  0.000000e+00  0.000000e+00  3.063082e-01  
2.043359e+00  6.451061e-04  8.780262e-01  0.000000e+00  0.000000e+00  2.674399e-01  0.000000e+00  0.000000e+00  -3.755397e-01  0.000000e+00  0.000000e+00  2.674399e-01  0.000000e+00  0.000000e+00  -3.755397e-01  0.000000e+00  0.000000e+00  2.674399e-01  2.043359e+00  6.451061e-04  8.780262e-01  0.000000e+00  0.000000e+00  2.674399e-01  0.000000e+00  0.000000e+00  -3.755397e-01  0.000000e+00  0.000000e+00  2.674399e-01  0.000000e+00  0.000000e+00  -3.755397e-01  0.000000e+00  0.000000e+00  2.674399e-01  
2.033989e+00  9.547036e-03  8.901244e-01  0.000000e+00  0.000000e+00  2.435162e-01  0.000000e+00  0.000000e+00  -3.531623e-01  0.000000e+00  0.000000e+00  2.435162e-01  0.000000e+00  0.000000e+00  -3.531623e-01  0.000000e+00  0.000000e+00  2.435162e-01  2.033989e+00  9.547036e-03  8.901244e-01  0.000000e+00  0.000000e+00  2.435162e-01  0.000000e+00  0.000000e+00  -3.531623e-01  0.000000e+00  0.000000e+00  2.435162e-01  0.000000e+00  0.000000e+00  -3.531623e-01  0.000000e+00  0.000000e+00  2.435162e-01  
1.891084e+00  6.537567e-04  8.352469e-01  0.000000e+00  0.000000e+00  2.746670e-01  0.000000e+00  0.000000e+00  -3.711515e-01  0.000000e+00  0.000000e+00  2.746670e-01  0.000000e+00  0.000000e+00  -3.711515e-01  0.000000e+00  0.000000e+00  2.746670e-01  1.891084e+00  6.537567e-04  8.352469e-01  0.000000e+00  0.000000e+00  2.746670e-01  0.000000e+00  0.000000e+00  -3.711515e-01  0.000000e+00  0.000000e+00  2.746670e-01  0.000000e+00  0.000000e+00  -3.711515e-01  0.000000e+00  0.000000e+00  2.746670e-01  
2.086831e+00  4.929106e-03  9.048234e-01  0.000000e+00  0.000000e+00  2.457901e-01  0.000000e+00  0.000000e+00  -3.704507e-01  0.000000e+00  0.000000e+00  2.457901e-01  0.000000e+00  0.000000e+00  -3.704507e-01  0.000000e+00  0.000000e+00  2.457901e-01  2.086831e+00  4.929106e-03  9.048234e-01  0.000000e+00  0.000000e+00  2.457901e-01  0.000000e+00  0.000000e+00  -3.704507e-01  0.000000e+00  0.000000e+00  2.457901e-01  0.000000e+00  0.000000e+00  -3.704507e-01  0.000000e+00  0.000000e+00  2.457901e-01  
2.109775e+00  2.301480e-02  8.760778e-01  0.000000e+00  0.000000e+00  2.908215e-01  0.000000e+00  0.000000e+00  -3.574931e-01  0.000000e+00  0.000000e+00  2.908215e-01  0.000000e+00  0.000000e+00  -3.574931e-01  0.000000e+00  0.000000e+00  2.908215e-01  2.109775e+00  2.301480e-02  8.760778e-01  0.000000e+00  0.000000e+00  2.908215e-01  0.000000e+00  0.000000e+00  -3.574931e-01  0.000000e+00  0.000000e+00  2.908215e-01  0.000000e+00  0.000000e+00  -3.574931e-01  0.000000e+00  0.000000e+00  2.908215e-01  
2.138367e+00  1.182989e-02  8.795575e-01  0.000000e+00  0.000000e+00  2.418589e-01  0.000000e+00  0.000000e+00  -3.756962e-01  0.000000e+00  0.000000e+00  2.418589e-01  0.000000e+00  0.000000e+00  -3.756962e-01  0.000000e+00  0.000000e+00  2.418589e-01  2.138367e+00  1.182989e-02  8.795575e-01  0.000000e+00  0.000000e+00  2.418589e-01  0.000000e+00  0.000000e+00  -3.756962e-01  0.000000e+00  0.000000e+00  2.418589e-01  0.000000e+00  0.000000e+00  -3.756962e-01  0.000000e+00  0.000000e+00  2.418589e-01  
2.120536e+00  2.014380e-02  8.515840e-01  0.000000e+00  0.000000e+00  3.043667e-01  0.000000e+00  0.000000e+00  -3.894927e-01  0.000000e+00  0.000000e+00  3.043667e-01  0.000000e+00  0.000000e+00  -3.894927e-01  0.000000e+00  0.000000e+00  3.043667e-01  2.120536e+00  2.014380e-02  8.515840e-01  0.000000e+00  0.000000e+00  3.043667e-01  0.000000e+00  0.000000e+00  -3.894927e-01  0.000000e+00  0.000000e+00  3.043667e-01  0.000000e+00  0.000000e+00  -3.894927e-01  0.000000e+00  0.000000e+00  3.043667e-01  
2.095987e+00  3.865394e-03  8.825002e-01  0.000000e+00  0.000000e+00  2.546104e-01  0.000000e+00  0.000000e+00  -3.702339e-01  0.000000e+00  0.000000e+00  2.546104e-01  0.000000e+00  0.000000e+00  -3.702339e-01  0.000000e+00  0.000000e+00  2.546104e-01  2.095987e+00  3.865394e-03  8.825002e-01  0.000000e+00  0.000000e+00  2.546104e-01  0.000000e+00  0.000000e+00  -3.702339e-01  0.000000e+00  0.000000e+00  2.546104e-01  0.000000e+00  0.000000e+00  -3.702339e-01  0.000000e+00  0.000000e+00  2.546104e-01  
1.958706e+00  1.319854e-02  8.241627e-01  0.000000e+00  0.000000e+00  2.937737e-01  0.000000e+00  0.000000e+00  -3.601035e-01  0.000000e+00  0.000000e+00  2.937737e-01  0.000000e+00  0.000000e+00  -3.601035e-01  0.000000e+00  0.000000e+00  2.937737e-01  1.958706e+00  1.319854e-02  8.241627e-01  0.000000e+00  0.000000e+00  2.937737e-01  0.000000e+00  0.000000e+00  -3.601035e-01  0.000000e+00  0.000000e+00  2.937737e-01  0.000000e+00  0.000000e+00  -3.601035e-01  0.000000e+00  0.000000e+00  2.937737e-01  
2.018873e+00  4.001340e-03  8.959609e-01  0.000000e+00  0.000000e+00  3.326941e-01  0.000000e+00  0.000000e+00  -3.805990e-01  0.000000e+00  0.000000e+00  3.326941e-01  0.000000e+00  0.000000e+00  -3.805990e-01  0.000000e+00  0.000000e+00  3.326941e-01  2.018873e+00  4.001340e-03  8.959609e-01  0.000000e+00  0.000000e+00  3.326941e-01  0.000000e+00  0.000000e+00  -3.805990e-01  0.000000e+00  0.000000e+00  3.326941e-01  0.000000e+00  0.000000e+00  -3.805990e-01  0.000000e+00  0.000000e+00  3.326941e-01  
2.111781e+00  1.579924e-02  9.020792e-01  0.000000e+00  0.000000e+00  2.697726e-01  0.000000e+00  0.000000e+00  -3.566518e-01  0.000000e+00  0.000000e+00  2.697726e-01  0.000000e+00  0.000000e+00  -3.566518e-01  0.000000e+00  0.000000e+00  2.697726e-01  2.111781e+00  1.579924e-02  9.020792e-01  0.000000e+00  0.000000e+00  2.697726e-01  0.000000e+00  0.000000e+00  -3.566518e-01  0.000000e+00  0.000000e+00  2.697726e-01  0.000000e+00  0.000000e+00  -3.566518e-01  0.000000e+00  0.000000e+00  2.697726e-01  
2.110679e+00  9.501179e-03  9.138152e-01  0.000000e+00  0.000000e+00  2.760900e-01  0.000000e+00  0.000000e+00  -3.647111e-01  0.000000e+00  0.000000e+00  2.760900e-01  0.000000e+00  0.000000e+00  -3.647111e-01  0.000000e+00  0.000000e+00  2.760900e-01  2.110679e+00  9.501179e-03  9.138152e-01  0.000000e+00  0.000000e+00  2.760900e-01  0.000000e+00  0.000000e+00  -3.647111e-01  0.000000e+00  0.000000e+00  2.760900e-01  0.000000e+00  0.000000e+00  -3.647111e-01  0.000000e+00  0.000000e+00  2.760900e-01  
1.897629e+00  4.033669e-03  8.602800e-01  0.000000e+00  0.000000e+00  2.983125e-01  0.000000e+00  0.000000e+00  -3.554994e-01  0.000000e+00  0.000000e+00  2.983125e-01  0.000000e+00  0.000000e+00  -3.554994e-01  0.000000e+00  0.000000e+00  2.983125e-01  1.897629e+00  4.033669e-03  8.602800e-01  0.000000e+00  0.000000e+00  2.983125e-01  0.000000e+00  0.000000e+00  -3.554994e-01  0.000000e+00  0.000000e+00  2.983125e-01  0.000000e+00  0.000000e+00  -3.554994e-01  0.000000e+00  0.000000e+00  2.983125e-01  
2.101051e+00  1.406562e-02  8.922784e-01  0.000000e+00  0.000000e+00  3.369745e-01  0.000000e+00  0.000000e+00  -3.814943e-01  0.000000e+00  0.000000e+00  3.369745e-01  0.000000e+00  0.000000e+00  -3.814943e-01  0.000000e+00  0.000000e+00  3.369745e-01  2.101051e+00  1.406562e-02  8.922784e-01  0.000000e+00  0.000000e+00  3.369745e-01  0.000000e+00  0.000000e+00  -3.814943e-01  0.000000e+00  0.000000e+00  3.369745e-01  0.000000e+00  0.000000e+00  -3.814943e-01  0.000000e+00  0.000000e+00  3.369745e-01  
2.020478e+00  5.172531e-03  8.698393e-01  0.000000e+00  0.000000e+00  3.113929e-01  0.000000e+00  0.000000e+00  -3.564482e-01  0.000000e+00  0.000000e+00  3.113929e-01  0.000000e+00  0.000000e+00  -3.564482e-01  0.000000e+00  0.000000e+00  3.113929e-01  2.020478e+00  5.172531e-03  8.698393e-01  0.000000e+00  0.000000e+00  3.113929e-01  0.000000e+00  0.000000e+00  -3.564482e-01  0.000000e+00  0.000000e+00  3.113929e-01  0.000000e+00  0.000000e+00  -3.564482e-01  0.000000e+00  0.000000e+00  3.113929e-01  
2.199333e+00  3.787190e-02  8.293077e-01  0.000000e+00  0.000000e+00  3.092968e-01  0.000000e+00  0.000000e+00  -3.946396e-01  0.000000e+00  0.000000e+00  3.092968e-01  0.000000e+00  0.000000e+00  -3.946396e-01  0.000000e+00  0.000000e+00  3.092968e-01  2.199333e+00  3.787190e-02  8.293077e-01  0.000000e+00  0.000000e+00  3.092968e-01  0.000000e+00  0.000000e+00  -3.946396e-01  0.000000e+00  0.000000e+00  3.092968e-01  0.000000e+00  0.000000e+00  -3.946396e-01  0.000000e+00  0.000000e+00  3.092968e-01  
2.113767e+00  9.143100e-03  9.089863e-01  0.000000e+00  0.000000e+00  2.661010e-01  0.000000e+00  0.000000e+00  -3.765532e-01  0.000000e+00  0.000000e+00  2.661010e-01  0.000000e+00  0.000000e+00  -3.765532e-01  0.000000e+00  0.000000e+00  2.661010e-01  2.113767e+00  9.143100e-03  9.089863e-01  0.000000e+00  0.000000e+00  2.661010e-01  0.000000e+00  0.000000e+00  -3.765532e-01  0.000000e+00  0.000000e+00  2.661010e-01  0.000000e+00  0.000000e+00  -3.765532e-01  0.000000e+00  0.000000e+00  2.661010e-01  
1.813806e+00  1.172359e-03  8.259589e-01  0.000000e+00  0.000000e+00  2.698587e-01  0.000000e+00  0.000000e+00  -3.460390e-01  0.000000e+00  0.000000e+00  2.698587e-01  0.000000e+00  0.000000e+00  -3.460390e-01  0.000000e+00  0.000000e+00  2.698587e-01  1.813806e+00  1.172359e-03  8.259589e-01  0.000000e+00  0.000000e+00  2.698587e-01  0.000000e+00  0.000000e+00  -3.460390e-01  0.000000e+00  0.000000e+00  2.698587e-01  0.000000e+00  0.000000e+00  -3.460390e-01  0.000000e+00  0.000000e+00  2.698587e-01  
2.110187e+00  3.866645e-02  8.237851e-01  0.000000e+00  0.000000e+00  2.742325e-01  0.000000e+00  0.000000e+00  -3.708610e-01  0.000000e+00  0.000000e+00  2.742325e-01  0.000000e+00  0.000000e+00  -3.708610e-01  0.000000e+00  0.000000e+00  2.742325e-01  2.110187e+00  3.866645e-02  8.237851e-01  0.000000e+00  0.000000e+00  2.742325e-01  0.000000e+00  0.000000e+00  -3.708610e-01  0.000000e+00  0.000000e+00  2.742325e-01  0.000000e+00  0.000000e+00  -3.708610e-01  0.000000e+00  0.000000e+00  2.742325e-01  
1.955156e+00  3.071698e-02  7.908807e-01  0.000000e+00  0.000000e+00  2.990421e-01  0.000000e+00  0.000000e+00  -3.606607e-01  0.000000e+00  0.000000e+00  2.990421e-01  0.000000e+00  0.000000e+00  -3.606607e-01  0.000000e+00  0.000000e+00  2.990421e-01  1.955156e+00  3.071698e-02  7.908807e-01  0.000000e+00  0.000000e+00  2.990421e-01  0.000000e+00  0.000000e+00  -3.606607e-01  0.000000e+00  0.000000e+00  2.990421e-01  0.000000e+00  0.000000e+00  -3.606607e-01  0.000000e+00  0.000000e+00  2.990421e-01  
2.020729e+00  4.085021e-04  8.821563e-01  0.000000e+00  0.000000e+00  3.006543e-01  0.000000e+00  0.000000e+00  -3.634364e-01  0.000000e+00  0.000000e+00  3.006543e-01  0.000000e+00  0.000000e+00  -3.634364e-01  0.000000e+00  0.000000e+00  3.006543e-01  2.020729e+00  4.085021e-04  8.821563e-01  0.000000e+00  0.000000e+00  3.006543e-01  0.000000e+00  0.000000e+00  -3.634364e-01  0.000000e+00  0.000000e+00  3.006543e-01  0.000000e+00  0.000000e+00  -3.634364e-01  0.000000e+00  0.000000e+00  3.006543e-01  
2.014027e+00  1.057311e-03  8.958169e-01  0.000000e+00  0.000000e+00  2.913553e-01  0.000000e+00  0.000000e+00  -3.644660e-01  0.000000e+00  0.000000e+00  2.913553e-01  0.000000e+00  0.000000e+00  -3.644660e-01  0.000000e+00  0.000000e+00  2.913553e-01  2.014027e+00  1.057311e-03  8.958169e-01  0.000000e+00  0.000000e+00  2.913553e-01  0.000000e+00  0.000000e+00  -3.644660e-01  0.000000e+00  0.000000e+00  2.913553e-01  0.000000e+00  0.000000e+00  -3.644660e-01  0.000000e+00  0.000000e+00  2.913553e-01  
1.821190e+00  1.114089e-03  8.359581e-01  0.000000e+00  0.000000e+00  2.780673e-01  0.000000e+00  0.000000e+00  -3.506176e-01  0.000000e+00  0.000000e+00  2.780673e-01  0.000000e+00  0.000000e+00  -3.506176e-01  0.000000e+00  0.000000e+00  2.780673e-01  1.821190e+00  1.114089e-03  8.359581e-01  0.000000e+00  0.000000e+00  2.780673e-01  0.000000e+00  0.000000e+00  -3.506176e-01  0.000000e+00  0.000000e+00  2.780673e-01  0.000000e+00  0.000000e+00  -3.506176e-01  0.000000e+00  0.000000e+00  2.780673e-01  
2.018331e+00  1.590436e-02  8.142619e-01  0.000000e+00  0.000000e+00  2.339630e-01  0.000000e+00  0.000000e+00  -3.836964e-01  0.000000e+00  0.000000e+00  2.339630e-01  0.000000e+00  0.000000e+00  -3.836964e-01  0.000000e+00  0.000000e+00  2.339630e-01  2.018331e+00  1.590436e-02  8.142619e-01  0.000000e+00  0.000000e+00  2.339630e-01  0.000000e+00  0.000000e+00  -3.836964e-01  0.000000e+00  0.000000e+00  2.339630e-01  0.000000e+00  0.000000e+00  -3.836964e-01  0.000000e+00  0.000000e+00  2.339630e-01  
2.039094e+00  1.596371e-02  8.754202e-01  0.000000e+00  0.000000e+00  3.070820e-01  0.000000e+00  0.000000e+00  -3.597326e-01  0.000000e+00  0.000000e+00  3.070820e-01  0.000000e+00  0.000000e+00  -3.597326e-01  0.000000e+00  0.000000e+00  3.070820e-01  2.039094e+00  1.596371e-02  8.754202e-01  0.000000e+00  0.000000e+00  3.070820e-01  0.000000e+00  0.000000e+00  -3.597326e-01  0.000000e+00  0.000000e+00  3.070820e-01  0.000000e+00  0.000000e+00  -3.597326e-01  0.000000e+00  0.000000e+00  3.070820e-01  
1.914710e+00  5.702050e-04  8.415598e-01  0.000000e+00  0.000000e+00  3.295920e-01  0.000000e+00  0.000000e+00  -3.675896e-01  0.000000e+00  0.000000e+00  3.295920e-01  0.000000e+00  0.000000e+00  -3.675896e-01  0.000000e+00  0.000000e+00  3.295920e-01  1.914710e+00  5.702050e-04  8.415598e-01  0.000000e+00  0.000000e+00  3.295920e-01  0.000000e+00  0.000000e+00  -3.675896e-01  0.000000e+00  0.000000e+00  3.295920e-01  0.000000e+00  0.000000e+00  -3.675896e-01  0.000000e+00  0.000000e+00  3.295920e-01  
1.955239e+00  4.816196e-03  8.788068e-01  0.000000e+00  0.000000e+00  3.362378e-01  0.000000e+00  0.000000e+00  -3.648965e-01  0.000000e+00  0.000000e+00  3.362378e-01  0.000000e+00  0.000000e+00  -3.648965e-01  0.000000e+00  0.000000e+00  3.362378e-01  1.955239e+00  4.816196e-03  8.788068e-01  0.000000e+00  0.000000e+00  3.362378e-01  0.000000e+00  0.000000e+00  -3.648965e-01  0.000000e+00  0.000000e+00  3.362378e-01  0.000000e+00  0.000000e+00  -3.648965e-01  0.000000e+00  0.000000e+00  3.362378e-01  
2.021649e+00  6.401179e-03  8.893245e-01  0.000000e+00  0.000000e+00  3.001137e-01  0.000000e+00  0.000000e+00  -3.580066e-01  0.000000e+00  0.000000e+00  3.001137e-01  0.000000e+00  0.000000e+00  -3.580066e-01  0.000000e+00  0.000000e+00  3.001137e-01  2.021649e+00  6.401179e-03  8.893245e-01  0.000000e+00  0.000000e+00  3.001137e-01  0.000000e+00  0.000000e+00  -3.580066e-01  0.000000e+00  0.000000e+00  3.001137e-01  0.000000e+00  0.000000e+00  -3.580066e-01  0.000000e+00  0.000000e+00  3.001137e-01  
2.041378e+00  1.418974e-03  8.710212e-01  0.000000e+00  0.000000e+00  2.709585e-01  0.000000e+00  0.000000e+00  -3.665226e-01  0.000000e+00  0.000000e+00  2.709585e-01  0.000000e+00  0.000000e+00  -3.665226e-01  0.000000e+00  0.000000e+00  2.709585e-01  2.041378e+00  1.418974e-03  8.710212e-01  0.000000e+00  0.000000e+00  2.709585e-01  0.000000e+00  0.000000e+00  -3.665226e-01  0.000000e+00  0.000000e+00  2.709585e-01  0.000000e+00  0.000000e+00  -3.665226e-01  0.000000e+00  0.000000e+00  2.709585e-01  
2.116253e+00  2.104452e-02  8.847722e-01  0.000000e+00  0.000000e+00  2.669748e-01  0.000000e+00  0.000000e+00  -3.588718e-01  0.000000e+00  0.000000e+00  2.669748e-01  0.000000e+00  0.000000e+00  -3.588718e-01  0.000000e+00  0.000000e+00  2.669748e-01  2.116253e+00  2.104452e-02  8.847722e-01  0.000000e+00  0.000000e+00  2.669748e-01  0.000000e+00  0.000000e+00  -3.588718e-01  0.000000e+00  0.000000e+00  2.669748e-01  0.000000e+00  0.000000e+00  -3.588718e-01  0.000000e+00  0.000000e+00  2.669748e-01  
2.214165e+00  2.390461e-02  8.761745e-01  0.000000e+00  0.000000e+00  2.412136e-01  0.000000e+00  0.000000e+00  -3.796881e-01  0.000000e+00  0.000000e+00  2.412136e-01  0.000000e+00  0.000000e+00  -3.796881e-01  0.000000e+00  0.000000e+00  2.412136e-01  2.214165e+00  2.390461e-02  8.761745e-01  0.000000e+00  0.000000e+00  2.412136e-01  0.000000e+00  0.000000e+00  -3.796881e-01  0.000000e+00  0.000000e+00  2.412136e-01  0.000000e+00  0.000000e+00  -3.796881e-01  0.000000e+00  0.000000e+00  2.412136e-01  
2.151212e+00  4.360626e-03  8.855057e-01  0.000000e+00  0.000000e+00  3.112070e-01  0.000000e+00  0.000000e+00  -3.860884e-01  0.000000e+00  0.000000e+00  3.112070e-01  0.000000e+00  0.000000e+00  -3.860884e-01  0.000000e+00  0.000000e+00  3.112070e-01  2.151212e+00  4.360626e-03  8.855057e-01  0.000000e+00  0.000000e+00  3.112070e-01  0.000000e+00  0.000000e+00  -3.860884e-01  0.000000e+00  0.000000e+00  3.112070e-01  0.000000e+00  0.000000e+00  -3.860884e-01  0.000000e+00  0.000000e+00  3.112070e-01  
2.127097e+00  1.946138e-02  8.750498e-01  0.000000e+00  0.000000e+00  2.769255e-01  0.000000e+00  0.000000e+00  -3.722620e-01  0.000000e+00  0.000000e+00  2.769255e-01  0.000000e+00  0.000000e+00  -3.722620e-01  0.000000e+00  0.000000e+00  2.769255e-01  2.127097e+00  1.946138e-02  8.750498e-01  0.000000e+00  0.000000e+00  2.769255e-01  0.000000e+00  0.000000e+00  -3.722620e-01  0.000000e+00  0.000000e+00  2.769255e-01  0.000000e+00  0.000000e+00  -3.722620e-01  0.000000e+00  0.000000e+00  2.769255e-01  
2.000306e+00  6.721921e-03  8.989326e-01  0.000000e+00  0.000000e+00  2.757962e-01  0.000000e+00  0.000000e+00  -3.574642e-01  0.000000e+00  0.000000e+00  2.757962e-01  0.000000e+00  0.000000e+00  -3.574642e-01  0.000000e+00  0.000000e+00  2.757962e-01  2.000306e+00  6.721921e-03  8.989326e-01  0.000000e+00  0.000000e+00  2.757962e-01  0.000000e+00  0.000000e+00  -3.574642e-01  0.000000e+00  0.000000e+00  2.757962e-01  0.000000e+00  0.000000e+00  -3.574642e-01  0.000000e+00  0.000000e+00  2.757962e-01  
1.994296e+00  6.066121e-03  8.375645e-01  0.000000e+00  0.000000e+00  2.523135e-01  0.000000e+00  0.000000e+00  -3.766035e-01  0.000000e+00  0.000000e+00  2.523135e-01  0.000000e+00  0.000000e+00  -3.766035e-01  0.000000e+00  0.000000e+00  2.523135e-01  1.994296e+00  6.066121e-03  8.375645e-01  0.000000e+00  0.000000e+00  2.523135e-01  0.000000e+00  0.000000e+00  -3.766035e-01  0.000000e+00  0.000000e+00  2.523135e-01  0.000000e+00  0.000000e+00  -3.766035e-01  0.000000e+00  0.000000e+00  2.523135e-01  
2.000447e+00  1.265567e-03  8.389941e-01  0.000000e+00  0.000000e+00  2.600751e-01  0.000000e+00  0.000000e+00  -3.851801e-01  0.000000e+00  0.000000e+00  2.600751e-01  0.000000e+00  0.000000e+00  -3.851801e-01  0.000000e+00  0.000000e+00  2.600751e-01  2.000447e+00  1.265567e-03  8.389941e-01  0.000000e+00  0.000000e+00  2.600751e-01  0.000000e+00  0.000000e+00  -3.851801e-01  0.000000e+00  0.000000e+00  2.600751e-01  0.000000e+00  0.000000e+00  -3.851801e-01  0.000000e+00  0.000000e+00  2.600751e-01  
2.027899e+00  5.199851e-03  9.038112e-01  0.000000e+00  0.000000e+00  2.880035e-01  0.000000e+00  0.000000e+00  -3.718970e-01  0.000000e+00  0.000000e+00  2.880035e-01  0.000000e+00  0.000000e+00  -3.718970e-01  0.000000e+00  0.000000e+00  2.880035e-01  2.027899e+00  5.199851e-03  9.038112e-01  0.000000e+00  0.000000e+00  2.880035e-01  0.000000e+00  0.000000e+00  -3.718970e-01  0.000000e+00  0.000000e+00  2.880035e-01  0.000000e+00  0.000000e+00  -3.718970e-01  0.000000e+00  0.000000e+00  2.880035e-01  
1.947934e+00  2.995886e-02  7.698680e-01  0.000000e+00  0.000000e+00  2.753149e-01  0.000000e+00  0.000000e+00  -3.580915e-01  0.000000e+00  0.000000e+00  2.753149e-01  0.000000e+00  0.000000e+00  -3.580915e-01  0.000000e+00  0.000000e+00  2.753149e-01  1.947934e+00  2.995886e-02  7.698680e-01  0.000000e+00  0.000000e+00  2.753149e-01  0.000000e+00  0.000000e+00  -3.580915e-01  0.000000e+00  0.000000e+00  2.753149e-01  0.000000e+00  0.000000e+00  -3.580915e-01  0.000000e+00  0.000000e+00  2.753149e-01  
2.097650e+00  3.449124e-03  8.951668e-01  0.000000e+00  0.000000e+00  3.323124e-01  0.000000e+00  0.000000e+00  -3.907689e-01  0.000000e+00  0.000000e+00  3.323124e-01  0.000000e+00  0.000000e+00  -3.907689e-01  0.000000e+00  0.000000e+00  3.323124e-01  2.097650e+00  3.449124e-03  8.951668e-01  0.000000e+00  0.000000e+00  3.323124e-01  0.000000e+00  0.000000e+00  -3.907689e-01  0.000000e+00  0.000000e+00  3.323124e-01  0.000000e+00  0.000000e+00  -3.907689e-01  0.000000e+00  0.000000e+00  3.323124e-01  
2.155485e+00  2.397843e-03  9.269733e-01  0.000000e+00  0.000000e+00  2.725088e-01  0.000000e+00  0.000000e+00  -3.713984e-01  0.000000e+00  0.000000e+00  2.725088e-01  0.000000e+00  0.000000e+00  -3.713984e-01  0.000000e+00  0.000000e+00  2.725088e-01  2.155485e+00  2.397843e-03  9.269733e-01  0.000000e+00  0.000000e+00  2.725088e-01  0.000000e+00  0.000000e+00  -3.713984e-01  0.000000e+00  0.000000e+00  2.725088e-01  0.000000e+00  0.000000e+00  -3.713984e-01  0.000000e+00  0.000000e+00  2.725088e-01  
2.030466e+00  7.286094e-03  8.614787e-01  0.000000e+00  0.000000e+00  2.981611e-01  0.000000e+00  0.000000e+00  -3.592348e-01  0.000000e+00  0.000000e+00  2.981611e-01  0.000000e+00  0.000000e+00  -3.592348e-01  0.000000e+00  0.000000e+00  2.981611e-01  2.030466e+00  7.286094e-03  8.614787e-01  0.000000e+00  0.000000e+00  2.981611e-01  0.000000e+00  0.000000e+00  -3.592348e-01  0.000000e+00  0.000000e+00  2.981611e-01  0.000000e+00  0.000000e+00  -3.592348e-01  0.000000e+00  0.000000e+00  2.981611e-01  
2.101498e+00  3.412379e-02  8.520083e-01  0.000000e+00  0.000000e+00  2.906823e-01  0.000000e+00  0.000000e+00  -3.615566e-01  0.000000e+00  0.000000e+00  2.906823e-01  0.000000e+00  0.000000e+00  -3.615566e-01  0.000000e+00  0.000000e+00  2.906823e-01  2.101498e+00  3.412379e-02  8.520083e-01  0.000000e+00  0.000000e+00  2.906823e-01  0.000000e+00  0.000000e+00  -3.615566e-01  0.000000e+00  0.000000e+00  2.906823e-01  0.000000e+00  0.000000e+00  -3.615566e-01  0.000000e+00  0.000000e+00  2.906823e-01  
2.060193e+00  4.767844e-03  9.115744e-01  0.000000e+00  0.000000e+00  3.144053e-01  0.000000e+00  0.000000e+00  -3.742976e-01  0.000000e+00  0.000000e+00  3.144053e-01  0.000000e+00  0.000000e+00  -3.742976e-01  0.000000e+00  0.000000e+00  3.144053e-01  2.060193e+00  4.767844e-03  9.115744e-01  0.000000e+00  0.000000e+00  3.144053e-01  0.000000e+00  0.000000e+00  -3.742976e-01  0.000000e+00  0.000000e+00  3.144053e-01  0.000000e+00  0.000000e+00  -3.742976e-01  0.000000e+00  0.000000e+00  3.144053e-01  
2.047490e+00  3.638333e-03  9.132370e-01  0.000000e+00  0.000000e+00  2.837080e-01  0.000000e+00  0.000000e+00  -3.707365e-01  0.000000e+00  0.000000e+00  2.837080e-01  0.000000e+00  0.000000e+00  -3.707365e-01  0.000000e+00  0.000000e+00  2.837080e-01  2.047490e+00  3.638333e-03  9.132370e-01  0.000000e+00  0.000000e+00  2.837080e-01  0.000000e+00  0.000000e+00  -3.707365e-01  0.000000e+00  0.000000e+00  2.837080e-01  0.000000e+00  0.000000e+00  -3.707365e-01  0.000000e+00  0.000000e+00  2.837080e-01  
2.166091e+00  7.708044e-02  7.634517e-01  0.000000e+00  0.000000e+00  2.936049e-01  0.000000e+00  0.000000e+00  -3.705144e-01  0.000000e+00  0.000000e+00  2.936049e-01  0.000000e+00  0.000000e+00  -3.705144e-01  0.000000e+00  0.000000e+00  2.936049e-01  2.166091e+00  7.708044e-02  7.634517e-01  0.000000e+00  0.000000e+00  2.936049e-01  0.000000e+00  0.000000e+00  -3.705144e-01  0.000000e+00  0.000000e+00  2.936049e-01  0.000000e+00  0.000000e+00  -3.705144e-01  0.000000e+00  0.000000e+00  2.936049e-01  
1.946499e+00  1.338441e-02  8.484347e-01  0.000000e+00  0.000000e+00  2.461507e-01  0.000000e+00  0.000000e+00  -3.496993e-01  0.000000e+00  0.000000e+00  2.461507e-01  0.000000e+00  0.000000e+00  -3.496993e-01  0.000000e+00  0.000000e+00  2.461507e-01  1.946499e+00  1.338441e-02  8.484347e-01  0.000000e+00  0.000000e+00  2.461507e-01  0.000000e+00  0.000000e+00  -3.496993e-01  0.000000e+00  0.000000e+00  2.461507e-01  0.000000e+00  0.000000e+00  -3.496993e-01  0.000000e+00  0.000000e+00  2.461507e-01  
2.054734e+00  2.838338e-02  8.351927e-01  0.000000e+00  0.000000e+00  2.371293e-01  0.000000e+00  0.000000e+00  -3.659823e-01  0.000000e+00  0.000000e+00  2.371293e-01  0.000000e+00  0.000000e+00  -3.659823e-01  0.000000e+00  0.000000e+00  2.371293e-01  2.054734e+00  2.838338e-02  8.351927e-01  0.000000e+00  0.000000e+00  2.371293e-01  0.000000e+00  0.000000e+00  -3.659823e-01  0.000000e+00  0.000000e+00  2.371293e-01  0.000000e+00  0.000000e+00  -3.659823e-01  0.000000e+00  0.000000e+00  2.371293e-01  
2.094310e+00  1.539360e-02  8.842894e-01  0.000000e+00  0.000000e+00  2.847306e-01  0.000000e+00  0.000000e+00  -3.752808e-01  0.000000e+00  0.000000e+00  2.847306e-01  0.000000e+00  0.000000e+00  -3.752808e-01  0.000000e+00  0.000000e+00  2.847306e-01  2.094310e+00  1.539360e-02  8.842894e-01  0.000000e+00  0.000000e+00  2.847306e-01  0.000000e+00  0.000000e+00  -3.752808e-01  0.000000e+00  0.000000e+00  2.847306e-01  0.000000e+00  0.000000e+00  -3.752808e-01  0.000000e+00  0.000000e+00  2.847306e-01  
1.979136e+00  2.302398e-02  8.097227e-01  0.000000e+00  0.000000e+00  2.366829e-01  0.000000e+00  0.000000e+00  -3.569881e-01  0.000000e+00  0.000000e+00  2.366829e-01  0.000000e+00  0.000000e+00  -3.569881e-01  0.000000e+00  0.000000e+00  2.366829e-01  1.979136e+00  2.302398e-02  8.097227e-01  0.000000e+00  0.000000e+00  2.366829e-01  0.000000e+00  0.000000e+00  -3.569881e-01  0.000000e+00  0.000000e+00  2.366829e-01  0.000000e+00  0.000000e+00  -3.569881e-01  0.000000e+00  0.000000e+00  2.366829e-01  
2.245625e+00  3.804769e-02  8.872741e-01  0.000000e+00  0.000000e+00  3.455263e-01  0.000000e+00  0.000000e+00  -3.749899e-01  0.000000e+00  0.000000e+00  3.455263e-01  0.000000e+00  0.000000e+00  -3.749899e-01  0.000000e+00  0.000000e+00  3.455263e-01  2.245625e+00  3.804769e-02  8.872741e-01  0.000000e+00  0.000000e+00  3.455263e-01  0.000000e+00  0.000000e+00  -3.749899e-01  0.000000e+00  0.000000e+00  3.455263e-01  0.000000e+00  0.000000e+00  -3.749899e-01  0.000000e+00  0.000000e+00  3.455263e-01  
2.085926e+00  7.621157e-03  8.862640e-01  0.000000e+00  0.000000e+00  2.675574e-01  0.000000e+00  0.000000e+00  -3.567237e-01  0.000000e+00  0.000000e+00  2.675574e-01  0.000000e+00  0.000000e+00  -3.567237e-01  0.000000e+00  0.000000e+00  2.675574e-01  2.085926e+00  7.621157e-03  8.862640e-01  0.000000e+00  0.000000e+00  2.675574e-01  0.000000e+00  0.000000e+00  -3.567237e-01  0.000000e+00  0.000000e+00  2.675574e-01  0.000000e+00  0.000000e+00  -3.567237e-01  0.000000e+00  0.000000e+00  2.675574e-01  
2.064102e+00  5.358391e-03  8.940150e-01  0.000000e+00  0.000000e+00  2.105380e-01  0.000000e+00  0.000000e+00  -3.716406e-01  0.000000e+00  0.000000e+00  2.105380e-01  0.000000e+00  0.000000e+00  -3.716406e-01  0.000000e+00  0.000000e+00  2.105380e-01  2.064102e+00  5.358391e-03  8.940150e-01  0.000000e+00  0.000000e+00  2.105380e-01  0.000000e+00  0.000000e+00  -3.716406e-01  0.000000e+00  0.000000e+00  2.105380e-01  0.000000e+00  0.000000e+00  -3.716406e-01  0.000000e+00  0.000000e+00  2.105380e-01  
1.967006e+00  5.562556e-03  8.735856e-01  0.000000e+00  0.000000e+00  2.239276e-01  0.000000e+00  0.000000e+00  -3.693640e-01  0.000000e+00  0.000000e+00  2.239276e-01  0.000000e+00  0.000000e+00  -3.693640e-01  0.000000e+00  0.000000e+00  2.239276e-01  1.967006e+00  5.562556e-03  8.735856e-01  0.000000e+00  0.000000e+00  2.239276e-01  0.000000e+00  0.000000e+00  -3.693640e-01  0.000000e+00  0.000000e+00  2.239276e-01  0.000000e+00  0.000000e+00  -3.693640e-01  0.000000e+00  0.000000e+00  2.239276e-01  
1.940922e+00  1.452081e-02  8.463747e-01  0.000000e+00  0.000000e+00  3.792707e-01  0.000000e+00  0.000000e+00  -3.598976e-01  0.000000e+00  0.000000e+00  3.792707e-01  0.000000e+00  0.000000e+00  -3.598976e-01  0.000000e+00  0.000000e+00  3.792707e-01  1.940922e+00  1.452081e-02  8.463747e-01  0.000000e+00  0.000000e+00  3.792707e-01  0.000000e+00  0.000000e+00  -3.598976e-01  0.000000e+00  0.000000e+00  3.792707e-01  0.000000e+00  0.000000e+00  -3.598976e-01  0.000000e+00  0.000000e+00  3.792707e-01  
2.105221e+00  1.872220e-02  8.609222e-01  0.000000e+00  0.000000e+00  3.265302e-01  0.000000e+00  0.000000e+00  -3.738719e-01  0.000000e+00  0.000000e+00  3.265302e-01  0.000000e+00  0.000000e+00  -3.738719e-01  0.000000e+00  0.000000e+00  3.265302e-01  2.105221e+00  1.872220e-02  8.609222e-01  0.000000e+00  0.000000e+00  3.265302e-01  0.000000e+00  0.000000e+00  -3.738719e-01  0.000000e+00  0.000000e+00  3.265302e-01  0.000000e+00  0.000000e+00  -3.738719e-01  0.000000e+00  0.000000e+00  3.265302e-01  
2.053784e+00  1.000576e-02  8.810836e-01  0.000000e+00  0.000000e+00  2.767213e-01  0.000000e+00  0.000000e+00  -3.682337e-01  0.000000e+00  0.000000e+00  2.767213e-01  0.000000e+00  0.000000e+00  -3.682337e-01  0.000000e+00  0.000000e+00  2.767213e-01  2.053784e+00  1.000576e-02  8.810836e-01  0.000000e+00  0.000000e+00  2.767213e-01  0.000000e+00  0.000000e+00  -3.682337e-01  0.000000e+00  0.000000e+00  2.767213e-01  0.000000e+00  0.000000e+00  -3.682337e-01  0.000000e+00  0.000000e+00  2.767213e-01  
1.950294e+00  1.664532e-03  8.498310e-01  0.000000e+00  0.000000e+00  2.655819e-01  0.000000e+00  0.000000e+00  -3.702608e-01  0.000000e+00  0.000000e+00  2.655819e-01  0.000000e+00  0.000000e+00  -3.702608e-01  0.000000e+00  0.000000e+00  2.655819e-01  1.950294e+00  1.664532e-03  8.498310e-01  0.000000e+00  0.000000e+00  2.655819e-01  0.000000e+00  0.000000e+00  -3.702608e-01  0.000000e+00  0.000000e+00  2.655819e-01  0.000000e+00  0.000000e+00  -3.702608e-01  0.000000e+00  0.000000e+00  2.655819e-01  
1.958290e+00  4.273723e-03  8.249063e-01  0.000000e+00  0.000000e+00  3.010580e-01  0.000000e+00  0.000000e+00  -3.759056e-01  0.000000e+00  0.000000e+00  3.010580e-01  0.000000e+00  0.000000e+00  -3.759056e-01  0.000000e+00  0.000000e+00  3.010580e-01  1.958290e+00  4.273723e-03  8.249063e-01  0.000000e+00  0.000000e+00  3.010580e-01  0.000000e+00  0.000000e+00  -3.759056e-01  0.000000e+00  0.000000e+00  3.010580e-01  0.000000e+00  0.000000e+00  -3.759056e-01  0.000000e+00  0.000000e+00  3.010580e-01  
2.069207e+00  3.126387e-02  8.188012e-01  0.000000e+00  0.000000e+00  2.896082e-01  0.000000e+00  0.000000e+00  -3.741575e-01  0.000000e+00  0.000000e+00  2.896082e-01  0.000000e+00  0.000000e+00  -3.741575e-01  0.000000e+00  0.000000e+00  2.896082e-01  2.069207e+00  3.126387e-02  8.188012e-01  0.000000e+00  0.000000e+00  2.896082e-01  0.000000e+00  0.000000e+00  -3.741575e-01  0.000000e+00  0.000000e+00  2.896082e-01  0.000000e+00  0.000000e+00  -3.741575e-01  0.000000e+00  0.000000e+00  2.896082e-01  
2.102626e+00  2.387765e-02  8.212783e-01  0.000000e+00  0.000000e+00  2.668036e-01  0.000000e+00  0.000000e+00  -3.776606e-01  0.000000e+00  0.000000e+00  2.668036e-01  0.000000e+00  0.000000e+00  -3.776606e-01  0.000000e+00  0.000000e+00  2.668036e-01  2.102626e+00  2.387765e-02  8.212783e-01  0.000000e+00  0.000000e+00  2.668036e-01  0.000000e+00  0.000000e+00  -3.776606e-01  0.000000e+00  0.000000e+00  2.668036e-01  0.000000e+00  0.000000e+00  -3.776606e-01  0.000000e+00  0.000000e+00  2.668036e-01  
2.099965e+00  7.068518e-03  8.847684e-01  0.000000e+00  0.000000e+00  3.481099e-01  0.000000e+00  0.000000e+00  -3.855434e-01  0.000000e+00  0.000000e+00  3.481099e-01  0.000000e+00  0.000000e+00  -3.855434e-01  0.000000e+00  0.000000e+00  3.481099e-01  2.099965e+00  7.068518e-03  8.847684e-01  0.000000e+00  0.000000e+00  3.481099e-01  0.000000e+00  0.000000e+00  -3.855434e-01  0.000000e+00  0.000000e+00  3.481099e-01  0.000000e+00  0.000000e+00  -3.855434e-01  0.000000e+00  0.000000e+00  3.481099e-01  
1.989518e+00  1.008046e-03  8.617975e-01  0.000000e+00  0.000000e+00  2.986385e-01  0.000000e+00  0.000000e+00  -3.809047e-01  0.000000e+00  0.000000e+00  2.986385e-01  0.000000e+00  0.000000e+00  -3.809047e-01  0.000000e+00  0.000000e+00  2.986385e-01  1.989518e+00  1.008046e-03  8.617975e-01  0.000000e+00  0.000000e+00  2.986385e-01  0.000000e+00  0.000000e+00  -3.809047e-01  0.000000e+00  0.000000e+00  2.986385e-01  0.000000e+00  0.000000e+00  -3.809047e-01  0.000000e+00  0.000000e+00  2.986385e-01  
2.101145e+00  2.192535e-02  8.389192e-01  0.000000e+00  0.000000e+00  2.749886e-01  0.000000e+00  0.000000e+00  -3.758634e-01  0.000000e+00  0.000000e+00  2.749886e-01  0.000000e+00  0.000000e+00  -3.758634e-01  0.000000e+00  0.000000e+00  2.749886e-01  2.101145e+00  2.192535e-02  8.389192e-01  0.000000e+00  0.000000e+00  2.749886e-01  0.000000e+00  0.000000e+00  -3.758634e-01  0.000000e+00  0.000000e+00  2.749886e-01  0.000000e+00  0.000000e+00  -3.758634e-01  0.000000e+00  0.000000e+00  2.749886e-01  
1.961870e+00  2.817674e-03  8.372654e-01  0.000000e+00  0.000000e+00  3.003408e-01  0.000000e+00  0.000000e+00  -3.630628e-01  0.000000e+00  0.000000e+00  3.003408e-01  0.000000e+00  0.000000e+00  -3.630628e-01  0.000000e+00  0.000000e+00  3.003408e-01  1.961870e+00  2.817674e-03  8.372654e-01  0.000000e+00  0.000000e+00  3.003408e-01  0.000000e+00  0.000000e+00  -3.630628e-01  0.000000e+00  0.000000e+00  3.003408e-01  0.000000e+00  0.000000e+00  -3.630628e-01  0.000000e+00  0.000000e+00  3.003408e-01  
2.140131e+00  5.758111e-04  9.297765e-01  0.000000e+00  0.000000e+00  2.532063e-01  0.000000e+00  0.000000e+00  -3.733895e-01  0.000000e+00  0.000000e+00  2.532063e-01  0.000000e+00  0.000000e+00  -3.733895e-01  0.000000e+00  0.000000e+00  2.532063e-01  2.140131e+00  5.758111e-04  9.297765e-01  0.000000e+00  0.000000e+00  2.532063e-01  0.000000e+00  0.000000e+00  -3.733895e-01  0.000000e+00  0.000000e+00  2.532063e-01  0.000000e+00  0.000000e+00  -3.733895e-01  0.000000e+00  0.000000e+00  2.532063e-01  
2.036475e+00  1.223804e-02  9.021151e-01  0.000000e+00  0.000000e+00  3.450412e-01  0.000000e+00  0.000000e+00  -3.637024e-01  0.000000e+00  0.000000e+00  3.450412e-01  0.000000e+00  0.000000e+00  -3.637024e-01  0.000000e+00  0.000000e+00  3.450412e-01  2.036475e+00  1.223804e-02  9.021151e-01  0.000000e+00  0.000000e+00  3.450412e-01  0.000000e+00  0.000000e+00  -3.637024e-01  0.000000e+00  0.000000e+00  3.450412e-01  0.000000e+00  0.000000e+00  -3.637024e-01  0.000000e+00  0.000000e+00  3.450412e-01  
2.226336e+00  2.425526e-02  8.798183e-01  0.000000e+00  0.000000e+00  2.676637e-01  0.000000e+00  0.000000e+00  -3.880349e-01  0.000000e+00  0.000000e+00  2.676637e-01  0.000000e+00  0.000000e+00  -3.880349e-01  0.000000e+00  0.000000e+00  2.676637e-01  2.226336e+00  2.425526e-02  8.798183e-01  0.000000e+00  0.000000e+00  2.676637e-01  0.000000e+00  0.000000e+00  -3.880349e-01  0.000000e+00  0.000000e+00  2.676637e-01  0.000000e+00  0.000000e+00  -3.880349e-01  0.000000e+00  0.000000e+00  2.676637e-01  
2.110038e+00  9.625372e-03  9.088241e-01  0.000000e+00  0.000000e+00  2.843221e-01  0.000000e+00  0.000000e+00  -3.657483e-01  0.000000e+00  0.000000e+00  2.843221e-01  0.000000e+00  0.000000e+00  -3.657483e-01  0.000000e+00  0.000000e+00  2.843221e-01  2.110038e+00  9.625372e-03  9.088241e-01  0.000000e+00  0.000000e+00  2.843221e-01  0.000000e+00  0.000000e+00  -3.657483e-01  0.000000e+00  0.000000e+00  2.843221e-01  0.000000e+00  0.000000e+00  -3.657483e-01  0.000000e+00  0.000000e+00  2.843221e-01  
2.155071e+00  2.700945e-02  8.704665e-01  0.000000e+00  0.000000e+00  3.391542e-01  0.000000e+00  0.000000e+00  -3.684077e-01  0.000000e+00  0.000000e+00  3.391542e-01  0.000000e+00  0.000000e+00  -3.684077e-01  0.000000e+00  0.000000e+00  3.391542e-01  2.155071e+00  2.700945e-02  8.704665e-01  0.000000e+00  0.000000e+00  3.391542e-01  0.000000e+00  0.000000e+00  -3.684077e-01  0.000000e+00  0.000000e+00  3.391542e-01  0.000000e+00  0.000000e+00  -3.684077e-01  0.000000e+00  0.000000e+00  3.391542e-01  
1.950198e+00  2.424259e-03  8.099399e-01  0.000000e+00  0.000000e+00  2.878056e-01  0.000000e+00  0.000000e+00  -3.696542e-01  0.000000e+00  0.000000e+00  2.878056e-01  0.000000e+00  0.000000e+00  -3.696542e-01  0.000000e+00  0.000000e+00  2.878056e-01  1.950198e+00  2.424259e-03  8.099399e-01  0.000000e+00  0.000000e+00  2.878056e-01  0.000000e+00  0.000000e+00  -3.696542e-01  0.000000e+00  0.000000e+00  2.878056e-01  0.000000e+00  0.000000e+00  -3.696542e-01  0.000000e+00  0.000000e+00  2.878056e-01  
1.910844e+00  4.340242e-03  8.060296e-01  0.000000e+00  0.000000e+00  2.969071e-01  0.000000e+00  0.000000e+00  -3.712097e-01  0.000000e+00  0.000000e+00  2.969071e-01  0.000000e+00  0.000000e+00  -3.712097e-01  0.000000e+00  0.000000e+00  2.969071e-01  1.910844e+00  4.340242e-03  8.060296e-01  0.000000e+00  0.000000e+00  2.969071e-01  0.000000e+00  0.000000e+00  -3.712097e-01  0.000000e+00  0.000000e+00  2.969071e-01  0.000000e+00  0.000000e+00  -3.712097e-01  0.000000e+00  0.000000e+00  2.969071e-01  
2.100170e+00  6.413653e-03  8.893860e-01  0.000000e+00  0.000000e+00  2.698847e-01  0.000000e+00  0.000000e+00  -3.635611e-01  0.000000e+00  0.000000e+00  2.698847e-01  0.000000e+00  0.000000e+00  -3.635611e-01  0.000000e+00  0.000000e+00  2.698847e-01  2.100170e+00  6.413653e-03  8.893860e-01  0.000000e+00  0.000000e+00  2.698847e-01  0.000000e+00  0.000000e+00  -3.635611e-01  0.000000e+00  0.000000e+00  2.698847e-01  0.000000e+00  0.000000e+00  -3.635611e-01  0.000000e+00  0.000000e+00  2.698847e-01  
2.176551e+00  3.213739e-02  8.620087e-01  0.000000e+00  0.000000e+00  2.504556e-01  0.000000e+00  0.000000e+00  -3.762230e-01  0.000000e+00  0.000000e+00  2.504556e-01  0.000000e+00  0.000000e+00  -3.762230e-01  0.000000e+00  0.000000e+00  2.504556e-01  2.176551e+00  3.213739e-02  8.620087e-01  0.000000e+00  0.000000e+00  2.504556e-01  0.000000e+00  0.000000e+00  -3.762230e-01  0.000000e+00  0.000000e+00  2.504556e-01  0.000000e+00  0.000000e+00  -3.762230e-01  0.000000e+00  0.000000e+00  2.504556e-01  
2.013572e+00  1.214516e-03  9.162744e-01  0.000000e+00  0.000000e+00  2.528453e-01  0.000000e+00  0.000000e+00  -3.676810e-01  0.000000e+00  0.000000e+00  2.528453e-01  0.000000e+00  0.000000e+00  -3.676810e-01  0.000000e+00  0.000000e+00  2.528453e-01  2.013572e+00  1.214516e-03  9.162744e-01  0.000000e+00  0.000000e+00  2.528453e-01  0.000000e+00  0.000000e+00  -3.676810e-01  0.000000e+00  0.000000e+00  2.528453e-01  0.000000e+00  0.000000e+00  -3.676810e-01  0.000000e+00  0.000000e+00  2.528453e-01  
1.988974e+00  1.027384e-03  9.180421e-01  0.000000e+00  0.000000e+00  2.878211e-01  0.000000e+00  0.000000e+00  -3.656903e-01  0.000000e+00  0.000000e+00  2.878211e-01  0.000000e+00  0.000000e+00  -3.656903e-01  0.000000e+00  0.000000e+00  2.878211e-01  1.988974e+00  1.027384e-03  9.180421e-01  0.000000e+00  0.000000e+00  2.878211e-01  0.000000e+00  0.000000e+00  -3.656903e-01  0.000000e+00  0.000000e+00  2.878211e-01  0.000000e+00  0.000000e+00  -3.656903e-01  0.000000e+00  0.000000e+00  2.878211e-01  
2.034612e+00  1.339815e-02  8.187502e-01  0.000000e+00  0.000000e+00  2.861659e-01  0.000000e+00  0.000000e+00  -3.793723e-01  0.000000e+00  0.000000e+00  2.861659e-01  0.000000e+00  0.000000e+00  -3.793723e-01  0.000000e+00  0.000000e+00  2.861659e-01  2.034612e+00  1.339815e-02  8.187502e-01  0.000000e+00  0.000000e+00  2.861659e-01  0.000000e+00  0.000000e+00  -3.793723e-01  0.000000e+00  0.000000e+00  2.861659e-01  0.000000e+00  0.000000e+00  -3.793723e-01  0.000000e+00  0.000000e+00  2.861659e-01  
2.105569e+00  6.690597e-03  8.864509e-01  0.000000e+00  0.000000e+00  3.073638e-01  0.000000e+00  0.000000e+00  -3.828090e-01  0.000000e+00  0.000000e+00  3.073638e-01  0.000000e+00  0.000000e+00  -3.828090e-01  0.000000e+00  0.000000e+00  3.073638e-01  2.105569e+00  6.690597e-03  8.864509e-01  0.000000e+00  0.000000e+00  3.073638e-01  0.000000e+00  0.000000e+00  -3.828090e-01  0.000000e+00  0.000000e+00  3.073638e-01  0.000000e+00  0.000000e+00  -3.828090e-01  0.000000e+00  0.000000e+00  3.073638e-01  
2.070236e+00  1.558624e-02  7.991404e-01  0.000000e+00  0.000000e+00  2.852974e-01  0.000000e+00  0.000000e+00  -3.901577e-01  0.000000e+00  0.000000e+00  2.852974e-01  0.000000e+00  0.000000e+00  -3.901577e-01  0.000000e+00  0.000000e+00  2.852974e-01  2.070236e+00  1.558624e-02  7.991404e-01  0.000000e+00  0.000000e+00  2.852974e-01  0.000000e+00  0.000000e+00  -3.901577e-01  0.000000e+00  0.000000e+00  2.852974e-01  0.000000e+00  0.000000e+00  -3.901577e-01  0.000000e+00  0.000000e+00  2.852974e-01  
2.116566e+00  5.737734e-02  7.821642e-01  0.000000e+00  0.000000e+00  3.281637e-01  0.000000e+00  0.000000e+00  -3.746572e-01  0.000000e+00  0.000000e+00  3.281637e-01  0.000000e+00  0.000000e+00  -3.746572e-01  0.000000e+00  0.000000e+00  3.281637e-01  2.116566e+00  5.737734e-02  7.821642e-01  0.000000e+00  0.000000e+00  3.281637e-01  0.000000e+00  0.000000e+00  -3.746572e-01  0.000000e+00  0.000000e+00  3.281637e-01  0.000000e+00  0.000000e+00  -3.746572e-01  0.000000e+00  0.000000e+00  3.281637e-01  
2.147716e+00  1.090181e-02  8.399866e-01  0.000000e+00  0.000000e+00  2.824973e-01  0.000000e+00  0.000000e+00  -3.944640e-01  0.000000e+00  0.000000e+00  2.824973e-01  0.000000e+00  0.000000e+00  -3.944640e-01  0.000000e+00  0.000000e+00  2.824973e-01  2.147716e+00  1.090181e-02  8.399866e-01  0.000000e+00  0.000000e+00  2.824973e-01  0.000000e+00  0.000000e+00  -3.944640e-01  0.000000e+00  0.000000e+00  2.824973e-01  0.000000e+00  0.000000e+00  -3.944640e-01  0.000000e+00  0.000000e+00  2.824973e-01  
1.958756e+00  2.684821e-02  7.791710e-01  0.000000e+00  0.000000e+00  3.765364e-01  0.000000e+00  0.000000e+00  -3.777871e-01  0.000000e+00  0.000000e+00  3.765364e-01  0.000000e+00  0.000000e+00  -3.777871e-01  0.000000e+00  0.000000e+00  3.765364e-01  1.958756e+00  2.684821e-02  7.791710e-01  0.000000e+00  0.000000e+00  3.765364e-01  0.000000e+00  0.000000e+00  -3.777871e-01  0.000000e+00  0.000000e+00  3.765364e-01  0.000000e+00  0.000000e+00  -3.777871e-01  0.000000e+00  0.000000e+00  3.765364e-01  
2.126881e+00  5.816805e-03  8.620566e-01  0.000000e+00  0.000000e+00  2.896374e-01  0.000000e+00  0.000000e+00  -3.869407e-01  0.000000e+00  0.000000e+00  2.896374e-01  0.000000e+00  0.000000e+00  -3.869407e-01  0.000000e+00  0.000000e+00  2.896374e-01  2.126881e+00  5.816805e-03  8.620566e-01  0.000000e+00  0.000000e+00  2.896374e-01  0.000000e+00  0.000000e+00  -3.869407e-01  0.000000e+00  0.000000e+00  2.896374e-01  0.000000e+00  0.000000e+00  -3.869407e-01  0.000000e+00  0.000000e+00  2.896374e-01  
2.102625e+00  1.680681e-02  8.511810e-01  0.000000e+00  0.000000e+00  2.994317e-01  0.000000e+00  0.000000e+00  -3.718551e-01  0.000000e+00  0.000000e+00  2.994317e-01  0.000000e+00  0.000000e+00  -3.718551e-01  0.000000e+00  0.000000e+00  2.994317e-01  2.102625e+00  1.680681e-02  8.511810e-01  0.000000e+00  0.000000e+00  2.994317e-01  0.000000e+00  0.000000e+00  -3.718551e-01  0.000000e+00  0.000000e+00  2.994317e-01  0.000000e+00  0.000000e+00  -3.718551e-01  0.000000e+00  0.000000e+00  2.994317e-01  
2.176652e+00  3.655890e-02  8.516575e-01  0.000000e+00  0.000000e+00  3.118584e-01  0.000000e+00  0.000000e+00  -3.708823e-01  0.000000e+00  0.000000e+00  3.118584e-01  0.000000e+00  0.000000e+00  -3.708823e-01  0.000000e+00  0.000000e+00  3.118584e-01  2.176652e+00  3.655890e-02  8.516575e-01  0.000000e+00  0.000000e+00  3.118584e-01  0.000000e+00  0.000000e+00  -3.708823e-01  0.000000e+00  0.000000e+00  3.118584e-01  0.000000e+00  0.000000e+00  -3.708823e-01  0.000000e+00  0.000000e+00  3.118584e-01  
2.104829e+00  6.379250e-03  8.866745e-01  0.000000e+00  0.000000e+00  2.513169e-01  0.000000e+00  0.000000e+00  -3.805664e-01  0.000000e+00  0.000000e+00  2.513169e-01  0.000000e+00  0.000000e+00  -3.805664e-01  0.000000e+00  0.000000e+00  2.513169e-01  2.104829e+00  6.379250e-03  8.866745e-01  0.000000e+00  0.000000e+00  2.513169e-01  0.000000e+00  0.000000e+00  -3.805664e-01  0.000000e+00  0.000000e+00  2.513169e-01  0.000000e+00  0.000000e+00  -3.805664e-01  0.000000e+00  0.000000e+00  2.513169e-01  
2.078182e+00  1.377516e-02  8.733950e-01  0.000000e+00  0.000000e+00  3.373721e-01  0.000000e+00  0.000000e+00  -3.807839e-01  0.000000e+00  0.000000e+00  3.373721e-01  0.000000e+00  0.000000e+00  -3.807839e-01  0.000000e+00  0.000000e+00  3.373721e-01  2.078182e+00  1.377516e-02  8.733950e-01  0.000000e+00  0.000000e+00  3.373721e-01  0.000000e+00  0.000000e+00  -3.807839e-01  0.000000e+00  0.000000e+00  3.373721e-01  0.000000e+00  0.000000e+00  -3.807839e-01  0.000000e+00  0.000000e+00  3.373721e-01  
2.086525e+00  8.273944e-03  9.106515e-01  0.000000e+00  0.000000e+00  3.048315e-01  0.000000e+00  0.000000e+00  -3.628502e-01  0.000000e+00  0.000000e+00  3.048315e-01  0.000000e+00  0.000000e+00  -3.628502e-01  0.000000e+00  0.000000e+00  3.048315e-01  2.086525e+00  8.273944e-03  9.106515e-01  0.000000e+00  0.000000e+00  3.048315e-01  0.000000e+00  0.000000e+00  -3.628502e-01  0.000000e+00  0.000000e+00  3.048315e-01  0.000000e+00  0.000000e+00  -3.628502e-01  0.000000e+00  0.000000e+00  3.048315e-01  
1.881778e+00  2.959627e-02  7.580016e-01  0.000000e+00  0.000000e+00  2.409496e-01  0.000000e+00  0.000000e+00  -3.567073e-01  0.000000e+00  0.000000e+00  2.409496e-01  0.000000e+00  0.000000e+00  -3.567073e-01  0.000000e+00  0.000000e+00  2.409496e-01  1.881778e+00  2.959627e-02  7.580016e-01  0.000000e+00  0.000000e+00  2.409496e-01  0.000000e+00  0.000000e+00  -3.567073e-01  0.000000e+00  0.000000e+00  2.409496e-01  0.000000e+00  0.000000e+00  -3.567073e-01  0.000000e+00  0.000000e+00  2.409496e-01  
2.101922e+00  2.750648e-02  8.418181e-01  0.000000e+00  0.000000e+00  3.038954e-01  0.000000e+00  0.000000e+00  -3.806791e-01  0.000000e+00  0.000000e+00  3.038954e-01  0.000000e+00  0.000000e+00  -3.806791e-01  0.000000e+00  0.000000e+00  3.038954e-01  2.101922e+00  2.750648e-02  8.418181e-01  0.000000e+00  0.000000e+00  3.038954e-01  0.000000e+00  0.000000e+00  -3.806791e-01  0.000000e+00  0.000000e+00  3.038954e-01  0.000000e+00  0.000000e+00  -3.806791e-01  0.000000e+00  0.000000e+00  3.038954e-01  
1.961038e+00  8.272311e-03  8.769740e-01  0.000000e+00  0.000000e+00  3.069111e-01  0.000000e+00  0.000000e+00  -3.563102e-01  0.000000e+00  0.000000e+00  3.069111e-01  0.000000e+00  0.000000e+00  -3.563102e-01  0.000000e+00  0.000000e+00  3.069111e-01  1.961038e+00  8.272311e-03  8.769740e-01  0.000000e+00  0.000000e+00  3.069111e-01  0.000000e+00  0.000000e+00  -3.563102e-01  0.000000e+00  0.000000e+00  3.069111e-01  0.000000e+00  0.000000e+00  -3.563102e-01  0.000000e+00  0.000000e+00  3.069111e-01  
2.129950e+00  2.587098e-02  8.570710e-01  0.000000e+00  0.000000e+00  3.236017e-01  0.000000e+00  0.000000e+00  -3.721694e-01  0.000000e+00  0.000000e+00  3.236017e-01  0.000000e+00  0.000000e+00  -3.721694e-01  0.000000e+00  0.000000e+00  3.236017e-01  2.129950e+00  2.587098e-02  8.570710e-01  0.000000e+00  0.000000e+00  3.236017e-01  0.000000e+00  0.000000e+00  -3.721694e-01  0.000000e+00  0.000000e+00  3.236017e-01  0.000000e+00  0.000000e+00  -3.721694e-01  0.000000e+00  0.000000e+00  3.236017e-01  
1.997995e+00  2.625602e-03  8.646663e-01  0.000000e+00  0.000000e+00  3.393723e-01  0.000000e+00  0.000000e+00  -3.758209e-01  0.000000e+00  0.000000e+00  3.393723e-01  0.000000e+00  0.000000e+00  -3.758209e-01  0.000000e+00  0.000000e+00  3.393723e-01  1.997995e+00  2.625602e-03  8.646663e-01  0.000000e+00  0.000000e+00  3.393723e-01  0.000000e+00  0.000000e+00  -3.758209e-01  0.000000e+00  0.000000e+00  3.393723e-01  0.000000e+00  0.000000e+00  -3.758209e-01  0.000000e+00  0.000000e+00  3.393723e-01  
2.137559e+00  1.739539e-02  8.918632e-01  0.000000e+00  0.000000e+00  2.965235e-01  0.000000e+00  0.000000e+00  -3.632002e-01  0.000000e+00  0.000000e+00  2.965235e-01  0.000000e+00  0.000000e+00  -3.632002e-01  0.000000e+00  0.000000e+00  2.965235e-01  2.137559e+00  1.739539e-02  8.918632e-01  0.000000e+00  0.000000e+00  2.965235e-01  0.000000e+00  0.000000e+00  -3.632002e-01  0.000000e+00  0.000000e+00  2.965235e-01  0.000000e+00  0.000000e+00  -3.632002e-01  0.000000e+00  0.000000e+00  2.965235e-01  
1.938131e+00  5.391052e-03  7.997674e-01  0.000000e+00  0.000000e+00  2.671070e-01  0.000000e+00  0.000000e+00  -3.702999e-01  0.000000e+00  0.000000e+00  2.671070e-01  0.000000e+00  0.000000e+00  -3.702999e-01  0.000000e+00  0.000000e+00  2.671070e-01  1.938131e+00  5.391052e-03  7.997674e-01  0.000000e+00  0.000000e+00  2.671070e-01  0.000000e+00  0.000000e+00  -3.702999e-01  0.000000e+00  0.000000e+00  2.671070e-01  0.000000e+00  0.000000e+00  -3.702999e-01  0.000000e+00  0.000000e+00  2.671070e-01  
2.075048e+00  1.961743e-02  8.449422e-01  0.000000e+00  0.000000e+00  3.406713e-01  0.000000e+00  0.000000e+00  -3.686247e-01  0.000000e+00  0.000000e+00  3.406713e-01  0.000000e+00  0.000000e+00  -3.686247e-01  0.000000e+00  0.000000e+00  3.406713e-01  2.075048e+00  1.961743e-02  8.449422e-01  0.000000e+00  0.000000e+00  3.406713e-01  0.000000e+00  0.000000e+00  -3.686247e-01  0.000000e+00  0.000000e+00  3.406713e-01  0.000000e+00  0.000000e+00  -3.686247e-01  0.000000e+00  0.000000e+00  3.406713e-01  
1.936403e+00  7.183103e-03  8.386456e-01  0.000000e+00  0.000000e+00  2.659051e-01  0.000000e+00  0.000000e+00  -3.591313e-01  0.000000e+00  0.000000e+00  2.659051e-01  0.000000e+00  0.000000e+00  -3.591313e-01  0.000000e+00  0.000000e+00  2.659051e-01  1.936403e+00  7.183103e-03  8.386456e-01  0.000000e+00  0.000000e+00  2.659051e-01  0.000000e+00  0.000000e+00  -3.591313e-01  0.000000e+00  0.000000e+00  2.659051e-01  0.000000e+00  0.000000e+00  -3.591313e-01  0.000000e+00  0.000000e+00  2.659051e-01  
1.992825e+00  8.229515e-03  9.038805e-01  0.000000e+00  0.000000e+00  3.394054e-01  0.000000e+00  0.000000e+00  -3.559101e-01  0.000000e+00  0.000000e+00  3.394054e-01  0.000000e+00  0.000000e+00  -3.559101e-01  0.000000e+00  0.000000e+00  3.394054e-01  1.992825e+00  8.229515e-03  9.038805e-01  0.000000e+00  0.000000e+00  3.394054e-01  0.000000e+00  0.000000e+00  -3.559101e-01  0.000000e+00  0.000000e+00  3.394054e-01  0.000000e+00  0.000000e+00  -3.559101e-01  0.000000e+00  0.000000e+00  3.394054e-01  
2.085573e+00  1.548660e-02  8.827096e-01  0.000000e+00  0.000000e+00  3.081453e-01  0.000000e+00  0.000000e+00  -3.674969e-01  0.000000e+00  0.000000e+00  3.081453e-01  0.000000e+00  0.000000e+00  -3.674969e-01  0.000000e+00  0.000000e+00  3.081453e-01  2.085573e+00  1.548660e-02  8.827096e-01  0.000000e+00  0.000000e+00  3.081453e-01  0.000000e+00  0.000000e+00  -3.674969e-01  0.000000e+00  0.000000e+00  3.081453e-01  0.000000e+00  0.000000e+00  -3.674969e-01  0.000000e+00  0.000000e+00  3.081453e-01  
2.043578e+00  9.677291e-04  9.255028e-01  0.000000e+00  0.000000e+00  2.769283e-01  0.000000e+00  0.000000e+00  -3.684262e-01  0.000000e+00  0.000000e+00  2.769283e-01  0.000000e+00  0.000000e+00  -3.684262e-01  0.000000e+00  0.000000e+00  2.769283e-01  2.043578e+00  9.677291e-04  9.255028e-01  0.000000e+00  0.000000e+00  2.769283e-01  0.000000e+00  0.000000e+00  -3.684262e-01  0.000000e+00  0.000000e+00  2.769283e-01  0.000000e+00  0.000000e+00  -3.684262e-01  0.000000e+00  0.000000e+00  2.769283e-01  
2.068307e+00  2.928965e-02  8.488097e-01  0.000000e+00  0.000000e+00  2.816542e-01  0.000000e+00  0.000000e+00  -3.659737e-01  0.000000e+00  0.000000e+00  2.816542e-01  0.000000e+00  0.000000e+00  -3.659737e-01  0.000000e+00  0.000000e+00  2.816542e-01  2.068307e+00  2.928965e-02  8.488097e-01  0.000000e+00  0.000000e+00  2.816542e-01  0.000000e+00  0.000000e+00  -3.659737e-01  0.000000e+00  0.000000e+00  2.816542e-01  0.000000e+00  0.000000e+00  -3.659737e-01  0.000000e+00  0.000000e+00  2.816542e-01  
2.095865e+00  2.010266e-02  8.491066e-01  0.000000e+00  0.000000e+00  2.811743e-01  0.000000e+00  0.000000e+00  -3.771853e-01  0.000000e+00  0.000000e+00  2.811743e-01  0.000000e+00  0.000000e+00  -3.771853e-01  0.000000e+00  0.000000e+00  2.811743e-01  2.095865e+00  2.010266e-02  8.491066e-01  0.000000e+00  0.000000e+00  2.811743e-01  0.000000e+00  0.000000e+00  -3.771853e-01  0.000000e+00  0.000000e+00  2.811743e-01  0.000000e+00  0.000000e+00  -3.771853e-01  0.000000e+00  0.000000e+00  2.811743e-01  
1.997748e+00  9.784627e-03  8.399037e-01  0.000000e+00  0.000000e+00  2.602441e-01  0.000000e+00  0.000000e+00  -3.705043e-01  0.000000e+00  0.000000e+00  2.602441e-01  0.000000e+00  0.000000e+00  -3.705043e-01  0.000000e+00  0.000000e+00  2.602441e-01  1.997748e+00  9.784627e-03  8.399037e-01  0.000000e+00  0.000000e+00  2.602441e-01  0.000000e+00  0.000000e+00  -3.705043e-01  0.000000e+00  0.000000e+00  2.602441e-01  0.000000e+00  0.000000e+00  -3.705043e-01  0.000000e+00  0.000000e+00  2.602441e-01  
2.113203e+00  3.226842e-02  8.279257e-01  0.000000e+00  0.000000e+00  2.833933e-01  0.000000e+00  0.000000e+00  -3.765143e-01  0.000000e+00  0.000000e+00  2.833933e-01  0.000000e+00  0.000000e+00  -3.765143e-01  0.000000e+00  0.000000e+00  2.833933e-01  2.113203e+00  3.226842e-02  8.279257e-01  0.000000e+00  0.000000e+00  2.833933e-01  0.000000e+00  0.000000e+00  -3.765143e-01  0.000000e+00  0.000000e+00  2.833933e-01  0.000000e+00  0.000000e+00  -3.765143e-01  0.000000e+00  0.000000e+00  2.833933e-01  
2.080123e+00  1.639852e-02  8.678479e-01  0.000000e+00  0.000000e+00  3.187416e-01  0.000000e+00  0.000000e+00  -3.718053e-01  0.000000e+00  0.000000e+00  3.187416e-01  0.000000e+00  0.000000e+00  -3.718053e-01  0.000000e+00  0.000000e+00  3.187416e-01  2.080123e+00  1.639852e-02  8.678479e-01  0.000000e+00  0.000000e+00  3.187416e-01  0.000000e+00  0.000000e+00  -3.718053e-01  0.000000e+00  0.000000e+00  3.187416e-01  0.000000e+00  0.000000e+00  -3.718053e-01  0.000000e+00  0.000000e+00  3.187416e-01  
1.959761e+00  3.321763e-03  8.843040e-01  0.000000e+00  0.000000e+00  3.198218e-01  0.000000e+00  0.000000e+00  -3.676921e-01  0.000000e+00  0.000000e+00  3.198218e-01  0.000000e+00  0.000000e+00  -3.676921e-01  0.000000e+00  0.000000e+00  3.198218e-01  1.959761e+00  3.321763e-03  8.843040e-01  0.000000e+00  0.000000e+00  3.198218e-01  0.000000e+00  0.000000e+00  -3.676921e-01  0.000000e+00  0.000000e+00  3.198218e-01  0.000000e+00  0.000000e+00  -3.676921e-01  0.000000e+00  0.000000e+00  3.198218e-01  
2.016622e+00  2.905198e-02  8.289191e-01  0.000000e+00  0.000000e+00  3.316634e-01  0.000000e+00  0.000000e+00  -3.688253e-01  0.000000e+00  0.000000e+00  3.316634e-01  0.000000e+00  0.000000e+00  -3.688253e-01  0.000000e+00  0.000000e+00  3.316634e-01  2.016622e+00  2.905198e-02  8.289191e-01  0.000000e+00  0.000000e+00  3.316634e-01  0.000000e+00  0.000000e+00  -3.688253e-01  0.000000e+00  0.000000e+00  3.316634e-01  0.000000e+00  0.000000e+00  -3.688253e-01  0.000000e+00  0.000000e+00  3.316634e-01  
1.929704e+00  1.568335e-02  8.253965e-01  0.000000e+00  0.000000e+00  3.162069e-01  0.000000e+00  0.000000e+00  -3.612172e-01  0.000000e+00  0.000000e+00  3.162069e-01  0.000000e+00  0.000000e+00  -3.612172e-01  0.000000e+00  0.000000e+00  3.162069e-01  1.929704e+00  1.568335e-02  8.253965e-01  0.000000e+00  0.000000e+00  3.162069e-01  0.000000e+00  0.000000e+00  -3.612172e-01  0.000000e+00  0.000000e+00  3.162069e-01  0.000000e+00  0.000000e+00  -3.612172e-01  0.000000e+00  0.000000e+00  3.162069e-01  
2.125047e+00  2.835809e-03  9.192922e-01  0.000000e+00  0.000000e+00  3.261837e-01  0.000000e+00  0.000000e+00  -3.752961e-01  0.000000e+00  0.000000e+00  3.261837e-01  0.000000e+00  0.000000e+00  -3.752961e-01  0.000000e+00  0.000000e+00  3.261837e-01  2.125047e+00  2.835809e-03  9.192922e-01  0.000000e+00  0.000000e+00  3.261837e-01  0.000000e+00  0.000000e+00  -3.752961e-01  0.000000e+00  0.000000e+00  3.261837e-01  0.000000e+00  0.000000e+00  -3.752961e-01  0.000000e+00  0.000000e+00  3.261837e-01  
2.084002e+00  3.098877e-02  8.387197e-01  0.000000e+00  0.000000e+00  3.072264e-01  0.000000e+00  0.000000e+00  -3.739236e-01  0.000000e+00  0.000000e+00  3.072264e-01  0.000000e+00  0.000000e+00  -3.739236e-01  0.000000e+00  0.000000e+00  3.072264e-01  2.084002e+00  3.098877e-02  8.387197e-01  0.000000e+00  0.000000e+00  3.072264e-01  0.000000e+00  0.000000e+00  -3.739236e-01  0.000000e+00  0.000000e+00  3.072264e-01  0.000000e+00  0.000000e+00  -3.739236e-01  0.000000e+00  0.000000e+00  3.072264e-01  
1.991668e+00  7.712594e-03  8.828187e-01  0.000000e+00  0.000000e+00  2.683196e-01  0.000000e+00  0.000000e+00  -3.475115e-01  0.000000e+00  0.000000e+00  2.683196e-01  0.000000e+00  0.000000e+00  -3.475115e-01  0.000000e+00  0.000000e+00  2.683196e-01  1.991668e+00  7.712594e-03  8.828187e-01  0.000000e+00  0.000000e+00  2.683196e-01  0.000000e+00  0.000000e+00  -3.475115e-01  0.000000e+00  0.000000e+00  2.683196e-01  0.000000e+00  0.000000e+00  -3.475115e-01  0.000000e+00  0.000000e+00  2.683196e-01  
1.880169e+00  1.366694e-02  8.242579e-01  0.000000e+00  0.000000e+00  3.612652e-01  0.000000e+00  0.000000e+00  -3.559837e-01  0.000000e+00  0.000000e+00  3.612652e-01  0.000000e+00  0.000000e+00  -3.559837e-01  0.000000e+00  0.000000e+00  3.612652e-01  1.880169e+00  1.366694e-02  8.242579e-01  0.000000e+00  0.000000e+00  3.612652e-01  0.000000e+00  0.000000e+00  -3.559837e-01  0.000000e+00  0.000000e+00  3.612652e-01  0.000000e+00  0.000000e+00  -3.559837e-01  0.000000e+00  0.000000e+00  3.612652e-01  
2.089484e+00  6.374526e-03  8.741854e-01  0.000000e+00  0.000000e+00  3.282882e-01  0.000000e+00  0.000000e+00  -3.808458e-01  0.000000e+00  0.000000e+00  3.282882e-01  0.000000e+00  0.000000e+00  -3.808458e-01  0.000000e+00  0.000000e+00  3.282882e-01  2.089484e+00  6.374526e-03  8.741854e-01  0.000000e+00  0.000000e+00  3.282882e-01  0.000000e+00  0.000000e+00  -3.808458e-01  0.000000e+00  0.000000e+00  3.282882e-01  0.000000e+00  0.000000e+00  -3.808458e-01  0.000000e+00  0.000000e+00  3.282882e-01  
2.169379e+00  5.762476e-02  8.133463e-01  0.000000e+00  0.000000e+00  3.183143e-01  0.000000e+00  0.000000e+00  -3.736811e-01  0.000000e+00  0.000000e+00  3.183143e-01  0.000000e+00  0.000000e+00  -3.736811e-01  0.000000e+00  0.000000e+00  3.183143e-01  2.169379e+00  5.762476e-02  8.133463e-01  0.000000e+00  0.000000e+00  3.183143e-01  0.000000e+00  0.000000e+00  -3.736811e-01  0.000000e+00  0.000000e+00  3.183143e-01  0.000000e+00  0.000000e+00  -3.736811e-01  0.000000e+00  0.000000e+00  3.183143e-01  
2.108993e+00  1.526894e-02  8.595152e-01  0.000000e+00  0.000000e+00  2.942959e-01  0.000000e+00  0.000000e+00  -3.694259e-01  0.000000e+00  0.000000e+00  2.942959e-01  0.000000e+00  0.000000e+00  -3.694259e-01  0.000000e+00  0.000000e+00  2.942959e-01  2.108993e+00  1.526894e-02  8.595152e-01  0.000000e+00  0.000000e+00  2.942959e-01  0.000000e+00  0.000000e+00  -3.694259e-01  0.000000e+00  0.000000e+00  2.942959e-01  0.000000e+00  0.000000e+00  -3.694259e-01  0.000000e+00  0.000000e+00  2.942959e-01  
2.134988e+00  8.748270e-03  9.167381e-01  0.000000e+00  0.000000e+00  2.738942e-01  0.000000e+00  0.000000e+00  -3.695798e-01  0.000000e+00  0.000000e+00  2.738942e-01  0.000000e+00  0.000000e+00  -3.695798e-01  0.000000e+00  0.000000e+00  2.738942e-01  2.134988e+00  8.748270e-03  9.167381e-01  0.000000e+00  0.000000e+00  2.738942e-01  0.000000e+00  0.000000e+00  -3.695798e-01  0.000000e+00  0.000000e+00  2.738942e-01  0.000000e+00  0.000000e+00  -3.695798e-01  0.000000e+00  0.000000e+00  2.738942e-01  
2.018673e+00  9.647115e-03  8.466851e-01  0.000000e+00  0.000000e+00  3.273936e-01  0.000000e+00  0.000000e+00  -3.802207e-01  0.000000e+00  0.000000e+00  3.273936e-01  0.000000e+00  0.000000e+00  -3.802207e-01  0.000000e+00  0.000000e+00  3.273936e-01  2.018673e+00  9.647115e-03  8.466851e-01  0.000000e+00  0.000000e+00  3.273936e-01  0.000000e+00  0.000000e+00  -3.802207e-01  0.000000e+00  0.000000e+00  3.273936e-01  0.000000e+00  0.000000e+00  -3.802207e-01  0.000000e+00  0.000000e+00  3.273936e-01  
2.007687e+00  8.540732e-03  8.767993e-01  0.000000e+00  0.000000e+00  3.809633e-01  0.000000e+00  0.000000e+00  -3.720858e-01  0.000000e+00  0.000000e+00  3.809633e-01  0.000000e+00  0.000000e+00  -3.720858e-01  0.000000e+00  0.000000e+00  3.809633e-01  2.007687e+00  8.540732e-03  8.767993e-01  0.000000e+00  0.000000e+00  3.809633e-01  0.000000e+00  0.000000e+00  -3.720858e-01  0.000000e+00  0.000000e+00  3.809633e-01  0.000000e+00  0.000000e+00  -3.720858e-01  0.000000e+00  0.000000e+00  3.809633e-01  
1.934870e+00  6.538492e-03  8.189899e-01  0.000000e+00  0.000000e+00  2.821064e-01  0.000000e+00  0.000000e+00  -3.554326e-01  0.000000e+00  0.000000e+00  2.821064e-01  0.000000e+00  0.000000e+00  -3.554326e-01  0.000000e+00  0.000000e+00  2.821064e-01  1.934870e+00  6.538492e-03  8.189899e-01  0.000000e+00  0.000000e+00  2.821064e-01  0.000000e+00  0.000000e+00  -3.554326e-01  0.000000e+00  0.000000e+00  2.821064e-01  0.000000e+00  0.000000e+00  -3.554326e-01  0.000000e+00  0.000000e+00  2.821064e-01  
2.086808e+00  3.223833e-03  9.139456e-01  0.000000e+00  0.000000e+00  3.270561e-01  0.000000e+00  0.000000e+00  -3.760589e-01  0.000000e+00  0.000000e+00  3.270561e-01  0.000000e+00  0.000000e+00  -3.760589e-01  0.000000e+00  0.000000e+00  3.270561e-01  2.086808e+00  3.223833e-03  9.139456e-01  0.000000e+00  0.000000e+00  3.270561e-01  0.000000e+00  0.000000e+00  -3.760589e-01  0.000000e+00  0.000000e+00  3.270561e-01  0.000000e+00  0.000000e+00  -3.760589e-01  0.000000e+00  0.000000e+00  3.270561e-01  
2.058248e+00  1.449919e-02  8.758172e-01  0.000000e+00  0.000000e+00  3.668538e-01  0.000000e+00  0.000000e+00  -3.830789e-01  0.000000e+00  0.000000e+00  3.668538e-01  0.000000e+00  0.000000e+00  -3.830789e-01  0.000000e+00  0.000000e+00  3.668538e-01  2.058248e+00  1.449919e-02  8.758172e-01  0.000000e+00  0.000000e+00  3.668538e-01  0.000000e+00  0.000000e+00  -3.830789e-01  0.000000e+00  0.000000e+00  3.668538e-01  0.000000e+00  0.000000e+00  -3.830789e-01  0.000000e+00  0.000000e+00  3.668538e-01  
2.124428e+00  3.241012e-02  8.279103e-01  0.000000e+00  0.000000e+00  3.219074e-01  0.000000e+00  0.000000e+00  -3.697645e-01  0.000000e+00  0.000000e+00  3.219074e-01  0.000000e+00  0.000000e+00  -3.697645e-01  0.000000e+00  0.000000e+00  3.219074e-01  2.124428e+00  3.241012e-02  8.279103e-01  0.000000e+00  0.000000e+00  3.219074e-01  0.000000e+00  0.000000e+00  -3.697645e-01  0.000000e+00  0.000000e+00  3.219074e-01  0.000000e+00  0.000000e+00  -3.697645e-01  0.000000e+00  0.000000e+00  3.219074e-01  
2.037289e+00  3.455181e-02  8.195214e-01  0.000000e+00  0.000000e+00  2.852227e-01  0.000000e+00  0.000000e+00  -3.630958e-01  0.000000e+00  0.000000e+00  2.852227e-01  0.000000e+00  0.000000e+00  -3.630958e-01  0.000000e+00  0.000000e+00  2.852227e-01  2.037289e+00  3.455181e-02  8.195214e-01  0.000000e+00  0.000000e+00  2.852227e-01  0.000000e+00  0.000000e+00  -3.630958e-01  0.000000e+00  0.000000e+00  2.852227e-01  0.000000e+00  0.000000e+00  -3.630958e-01  0.000000e+00  0.000000e+00  2.852227e-01  
2.022336e+00  6.113567e-03  8.529156e-01  0.000000e+00  0.000000e+00  2.331547e-01  0.000000e+00  0.000000e+00  -3.696347e-01  0.000000e+00  0.000000e+00  2.331547e-01  0.000000e+00  0.000000e+00  -3.696347e-01  0.000000e+00  0.000000e+00  2.331547e-01  2.022336e+00  6.113567e-03  8.529156e-01  0.000000e+00  0.000000e+00  2.331547e-01  0.000000e+00  0.000000e+00  -3.696347e-01  0.000000e+00  0.000000e+00  2.331547e-01  0.000000e+00  0.000000e+00  -3.696347e-01  0.000000e+00  0.000000e+00  2.331547e-01  
2.233597e+00  3.254288e-02  8.578943e-01  0.000000e+00  0.000000e+00  3.062846e-01  0.000000e+00  0.000000e+00  -3.851601e-01  0.000000e+00  0.000000e+00  3.062846e-01  0.000000e+00  0.000000e+00  -3.851601e-01  0.000000e+00  0.000000e+00  3.062846e-01  2.233597e+00  3.254288e-02  8.578943e-01  0.000000e+00  0.000000e+00  3.062846e-01  0.000000e+00  0.000000e+00  -3.851601e-01  0.000000e+00  0.000000e+00  3.062846e-01  0.000000e+00  0.000000e+00  -3.851601e-01  0.000000e+00  0.000000e+00  3.062846e-01  
2.024333e+00  4.106871e-04  8.795355e-01  0.000000e+00  0.000000e+00  2.691408e-01  0.000000e+00  0.000000e+00  -3.826161e-01  0.000000e+00  0.000000e+00  2.691408e-01  0.000000e+00  0.000000e+00  -3.826161e-01  0.000000e+00  0.000000e+00  2.691408e-01  2.024333e+00  4.106871e-04  8.795355e-01  0.000000e+00  0.000000e+00  2.691408e-01  0.000000e+00  0.000000e+00  -3.826161e-01  0.000000e+00  0.000000e+00  2.691408e-01  0.000000e+00  0.000000e+00  -3.826161e-01  0.000000e+00  0.000000e+00  2.691408e-01  
2.032152e+00  1.205344e-03  8.897997e-01  0.000000e+00  0.000000e+00  3.252365e-01  0.000000e+00  0.000000e+00  -3.728324e-01  0.000000e+00  0.000000e+00  3.252365e-01  0.000000e+00  0.000000e+00  -3.728324e-01  0.000000e+00  0.000000e+00  3.252365e-01  2.032152e+00  1.205344e-03  8.897997e-01  0.000000e+00  0.000000e+00  3.252365e-01  0.000000e+00  0.000000e+00  -3.728324e-01  0.000000e+00  0.000000e+00  3.252365e-01  0.000000e+00  0.000000e+00  -3.728324e-01  0.000000e+00  0.000000e+00  3.252365e-01  
2.051587e+00  1.275655e-02  9.053701e-01  0.000000e+00  0.000000e+00  3.297197e-01  0.000000e+00  0.000000e+00  -3.677367e-01  0.000000e+00  0.000000e+00  3.297197e-01  0.000000e+00  0.000000e+00  -3.677367e-01  0.000000e+00  0.000000e+00  3.297197e-01  2.051587e+00  1.275655e-02  9.053701e-01  0.000000e+00  0.000000e+00  3.297197e-01  0.000000e+00  0.000000e+00  -3.677367e-01  0.000000e+00  0.000000e+00  3.297197e-01  0.000000e+00  0.000000e+00  -3.677367e-01  0.000000e+00  0.000000e+00  3.297197e-01  
2.116172e+00  1.224898e-02  8.955340e-01  0.000000e+00  0.000000e+00  2.817141e-01  0.000000e+00  0.000000e+00  -3.726402e-01  0.000000e+00  0.000000e+00  2.817141e-01  0.000000e+00  0.000000e+00  -3.726402e-01  0.000000e+00  0.000000e+00  2.817141e-01  2.116172e+00  1.224898e-02  8.955340e-01  0.000000e+00  0.000000e+00  2.817141e-01  0.000000e+00  0.000000e+00  -3.726402e-01  0.000000e+00  0.000000e+00  2.817141e-01  0.000000e+00  0.000000e+00  -3.726402e-01  0.000000e+00  0.000000e+00  2.817141e-01  
2.067040e+00  2.890406e-02  8.437915e-01  0.000000e+00  0.000000e+00  2.640489e-01  0.000000e+00  0.000000e+00  -3.596344e-01  0.000000e+00  0.000000e+00  2.640489e-01  0.000000e+00  0.000000e+00  -3.596344e-01  0.000000e+00  0.000000e+00  2.640489e-01  2.067040e+00  2.890406e-02  8.437915e-01  0.000000e+00  0.000000e+00  2.640489e-01  0.000000e+00  0.000000e+00  -3.596344e-01  0.000000e+00  0.000000e+00  2.640489e-01  0.000000e+00  0.000000e+00  -3.596344e-01  0.000000e+00  0.000000e+00  2.640489e-01  
2.033804e+00  3.066546e-02  8.481795e-01  0.000000e+00  0.000000e+00  3.748929e-01  0.000000e+00  0.000000e+00  -3.625581e-01  0.000000e+00  0.000000e+00  3.748929e-01  0.000000e+00  0.000000e+00  -3.625581e-01  0.000000e+00  0.000000e+00  3.748929e-01  2.033804e+00  3.066546e-02  8.481795e-01  0.000000e+00  0.000000e+00  3.748929e-01  0.000000e+00  0.000000e+00  -3.625581e-01  0.000000e+00  0.000000e+00  3.748929e-01  0.000000e+00  0.000000e+00  -3.625581e-01  0.000000e+00  0.000000e+00  3.748929e-01  
1.942037e+00  5.231563e-03  8.673133e-01  0.000000e+00  0.000000e+00  2.718318e-01  0.000000e+00  0.000000e+00  -3.634379e-01  0.000000e+00  0.000000e+00  2.718318e-01  0.000000e+00  0.000000e+00  -3.634379e-01  0.000000e+00  0.000000e+00  2.718318e-01  1.942037e+00  5.231563e-03  8.673133e-01  0.000000e+00  0.000000e+00  2.718318e-01  0.000000e+00  0.000000e+00  -3.634379e-01  0.000000e+00  0.000000e+00  2.718318e-01  0.000000e+00  0.000000e+00  -3.634379e-01  0.000000e+00  0.000000e+00  2.718318e-01  
2.147457e+00  5.241441e-02  7.870588e-01  0.000000e+00  0.000000e+00  2.838025e-01  0.000000e+00  0.000000e+00  -3.809634e-01  0.000000e+00  0.000000e+00  2.838025e-01  0.000000e+00  0.000000e+00  -3.809634e-01  0.000000e+00  0.000000e+00  2.838025e-01  2.147457e+00  5.241441e-02  7.870588e-01  0.000000e+00  0.000000e+00  2.838025e-01  0.000000e+00  0.000000e+00  -3.809634e-01  0.000000e+00  0.000000e+00  2.838025e-01  0.000000e+00  0.000000e+00  -3.809634e-01  0.000000e+00  0.000000e+00  2.838025e-01  
2.090934e+00  4.906041e-03  8.877007e-01  0.000000e+00  0.000000e+00  2.329337e-01  0.000000e+00  0.000000e+00  -3.745930e-01  0.000000e+00  0.000000e+00  2.329337e-01  0.000000e+00  0.000000e+00  -3.745930e-01  0.000000e+00  0.000000e+00  2.329337e-01  2.090934e+00  4.906041e-03  8.877007e-01  0.000000e+00  0.000000e+00  2.329337e-01  0.000000e+00  0.000000e+00  -3.745930e-01  0.000000e+00  0.000000e+00  2.329337e-01  0.000000e+00  0.000000e+00  -3.745930e-01  0.000000e+00  0.000000e+00  2.329337e-01  
2.098652e+00  1.911215e-02  8.647149e-01  0.000000e+00  0.000000e+00  3.136656e-01  0.000000e+00  0.000000e+00  -3.721013e-01  0.000000e+00  0.000000e+00  3.136656e-01  0.000000e+00  0.000000e+00  -3.721013e-01  0.000000e+00  0.000000e+00  3.136656e-01  2.098652e+00  1.911215e-02  8.647149e-01  0.000000e+00  0.000000e+00  3.136656e-01  0.000000e+00  0.000000e+00  -3.721013e-01  0.000000e+00  0.000000e+00  3.136656e-01  0.000000e+00  0.000000e+00  -3.721013e-01  0.000000e+00  0.000000e+00  3.136656e-01  
2.117642e+00  8.684645e-03  8.793148e-01  0.000000e+00  0.000000e+00  3.879003e-01  0.000000e+00  0.000000e+00  -3.943059e-01  0.000000e+00  0.000000e+00  3.879003e-01  0.000000e+00  0.000000e+00  -3.943059e-01  0.000000e+00  0.000000e+00  3.879003e-01  2.117642e+00  8.684645e-03  8.793148e-01  0.000000e+00  0.000000e+00  3.879003e-01  0.000000e+00  0.000000e+00  -3.943059e-01  0.000000e+00  0.000000e+00  3.879003e-01  0.000000e+00  0.000000e+00  -3.943059e-01  0.000000e+00  0.000000e+00  3.879003e-01  
2.124402e+00  1.488107e-02  8.828684e-01  0.000000e+00  0.000000e+00  3.056588e-01  0.000000e+00  0.000000e+00  -3.837444e-01  0.000000e+00  0.000000e+00  3.056588e-01  0.000000e+00  0.000000e+00  -3.837444e-01  0.000000e+00  0.000000e+00  3.056588e-01  2.124402e+00  1.488107e-02  8.828684e-01  0.000000e+00  0.000000e+00  3.056588e-01  0.000000e+00  0.000000e+00  -3.837444e-01  0.000000e+00  0.000000e+00  3.056588e-01  0.000000e+00  0.000000e+00  -3.837444e-01  0.000000e+00  0.000000e+00  3.056588e-01  
2.061807e+00  1.437801e-03  8.838751e-01  0.000000e+00  0.000000e+00  2.956952e-01  0.000000e+00  0.000000e+00  -3.769201e-01  0.000000e+00  0.000000e+00  2.956952e-01  0.000000e+00  0.000000e+00  -3.769201e-01  0.000000e+00  0.000000e+00  2.956952e-01  2.061807e+00  1.437801e-03  8.838751e-01  0.000000e+00  0.000000e+00  2.956952e-01  0.000000e+00  0.000000e+00  -3.769201e-01  0.000000e+00  0.000000e+00  2.956952e-01  0.000000e+00  0.000000e+00  -3.769201e-01  0.000000e+00  0.000000e+00  2.956952e-01  
2.064904e+00  3.124871e-02  8.243922e-01  0.000000e+00  0.000000e+00  3.246582e-01  0.000000e+00  0.000000e+00  -3.645831e-01  0.000000e+00  0.000000e+00  3.246582e-01  0.000000e+00  0.000000e+00  -3.645831e-01  0.000000e+00  0.000000e+00  3.246582e-01  2.064904e+00  3.124871e-02  8.243922e-01  0.000000e+00  0.000000e+00  3.246582e-01  0.000000e+00  0.000000e+00  -3.645831e-01  0.000000e+00  0.000000e+00  3.246582e-01  0.000000e+00  0.000000e+00  -3.645831e-01  0.000000e+00  0.000000e+00  3.246582e-01  
2.050116e+00  5.021293e-04  8.836392e-01  0.000000e+00  0.000000e+00  2.485220e-01  0.000000e+00  0.000000e+00  -3.697875e-01  0.000000e+00  0.000000e+00  2.485220e-01  0.000000e+00  0.000000e+00  -3.697875e-01  0.000000e+00  0.000000e+00  2.485220e-01  2.050116e+00  5.021293e-04  8.836392e-01  0.000000e+00  0.000000e+00  2.485220e-01  0.000000e+00  0.000000e+00  -3.697875e-01  0.000000e+00  0.000000e+00  2.485220e-01  0.000000e+00  0.000000e+00  -3.697875e-01  0.000000e+00  0.000000e+00  2.485220e-01  
2.111305e+00  2.941633e-02  8.491442e-01  0.000000e+00  0.000000e+00  3.240733e-01  0.000000e+00  0.000000e+00  -3.682645e-01  0.000000e+00  0.000000e+00  3.240733e-01  0.000000e+00  0.000000e+00  -3.682645e-01  0.000000e+00  0.000000e+00  3.240733e-01  2.111305e+00  2.941633e-02  8.491442e-01  0.000000e+00  0.000000e+00  3.240733e-01  0.000000e+00  0.000000e+00  -3.682645e-01  0.000000e+00  0.000000e+00  3.240733e-01  0.000000e+00  0.000000e+00  -3.682645e-01  0.000000e+00  0.000000e+00  3.240733e-01  
2.063584e+00  6.797649e-03  8.444448e-01  0.000000e+00  0.000000e+00  2.569551e-01  0.000000e+00  0.000000e+00  -3.778431e-01  0.000000e+00  0.000000e+00  2.569551e-01  0.000000e+00  0.000000e+00  -3.778431e-01  0.000000e+00  0.000000e+00  2.569551e-01  2.063584e+00  6.797649e-03  8.444448e-01  0.000000e+00  0.000000e+00  2.569551e-01  0.000000e+00  0.000000e+00  -3.778431e-01  0.000000e+00  0.000000e+00  2.569551e-01  0.000000e+00  0.000000e+00  -3.778431e-01  0.000000e+00  0.000000e+00  2.569551e-01  
2.211679e+00  2.263127e-02  8.644732e-01  0.000000e+00  0.000000e+00  2.484831e-01  0.000000e+00  0.000000e+00  -3.734231e-01  0.000000e+00  0.000000e+00  2.484831e-01  0.000000e+00  0.000000e+00  -3.734231e-01  0.000000e+00  0.000000e+00  2.484831e-01  2.211679e+00  2.263127e-02  8.644732e-01  0.000000e+00  0.000000e+00  2.484831e-01  0.000000e+00  0.000000e+00  -3.734231e-01  0.000000e+00  0.000000e+00  2.484831e-01  0.000000e+00  0.000000e+00  -3.734231e-01  0.000000e+00  0.000000e+00  2.484831e-01  
2.151528e+00  1.033454e-02  8.914346e-01  0.000000e+00  0.000000e+00  2.958932e-01  0.000000e+00  0.000000e+00  -3.922847e-01  0.000000e+00  0.000000e+00  2.958932e-01  0.000000e+00  0.000000e+00  -3.922847e-01  0.000000e+00  0.000000e+00  2.958932e-01  2.151528e+00  1.033454e-02  8.914346e-01  0.000000e+00  0.000000e+00  2.958932e-01  0.000000e+00  0.000000e+00  -3.922847e-01  0.000000e+00  0.000000e+00  2.958932e-01  0.000000e+00  0.000000e+00  -3.922847e-01  0.000000e+00  0.000000e+00  2.958932e-01  
2.116158e+00  2.645450e-02  8.397778e-01  0.000000e+00  0.000000e+00  3.316494e-01  0.000000e+00  0.000000e+00  -3.831314e-01  0.000000e+00  0.000000e+00  3.316494e-01  0.000000e+00  0.000000e+00  -3.831314e-01  0.000000e+00  0.000000e+00  3.316494e-01  2.116158e+00  2.645450e-02  8.397778e-01  0.000000e+00  0.000000e+00  3.316494e-01  0.000000e+00  0.000000e+00  -3.831314e-01  0.000000e+00  0.000000e+00  3.316494e-01  0.000000e+00  0.000000e+00  -3.831314e-01  0.000000e+00  0.000000e+00  3.316494e-01  
2.041609e+00  4.372747e-03  8.921195e-01  0.000000e+00  0.000000e+00  2.596824e-01  0.000000e+00  0.000000e+00  -3.623641e-01  0.000000e+00  0.000000e+00  2.596824e-01  0.000000e+00  0.000000e+00  -3.623641e-01  0.000000e+00  0.000000e+00  2.596824e-01  2.041609e+00  4.372747e-03  8.921195e-01  0.000000e+00  0.000000e+00  2.596824e-01  0.000000e+00  0.000000e+00  -3.623641e-01  0.000000e+00  0.000000e+00  2.596824e-01  0.000000e+00  0.000000e+00  -3.623641e-01  0.000000e+00  0.000000e+00  2.596824e-01  
2.179535e+00  1.112284e-02  8.880913e-01  0.000000e+00  0.000000e+00  3.048316e-01  0.000000e+00  0.000000e+00  -3.895047e-01  0.000000e+00  0.000000e+00  3.048316e-01  0.000000e+00  0.000000e+00  -3.895047e-01  0.000000e+00  0.000000e+00  3.048316e-01  2.179535e+00  1.112284e-02  8.880913e-01  0.000000e+00  0.000000e+00  3.048316e-01  0.000000e+00  0.000000e+00  -3.895047e-01  0.000000e+00  0.000000e+00  3.048316e-01  0.000000e+00  0.000000e+00  -3.895047e-01  0.000000e+00  0.000000e+00  3.048316e-01  
2.101758e+00  8.675085e-04  9.276118e-01  0.000000e+00  0.000000e+00  2.273151e-01  0.000000e+00  0.000000e+00  -3.742150e-01  0.000000e+00  0.000000e+00  2.273151e-01  0.000000e+00  0.000000e+00  -3.742150e-01  0.000000e+00  0.000000e+00  2.273151e-01  2.101758e+00  8.675085e-04  9.276118e-01  0.000000e+00  0.000000e+00  2.273151e-01  0.000000e+00  0.000000e+00  -3.742150e-01  0.000000e+00  0.000000e+00  2.273151e-01  0.000000e+00  0.000000e+00  -3.742150e-01  0.000000e+00  0.000000e+00  2.273151e-01  
2.089316e+00  3.485049e-03  9.239892e-01  0.000000e+00  0.000000e+00  2.766157e-01  0.000000e+00  0.000000e+00  -3.665956e-01  0.000000e+00  0.000000e+00  2.766157e-01  0.000000e+00  0.000000e+00  -3.665956e-01  0.000000e+00  0.000000e+00  2.766157e-01  2.089316e+00  3.485049e-03  9.239892e-01  0.000000e+00  0.000000e+00  2.766157e-01  0.000000e+00  0.000000e+00  -3.665956e-01  0.000000e+00  0.000000e+00  2.766157e-01  0.000000e+00  0.000000e+00  -3.665956e-01  0.000000e+00  0.000000e+00  2.766157e-01  
2.016998e+00  8.260740e-03  8.598791e-01  0.000000e+00  0.000000e+00  2.506764e-01  0.000000e+00  0.000000e+00  -3.629380e-01  0.000000e+00  0.000000e+00  2.506764e-01  0.000000e+00  0.000000e+00  -3.629380e-01  0.000000e+00  0.000000e+00  2.506764e-01  2.016998e+00  8.260740e-03  8.598791e-01  0.000000e+00  0.000000e+00  2.506764e-01  0.000000e+00  0.000000e+00  -3.629380e-01  0.000000e+00  0.000000e+00  2.506764e-01  0.000000e+00  0.000000e+00  -3.629380e-01  0.000000e+00  0.000000e+00  2.506764e-01  
1.915065e+00  8.250512e-04  8.293805e-01  0.000000e+00  0.000000e+00  2.962293e-01  0.000000e+00  0.000000e+00  -3.673261e-01  0.000000e+00  0.000000e+00  2.962293e-01  0.000000e+00  0.000000e+00  -3.673261e-01  0.000000e+00  0.000000e+00  2.962293e-01  1.915065e+00  8.250512e-04  8.293805e-01  0.000000e+00  0.000000e+00  2.962293e-01  0.000000e+00  0.000000e+00  -3.673261e-01  0.000000e+00  0.000000e+00  2.962293e-01  0.000000e+00  0.000000e+00  -3.673261e-01  0.000000e+00  0.000000e+00  2.962293e-01  
2.021756e+00  2.158570e-02  8.482906e-01  0.000000e+00  0.000000e+00  3.873309e-01  0.000000e+00  0.000000e+00  -3.739936e-01  0.000000e+00  0.000000e+00  3.873309e-01  0.000000e+00  0.000000e+00  -3.739936e-01  0.000000e+00  0.000000e+00  3.873309e-01  2.021756e+00  2.158570e-02  8.482906e-01  0.000000e+00  0.000000e+00  3.873309e-01  0.000000e+00  0.000000e+00  -3.739936e-01  0.000000e+00  0.000000e+00  3.873309e-01  0.000000e+00  0.000000e+00  -3.739936e-01  0.000000e+00  0.000000e+00  3.873309e-01  
2.014117e+00  1.060981e-02  9.068416e-01  0.000000e+00  0.000000e+00  2.949765e-01  0.000000e+00  0.000000e+00  -3.432469e-01  0.000000e+00  0.000000e+00  2.949765e-01  0.000000e+00  0.000000e+00  -3.432469e-01  0.000000e+00  0.000000e+00  2.949765e-01  2.014117e+00  1.060981e-02  9.068416e-01  0.000000e+00  0.000000e+00  2.949765e-01  0.000000e+00  0.000000e+00  -3.432469e-01  0.000000e+00  0.000000e+00  2.949765e-01  0.000000e+00  0.000000e+00  -3.432469e-01  0.000000e+00  0.000000e+00  2.949765e-01  
2.004670e+00  1.180117e-02  8.310089e-01  0.000000e+00  0.000000e+00  3.173784e-01  0.000000e+00  0.000000e+00  -3.632376e-01  0.000000e+00  0.000000e+00  3.173784e-01  0.000000e+00  0.000000e+00  -3.632376e-01  0.000000e+00  0.000000e+00  3.173784e-01  2.004670e+00  1.180117e-02  8.310089e-01  0.000000e+00  0.000000e+00  3.173784e-01  0.000000e+00  0.000000e+00  -3.632376e-01  0.000000e+00  0.000000e+00  3.173784e-01  0.000000e+00  0.000000e+00  -3.632376e-01  0.000000e+00  0.000000e+00  3.173784e-01  
2.018365e+00  1.622420e-02  8.601636e-01  0.000000e+00  0.000000e+00  2.303214e-01  0.000000e+00  0.000000e+00  -3.607645e-01  0.000000e+00  0.000000e+00  2.303214e-01  0.000000e+00  0.000000e+00  -3.607645e-01  0.000000e+00  0.000000e+00  2.303214e-01  2.018365e+00  1.622420e-02  8.601636e-01  0.000000e+00  0.000000e+00  2.303214e-01  0.000000e+00  0.000000e+00  -3.607645e-01  0.000000e+00  0.000000e+00  2.303214e-01  0.000000e+00  0.000000e+00  -3.607645e-01  0.000000e+00  0.000000e+00  2.303214e-01  
2.070226e+00  1.246025e-02  8.690493e-01  0.000000e+00  0.000000e+00  2.172737e-01  0.000000e+00  0.000000e+00  -3.691441e-01  0.000000e+00  0.000000e+00  2.172737e-01  0.000000e+00  0.000000e+00  -3.691441e-01  0.000000e+00  0.000000e+00  2.172737e-01  2.070226e+00  1.246025e-02  8.690493e-01  0.000000e+00  0.000000e+00  2.172737e-01  0.000000e+00  0.000000e+00  -3.691441e-01  0.000000e+00  0.000000e+00  2.172737e-01  0.000000e+00  0.000000e+00  -3.691441e-01  0.000000e+00  0.000000e+00  2.172737e-01  
2.169073e+00  4.875047e-03  9.237064e-01  0.000000e+00  0.000000e+00  2.950141e-01  0.000000e+00  0.000000e+00  -3.812262e-01  0.000000e+00  0.000000e+00  2.950141e-01  0.000000e+00  0.000000e+00  -3.812262e-01  0.000000e+00  0.000000e+00  2.950141e-01  2.169073e+00  4.875047e-03  9.237064e-01  0.000000e+00  0.000000e+00  2.950141e-01  0.000000e+00  0.000000e+00  -3.812262e-01  0.000000e+00  0.000000e+00  2.950141e-01  0.000000e+00  0.000000e+00  -3.812262e-01  0.000000e+00  0.000000e+00  2.950141e-01  
1.939818e+00  2.111973e-03  8.625156e-01  0.000000e+00  0.000000e+00  3.119021e-01  0.000000e+00  0.000000e+00  -3.735025e-01  0.000000e+00  0.000000e+00  3.119021e-01  0.000000e+00  0.000000e+00  -3.735025e-01  0.000000e+00  0.000000e+00  3.119021e-01  1.939818e+00  2.111973e-03  8.625156e-01  0.000000e+00  0.000000e+00  3.119021e-01  0.000000e+00  0.000000e+00  -3.735025e-01  0.000000e+00  0.000000e+00  3.119021e-01  0.000000e+00  0.000000e+00  -3.735025e-01  0.000000e+00  0.000000e+00  3.119021e-01  
1.982088e+00  1.593174e-02  8.195727e-01  0.000000e+00  0.000000e+00  2.892465e-01  0.000000e+00  0.000000e+00  -3.628987e-01  0.000000e+00  0.000000e+00  2.892465e-01  0.000000e+00  0.000000e+00  -3.628987e-01  0.000000e+00  0.000000e+00  2.892465e-01  1.982088e+00  1.593174e-02  8.195727e-01  0.000000e+00  0.000000e+00  2.892465e-01  0.000000e+00  0.000000e+00  -3.628987e-01  0.000000e+00  0.000000e+00  2.892465e-01  0.000000e+00  0.000000e+00  -3.628987e-01  0.000000e+00  0.000000e+00  2.892465e-01  
1.958918e+00  2.545353e-02  7.978079e-01  0.000000e+00  0.000000e+00  2.630940e-01  0.000000e+00  0.000000e+00  -3.671651e-01  0.000000e+00  0.000000e+00  2.630940e-01  0.000000e+00  0.000000e+00  -3.671651e-01  0.000000e+00  0.000000e+00  2.630940e-01  1.958918e+00  2.545353e-02  7.978079e-01  0.000000e+00  0.000000e+00  2.630940e-01  0.000000e+00  0.000000e+00  -3.671651e-01  0.000000e+00  0.000000e+00  2.630940e-01  0.000000e+00  0.000000e+00  -3.671651e-01  0.000000e+00  0.000000e+00  2.630940e-01  
2.267747e+00  5.466204e-02  8.194849e-01  0.000000e+00  0.000000e+00  2.954845e-01  0.000000e+00  0.000000e+00  -3.844774e-01  0.000000e+00  0.000000e+00  2.954845e-01  0.000000e+00  0.000000e+00  -3.844774e-01  0.000000e+00  0.000000e+00  2.954845e-01  2.267747e+00  5.466204e-02  8.194849e-01  0.000000e+00  0.000000e+00  2.954845e-01  0.000000e+00  0.000000e+00  -3.844774e-01  0.000000e+00  0.000000e+00  2.954845e-01  0.000000e+00  0.000000e+00  -3.844774e-01  0.000000e+00  0.000000e+00  2.954845e-01  
2.029189e+00  1.459308e-03  9.208508e-01  0.000000e+00  0.000000e+00  3.530759e-01  0.000000e+00  0.000000e+00  -3.805139e-01  0.000000e+00  0.000000e+00  3.530759e-01  0.000000e+00  0.000000e+00  -3.805139e-01  0.000000e+00  0.000000e+00  3.530759e-01  2.029189e+00  1.459308e-03  9.208508e-01  0.000000e+00  0.000000e+00  3.530759e-01  0.000000e+00  0.000000e+00  -3.805139e-01  0.000000e+00  0.000000e+00  3.530759e-01  0.000000e+00  0.000000e+00  -3.805139e-01  0.000000e+00  0.000000e+00  3.530759e-01  
2.157464e+00  2.571862e-02  8.796790e-01  0.000000e+00  0.000000e+00  2.298154e-01  0.000000e+00  0.000000e+00  -3.703690e-01  0.000000e+00  0.000000e+00  2.298154e-01  0.000000e+00  0.000000e+00  -3.703690e-01  0.000000e+00  0.000000e+00  2.298154e-01  2.157464e+00  2.571862e-02  8.796790e-01  0.000000e+00  0.000000e+00  2.298154e-01  0.000000e+00  0.000000e+00  -3.703690e-01  0.000000e+00  0.000000e+00  2.298154e-01  0.000000e+00  0.000000e+00  -3.703690e-01  0.000000e+00  0.000000e+00  2.298154e-01  
2.098296e+00  4.589478e-03  8.716632e-01  0.000000e+00  0.000000e+00  2.947265e-01  0.000000e+00  0.000000e+00  -3.963395e-01  0.000000e+00  0.000000e+00  2.947265e-01  0.000000e+00  0.000000e+00  -3.963395e-01  0.000000e+00  0.000000e+00  2.947265e-01  2.098296e+00  4.589478e-03  8.716632e-01  0.000000e+00  0.000000e+00  2.947265e-01  0.000000e+00  0.000000e+00  -3.963395e-01  0.000000e+00  0.000000e+00  2.947265e-01  0.000000e+00  0.000000e+00  -3.963395e-01  0.000000e+00  0.000000e+00  2.947265e-01  
2.258809e+00  4.734785e-02  8.076186e-01  0.000000e+00  0.000000e+00  2.556608e-01  0.000000e+00  0.000000e+00  -3.995827e-01  0.000000e+00  0.000000e+00  2.556608e-01  0.000000e+00  0.000000e+00  -3.995827e-01  0.000000e+00  0.000000e+00  2.556608e-01  2.258809e+00  4.734785e-02  8.076186e-01  0.000000e+00  0.000000e+00  2.556608e-01  0.000000e+00  0.000000e+00  -3.995827e-01  0.000000e+00  0.000000e+00  2.556608e-01  0.000000e+00  0.000000e+00  -3.995827e-01  0.000000e+00  0.000000e+00  2.556608e-01  
2.066372e+00  1.315037e-02  9.096149e-01  0.000000e+00  0.000000e+00  3.794391e-01  0.000000e+00  0.000000e+00  -3.707777e-01  0.000000e+00  0.000000e+00  3.794391e-01  0.000000e+00  0.000000e+00  -3.707777e-01  0.000000e+00  0.000000e+00  3.794391e-01  2.066372e+00  1.315037e-02  9.096149e-01  0.000000e+00  0.000000e+00  3.794391e-01  0.000000e+00  0.000000e+00  -3.707777e-01  0.000000e+00  0.000000e+00  3.794391e-01  0.000000e+00  0.000000e+00  -3.707777e-01  0.000000e+00  0.000000e+00  3.794391e-01  
2.138983e+00  2.692650e-02  8.638675e-01  0.000000e+00  0.000000e+00  3.360001e-01  0.000000e+00  0.000000e+00  -3.809964e-01  0.000000e+00  0.000000e+00  3.360001e-01  0.000000e+00  0.000000e+00  -3.809964e-01  0.000000e+00  0.000000e+00  3.360001e-01  2.138983e+00  2.692650e-02  8.638675e-01  0.000000e+00  0.000000e+00  3.360001e-01  0.000000e+00  0.000000e+00  -3.809964e-01  0.000000e+00  0.000000e+00  3.360001e-01  0.000000e+00  0.000000e+00  -3.809964e-01  0.000000e+00  0.000000e+00  3.360001e-01  
1.886204e+00  1.212617e-02  8.307379e-01  0.000000e+00  0.000000e+00  2.987992e-01  0.000000e+00  0.000000e+00  -3.460745e-01  0.000000e+00  0.000000e+00  2.987992e-01  0.000000e+00  0.000000e+00  -3.460745e-01  0.000000e+00  0.000000e+00  2.987992e-01  1.886204e+00  1.212617e-02  8.307379e-01  0.000000e+00  0.000000e+00  2.987992e-01  0.000000e+00  0.000000e+00  -3.460745e-01  0.000000e+00  0.000000e+00  2.987992e-01  0.000000e+00  0.000000e+00  -3.460745e-01  0.000000e+00  0.000000e+00  2.987992e-01  
2.045867e+00  7.397108e-03  8.552335e-01  0.000000e+00  0.000000e+00  2.299890e-01  0.000000e+00  0.000000e+00  -3.671727e-01  0.000000e+00  0.000000e+00  2.299890e-01  0.000000e+00  0.000000e+00  -3.671727e-01  0.000000e+00  0.000000e+00  2.299890e-01  2.045867e+00  7.397108e-03  8.552335e-01  0.000000e+00  0.000000e+00  2.299890e-01  0.000000e+00  0.000000e+00  -3.671727e-01  0.000000e+00  0.000000e+00  2.299890e-01  0.000000e+00  0.000000e+00  -3.671727e-01  0.000000e+00  0.000000e+00  2.299890e-01  
1.975393e+00  1.750477e-02  8.676293e-01  0.000000e+00  0.000000e+00  3.472039e-01  0.000000e+00  0.000000e+00  -3.575635e-01  0.000000e+00  0.000000e+00  3.472039e-01  0.000000e+00  0.000000e+00  -3.575635e-01  0.000000e+00  0.000000e+00  3.472039e-01  1.975393e+00  1.750477e-02  8.676293e-01  0.000000e+00  0.000000e+00  3.472039e-01  0.000000e+00  0.000000e+00  -3.575635e-01  0.000000e+00  0.000000e+00  3.472039e-01  0.000000e+00  0.000000e+00  -3.575635e-01  0.000000e+00  0.000000e+00  3.472039e-01  
2.098072e+00  3.643088e-02  8.331472e-01  0.000000e+00  0.000000e+00  3.832158e-01  0.000000e+00  0.000000e+00  -3.805727e-01  0.000000e+00  0.000000e+00  3.832158e-01  0.000000e+00  0.000000e+00  -3.805727e-01  0.000000e+00  0.000000e+00  3.832158e-01  2.098072e+00  3.643088e-02  8.331472e-01  0.000000e+00  0.000000e+00  3.832158e-01  0.000000e+00  0.000000e+00  -3.805727e-01  0.000000e+00  0.000000e+00  3.832158e-01  0.000000e+00  0.000000e+00  -3.805727e-01  0.000000e+00  0.000000e+00  3.832158e-01  
2.004508e+00  1.259486e-02  8.709273e-01  0.000000e+00  0.000000e+00  2.418901e-01  0.000000e+00  0.000000e+00  -3.532890e-01  0.000000e+00  0.000000e+00  2.418901e-01  0.000000e+00  0.000000e+00  -3.532890e-01  0.000000e+00  0.000000e+00  2.418901e-01  2.004508e+00  1.259486e-02  8.709273e-01  0.000000e+00  0.000000e+00  2.418901e-01  0.000000e+00  0.000000e+00  -3.532890e-01  0.000000e+00  0.000000e+00  2.418901e-01  0.000000e+00  0.000000e+00  -3.532890e-01  0.000000e+00  0.000000e+00  2.418901e-01  
2.040400e+00  2.865060e-02  8.307163e-01  0.000000e+00  0.000000e+00  3.333989e-01  0.000000e+00  0.000000e+00  -3.731063e-01  0.000000e+00  0.000000e+00  3.333989e-01  0.000000e+00  0.000000e+00  -3.731063e-01  0.000000e+00  0.000000e+00  3.333989e-01  2.040400e+00  2.865060e-02  8.307163e-01  0.000000e+00  0.000000e+00  3.333989e-01  0.000000e+00  0.000000e+00  -3.731063e-01  0.000000e+00  0.000000e+00  3.333989e-01  0.000000e+00  0.000000e+00  -3.731063e-01  0.000000e+00  0.000000e+00  3.333989e-01  
2.011958e+00  5.299422e-02  7.887543e-01  0.000000e+00  0.000000e+00  3.705164e-01  0.000000e+00  0.000000e+00  -3.577434e-01  0.000000e+00  0.000000e+00  3.705164e-01  0.000000e+00  0.000000e+00  -3.577434e-01  0.000000e+00  0.000000e+00  3.705164e-01  2.011958e+00  5.299422e-02  7.887543e-01  0.000000e+00  0.000000e+00  3.705164e-01  0.000000e+00  0.000000e+00  -3.577434e-01  0.000000e+00  0.000000e+00  3.705164e-01  0.000000e+00  0.000000e+00  -3.577434e-01  0.000000e+00  0.000000e+00  3.705164e-01  
2.120677e+00  3.017333e-02  8.356360e-01  0.000000e+00  0.000000e+00  3.107623e-01  0.000000e+00  0.000000e+00  -3.840791e-01  0.000000e+00  0.000000e+00  3.107623e-01  0.000000e+00  0.000000e+00  -3.840791e-01  0.000000e+00  0.000000e+00  3.107623e-01  2.120677e+00  3.017333e-02  8.356360e-01  0.000000e+00  0.000000e+00  3.107623e-01  0.000000e+00  0.000000e+00  -3.840791e-01  0.000000e+00  0.000000e+00  3.107623e-01  0.000000e+00  0.000000e+00  -3.840791e-01  0.000000e+00  0.000000e+00  3.107623e-01  
1.974117e+00  9.788970e-03  8.289903e-01  0.000000e+00  0.000000e+00  2.707281e-01  0.000000e+00  0.000000e+00  -3.678241e-01  0.000000e+00  0.000000e+00  2.707281e-01  0.000000e+00  0.000000e+00  -3.678241e-01  0.000000e+00  0.000000e+00  2.707281e-01  1.974117e+00  9.788970e-03  8.289903e-01  0.000000e+00  0.000000e+00  2.707281e-01  0.000000e+00  0.000000e+00  -3.678241e-01  0.000000e+00  0.000000e+00  2.707281e-01  0.000000e+00  0.000000e+00  -3.678241e-01  0.000000e+00  0.000000e+00  2.707281e-01  
2.174504e+00  2.486035e-02  8.664147e-01  0.000000e+00  0.000000e+00  3.383969e-01  0.000000e+00  0.000000e+00  -3.730938e-01  0.000000e+00  0.000000e+00  3.383969e-01  0.000000e+00  0.000000e+00  -3.730938e-01  0.000000e+00  0.000000e+00  3.383969e-01  2.174504e+00  2.486035e-02  8.664147e-01  0.000000e+00  0.000000e+00  3.383969e-01  0.000000e+00  0.000000e+00  -3.730938e-01  0.000000e+00  0.000000e+00  3.383969e-01  0.000000e+00  0.000000e+00  -3.730938e-01  0.000000e+00  0.000000e+00  3.383969e-01  
2.078717e+00  2.797185e-02  8.003581e-01  0.000000e+00  0.000000e+00  2.906888e-01  0.000000e+00  0.000000e+00  -3.667511e-01  0.000000e+00  0.000000e+00  2.906888e-01  0.000000e+00  0.000000e+00  -3.667511e-01  0.000000e+00  0.000000e+00  2.906888e-01  2.078717e+00  2.797185e-02  8.003581e-01  0.000000e+00  0.000000e+00  2.906888e-01  0.000000e+00  0.000000e+00  -3.667511e-01  0.000000e+00  0.000000e+00  2.906888e-01  0.000000e+00  0.000000e+00  -3.667511e-01  0.000000e+00  0.000000e+00  2.906888e-01  
2.122996e+00  1.885793e-02  8.807377e-01  0.000000e+00  0.000000e+00  2.809379e-01  0.000000e+00  0.000000e+00  -3.763744e-01  0.000000e+00  0.000000e+00  2.809379e-01  0.000000e+00  0.000000e+00  -3.763744e-01  0.000000e+00  0.000000e+00  2.809379e-01  2.122996e+00  1.885793e-02  8.807377e-01  0.000000e+00  0.000000e+00  2.809379e-01  0.000000e+00  0.000000e+00  -3.763744e-01  0.000000e+00  0.000000e+00  2.809379e-01  0.000000e+00  0.000000e+00  -3.763744e-01  0.000000e+00  0.000000e+00  2.809379e-01  
2.152257e+00  2.255729e-02  8.569261e-01  0.000000e+00  0.000000e+00  3.300938e-01  0.000000e+00  0.000000e+00  -3.823976e-01  0.000000e+00  0.000000e+00  3.300938e-01  0.000000e+00  0.000000e+00  -3.823976e-01  0.000000e+00  0.000000e+00  3.300938e-01  2.152257e+00  2.255729e-02  8.569261e-01  0.000000e+00  0.000000e+00  3.300938e-01  0.000000e+00  0.000000e+00  -3.823976e-01  0.000000e+00  0.000000e+00  3.300938e-01  0.000000e+00  0.000000e+00  -3.823976e-01  0.000000e+00  0.000000e+00  3.300938e-01  
2.098022e+00  1.888076e-02  8.075074e-01  0.000000e+00  0.000000e+00  3.212703e-01  0.000000e+00  0.000000e+00  -3.898003e-01  0.000000e+00  0.000000e+00  3.212703e-01  0.000000e+00  0.000000e+00  -3.898003e-01  0.000000e+00  0.000000e+00  3.212703e-01  2.098022e+00  1.888076e-02  8.075074e-01  0.000000e+00  0.000000e+00  3.212703e-01  0.000000e+00  0.000000e+00  -3.898003e-01  0.000000e+00  0.000000e+00  3.212703e-01  0.000000e+00  0.000000e+00  -3.898003e-01  0.000000e+00  0.000000e+00  3.212703e-01  
2.156435e+00  5.073670e-02  8.030306e-01  0.000000e+00  0.000000e+00  2.159047e-01  0.000000e+00  0.000000e+00  -3.664441e-01  0.000000e+00  0.000000e+00  2.159047e-01  0.000000e+00  0.000000e+00  -3.664441e-01  0.000000e+00  0.000000e+00  2.159047e-01  2.156435e+00  5.073670e-02  8.030306e-01  0.000000e+00  0.000000e+00  2.159047e-01  0.000000e+00  0.000000e+00  -3.664441e-01  0.000000e+00  0.000000e+00  2.159047e-01  0.000000e+00  0.000000e+00  -3.664441e-01  0.000000e+00  0.000000e+00  2.159047e-01  
2.067109e+00  1.881288e-02  8.801336e-01  0.000000e+00  0.000000e+00  2.987441e-01  0.000000e+00  0.000000e+00  -3.589494e-01  0.000000e+00  0.000000e+00  2.987441e-01  0.000000e+00  0.000000e+00  -3.589494e-01  0.000000e+00  0.000000e+00  2.987441e-01  2.067109e+00  1.881288e-02  8.801336e-01  0.000000e+00  0.000000e+00  2.987441e-01  0.000000e+00  0.000000e+00  -3.589494e-01  0.000000e+00  0.000000e+00  2.987441e-01  0.000000e+00  0.000000e+00  -3.589494e-01  0.000000e+00  0.000000e+00  2.987441e-01  
2.086854e+00  1.652703e-02  8.888417e-01  0.000000e+00  0.000000e+00  2.412166e-01  0.000000e+00  0.000000e+00  -3.692864e-01  0.000000e+00  0.000000e+00  2.412166e-01  0.000000e+00  0.000000e+00  -3.692864e-01  0.000000e+00  0.000000e+00  2.412166e-01  2.086854e+00  1.652703e-02  8.888417e-01  0.000000e+00  0.000000e+00  2.412166e-01  0.000000e+00  0.000000e+00  -3.692864e-01  0.000000e+00  0.000000e+00  2.412166e-01  0.000000e+00  0.000000e+00  -3.692864e-01  0.000000e+00  0.000000e+00  2.412166e-01  
2.178559e+00  8.047361e-03  9.131714e-01  0.000000e+00  0.000000e+00  2.962995e-01  0.000000e+00  0.000000e+00  -3.751223e-01  0.000000e+00  0.000000e+00  2.962995e-01  0.000000e+00  0.000000e+00  -3.751223e-01  0.000000e+00  0.000000e+00  2.962995e-01  2.178559e+00  8.047361e-03  9.131714e-01  0.000000e+00  0.000000e+00  2.962995e-01  0.000000e+00  0.000000e+00  -3.751223e-01  0.000000e+00  0.000000e+00  2.962995e-01  0.000000e+00  0.000000e+00  -3.751223e-01  0.000000e+00  0.000000e+00  2.962995e-01  
2.056145e+00  3.894840e-03  9.289072e-01  0.000000e+00  0.000000e+00  3.335162e-01  0.000000e+00  0.000000e+00  -3.595539e-01  0.000000e+00  0.000000e+00  3.335162e-01  0.000000e+00  0.000000e+00  -3.595539e-01  0.000000e+00  0.000000e+00  3.335162e-01  2.056145e+00  3.894840e-03  9.289072e-01  0.000000e+00  0.000000e+00  3.335162e-01  0.000000e+00  0.000000e+00  -3.595539e-01  0.000000e+00  0.000000e+00  3.335162e-01  0.000000e+00  0.000000e+00  -3.595539e-01  0.000000e+00  0.000000e+00  3.335162e-01  
2.040278e+00  2.097022e-03  8.837529e-01  0.000000e+00  0.000000e+00  3.456759e-01  0.000000e+00  0.000000e+00  -3.799495e-01  0.000000e+00  0.000000e+00  3.456759e-01  0.000000e+00  0.000000e+00  -3.799495e-01  0.000000e+00  0.000000e+00  3.456759e-01  2.040278e+00  2.097022e-03  8.837529e-01  0.000000e+00  0.000000e+00  3.456759e-01  0.000000e+00  0.000000e+00  -3.799495e-01  0.000000e+00  0.000000e+00  3.456759e-01  0.000000e+00  0.000000e+00  -3.799495e-01  0.000000e+00  0.000000e+00  3.456759e-01  
2.076916e+00  1.092413e-02  8.974748e-01  0.000000e+00  0.000000e+00  3.239931e-01  0.000000e+00  0.000000e+00  -3.715468e-01  0.000000e+00  0.000000e+00  3.239931e-01  0.000000e+00  0.000000e+00  -3.715468e-01  0.000000e+00  0.000000e+00  3.239931e-01  2.076916e+00  1.092413e-02  8.974748e-01  0.000000e+00  0.000000e+00  3.239931e-01  0.000000e+00  0.000000e+00  -3.715468e-01  0.000000e+00  0.000000e+00  3.239931e-01  0.000000e+00  0.000000e+00  -3.715468e-01  0.000000e+00  0.000000e+00  3.239931e-01  
2.114291e+00  6.240002e-03  8.596036e-01  0.000000e+00  0.000000e+00  2.734465e-01  0.000000e+00  0.000000e+00  -3.793512e-01  0.000000e+00  0.000000e+00  2.734465e-01  0.000000e+00  0.000000e+00  -3.793512e-01  0.000000e+00  0.000000e+00  2.734465e-01  2.114291e+00  6.240002e-03  8.596036e-01  0.000000e+00  0.000000e+00  2.734465e-01  0.000000e+00  0.000000e+00  -3.793512e-01  0.000000e+00  0.000000e+00  2.734465e-01  0.000000e+00  0.000000e+00  -3.793512e-01  0.000000e+00  0.000000e+00  2.734465e-01  
2.008941e+00  3.180500e-02  8.426152e-01  0.000000e+00  0.000000e+00  3.243703e-01  0.000000e+00  0.000000e+00  -3.544017e-01  0.000000e+00  0.000000e+00  3.243703e-01  0.000000e+00  0.000000e+00  -3.544017e-01  0.000000e+00  0.000000e+00  3.243703e-01  2.008941e+00  3.180500e-02  8.426152e-01  0.000000e+00  0.000000e+00  3.243703e-01  0.000000e+00  0.000000e+00  -3.544017e-01  0.000000e+00  0.000000e+00  3.243703e-01  0.000000e+00  0.000000e+00  -3.544017e-01  0.000000e+00  0.000000e+00  3.243703e-01  
2.163231e+00  3.634504e-02  8.242981e-01  0.000000e+00  0.000000e+00  3.286371e-01  0.000000e+00  0.000000e+00  -3.862502e-01  0.000000e+00  0.000000e+00  3.286371e-01  0.000000e+00  0.000000e+00  -3.862502e-01  0.000000e+00  0.000000e+00  3.286371e-01  2.163231e+00  3.634504e-02  8.242981e-01  0.000000e+00  0.000000e+00  3.286371e-01  0.000000e+00  0.000000e+00  -3.862502e-01  0.000000e+00  0.000000e+00  3.286371e-01  0.000000e+00  0.000000e+00  -3.862502e-01  0.000000e+00  0.000000e+00  3.286371e-01  
2.019616e+00  1.267648e-02  8.660082e-01  0.000000e+00  0.000000e+00  2.388166e-01  0.000000e+00  0.000000e+00  -3.633863e-01  0.000000e+00  0.000000e+00  2.388166e-01  0.000000e+00  0.000000e+00  -3.633863e-01  0.000000e+00  0.000000e+00  2.388166e-01  2.019616e+00  1.267648e-02  8.660082e-01  0.000000e+00  0.000000e+00  2.388166e-01  0.000000e+00  0.000000e+00  -3.633863e-01  0.000000e+00  0.000000e+00  2.388166e-01  0.000000e+00  0.000000e+00  -3.633863e-01  0.000000e+00  0.000000e+00  2.388166e-01  
1.931311e+00  6.710919e-03  8.798524e-01  0.000000e+00  0.000000e+00  3.175066e-01  0.000000e+00  0.000000e+00  -3.500444e-01  0.000000e+00  0.000000e+00  3.175066e-01  0.000000e+00  0.000000e+00  -3.500444e-01  0.000000e+00  0.000000e+00  3.175066e-01  1.931311e+00  6.710919e-03  8.798524e-01  0.000000e+00  0.000000e+00  3.175066e-01  0.000000e+00  0.000000e+00  -3.500444e-01  0.000000e+00  0.000000e+00  3.175066e-01  0.000000e+00  0.000000e+00  -3.500444e-01  0.000000e+00  0.000000e+00  3.175066e-01  
2.065853e+00  4.508663e-02  8.002769e-01  0.000000e+00  0.000000e+00  2.387864e-01  0.000000e+00  0.000000e+00  -3.641698e-01  0.000000e+00  0.000000e+00  2.387864e-01  0.000000e+00  0.000000e+00  -3.641698e-01  0.000000e+00  0.000000e+00  2.387864e-01  2.065853e+00  4.508663e-02  8.002769e-01  0.000000e+00  0.000000e+00  2.387864e-01  0.000000e+00  0.000000e+00  -3.641698e-01  0.000000e+00  0.000000e+00  2.387864e-01  0.000000e+00  0.000000e+00  -3.641698e-01  0.000000e+00  0.000000e+00  2.387864e-01  
2.038116e+00  5.016969e-03  8.601645e-01  0.000000e+00  0.000000e+00  2.413264e-01  0.000000e+00  0.000000e+00  -3.831787e-01  0.000000e+00  0.000000e+00  2.413264e-01  0.000000e+00  0.000000e+00  -3.831787e-01  0.000000e+00  0.000000e+00  2.413264e-01  2.038116e+00  5.016969e-03  8.601645e-01  0.000000e+00  0.000000e+00  2.413264e-01  0.000000e+00  0.000000e+00  -3.831787e-01  0.000000e+00  0.000000e+00  2.413264e-01  0.000000e+00  0.000000e+00  -3.831787e-01  0.000000e+00  0.000000e+00  2.413264e-01  
2.134551e+00  1.008821e-02  8.856831e-01  0.000000e+00  0.000000e+00  2.988292e-01  0.000000e+00  0.000000e+00  -3.819705e-01  0.000000e+00  0.000000e+00  2.988292e-01  0.000000e+00  0.000000e+00  -3.819705e-01  0.000000e+00  0.000000e+00  2.988292e-01  2.134551e+00  1.008821e-02  8.856831e-01  0.000000e+00  0.000000e+00  2.988292e-01  0.000000e+00  0.000000e+00  -3.819705e-01  0.000000e+00  0.000000e+00  2.988292e-01  0.000000e+00  0.000000e+00  -3.819705e-01  0.000000e+00  0.000000e+00  2.988292e-01  
2.110759e+00  5.978914e-03  9.401087e-01  0.000000e+00  0.000000e+00  2.949282e-01  0.000000e+00  0.000000e+00  -3.662952e-01  0.000000e+00  0.000000e+00  2.949282e-01  0.000000e+00  0.000000e+00  -3.662952e-01  0.000000e+00  0.000000e+00  2.949282e-01  2.110759e+00  5.978914e-03  9.401087e-01  0.000000e+00  0.000000e+00  2.949282e-01  0.000000e+00  0.000000e+00  -3.662952e-01  0.000000e+00  0.000000e+00  2.949282e-01  0.000000e+00  0.000000e+00  -3.662952e-01  0.000000e+00  0.000000e+00  2.949282e-01  
2.063326e+00  1.291361e-02  8.767117e-01  0.000000e+00  0.000000e+00  2.581015e-01  0.000000e+00  0.000000e+00  -3.698198e-01  0.000000e+00  0.000000e+00  2.581015e-01  0.000000e+00  0.000000e+00  -3.698198e-01  0.000000e+00  0.000000e+00  2.581015e-01  2.063326e+00  1.291361e-02  8.767117e-01  0.000000e+00  0.000000e+00  2.581015e-01  0.000000e+00  0.000000e+00  -3.698198e-01  0.000000e+00  0.000000e+00  2.581015e-01  0.000000e+00  0.000000e+00  -3.698198e-01  0.000000e+00  0.000000e+00  2.581015e-01  
2.075527e+00  3.121521e-02  8.237688e-01  0.000000e+00  0.000000e+00  2.529873e-01  0.000000e+00  0.000000e+00  -3.707087e-01  0.000000e+00  0.000000e+00  2.529873e-01  0.000000e+00  0.000000e+00  -3.707087e-01  0.000000e+00  0.000000e+00  2.529873e-01  2.075527e+00  3.121521e-02  8.237688e-01  0.000000e+00  0.000000e+00  2.529873e-01  0.000000e+00  0.000000e+00  -3.707087e-01  0.000000e+00  0.000000e+00  2.529873e-01  0.000000e+00  0.000000e+00  -3.707087e-01  0.000000e+00  0.000000e+00  2.529873e-01  
1.945503e+00  2.338484e-02  8.157341e-01  0.000000e+00  0.000000e+00  3.040682e-01  0.000000e+00  0.000000e+00  -3.525362e-01  0.000000e+00  0.000000e+00  3.040682e-01  0.000000e+00  0.000000e+00  -3.525362e-01  0.000000e+00  0.000000e+00  3.040682e-01  1.945503e+00  2.338484e-02  8.157341e-01  0.000000e+00  0.000000e+00  3.040682e-01  0.000000e+00  0.000000e+00  -3.525362e-01  0.000000e+00  0.000000e+00  3.040682e-01  0.000000e+00  0.000000e+00  -3.525362e-01  0.000000e+00  0.000000e+00  3.040682e-01  
2.091313e+00  1.712965e-02  8.414554e-01  0.000000e+00  0.000000e+00  3.197614e-01  0.000000e+00  0.000000e+00  -3.759460e-01  0.000000e+00  0.000000e+00  3.197614e-01  0.000000e+00  0.000000e+00  -3.759460e-01  0.000000e+00  0.000000e+00  3.197614e-01  2.091313e+00  1.712965e-02  8.414554e-01  0.000000e+00  0.000000e+00  3.197614e-01  0.000000e+00  0.000000e+00  -3.759460e-01  0.000000e+00  0.000000e+00  3.197614e-01  0.000000e+00  0.000000e+00  -3.759460e-01  0.000000e+00  0.000000e+00  3.197614e-01  
2.132989e+00  4.808066e-02  7.990906e-01  0.000000e+00  0.000000e+00  2.496445e-01  0.000000e+00  0.000000e+00  -3.643346e-01  0.000000e+00  0.000000e+00  2.496445e-01  0.000000e+00  0.000000e+00  -3.643346e-01  0.000000e+00  0.000000e+00  2.496445e-01  2.132989e+00  4.808066e-02  7.990906e-01  0.000000e+00  0.000000e+00  2.496445e-01  0.000000e+00  0.000000e+00  -3.643346e-01  0.000000e+00  0.000000e+00  2.496445e-01  0.000000e+00  0.000000e+00  -3.643346e-01  0.000000e+00  0.000000e+00  2.496445e-01  
2.087940e+00  2.581628e-02  8.367675e-01  0.000000e+00  0.000000e+00  2.777553e-01  0.000000e+00  0.000000e+00  -3.733920e-01  0.000000e+00  0.000000e+00  2.777553e-01  0.000000e+00  0.000000e+00  -3.733920e-01  0.000000e+00  0.000000e+00  2.777553e-01  2.087940e+00  2.581628e-02  8.367675e-01  0.000000e+00  0.000000e+00  2.777553e-01  0.000000e+00  0.000000e+00  -3.733920e-01  0.000000e+00  0.000000e+00  2.777553e-01  0.000000e+00  0.000000e+00  -3.733920e-01  0.000000e+00  0.000000e+00  2.777553e-01  
2.032633e+00  1.356635e-03  9.196108e-01  0.000000e+00  0.000000e+00  2.772857e-01  0.000000e+00  0.000000e+00  -3.636055e-01  0.000000e+00  0.000000e+00  2.772857e-01  0.000000e+00  0.000000e+00  -3.636055e-01  0.000000e+00  0.000000e+00  2.772857e-01  2.032633e+00  1.356635e-03  9.196108e-01  0.000000e+00  0.000000e+00  2.772857e-01  0.000000e+00  0.000000e+00  -3.636055e-01  0.000000e+00  0.000000e+00  2.772857e-01  0.000000e+00  0.000000e+00  -3.636055e-01  0.000000e+00  0.000000e+00  2.772857e-01  
1.936484e+00  4.317628e-02  7.808846e-01  0.000000e+00  0.000000e+00  3.482700e-01  0.000000e+00  0.000000e+00  -3.543619e-01  0.000000e+00  0.000000e+00  3.482700e-01  0.000000e+00  0.000000e+00  -3.543619e-01  0.000000e+00  0.000000e+00  3.482700e-01  1.936484e+00  4.317628e-02  7.808846e-01  0.000000e+00  0.000000e+00  3.482700e-01  0.000000e+00  0.000000e+00  -3.543619e-01  0.000000e+00  0.000000e+00  3.482700e-01  0.000000e+00  0.000000e+00  -3.543619e-01  0.000000e+00  0.000000e+00  3.482700e-01  
2.006192e+00  2.836700e-02  7.948146e-01  0.000000e+00  0.000000e+00  3.635454e-01  0.000000e+00  0.000000e+00  -3.719672e-01  0.000000e+00  0.000000e+00  3.635454e-01  0.000000e+00  0.000000e+00  -3.719672e-01  0.000000e+00  0.000000e+00  3.635454e-01  2.006192e+00  2.836700e-02  7.948146e-01  0.000000e+00  0.000000e+00  3.635454e-01  0.000000e+00  0.000000e+00  -3.719672e-01  0.000000e+00  0.000000e+00  3.635454e-01  0.000000e+00  0.000000e+00  -3.719672e-01  0.000000e+00  0.000000e+00  3.635454e-01  
2.048755e+00  3.721663e-03  8.739329e-01  0.000000e+00  0.000000e+00  2.374741e-01  0.000000e+00  0.000000e+00  -3.673299e-01  0.000000e+00  0.000000e+00  2.374741e-01  0.000000e+00  0.000000e+00  -3.673299e-01  0.000000e+00  0.000000e+00  2.374741e-01  2.048755e+00  3.721663e-03  8.739329e-01  0.000000e+00  0.000000e+00  2.374741e-01  0.000000e+00  0.000000e+00  -3.673299e-01  0.000000e+00  0.000000e+00  2.374741e-01  0.000000e+00  0.000000e+00  -3.673299e-01  0.000000e+00  0.000000e+00  2.374741e-01  
2.039914e+00  1.709666e-02  8.367882e-01  0.000000e+00  0.000000e+00  2.891790e-01  0.000000e+00  0.000000e+00  -3.733339e-01  0.000000e+00  0.000000e+00  2.891790e-01  0.000000e+00  0.000000e+00  -3.733339e-01  0.000000e+00  0.000000e+00  2.891790e-01  2.039914e+00  1.709666e-02  8.367882e-01  0.000000e+00  0.000000e+00  2.891790e-01  0.000000e+00  0.000000e+00  -3.733339e-01  0.000000e+00  0.000000e+00  2.891790e-01  0.000000e+00  0.000000e+00  -3.733339e-01  0.000000e+00  0.000000e+00  2.891790e-01  
2.115500e+00  9.922392e-03  8.956271e-01  0.000000e+00  0.000000e+00  2.961352e-01  0.000000e+00  0.000000e+00  -3.682806e-01  0.000000e+00  0.000000e+00  2.961352e-01  0.000000e+00  0.000000e+00  -3.682806e-01  0.000000e+00  0.000000e+00  2.961352e-01  2.115500e+00  9.922392e-03  8.956271e-01  0.000000e+00  0.000000e+00  2.961352e-01  0.000000e+00  0.000000e+00  -3.682806e-01  0.000000e+00  0.000000e+00  2.961352e-01  0.000000e+00  0.000000e+00  -3.682806e-01  0.000000e+00  0.000000e+00  2.961352e-01  
2.086547e+00  5.135235e-03  8.917043e-01  0.000000e+00  0.000000e+00  2.261922e-01  0.000000e+00  0.000000e+00  -3.795196e-01  0.000000e+00  0.000000e+00  2.261922e-01  0.000000e+00  0.000000e+00  -3.795196e-01  0.000000e+00  0.000000e+00  2.261922e-01  2.086547e+00  5.135235e-03  8.917043e-01  0.000000e+00  0.000000e+00  2.261922e-01  0.000000e+00  0.000000e+00  -3.795196e-01  0.000000e+00  0.000000e+00  2.261922e-01  0.000000e+00  0.000000e+00  -3.795196e-01  0.000000e+00  0.000000e+00  2.261922e-01  
2.063993e+00  1.615400e-02  8.872592e-01  0.000000e+00  0.000000e+00  3.254158e-01  0.000000e+00  0.000000e+00  -3.713788e-01  0.000000e+00  0.000000e+00  3.254158e-01  0.000000e+00  0.000000e+00  -3.713788e-01  0.000000e+00  0.000000e+00  3.254158e-01  2.063993e+00  1.615400e-02  8.872592e-01  0.000000e+00  0.000000e+00  3.254158e-01  0.000000e+00  0.000000e+00  -3.713788e-01  0.000000e+00  0.000000e+00  3.254158e-01  0.000000e+00  0.000000e+00  -3.713788e-01  0.000000e+00  0.000000e+00  3.254158e-01  
1.953632e+00  1.050773e-02  8.447971e-01  0.000000e+00  0.000000e+00  2.875067e-01  0.000000e+00  0.000000e+00  -3.643453e-01  0.000000e+00  0.000000e+00  2.875067e-01  0.000000e+00  0.000000e+00  -3.643453e-01  0.000000e+00  0.000000e+00  2.875067e-01  1.953632e+00  1.050773e-02  8.447971e-01  0.000000e+00  0.000000e+00  2.875067e-01  0.000000e+00  0.000000e+00  -3.643453e-01  0.000000e+00  0.000000e+00  2.875067e-01  0.000000e+00  0.000000e+00  -3.643453e-01  0.000000e+00  0.000000e+00  2.875067e-01  
2.043486e+00  1.168679e-02  8.657539e-01  0.000000e+00  0.000000e+00  2.864278e-01  0.000000e+00  0.000000e+00  -3.564957e-01  0.000000e+00  0.000000e+00  2.864278e-01  0.000000e+00  0.000000e+00  -3.564957e-01  0.000000e+00  0.000000e+00  2.864278e-01  2.043486e+00  1.168679e-02  8.657539e-01  0.000000e+00  0.000000e+00  2.864278e-01  0.000000e+00  0.000000e+00  -3.564957e-01  0.000000e+00  0.000000e+00  2.864278e-01  0.000000e+00  0.000000e+00  -3.564957e-01  0.000000e+00  0.000000e+00  2.864278e-01  
2.070973e+00  2.786345e-02  8.276209e-01  0.000000e+00  0.000000e+00  3.486600e-01  0.000000e+00  0.000000e+00  -3.747473e-01  0.000000e+00  0.000000e+00  3.486600e-01  0.000000e+00  0.000000e+00  -3.747473e-01  0.000000e+00  0.000000e+00  3.486600e-01  2.070973e+00  2.786345e-02  8.276209e-01  0.000000e+00  0.000000e+00  3.486600e-01  0.000000e+00  0.000000e+00  -3.747473e-01  0.000000e+00  0.000000e+00  3.486600e-01  0.000000e+00  0.000000e+00  -3.747473e-01  0.000000e+00  0.000000e+00  3.486600e-01  
1.975003e+00  3.671029e-03  8.687699e-01  0.000000e+00  0.000000e+00  2.740583e-01  0.000000e+00  0.000000e+00  -3.680873e-01  0.000000e+00  0.000000e+00  2.740583e-01  0.000000e+00  0.000000e+00  -3.680873e-01  0.000000e+00  0.000000e+00  2.740583e-01  1.975003e+00  3.671029e-03  8.687699e-01  0.000000e+00  0.000000e+00  2.740583e-01  0.000000e+00  0.000000e+00  -3.680873e-01  0.000000e+00  0.000000e+00  2.740583e-01  0.000000e+00  0.000000e+00  -3.680873e-01  0.000000e+00  0.000000e+00  2.740583e-01  
2.149681e+00  4.361188e-02  8.060826e-01  0.000000e+00  0.000000e+00  2.820067e-01  0.000000e+00  0.000000e+00  -3.734955e-01  0.000000e+00  0.000000e+00  2.820067e-01  0.000000e+00  0.000000e+00  -3.734955e-01  0.000000e+00  0.000000e+00  2.820067e-01  2.149681e+00  4.361188e-02  8.060826e-01  0.000000e+00  0.000000e+00  2.820067e-01  0.000000e+00  0.000000e+00  -3.734955e-01  0.000000e+00  0.000000e+00  2.820067e-01  0.000000e+00  0.000000e+00  -3.734955e-01  0.000000e+00  0.000000e+00  2.820067e-01  
2.031829e+00  1.053748e-02  8.759714e-01  0.000000e+00  0.000000e+00  2.827910e-01  0.000000e+00  0.000000e+00  -3.747389e-01  0.000000e+00  0.000000e+00  2.827910e-01  0.000000e+00  0.000000e+00  -3.747389e-01  0.000000e+00  0.000000e+00  2.827910e-01  2.031829e+00  1.053748e-02  8.759714e-01  0.000000e+00  0.000000e+00  2.827910e-01  0.000000e+00  0.000000e+00  -3.747389e-01  0.000000e+00  0.000000e+00  2.827910e-01  0.000000e+00  0.000000e+00  -3.747389e-01  0.000000e+00  0.000000e+00  2.827910e-01  
2.079317e+00  7.771058e-03  8.908108e-01  0.000000e+00  0.000000e+00  3.452550e-01  0.000000e+00  0.000000e+00  -3.920814e-01  0.000000e+00  0.000000e+00  3.452550e-01  0.000000e+00  0.000000e+00  -3.920814e-01  0.000000e+00  0.000000e+00  3.452550e-01  2.079317e+00  7.771058e-03  8.908108e-01  0.000000e+00  0.000000e+00  3.452550e-01  0.000000e+00  0.000000e+00  -3.920814e-01  0.000000e+00  0.000000e+00  3.452550e-01  0.000000e+00  0.000000e+00  -3.920814e-01  0.000000e+00  0.000000e+00  3.452550e-01  
2.159591e+00  3.877296e-02  8.128607e-01  0.000000e+00  0.000000e+00  2.979684e-01  0.000000e+00  0.000000e+00  -3.857344e-01  0.000000e+00  0.000000e+00  2.979684e-01  0.000000e+00  0.000000e+00  -3.857344e-01  0.000000e+00  0.000000e+00  2.979684e-01  2.159591e+00  3.877296e-02  8.128607e-01  0.000000e+00  0.000000e+00  2.979684e-01  0.000000e+00  0.000000e+00  -3.857344e-01  0.000000e+00  0.000000e+00  2.979684e-01  0.000000e+00  0.000000e+00  -3.857344e-01  0.000000e+00  0.000000e+00  2.979684e-01  
2.102810e+00  4.986544e-03  9.201208e-01  0.000000e+00  0.000000e+00  2.391755e-01  0.000000e+00  0.000000e+00  -3.571571e-01  0.000000e+00  0.000000e+00  2.391755e-01  0.000000e+00  0.000000e+00  -3.571571e-01  0.000000e+00  0.000000e+00  2.391755e-01  2.102810e+00  4.986544e-03  9.201208e-01  0.000000e+00  0.000000e+00  2.391755e-01  0.000000e+00  0.000000e+00  -3.571571e-01  0.000000e+00  0.000000e+00  2.391755e-01  0.000000e+00  0.000000e+00  -3.571571e-01  0.000000e+00  0.000000e+00  2.391755e-01  
2.042264e+00  2.217032e-03  9.068558e-01  0.000000e+00  0.000000e+00  2.515754e-01  0.000000e+00  0.000000e+00  -3.741981e-01  0.000000e+00  0.000000e+00  2.515754e-01  0.000000e+00  0.000000e+00  -3.741981e-01  0.000000e+00  0.000000e+00  2.515754e-01  2.042264e+00  2.217032e-03  9.068558e-01  0.000000e+00  0.000000e+00  2.515754e-01  0.000000e+00  0.000000e+00  -3.741981e-01  0.000000e+00  0.000000e+00  2.515754e-01  0.000000e+00  0.000000e+00  -3.741981e-01  0.000000e+00  0.000000e+00  2.515754e-01  
1.987765e+00  2.936326e-03  8.729017e-01  0.000000e+00  0.000000e+00  2.621226e-01  0.000000e+00  0.000000e+00  -3.556714e-01  0.000000e+00  0.000000e+00  2.621226e-01  0.000000e+00  0.000000e+00  -3.556714e-01  0.000000e+00  0.000000e+00  2.621226e-01  1.987765e+00  2.936326e-03  8.729017e-01  0.000000e+00  0.000000e+00  2.621226e-01  0.000000e+00  0.000000e+00  -3.556714e-01  0.000000e+00  0.000000e+00  2.621226e-01  0.000000e+00  0.000000e+00  -3.556714e-01  0.000000e+00  0.000000e+00  2.621226e-01  
2.030707e+00  6.565751e-03  8.634335e-01  0.000000e+00  0.000000e+00  3.303766e-01  0.000000e+00  0.000000e+00  -3.678992e-01  0.000000e+00  0.000000e+00  3.303766e-01  0.000000e+00  0.000000e+00  -3.678992e-01  0.000000e+00  0.000000e+00  3.303766e-01  2.030707e+00  6.565751e-03  8.634335e-01  0.000000e+00  0.000000e+00  3.303766e-01  0.000000e+00  0.000000e+00  -3.678992e-01  0.000000e+00  0.000000e+00  3.303766e-01  0.000000e+00  0.000000e+00  -3.678992e-01  0.000000e+00  0.000000e+00  3.303766e-01  
2.003631e+00  5.038409e-03  8.482017e-01  0.000000e+00  0.000000e+00  2.439957e-01  0.000000e+00  0.000000e+00  -3.753435e-01  0.000000e+00  0.000000e+00  2.439957e-01  0.000000e+00  0.000000e+00  -3.753435e-01  0.000000e+00  0.000000e+00  2.439957e-01  2.003631e+00  5.038409e-03  8.482017e-01  0.000000e+00  0.000000e+00  2.439957e-01  0.000000e+00  0.000000e+00  -3.753435e-01  0.000000e+00  0.000000e+00  2.439957e-01  0.000000e+00  0.000000e+00  -3.753435e-01  0.000000e+00  0.000000e+00  2.439957e-01  
2.182690e+00  1.925571e-02  8.355805e-01  0.000000e+00  0.000000e+00  2.636051e-01  0.000000e+00  0.000000e+00  -3.842555e-01  0.000000e+00  0.000000e+00  2.636051e-01  0.000000e+00  0.000000e+00  -3.842555e-01  0.000000e+00  0.000000e+00  2.636051e-01  2.182690e+00  1.925571e-02  8.355805e-01  0.000000e+00  0.000000e+00  2.636051e-01  0.000000e+00  0.000000e+00  -3.842555e-01  0.000000e+00  0.000000e+00  2.636051e-01  0.000000e+00  0.000000e+00  -3.842555e-01  0.000000e+00  0.000000e+00  2.636051e-01  
2.011930e+00  2.604764e-03  8.816829e-01  0.000000e+00  0.000000e+00  3.281251e-01  0.000000e+00  0.000000e+00  -3.711793e-01  0.000000e+00  0.000000e+00  3.281251e-01  0.000000e+00  0.000000e+00  -3.711793e-01  0.000000e+00  0.000000e+00  3.281251e-01  2.011930e+00  2.604764e-03  8.816829e-01  0.000000e+00  0.000000e+00  3.281251e-01  0.000000e+00  0.000000e+00  -3.711793e-01  0.000000e+00  0.000000e+00  3.281251e-01  0.000000e+00  0.000000e+00  -3.711793e-01  0.000000e+00  0.000000e+00  3.281251e-01  
2.171934e+00  1.308868e-02  8.980016e-01  0.000000e+00  0.000000e+00  2.758905e-01  0.000000e+00  0.000000e+00  -3.722404e-01  0.000000e+00  0.000000e+00  2.758905e-01  0.000000e+00  0.000000e+00  -3.722404e-01  0.000000e+00  0.000000e+00  2.758905e-01  2.171934e+00  1.308868e-02  8.980016e-01  0.000000e+00  0.000000e+00  2.758905e-01  0.000000e+00  0.000000e+00  -3.722404e-01  0.000000e+00  0.000000e+00  2.758905e-01  0.000000e+00  0.000000e+00  -3.722404e-01  0.000000e+00  0.000000e+00  2.758905e-01  
2.069249e+00  1.315014e-02  8.899249e-01  0.000000e+00  0.000000e+00  2.644238e-01  0.000000e+00  0.000000e+00  -3.536257e-01  0.000000e+00  0.000000e+00  2.644238e-01  0.000000e+00  0.000000e+00  -3.536257e-01  0.000000e+00  0.000000e+00  2.644238e-01  2.069249e+00  1.315014e-02  8.899249e-01  0.000000e+00  0.000000e+00  2.644238e-01  0.000000e+00  0.000000e+00  -3.536257e-01  0.000000e+00  0.000000e+00  2.644238e-01  0.000000e+00  0.000000e+00  -3.536257e-01  0.000000e+00  0.000000e+00  2.644238e-01  
1.903503e+00  4.697027e-03  8.629364e-01  0.000000e+00  0.000000e+00  2.939951e-01  0.000000e+00  0.000000e+00  -3.572688e-01  0.000000e+00  0.000000e+00  2.939951e-01  0.000000e+00  0.000000e+00  -3.572688e-01  0.000000e+00  0.000000e+00  2.939951e-01  1.903503e+00  4.697027e-03  8.629364e-01  0.000000e+00  0.000000e+00  2.939951e-01  0.000000e+00  0.000000e+00  -3.572688e-01  0.000000e+00  0.000000e+00  2.939951e-01  0.000000e+00  0.000000e+00  -3.572688e-01  0.000000e+00  0.000000e+00  2.939951e-01  
1.987717e+00  2.676410e-02  8.170450e-01  0.000000e+00  0.000000e+00  2.409886e-01  0.000000e+00  0.000000e+00  -3.585324e-01  0.000000e+00  0.000000e+00  2.409886e-01  0.000000e+00  0.000000e+00  -3.585324e-01  0.000000e+00  0.000000e+00  2.409886e-01  1.987717e+00  2.676410e-02  8.170450e-01  0.000000e+00  0.000000e+00  2.409886e-01  0.000000e+00  0.000000e+00  -3.585324e-01  0.000000e+00  0.000000e+00  2.409886e-01  0.000000e+00  0.000000e+00  -3.585324e-01  0.000000e+00  0.000000e+00  2.409886e-01  
2.092315e+00  1.715845e-02  8.815828e-01  0.000000e+00  0.000000e+00  3.391128e-01  0.000000e+00  0.000000e+00  -3.794970e-01  0.000000e+00  0.000000e+00  3.391128e-01  0.000000e+00  0.000000e+00  -3.794970e-01  0.000000e+00  0.000000e+00  3.391128e-01  2.092315e+00  1.715845e-02  8.815828e-01  0.000000e+00  0.000000e+00  3.391128e-01  0.000000e+00  0.000000e+00  -3.794970e-01  0.000000e+00  0.000000e+00  3.391128e-01  0.000000e+00  0.000000e+00  -3.794970e-01  0.000000e+00  0.000000e+00  3.391128e-01  
2.157977e+00  5.033778e-02  8.280151e-01  0.000000e+00  0.000000e+00  2.859832e-01  0.000000e+00  0.000000e+00  -3.661389e-01  0.000000e+00  0.000000e+00  2.859832e-01  0.000000e+00  0.000000e+00  -3.661389e-01  0.000000e+00  0.000000e+00  2.859832e-01  2.157977e+00  5.033778e-02  8.280151e-01  0.000000e+00  0.000000e+00  2.859832e-01  0.000000e+00  0.000000e+00  -3.661389e-01  0.000000e+00  0.000000e+00  2.859832e-01  0.000000e+00  0.000000e+00  -3.661389e-01  0.000000e+00  0.000000e+00  2.859832e-01  
2.113058e+00  6.751427e-04  9.276786e-01  0.000000e+00  0.000000e+00  3.037513e-01  0.000000e+00  0.000000e+00  -3.741066e-01  0.000000e+00  0.000000e+00  3.037513e-01  0.000000e+00  0.000000e+00  -3.741066e-01  0.000000e+00  0.000000e+00  3.037513e-01  2.113058e+00  6.751427e-04  9.276786e-01  0.000000e+00  0.000000e+00  3.037513e-01  0.000000e+00  0.000000e+00  -3.741066e-01  0.000000e+00  0.000000e+00  3.037513e-01  0.000000e+00  0.000000e+00  -3.741066e-01  0.000000e+00  0.000000e+00  3.037513e-01  
2.159187e+00  7.752758e-02  7.515461e-01  0.000000e+00  0.000000e+00  2.833310e-01  0.000000e+00  0.000000e+00  -3.722709e-01  0.000000e+00  0.000000e+00  2.833310e-01  0.000000e+00  0.000000e+00  -3.722709e-01  0.000000e+00  0.000000e+00  2.833310e-01  2.159187e+00  7.752758e-02  7.515461e-01  0.000000e+00  0.000000e+00  2.833310e-01  0.000000e+00  0.000000e+00  -3.722709e-01  0.000000e+00  0.000000e+00  2.833310e-01  0.000000e+00  0.000000e+00  -3.722709e-01  0.000000e+00  0.000000e+00  2.833310e-01  
2.095810e+00  7.418914e-03  9.160010e-01  0.000000e+00  0.000000e+00  2.903829e-01  0.000000e+00  0.000000e+00  -3.706874e-01  0.000000e+00  0.000000e+00  2.903829e-01  0.000000e+00  0.000000e+00  -3.706874e-01  0.000000e+00  0.000000e+00  2.903829e-01  2.095810e+00  7.418914e-03  9.160010e-01  0.000000e+00  0.000000e+00  2.903829e-01  0.000000e+00  0.000000e+00  -3.706874e-01  0.000000e+00  0.000000e+00  2.903829e-01  0.000000e+00  0.000000e+00  -3.706874e-01  0.000000e+00  0.000000e+00  2.903829e-01  
2.053442e+00  1.924417e-02  8.407949e-01  0.000000e+00  0.000000e+00  3.208155e-01  0.000000e+00  0.000000e+00  -3.830999e-01  0.000000e+00  0.000000e+00  3.208155e-01  0.000000e+00  0.000000e+00  -3.830999e-01  0.000000e+00  0.000000e+00  3.208155e-01  2.053442e+00  1.924417e-02  8.407949e-01  0.000000e+00  0.000000e+00  3.208155e-01  0.000000e+00  0.000000e+00  -3.830999e-01  0.000000e+00  0.000000e+00  3.208155e-01  0.000000e+00  0.000000e+00  -3.830999e-01  0.000000e+00  0.000000e+00  3.208155e-01  
2.093814e+00  1.964631e-02  8.456413e-01  0.000000e+00  0.000000e+00  3.242503e-01  0.000000e+00  0.000000e+00  -3.864155e-01  0.000000e+00  0.000000e+00  3.242503e-01  0.000000e+00  0.000000e+00  -3.864155e-01  0.000000e+00  0.000000e+00  3.242503e-01  2.093814e+00  1.964631e-02  8.456413e-01  0.000000e+00  0.000000e+00  3.242503e-01  0.000000e+00  0.000000e+00  -3.864155e-01  0.000000e+00  0.000000e+00  3.242503e-01  0.000000e+00  0.000000e+00  -3.864155e-01  0.000000e+00  0.000000e+00  3.242503e-01  
2.005088e+00  2.296615e-02  8.206997e-01  0.000000e+00  0.000000e+00  2.540754e-01  0.000000e+00  0.000000e+00  -3.641504e-01  0.000000e+00  0.000000e+00  2.540754e-01  0.000000e+00  0.000000e+00  -3.641504e-01  0.000000e+00  0.000000e+00  2.540754e-01  2.005088e+00  2.296615e-02  8.206997e-01  0.000000e+00  0.000000e+00  2.540754e-01  0.000000e+00  0.000000e+00  -3.641504e-01  0.000000e+00  0.000000e+00  2.540754e-01  0.000000e+00  0.000000e+00  -3.641504e-01  0.000000e+00  0.000000e+00  2.540754e-01  
2.007292e+00  7.752186e-03  8.496284e-01  0.000000e+00  0.000000e+00  3.252229e-01  0.000000e+00  0.000000e+00  -3.718084e-01  0.000000e+00  0.000000e+00  3.252229e-01  0.000000e+00  0.000000e+00  -3.718084e-01  0.000000e+00  0.000000e+00  3.252229e-01  2.007292e+00  7.752186e-03  8.496284e-01  0.000000e+00  0.000000e+00  3.252229e-01  0.000000e+00  0.000000e+00  -3.718084e-01  0.000000e+00  0.000000e+00  3.252229e-01  0.000000e+00  0.000000e+00  -3.718084e-01  0.000000e+00  0.000000e+00  3.252229e-01  
1.908634e+00  5.705206e-04  8.514548e-01  0.000000e+00  0.000000e+00  2.591921e-01  0.000000e+00  0.000000e+00  -3.595426e-01  0.000000e+00  0.000000e+00  2.591921e-01  0.000000e+00  0.000000e+00  -3.595426e-01  0.000000e+00  0.000000e+00  2.591921e-01  1.908634e+00  5.705206e-04  8.514548e-01  0.000000e+00  0.000000e+00  2.591921e-01  0.000000e+00  0.000000e+00  -3.595426e-01  0.000000e+00  0.000000e+00  2.591921e-01  0.000000e+00  0.000000e+00  -3.595426e-01  0.000000e+00  0.000000e+00  2.591921e-01  
2.204436e+00  4.133121e-02  8.257595e-01  0.000000e+00  0.000000e+00  3.058159e-01  0.000000e+00  0.000000e+00  -3.692763e-01  0.000000e+00  0.000000e+00  3.058159e-01  0.000000e+00  0.000000e+00  -3.692763e-01  0.000000e+00  0.000000e+00  3.058159e-01  2.204436e+00  4.133121e-02  8.257595e-01  0.000000e+00  0.000000e+00  3.058159e-01  0.000000e+00  0.000000e+00  -3.692763e-01  0.000000e+00  0.000000e+00  3.058159e-01  0.000000e+00  0.000000e+00  -3.692763e-01  0.000000e+00  0.000000e+00  3.058159e-01  
2.001742e+00  2.501508e-02  8.016165e-01  0.000000e+00  0.000000e+00  3.301727e-01  0.000000e+00  0.000000e+00  -3.667358e-01  0.000000e+00  0.000000e+00  3.301727e-01  0.000000e+00  0.000000e+00  -3.667358e-01  0.000000e+00  0.000000e+00  3.301727e-01  2.001742e+00  2.501508e-02  8.016165e-01  0.000000e+00  0.000000e+00  3.301727e-01  0.000000e+00  0.000000e+00  -3.667358e-01  0.000000e+00  0.000000e+00  3.301727e-01  0.000000e+00  0.000000e+00  -3.667358e-01  0.000000e+00  0.000000e+00  3.301727e-01  
2.117813e+00  1.153882e-02  8.635969e-01  0.000000e+00  0.000000e+00  2.507949e-01  0.000000e+00  0.000000e+00  -3.747964e-01  0.000000e+00  0.000000e+00  2.507949e-01  0.000000e+00  0.000000e+00  -3.747964e-01  0.000000e+00  0.000000e+00  2.507949e-01  2.117813e+00  1.153882e-02  8.635969e-01  0.000000e+00  0.000000e+00  2.507949e-01  0.000000e+00  0.000000e+00  -3.747964e-01  0.000000e+00  0.000000e+00  2.507949e-01  0.000000e+00  0.000000e+00  -3.747964e-01  0.000000e+00  0.000000e+00  2.507949e-01  
2.121386e+00  3.183453e-02  8.525134e-01  0.000000e+00  0.000000e+00  2.767769e-01  0.000000e+00  0.000000e+00  -3.550319e-01  0.000000e+00  0.000000e+00  2.767769e-01  0.000000e+00  0.000000e+00  -3.550319e-01  0.000000e+00  0.000000e+00  2.767769e-01  2.121386e+00  3.183453e-02  8.525134e-01  0.000000e+00  0.000000e+00  2.767769e-01  0.000000e+00  0.000000e+00  -3.550319e-01  0.000000e+00  0.000000e+00  2.767769e-01  0.000000e+00  0.000000e+00  -3.550319e-01  0.000000e+00  0.000000e+00  2.767769e-01  
2.022008e+00  4.565618e-02  8.099152e-01  0.000000e+00  0.000000e+00  2.920844e-01  0.000000e+00  0.000000e+00  -3.458578e-01  0.000000e+00  0.000000e+00  2.920844e-01  0.000000e+00  0.000000e+00  -3.458578e-01  0.000000e+00  0.000000e+00  2.920844e-01  2.022008e+00  4.565618e-02  8.099152e-01  0.000000e+00  0.000000e+00  2.920844e-01  0.000000e+00  0.000000e+00  -3.458578e-01  0.000000e+00  0.000000e+00  2.920844e-01  0.000000e+00  0.000000e+00  -3.458578e-01  0.000000e+00  0.000000e+00  2.920844e-01  
2.061545e+00  1.595905e-02  8.496564e-01  0.000000e+00  0.000000e+00  2.689804e-01  0.000000e+00  0.000000e+00  -3.799932e-01  0.000000e+00  0.000000e+00  2.689804e-01  0.000000e+00  0.000000e+00  -3.799932e-01  0.000000e+00  0.000000e+00  2.689804e-01  2.061545e+00  1.595905e-02  8.496564e-01  0.000000e+00  0.000000e+00  2.689804e-01  0.000000e+00  0.000000e+00  -3.799932e-01  0.000000e+00  0.000000e+00  2.689804e-01  0.000000e+00  0.000000e+00  -3.799932e-01  0.000000e+00  0.000000e+00  2.689804e-01  
1.984386e+00  1.575085e-02  8.412802e-01  0.000000e+00  0.000000e+00  3.509733e-01  0.000000e+00  0.000000e+00  -3.649808e-01  0.000000e+00  0.000000e+00  3.509733e-01  0.000000e+00  0.000000e+00  -3.649808e-01  0.000000e+00  0.000000e+00  3.509733e-01  1.984386e+00  1.575085e-02  8.412802e-01  0.000000e+00  0.000000e+00  3.509733e-01  0.000000e+00  0.000000e+00  -3.649808e-01  0.000000e+00  0.000000e+00  3.509733e-01  0.000000e+00  0.000000e+00  -3.649808e-01  0.000000e+00  0.000000e+00  3.509733e-01  
2.063351e+00  2.301681e-02  8.299736e-01  0.000000e+00  0.000000e+00  2.286622e-01  0.000000e+00  0.000000e+00  -3.670422e-01  0.000000e+00  0.000000e+00  2.286622e-01  0.000000e+00  0.000000e+00  -3.670422e-01  0.000000e+00  0.000000e+00  2.286622e-01  2.063351e+00  2.301681e-02  8.299736e-01  0.000000e+00  0.000000e+00  2.286622e-01  0.000000e+00  0.000000e+00  -3.670422e-01  0.000000e+00  0.000000e+00  2.286622e-01  0.000000e+00  0.000000e+00  -3.670422e-01  0.000000e+00  0.000000e+00  2.286622e-01  
2.173750e+00  3.239598e-02  8.618664e-01  0.000000e+00  0.000000e+00  2.785860e-01  0.000000e+00  0.000000e+00  -3.708751e-01  0.000000e+00  0.000000e+00  2.785860e-01  0.000000e+00  0.000000e+00  -3.708751e-01  0.000000e+00  0.000000e+00  2.785860e-01  2.173750e+00  3.239598e-02  8.618664e-01  0.000000e+00  0.000000e+00  2.785860e-01  0.000000e+00  0.000000e+00  -3.708751e-01  0.000000e+00  0.000000e+00  2.785860e-01  0.000000e+00  0.000000e+00  -3.708751e-01  0.000000e+00  0.000000e+00  2.785860e-01  
2.136875e+00  1.454922e-02  8.590125e-01  0.000000e+00  0.000000e+00  2.963732e-01  0.000000e+00  0.000000e+00  -3.789911e-01  0.000000e+00  0.000000e+00  2.963732e-01  0.000000e+00  0.000000e+00  -3.789911e-01  0.000000e+00  0.000000e+00  2.963732e-01  2.136875e+00  1.454922e-02  8.590125e-01  0.000000e+00  0.000000e+00  2.963732e-01  0.000000e+00  0.000000e+00  -3.789911e-01  0.000000e+00  0.000000e+00  2.963732e-01  0.000000e+00  0.000000e+00  -3.789911e-01  0.000000e+00  0.000000e+00  2.963732e-01  
2.001786e+00  4.915372e-03  8.856234e-01  0.000000e+00  0.000000e+00  2.635337e-01  0.000000e+00  0.000000e+00  -3.499000e-01  0.000000e+00  0.000000e+00  2.635337e-01  0.000000e+00  0.000000e+00  -3.499000e-01  0.000000e+00  0.000000e+00  2.635337e-01  2.001786e+00  4.915372e-03  8.856234e-01  0.000000e+00  0.000000e+00  2.635337e-01  0.000000e+00  0.000000e+00  -3.499000e-01  0.000000e+00  0.000000e+00  2.635337e-01  0.000000e+00  0.000000e+00  -3.499000e-01  0.000000e+00  0.000000e+00  2.635337e-01  
2.212770e+00  3.945358e-02  8.074244e-01  0.000000e+00  0.000000e+00  3.375354e-01  0.000000e+00  0.000000e+00  -3.957693e-01  0.000000e+00  0.000000e+00  3.375354e-01  0.000000e+00  0.000000e+00  -3.957693e-01  0.000000e+00  0.000000e+00  3.375354e-01  2.212770e+00  3.945358e-02  8.074244e-01  0.000000e+00  0.000000e+00  3.375354e-01  0.000000e+00  0.000000e+00  -3.957693e-01  0.000000e+00  0.000000e+00  3.375354e-01  0.000000e+00  0.000000e+00  -3.957693e-01  0.000000e+00  0.000000e+00  3.375354e-01  
2.031479e+00  3.545365e-02  8.164923e-01  0.000000e+00  0.000000e+00  3.103037e-01  0.000000e+00  0.000000e+00  -3.567773e-01  0.000000e+00  0.000000e+00  3.103037e-01  0.000000e+00  0.000000e+00  -3.567773e-01  0.000000e+00  0.000000e+00  3.103037e-01  2.031479e+00  3.545365e-02  8.164923e-01  0.000000e+00  0.000000e+00  3.103037e-01  0.000000e+00  0.000000e+00  -3.567773e-01  0.000000e+00  0.000000e+00  3.103037e-01  0.000000e+00  0.000000e+00  -3.567773e-01  0.000000e+00  0.000000e+00  3.103037e-01  
2.038476e+00  1.630634e-02  8.574901e-01  0.000000e+00  0.000000e+00  2.598524e-01  0.000000e+00  0.000000e+00  -3.586678e-01  0.000000e+00  0.000000e+00  2.598524e-01  0.000000e+00  0.000000e+00  -3.586678e-01  0.000000e+00  0.000000e+00  2.598524e-01  2.038476e+00  1.630634e-02  8.574901e-01  0.000000e+00  0.000000e+00  2.598524e-01  0.000000e+00  0.000000e+00  -3.586678e-01  0.000000e+00  0.000000e+00  2.598524e-01  0.000000e+00  0.000000e+00  -3.586678e-01  0.000000e+00  0.000000e+00  2.598524e-01  
2.004896e+00  3.576260e-03  8.682743e-01  0.000000e+00  0.000000e+00  2.702114e-01  0.000000e+00  0.000000e+00  -3.637397e-01  0.000000e+00  0.000000e+00  2.702114e-01  0.000000e+00  0.000000e+00  -3.637397e-01  0.000000e+00  0.000000e+00  2.702114e-01  2.004896e+00  3.576260e-03  8.682743e-01  0.000000e+00  0.000000e+00  2.702114e-01  0.000000e+00  0.000000e+00  -3.637397e-01  0.000000e+00  0.000000e+00  2.702114e-01  0.000000e+00  0.000000e+00  -3.637397e-01  0.000000e+00  0.000000e+00  2.702114e-01  
2.052636e+00  1.286138e-02  8.537104e-01  0.000000e+00  0.000000e+00  3.015804e-01  0.000000e+00  0.000000e+00  -3.601319e-01  0.000000e+00  0.000000e+00  3.015804e-01  0.000000e+00  0.000000e+00  -3.601319e-01  0.000000e+00  0.000000e+00  3.015804e-01  2.052636e+00  1.286138e-02  8.537104e-01  0.000000e+00  0.000000e+00  3.015804e-01  0.000000e+00  0.000000e+00  -3.601319e-01  0.000000e+00  0.000000e+00  3.015804e-01  0.000000e+00  0.000000e+00  -3.601319e-01  0.000000e+00  0.000000e+00  3.015804e-01  
2.140929e+00  7.037819e-03  8.983705e-01  0.000000e+00  0.000000e+00  2.546632e-01  0.000000e+00  0.000000e+00  -3.817106e-01  0.000000e+00  0.000000e+00  2.546632e-01  0.000000e+00  0.000000e+00  -3.817106e-01  0.000000e+00  0.000000e+00  2.546632e-01  2.140929e+00  7.037819e-03  8.983705e-01  0.000000e+00  0.000000e+00  2.546632e-01  0.000000e+00  0.000000e+00  -3.817106e-01  0.000000e+00  0.000000e+00  2.546632e-01  0.000000e+00  0.000000e+00  -3.817106e-01  0.000000e+00  0.000000e+00  2.546632e-01  
1.998809e+00  1.863660e-02  8.474386e-01  0.000000e+00  0.000000e+00  2.715569e-01  0.000000e+00  0.000000e+00  -3.603637e-01  0.000000e+00  0.000000e+00  2.715569e-01  0.000000e+00  0.000000e+00  -3.603637e-01  0.000000e+00  0.000000e+00  2.715569e-01  1.998809e+00  1.863660e-02  8.474386e-01  0.000000e+00  0.000000e+00  2.715569e-01  0.000000e+00  0.000000e+00  -3.603637e-01  0.000000e+00  0.000000e+00  2.715569e-01  0.000000e+00  0.000000e+00  -3.603637e-01  0.000000e+00  0.000000e+00  2.715569e-01  
2.113099e+00  1.223424e-02  9.406767e-01  0.000000e+00  0.000000e+00  3.661384e-01  0.000000e+00  0.000000e+00  -3.692560e-01  0.000000e+00  0.000000e+00  3.661384e-01  0.000000e+00  0.000000e+00  -3.692560e-01  0.000000e+00  0.000000e+00  3.661384e-01  2.113099e+00  1.223424e-02  9.406767e-01  0.000000e+00  0.000000e+00  3.661384e-01  0.000000e+00  0.000000e+00  -3.692560e-01  0.000000e+00  0.000000e+00  3.661384e-01  0.000000e+00  0.000000e+00  -3.692560e-01  0.000000e+00  0.000000e+00  3.661384e-01  
2.096954e+00  6.729442e-03  9.014223e-01  0.000000e+00  0.000000e+00  3.644314e-01  0.000000e+00  0.000000e+00  -3.802739e-01  0.000000e+00  0.000000e+00  3.644314e-01  0.000000e+00  0.000000e+00  -3.802739e-01  0.000000e+00  0.000000e+00  3.644314e-01  2.096954e+00  6.729442e-03  9.014223e-01  0.000000e+00  0.000000e+00  3.644314e-01  0.000000e+00  0.000000e+00  -3.802739e-01  0.000000e+00  0.000000e+00  3.644314e-01  0.000000e+00  0.000000e+00  -3.802739e-01  0.000000e+00  0.000000e+00  3.644314e-01  
1.966868e+00  2.075601e-03  9.012323e-01  0.000000e+00  0.000000e+00  3.258632e-01  0.000000e+00  0.000000e+00  -3.551537e-01  0.000000e+00  0.000000e+00  3.258632e-01  0.000000e+00  0.000000e+00  -3.551537e-01  0.000000e+00  0.000000e+00  3.258632e-01  1.966868e+00  2.075601e-03  9.012323e-01  0.000000e+00  0.000000e+00  3.258632e-01  0.000000e+00  0.000000e+00  -3.551537e-01  0.000000e+00  0.000000e+00  3.258632e-01  0.000000e+00  0.000000e+00  -3.551537e-01  0.000000e+00  0.000000e+00  3.258632e-01  
1.939633e+00  3.127272e-03  9.092907e-01  0.000000e+00  0.000000e+00  3.273636e-01  0.000000e+00  0.000000e+00  -3.539544e-01  0.000000e+00  0.000000e+00  3.273636e-01  0.000000e+00  0.000000e+00  -3.539544e-01  0.000000e+00  0.000000e+00  3.273636e-01  1.939633e+00  3.127272e-03  9.092907e-01  0.000000e+00  0.000000e+00  3.273636e-01  0.000000e+00  0.000000e+00  -3.539544e-01  0.000000e+00  0.000000e+00  3.273636e-01  0.000000e+00  0.000000e+00  -3.539544e-01  0.000000e+00  0.000000e+00  3.273636e-01  
2.117809e+00  9.090080e-03  8.814980e-01  0.000000e+00  0.000000e+00  2.881592e-01  0.000000e+00  0.000000e+00  -3.810406e-01  0.000000e+00  0.000000e+00  2.881592e-01  0.000000e+00  0.000000e+00  -3.810406e-01  0.000000e+00  0.000000e+00  2.881592e-01  2.117809e+00  9.090080e-03  8.814980e-01  0.000000e+00  0.000000e+00  2.881592e-01  0.000000e+00  0.000000e+00  -3.810406e-01  0.000000e+00  0.000000e+00  2.881592e-01  0.000000e+00  0.000000e+00  -3.810406e-01  0.000000e+00  0.000000e+00  2.881592e-01  
2.006528e+00  3.880107e-02  7.832243e-01  0.000000e+00  0.000000e+00  3.206883e-01  0.000000e+00  0.000000e+00  -3.613759e-01  0.000000e+00  0.000000e+00  3.206883e-01  0.000000e+00  0.000000e+00  -3.613759e-01  0.000000e+00  0.000000e+00  3.206883e-01  2.006528e+00  3.880107e-02  7.832243e-01  0.000000e+00  0.000000e+00  3.206883e-01  0.000000e+00  0.000000e+00  -3.613759e-01  0.000000e+00  0.000000e+00  3.206883e-01  0.000000e+00  0.000000e+00  -3.613759e-01  0.000000e+00  0.000000e+00  3.206883e-01  
2.014292e+00  2.451817e-02  7.946401e-01  0.000000e+00  0.000000e+00  2.978249e-01  0.000000e+00  0.000000e+00  -3.772533e-01  0.000000e+00  0.000000e+00  2.978249e-01  0.000000e+00  0.000000e+00  -3.772533e-01  0.000000e+00  0.000000e+00  2.978249e-01  2.014292e+00  2.451817e-02  7.946401e-01  0.000000e+00  0.000000e+00  2.978249e-01  0.000000e+00  0.000000e+00  -3.772533e-01  0.000000e+00  0.000000e+00  2.978249e-01  0.000000e+00  0.000000e+00  -3.772533e-01  0.000000e+00  0.000000e+00  2.978249e-01  
2.035204e+00  1.623851e-04  8.702152e-01  0.000000e+00  0.000000e+00  2.293860e-01  0.000000e+00  0.000000e+00  -3.756605e-01  0.000000e+00  0.000000e+00  2.293860e-01  0.000000e+00  0.000000e+00  -3.756605e-01  0.000000e+00  0.000000e+00  2.293860e-01  2.035204e+00  1.623851e-04  8.702152e-01  0.000000e+00  0.000000e+00  2.293860e-01  0.000000e+00  0.000000e+00  -3.756605e-01  0.000000e+00  0.000000e+00  2.293860e-01  0.000000e+00  0.000000e+00  -3.756605e-01  0.000000e+00  0.000000e+00  2.293860e-01  
2.075063e+00  1.507527e-02  8.807228e-01  0.000000e+00  0.000000e+00  2.591889e-01  0.000000e+00  0.000000e+00  -3.676246e-01  0.000000e+00  0.000000e+00  2.591889e-01  0.000000e+00  0.000000e+00  -3.676246e-01  0.000000e+00  0.000000e+00  2.591889e-01  2.075063e+00  1.507527e-02  8.807228e-01  0.000000e+00  0.000000e+00  2.591889e-01  0.000000e+00  0.000000e+00  -3.676246e-01  0.000000e+00  0.000000e+00  2.591889e-01  0.000000e+00  0.000000e+00  -3.676246e-01  0.000000e+00  0.000000e+00  2.591889e-01  
1.941963e+00  1.952033e-02  7.869934e-01  0.000000e+00  0.000000e+00  2.674734e-01  0.000000e+00  0.000000e+00  -3.533547e-01  0.000000e+00  0.000000e+00  2.674734e-01  0.000000e+00  0.000000e+00  -3.533547e-01  0.000000e+00  0.000000e+00  2.674734e-01  1.941963e+00  1.952033e-02  7.869934e-01  0.000000e+00  0.000000e+00  2.674734e-01  0.000000e+00  0.000000e+00  -3.533547e-01  0.000000e+00  0.000000e+00  2.674734e-01  0.000000e+00  0.000000e+00  -3.533547e-01  0.000000e+00  0.000000e+00  2.674734e-01  
1.894624e+00  7.160251e-03  7.977038e-01  0.000000e+00  0.000000e+00  2.641471e-01  0.000000e+00  0.000000e+00  -3.606839e-01  0.000000e+00  0.000000e+00  2.641471e-01  0.000000e+00  0.000000e+00  -3.606839e-01  0.000000e+00  0.000000e+00  2.641471e-01  1.894624e+00  7.160251e-03  7.977038e-01  0.000000e+00  0.000000e+00  2.641471e-01  0.000000e+00  0.000000e+00  -3.606839e-01  0.000000e+00  0.000000e+00  2.641471e-01  0.000000e+00  0.000000e+00  -3.606839e-01  0.000000e+00  0.000000e+00  2.641471e-01  
2.139808e+00  3.978983e-02  8.054877e-01  0.000000e+00  0.000000e+00  2.882928e-01  0.000000e+00  0.000000e+00  -3.768123e-01  0.000000e+00  0.000000e+00  2.882928e-01  0.000000e+00  0.000000e+00  -3.768123e-01  0.000000e+00  0.000000e+00  2.882928e-01  2.139808e+00  3.978983e-02  8.054877e-01  0.000000e+00  0.000000e+00  2.882928e-01  0.000000e+00  0.000000e+00  -3.768123e-01  0.000000e+00  0.000000e+00  2.882928e-01  0.000000e+00  0.000000e+00  -3.768123e-01  0.000000e+00  0.000000e+00  2.882928e-01  
2.024739e+00  1.976531e-04  9.014467e-01  0.000000e+00  0.000000e+00  2.558294e-01  0.000000e+00  0.000000e+00  -3.684231e-01  0.000000e+00  0.000000e+00  2.558294e-01  0.000000e+00  0.000000e+00  -3.684231e-01  0.000000e+00  0.000000e+00  2.558294e-01  2.024739e+00  1.976531e-04  9.014467e-01  0.000000e+00  0.000000e+00  2.558294e-01  0.000000e+00  0.000000e+00  -3.684231e-01  0.000000e+00  0.000000e+00  2.558294e-01  0.000000e+00  0.000000e+00  -3.684231e-01  0.000000e+00  0.000000e+00  2.558294e-01  
2.240002e+00  3.332122e-03  9.481535e-01  0.000000e+00  0.000000e+00  2.805848e-01  0.000000e+00  0.000000e+00  -3.914503e-01  0.000000e+00  0.000000e+00  2.805848e-01  0.000000e+00  0.000000e+00  -3.914503e-01  0.000000e+00  0.000000e+00  2.805848e-01  2.240002e+00  3.332122e-03  9.481535e-01  0.000000e+00  0.000000e+00  2.805848e-01  0.000000e+00  0.000000e+00  -3.914503e-01  0.000000e+00  0.000000e+00  2.805848e-01  0.000000e+00  0.000000e+00  -3.914503e-01  0.000000e+00  0.000000e+00  2.805848e-01  
2.140166e+00  5.384925e-02  7.943078e-01  0.000000e+00  0.000000e+00  3.184068e-01  0.000000e+00  0.000000e+00  -3.685670e-01  0.000000e+00  0.000000e+00  3.184068e-01  0.000000e+00  0.000000e+00  -3.685670e-01  0.000000e+00  0.000000e+00  3.184068e-01  2.140166e+00  5.384925e-02  7.943078e-01  0.000000e+00  0.000000e+00  3.184068e-01  0.000000e+00  0.000000e+00  -3.685670e-01  0.000000e+00  0.000000e+00  3.184068e-01  0.000000e+00  0.000000e+00  -3.685670e-01  0.000000e+00  0.000000e+00  3.184068e-01  
1.932751e+00  4.420550e-03  8.621860e-01  0.000000e+00  0.000000e+00  3.374443e-01  0.000000e+00  0.000000e+00  -3.624600e-01  0.000000e+00  0.000000e+00  3.374443e-01  0.000000e+00  0.000000e+00  -3.624600e-01  0.000000e+00  0.000000e+00  3.374443e-01  1.932751e+00  4.420550e-03  8.621860e-01  0.000000e+00  0.000000e+00  3.374443e-01  0.000000e+00  0.000000e+00  -3.624600e-01  0.000000e+00  0.000000e+00  3.374443e-01  0.000000e+00  0.000000e+00  -3.624600e-01  0.000000e+00  0.000000e+00  3.374443e-01  
2.153985e+00  8.652467e-03  9.114388e-01  0.000000e+00  0.000000e+00  2.751119e-01  0.000000e+00  0.000000e+00  -3.741667e-01  0.000000e+00  0.000000e+00  2.751119e-01  0.000000e+00  0.000000e+00  -3.741667e-01  0.000000e+00  0.000000e+00  2.751119e-01  2.153985e+00  8.652467e-03  9.114388e-01  0.000000e+00  0.000000e+00  2.751119e-01  0.000000e+00  0.000000e+00  -3.741667e-01  0.000000e+00  0.000000e+00  2.751119e-01  0.000000e+00  0.000000e+00  -3.741667e-01  0.000000e+00  0.000000e+00  2.751119e-01  
2.124762e+00  2.477222e-02  8.429930e-01  0.000000e+00  0.000000e+00  3.050868e-01  0.000000e+00  0.000000e+00  -3.728572e-01  0.000000e+00  0.000000e+00  3.050868e-01  0.000000e+00  0.000000e+00  -3.728572e-01  0.000000e+00  0.000000e+00  3.050868e-01  2.124762e+00  2.477222e-02  8.429930e-01  0.000000e+00  0.000000e+00  3.050868e-01  0.000000e+00  0.000000e+00  -3.728572e-01  0.000000e+00  0.000000e+00  3.050868e-01  0.000000e+00  0.000000e+00  -3.728572e-01  0.000000e+00  0.000000e+00  3.050868e-01  
2.007726e+00  1.585736e-03  9.027498e-01  0.000000e+00  0.000000e+00  2.416834e-01  0.000000e+00  0.000000e+00  -3.540207e-01  0.000000e+00  0.000000e+00  2.416834e-01  0.000000e+00  0.000000e+00  -3.540207e-01  0.000000e+00  0.000000e+00  2.416834e-01  2.007726e+00  1.585736e-03  9.027498e-01  0.000000e+00  0.000000e+00  2.416834e-01  0.000000e+00  0.000000e+00  -3.540207e-01  0.000000e+00  0.000000e+00  2.416834e-01  0.000000e+00  0.000000e+00  -3.540207e-01  0.000000e+00  0.000000e+00  2.416834e-01  
2.074836e+00  4.786668e-02  8.138629e-01  0.000000e+00  0.000000e+00  3.267220e-01  0.000000e+00  0.000000e+00  -3.691788e-01  0.000000e+00  0.000000e+00  3.267220e-01  0.000000e+00  0.000000e+00  -3.691788e-01  0.000000e+00  0.000000e+00  3.267220e-01  2.074836e+00  4.786668e-02  8.138629e-01  0.000000e+00  0.000000e+00  3.267220e-01  0.000000e+00  0.000000e+00  -3.691788e-01  0.000000e+00  0.000000e+00  3.267220e-01  0.000000e+00  0.000000e+00  -3.691788e-01  0.000000e+00  0.000000e+00  3.267220e-01  
2.051058e+00  4.948409e-03  9.162970e-01  0.000000e+00  0.000000e+00  2.581255e-01  0.000000e+00  0.000000e+00  -3.631376e-01  0.000000e+00  0.000000e+00  2.581255e-01  0.000000e+00  0.000000e+00  -3.631376e-01  0.000000e+00  0.000000e+00  2.581255e-01  2.051058e+00  4.948409e-03  9.162970e-01  0.000000e+00  0.000000e+00  2.581255e-01  0.000000e+00  0.000000e+00  -3.631376e-01  0.000000e+00  0.000000e+00  2.581255e-01  0.000000e+00  0.000000e+00  -3.631376e-01  0.000000e+00  0.000000e+00  2.581255e-01  
2.022841e+00  5.639959e-03  9.017228e-01  0.000000e+00  0.000000e+00  2.213740e-01  0.000000e+00  0.000000e+00  -3.618658e-01  0.000000e+00  0.000000e+00  2.213740e-01  0.000000e+00  0.000000e+00  -3.618658e-01  0.000000e+00  0.000000e+00  2.213740e-01  2.022841e+00  5.639959e-03  9.017228e-01  0.000000e+00  0.000000e+00  2.213740e-01  0.000000e+00  0.000000e+00  -3.618658e-01  0.000000e+00  0.000000e+00  2.213740e-01  0.000000e+00  0.000000e+00  -3.618658e-01  0.000000e+00  0.000000e+00  2.213740e-01  
2.027532e+00  2.494980e-02  8.115810e-01  0.000000e+00  0.000000e+00  2.832808e-01  0.000000e+00  0.000000e+00  -3.794693e-01  0.000000e+00  0.000000e+00  2.832808e-01  0.000000e+00  0.000000e+00  -3.794693e-01  0.000000e+00  0.000000e+00  2.832808e-01  2.027532e+00  2.494980e-02  8.115810e-01  0.000000e+00  0.000000e+00  2.832808e-01  0.000000e+00  0.000000e+00  -3.794693e-01  0.000000e+00  0.000000e+00  2.832808e-01  0.000000e+00  0.000000e+00  -3.794693e-01  0.000000e+00  0.000000e+00  2.832808e-01  
2.200941e+00  4.547910e-02  8.531949e-01  0.000000e+00  0.000000e+00  2.822181e-01  0.000000e+00  0.000000e+00  -3.629746e-01  0.000000e+00  0.000000e+00  2.822181e-01  0.000000e+00  0.000000e+00  -3.629746e-01  0.000000e+00  0.000000e+00  2.822181e-01  2.200941e+00  4.547910e-02  8.531949e-01  0.000000e+00  0.000000e+00  2.822181e-01  0.000000e+00  0.000000e+00  -3.629746e-01  0.000000e+00  0.000000e+00  2.822181e-01  0.000000e+00  0.000000e+00  -3.629746e-01  0.000000e+00  0.000000e+00  2.822181e-01  
2.183739e+00  3.363062e-02  8.453889e-01  0.000000e+00  0.000000e+00  2.868342e-01  0.000000e+00  0.000000e+00  -3.650025e-01  0.000000e+00  0.000000e+00  2.868342e-01  0.000000e+00  0.000000e+00  -3.650025e-01  0.000000e+00  0.000000e+00  2.868342e-01  2.183739e+00  3.363062e-02  8.453889e-01  0.000000e+00  0.000000e+00  2.868342e-01  0.000000e+00  0.000000e+00  -3.650025e-01  0.000000e+00  0.000000e+00  2.868342e-01  0.000000e+00  0.000000e+00  -3.650025e-01  0.000000e+00  0.000000e+00  2.868342e-01  
1.921408e+00  7.568459e-03  8.095286e-01  0.000000e+00  0.000000e+00  3.545515e-01  0.000000e+00  0.000000e+00  -3.752911e-01  0.000000e+00  0.000000e+00  3.545515e-01  0.000000e+00  0.000000e+00  -3.752911e-01  0.000000e+00  0.000000e+00  3.545515e-01  1.921408e+00  7.568459e-03  8.095286e-01  0.000000e+00  0.000000e+00  3.545515e-01  0.000000e+00  0.000000e+00  -3.752911e-01  0.000000e+00  0.000000e+00  3.545515e-01  0.000000e+00  0.000000e+00  -3.752911e-01  0.000000e+00  0.000000e+00  3.545515e-01  
2.107359e+00  2.275908e-02  8.269029e-01  0.000000e+00  0.000000e+00  2.941370e-01  0.000000e+00  0.000000e+00  -3.802668e-01  0.000000e+00  0.000000e+00  2.941370e-01  0.000000e+00  0.000000e+00  -3.802668e-01  0.000000e+00  0.000000e+00  2.941370e-01  2.107359e+00  2.275908e-02  8.269029e-01  0.000000e+00  0.000000e+00  2.941370e-01  0.000000e+00  0.000000e+00  -3.802668e-01  0.000000e+00  0.000000e+00  2.941370e-01  0.000000e+00  0.000000e+00  -3.802668e-01  0.000000e+00  0.000000e+00  2.941370e-01  
1.932896e+00  3.214653e-03  8.596025e-01  0.000000e+00  0.000000e+00  3.080747e-01  0.000000e+00  0.000000e+00  -3.546751e-01  0.000000e+00  0.000000e+00  3.080747e-01  0.000000e+00  0.000000e+00  -3.546751e-01  0.000000e+00  0.000000e+00  3.080747e-01  1.932896e+00  3.214653e-03  8.596025e-01  0.000000e+00  0.000000e+00  3.080747e-01  0.000000e+00  0.000000e+00  -3.546751e-01  0.000000e+00  0.000000e+00  3.080747e-01  0.000000e+00  0.000000e+00  -3.546751e-01  0.000000e+00  0.000000e+00  3.080747e-01  
2.170835e+00  1.746250e-02  9.086889e-01  0.000000e+00  0.000000e+00  3.246011e-01  0.000000e+00  0.000000e+00  -3.676312e-01  0.000000e+00  0.000000e+00  3.246011e-01  0.000000e+00  0.000000e+00  -3.676312e-01  0.000000e+00  0.000000e+00  3.246011e-01  2.170835e+00  1.746250e-02  9.086889e-01  0.000000e+00  0.000000e+00  3.246011e-01  0.000000e+00  0.000000e+00  -3.676312e-01  0.000000e+00  0.000000e+00  3.246011e-01  0.000000e+00  0.000000e+00  -3.676312e-01  0.000000e+00  0.000000e+00  3.246011e-01  
2.166524e+00  1.887798e-02  8.865979e-01  0.000000e+00  0.000000e+00  2.548328e-01  0.000000e+00  0.000000e+00  -3.688495e-01  0.000000e+00  0.000000e+00  2.548328e-01  0.000000e+00  0.000000e+00  -3.688495e-01  0.000000e+00  0.000000e+00  2.548328e-01  2.166524e+00  1.887798e-02  8.865979e-01  0.000000e+00  0.000000e+00  2.548328e-01  0.000000e+00  0.000000e+00  -3.688495e-01  0.000000e+00  0.000000e+00  2.548328e-01  0.000000e+00  0.000000e+00  -3.688495e-01  0.000000e+00  0.000000e+00  2.548328e-01  
2.144475e+00  1.708096e-02  8.670021e-01  0.000000e+00  0.000000e+00  3.091114e-01  0.000000e+00  0.000000e+00  -3.770344e-01  0.000000e+00  0.000000e+00  3.091114e-01  0.000000e+00  0.000000e+00  -3.770344e-01  0.000000e+00  0.000000e+00  3.091114e-01  2.144475e+00  1.708096e-02  8.670021e-01  0.000000e+00  0.000000e+00  3.091114e-01  0.000000e+00  0.000000e+00  -3.770344e-01  0.000000e+00  0.000000e+00  3.091114e-01  0.000000e+00  0.000000e+00  -3.770344e-01  0.000000e+00  0.000000e+00  3.091114e-01  
2.087916e+00  1.217311e-02  8.923125e-01  0.000000e+00  0.000000e+00  3.295282e-01  0.000000e+00  0.000000e+00  -3.773000e-01  0.000000e+00  0.000000e+00  3.295282e-01  0.000000e+00  0.000000e+00  -3.773000e-01  0.000000e+00  0.000000e+00  3.295282e-01  2.087916e+00  1.217311e-02  8.923125e-01  0.000000e+00  0.000000e+00  3.295282e-01  0.000000e+00  0.000000e+00  -3.773000e-01  0.000000e+00  0.000000e+00  3.295282e-01  0.000000e+00  0.000000e+00  -3.773000e-01  0.000000e+00  0.000000e+00  3.295282e-01  
2.108727e+00  1.613252e-03  9.137887e-01  0.000000e+00  0.000000e+00  3.146372e-01  0.000000e+00  0.000000e+00  -3.851008e-01  0.000000e+00  0.000000e+00  3.146372e-01  0.000000e+00  0.000000e+00  -3.851008e-01  0.000000e+00  0.000000e+00  3.146372e-01  2.108727e+00  1.613252e-03  9.137887e-01  0.000000e+00  0.000000e+00  3.146372e-01  0.000000e+00  0.000000e+00  -3.851008e-01  0.000000e+00  0.000000e+00  3.146372e-01  0.000000e+00  0.000000e+00  -3.851008e-01  0.000000e+00  0.000000e+00  3.146372e-01  
1.903868e+00  1.969542e-03  8.472951e-01  0.000000e+00  0.000000e+00  2.410523e-01  0.000000e+00  0.000000e+00  -3.531755e-01  0.000000e+00  0.000000e+00  2.410523e-01  0.000000e+00  0.000000e+00  -3.531755e-01  0.000000e+00  0.000000e+00  2.410523e-01  1.903868e+00  1.969542e-03  8.472951e-01  0.000000e+00  0.000000e+00  2.410523e-01  0.000000e+00  0.000000e+00  -3.531755e-01  0.000000e+00  0.000000e+00  2.410523e-01  0.000000e+00  0.000000e+00  -3.531755e-01  0.000000e+00  0.000000e+00  2.410523e-01  
2.014350e+00  1.811091e-02  8.326537e-01  0.000000e+00  0.000000e+00  3.421539e-01  0.000000e+00  0.000000e+00  -3.708169e-01  0.000000e+00  0.000000e+00  3.421539e-01  0.000000e+00  0.000000e+00  -3.708169e-01  0.000000e+00  0.000000e+00  3.421539e-01  2.014350e+00  1.811091e-02  8.326537e-01  0.000000e+00  0.000000e+00  3.421539e-01  0.000000e+00  0.000000e+00  -3.708169e-01  0.000000e+00  0.000000e+00  3.421539e-01  0.000000e+00  0.000000e+00  -3.708169e-01  0.000000e+00  0.000000e+00  3.421539e-01  
2.011485e+00  1.019770e-02  8.976673e-01  0.000000e+00  0.000000e+00  3.373990e-01  0.000000e+00  0.000000e+00  -3.612955e-01  0.000000e+00  0.000000e+00  3.373990e-01  0.000000e+00  0.000000e+00  -3.612955e-01  0.000000e+00  0.000000e+00  3.373990e-01  2.011485e+00  1.019770e-02  8.976673e-01  0.000000e+00  0.000000e+00  3.373990e-01  0.000000e+00  0.000000e+00  -3.612955e-01  0.000000e+00  0.000000e+00  3.373990e-01  0.000000e+00  0.000000e+00  -3.612955e-01  0.000000e+00  0.000000e+00  3.373990e-01  
2.273183e+00  3.588079e-02  8.678244e-01  0.000000e+00  0.000000e+00  2.751568e-01  0.000000e+00  0.000000e+00  -3.796069e-01  0.000000e+00  0.000000e+00  2.751568e-01  0.000000e+00  0.000000e+00  -3.796069e-01  0.000000e+00  0.000000e+00  2.751568e-01  2.273183e+00  3.588079e-02  8.678244e-01  0.000000e+00  0.000000e+00  2.751568e-01  0.000000e+00  0.000000e+00  -3.796069e-01  0.000000e+00  0.000000e+00  2.751568e-01  0.000000e+00  0.000000e+00  -3.796069e-01  0.000000e+00  0.000000e+00  2.751568e-01  
2.177626e+00  6.077921e-02  7.984262e-01  0.000000e+00  0.000000e+00  3.420529e-01  0.000000e+00  0.000000e+00  -3.858914e-01  0.000000e+00  0.000000e+00  3.420529e-01  0.000000e+00  0.000000e+00  -3.858914e-01  0.000000e+00  0.000000e+00  3.420529e-01  2.177626e+00  6.077921e-02  7.984262e-01  0.000000e+00  0.000000e+00  3.420529e-01  0.000000e+00  0.000000e+00  -3.858914e-01  0.000000e+00  0.000000e+00  3.420529e-01  0.000000e+00  0.000000e+00  -3.858914e-01  0.000000e+00  0.000000e+00  3.420529e-01  
2.044148e+00  4.942456e-02  7.523837e-01  0.000000e+00  0.000000e+00  2.987962e-01  0.000000e+00  0.000000e+00  -3.700883e-01  0.000000e+00  0.000000e+00  2.987962e-01  0.000000e+00  0.000000e+00  -3.700883e-01  0.000000e+00  0.000000e+00  2.987962e-01  2.044148e+00  4.942456e-02  7.523837e-01  0.000000e+00  0.000000e+00  2.987962e-01  0.000000e+00  0.000000e+00  -3.700883e-01  0.000000e+00  0.000000e+00  2.987962e-01  0.000000e+00  0.000000e+00  -3.700883e-01  0.000000e+00  0.000000e+00  2.987962e-01  
2.125587e+00  2.613151e-04  9.544079e-01  0.000000e+00  0.000000e+00  3.538081e-01  0.000000e+00  0.000000e+00  -3.777061e-01  0.000000e+00  0.000000e+00  3.538081e-01  0.000000e+00  0.000000e+00  -3.777061e-01  0.000000e+00  0.000000e+00  3.538081e-01  2.125587e+00  2.613151e-04  9.544079e-01  0.000000e+00  0.000000e+00  3.538081e-01  0.000000e+00  0.000000e+00  -3.777061e-01  0.000000e+00  0.000000e+00  3.538081e-01  0.000000e+00  0.000000e+00  -3.777061e-01  0.000000e+00  0.000000e+00  3.538081e-01  
2.170380e+00  8.925986e-02  7.296989e-01  0.000000e+00  0.000000e+00  3.524277e-01  0.000000e+00  0.000000e+00  -3.797785e-01  0.000000e+00  0.000000e+00  3.524277e-01  0.000000e+00  0.000000e+00  -3.797785e-01  0.000000e+00  0.000000e+00  3.524277e-01  2.170380e+00  8.925986e-02  7.296989e-01  0.000000e+00  0.000000e+00  3.524277e-01  0.000000e+00  0.000000e+00  -3.797785e-01  0.000000e+00  0.000000e+00  3.524277e-01  0.000000e+00  0.000000e+00  -3.797785e-01  0.000000e+00  0.000000e+00  3.524277e-01  
2.154539e+00  3.258980e-02  8.203915e-01  0.000000e+00  0.000000e+00  3.226236e-01  0.000000e+00  0.000000e+00  -3.933328e-01  0.000000e+00  0.000000e+00  3.226236e-01  0.000000e+00  0.000000e+00  -3.933328e-01  0.000000e+00  0.000000e+00  3.226236e-01  2.154539e+00  3.258980e-02  8.203915e-01  0.000000e+00  0.000000e+00  3.226236e-01  0.000000e+00  0.000000e+00  -3.933328e-01  0.000000e+00  0.000000e+00  3.226236e-01  0.000000e+00  0.000000e+00  -3.933328e-01  0.000000e+00  0.000000e+00  3.226236e-01  
2.048206e+00  3.657435e-02  8.072114e-01  0.000000e+00  0.000000e+00  3.114655e-01  0.000000e+00  0.000000e+00  -3.770685e-01  0.000000e+00  0.000000e+00  3.114655e-01  0.000000e+00  0.000000e+00  -3.770685e-01  0.000000e+00  0.000000e+00  3.114655e-01  2.048206e+00  3.657435e-02  8.072114e-01  0.000000e+00  0.000000e+00  3.114655e-01  0.000000e+00  0.000000e+00  -3.770685e-01  0.000000e+00  0.000000e+00  3.114655e-01  0.000000e+00  0.000000e+00  -3.770685e-01  0.000000e+00  0.000000e+00  3.114655e-01  
2.092202e+00  1.510731e-02  8.691252e-01  0.000000e+00  0.000000e+00  4.035166e-01  0.000000e+00  0.000000e+00  -3.876846e-01  0.000000e+00  0.000000e+00  4.035166e-01  0.000000e+00  0.000000e+00  -3.876846e-01  0.000000e+00  0.000000e+00  4.035166e-01  2.092202e+00  1.510731e-02  8.691252e-01  0.000000e+00  0.000000e+00  4.035166e-01  0.000000e+00  0.000000e+00  -3.876846e-01  0.000000e+00  0.000000e+00  4.035166e-01  0.000000e+00  0.000000e+00  -3.876846e-01  0.000000e+00  0.000000e+00  4.035166e-01  
2.059446e+00  4.212841e-04  9.086171e-01  0.000000e+00  0.000000e+00  3.086745e-01  0.000000e+00  0.000000e+00  -3.843118e-01  0.000000e+00  0.000000e+00  3.086745e-01  0.000000e+00  0.000000e+00  -3.843118e-01  0.000000e+00  0.000000e+00  3.086745e-01  2.059446e+00  4.212841e-04  9.086171e-01  0.000000e+00  0.000000e+00  3.086745e-01  0.000000e+00  0.000000e+00  -3.843118e-01  0.000000e+00  0.000000e+00  3.086745e-01  0.000000e+00  0.000000e+00  -3.843118e-01  0.000000e+00  0.000000e+00  3.086745e-01  
1.966448e+00  9.969383e-03  8.298324e-01  0.000000e+00  0.000000e+00  3.111764e-01  0.000000e+00  0.000000e+00  -3.765845e-01  0.000000e+00  0.000000e+00  3.111764e-01  0.000000e+00  0.000000e+00  -3.765845e-01  0.000000e+00  0.000000e+00  3.111764e-01  1.966448e+00  9.969383e-03  8.298324e-01  0.000000e+00  0.000000e+00  3.111764e-01  0.000000e+00  0.000000e+00  -3.765845e-01  0.000000e+00  0.000000e+00  3.111764e-01  0.000000e+00  0.000000e+00  -3.765845e-01  0.000000e+00  0.000000e+00  3.111764e-01  
2.189855e+00  7.601155e-03  9.038880e-01  0.000000e+00  0.000000e+00  2.859907e-01  0.000000e+00  0.000000e+00  -3.950665e-01  0.000000e+00  0.000000e+00  2.859907e-01  0.000000e+00  0.000000e+00  -3.950665e-01  0.000000e+00  0.000000e+00  2.859907e-01  2.189855e+00  7.601155e-03  9.038880e-01  0.000000e+00  0.000000e+00  2.859907e-01  0.000000e+00  0.000000e+00  -3.950665e-01  0.000000e+00  0.000000e+00  2.859907e-01  0.000000e+00  0.000000e+00  -3.950665e-01  0.000000e+00  0.000000e+00  2.859907e-01  
2.109102e+00  8.484530e-02  7.298183e-01  0.000000e+00  0.000000e+00  2.557318e-01  0.000000e+00  0.000000e+00  -3.693948e-01  0.000000e+00  0.000000e+00  2.557318e-01  0.000000e+00  0.000000e+00  -3.693948e-01  0.000000e+00  0.000000e+00  2.557318e-01  2.109102e+00  8.484530e-02  7.298183e-01  0.000000e+00  0.000000e+00  2.557318e-01  0.000000e+00  0.000000e+00  -3.693948e-01  0.000000e+00  0.000000e+00  2.557318e-01  0.000000e+00  0.000000e+00  -3.693948e-01  0.000000e+00  0.000000e+00  2.557318e-01  
2.044688e+00  2.304076e-02  8.453296e-01  0.000000e+00  0.000000e+00  3.254594e-01  0.000000e+00  0.000000e+00  -3.660389e-01  0.000000e+00  0.000000e+00  3.254594e-01  0.000000e+00  0.000000e+00  -3.660389e-01  0.000000e+00  0.000000e+00  3.254594e-01  2.044688e+00  2.304076e-02  8.453296e-01  0.000000e+00  0.000000e+00  3.254594e-01  0.000000e+00  0.000000e+00  -3.660389e-01  0.000000e+00  0.000000e+00  3.254594e-01  0.000000e+00  0.000000e+00  -3.660389e-01  0.000000e+00  0.000000e+00  3.254594e-01  
2.138476e+00  2.129415e-02  8.416453e-01  0.000000e+00  0.000000e+00  2.740665e-01  0.000000e+00  0.000000e+00  -3.815152e-01  0.000000e+00  0.000000e+00  2.740665e-01  0.000000e+00  0.000000e+00  -3.815152e-01  0.000000e+00  0.000000e+00  2.740665e-01  2.138476e+00  2.129415e-02  8.416453e-01  0.000000e+00  0.000000e+00  2.740665e-01  0.000000e+00  0.000000e+00  -3.815152e-01  0.000000e+00  0.000000e+00  2.740665e-01  0.000000e+00  0.000000e+00  -3.815152e-01  0.000000e+00  0.000000e+00  2.740665e-01  
1.956742e+00  3.392041e-03  8.743603e-01  0.000000e+00  0.000000e+00  2.787283e-01  0.000000e+00  0.000000e+00  -3.530980e-01  0.000000e+00  0.000000e+00  2.787283e-01  0.000000e+00  0.000000e+00  -3.530980e-01  0.000000e+00  0.000000e+00  2.787283e-01  1.956742e+00  3.392041e-03  8.743603e-01  0.000000e+00  0.000000e+00  2.787283e-01  0.000000e+00  0.000000e+00  -3.530980e-01  0.000000e+00  0.000000e+00  2.787283e-01  0.000000e+00  0.000000e+00  -3.530980e-01  0.000000e+00  0.000000e+00  2.787283e-01  
2.261989e+00  1.609156e-01  6.587425e-01  0.000000e+00  0.000000e+00  2.599655e-01  0.000000e+00  0.000000e+00  -3.791800e-01  0.000000e+00  0.000000e+00  2.599655e-01  0.000000e+00  0.000000e+00  -3.791800e-01  0.000000e+00  0.000000e+00  2.599655e-01  2.261989e+00  1.609156e-01  6.587425e-01  0.000000e+00  0.000000e+00  2.599655e-01  0.000000e+00  0.000000e+00  -3.791800e-01  0.000000e+00  0.000000e+00  2.599655e-01  0.000000e+00  0.000000e+00  -3.791800e-01  0.000000e+00  0.000000e+00  2.599655e-01  
2.005622e+00  1.678181e-02  8.448323e-01  0.000000e+00  0.000000e+00  3.165697e-01  0.000000e+00  0.000000e+00  -3.724614e-01  0.000000e+00  0.000000e+00  3.165697e-01  0.000000e+00  0.000000e+00  -3.724614e-01  0.000000e+00  0.000000e+00  3.165697e-01  2.005622e+00  1.678181e-02  8.448323e-01  0.000000e+00  0.000000e+00  3.165697e-01  0.000000e+00  0.000000e+00  -3.724614e-01  0.000000e+00  0.000000e+00  3.165697e-01  0.000000e+00  0.000000e+00  -3.724614e-01  0.000000e+00  0.000000e+00  3.165697e-01  
2.014127e+00  7.307751e-03  9.144853e-01  0.000000e+00  0.000000e+00  3.388963e-01  0.000000e+00  0.000000e+00  -3.665843e-01  0.000000e+00  0.000000e+00  3.388963e-01  0.000000e+00  0.000000e+00  -3.665843e-01  0.000000e+00  0.000000e+00  3.388963e-01  2.014127e+00  7.307751e-03  9.144853e-01  0.000000e+00  0.000000e+00  3.388963e-01  0.000000e+00  0.000000e+00  -3.665843e-01  0.000000e+00  0.000000e+00  3.388963e-01  0.000000e+00  0.000000e+00  -3.665843e-01  0.000000e+00  0.000000e+00  3.388963e-01  
2.117079e+00  1.751099e-02  8.323376e-01  0.000000e+00  0.000000e+00  2.687684e-01  0.000000e+00  0.000000e+00  -3.831213e-01  0.000000e+00  0.000000e+00  2.687684e-01  0.000000e+00  0.000000e+00  -3.831213e-01  0.000000e+00  0.000000e+00  2.687684e-01  2.117079e+00  1.751099e-02  8.323376e-01  0.000000e+00  0.000000e+00  2.687684e-01  0.000000e+00  0.000000e+00  -3.831213e-01  0.000000e+00  0.000000e+00  2.687684e-01  0.000000e+00  0.000000e+00  -3.831213e-01  0.000000e+00  0.000000e+00  2.687684e-01  
2.179721e+00  2.862842e-02  8.790340e-01  0.000000e+00  0.000000e+00  3.617369e-01  0.000000e+00  0.000000e+00  -3.839363e-01  0.000000e+00  0.000000e+00  3.617369e-01  0.000000e+00  0.000000e+00  -3.839363e-01  0.000000e+00  0.000000e+00  3.617369e-01  2.179721e+00  2.862842e-02  8.790340e-01  0.000000e+00  0.000000e+00  3.617369e-01  0.000000e+00  0.000000e+00  -3.839363e-01  0.000000e+00  0.000000e+00  3.617369e-01  0.000000e+00  0.000000e+00  -3.839363e-01  0.000000e+00  0.000000e+00  3.617369e-01  
2.030611e+00  2.828942e-02  7.932841e-01  0.000000e+00  0.000000e+00  2.059184e-01  0.000000e+00  0.000000e+00  -3.708442e-01  0.000000e+00  0.000000e+00  2.059184e-01  0.000000e+00  0.000000e+00  -3.708442e-01  0.000000e+00  0.000000e+00  2.059184e-01  2.030611e+00  2.828942e-02  7.932841e-01  0.000000e+00  0.000000e+00  2.059184e-01  0.000000e+00  0.000000e+00  -3.708442e-01  0.000000e+00  0.000000e+00  2.059184e-01  0.000000e+00  0.000000e+00  -3.708442e-01  0.000000e+00  0.000000e+00  2.059184e-01  
2.214863e+00  1.313069e-02  8.525197e-01  0.000000e+00  0.000000e+00  2.882521e-01  0.000000e+00  0.000000e+00  -3.980897e-01  0.000000e+00  0.000000e+00  2.882521e-01  0.000000e+00  0.000000e+00  -3.980897e-01  0.000000e+00  0.000000e+00  2.882521e-01  2.214863e+00  1.313069e-02  8.525197e-01  0.000000e+00  0.000000e+00  2.882521e-01  0.000000e+00  0.000000e+00  -3.980897e-01  0.000000e+00  0.000000e+00  2.882521e-01  0.000000e+00  0.000000e+00  -3.980897e-01  0.000000e+00  0.000000e+00  2.882521e-01  
1.873722e+00  1.896926e-02  8.054115e-01  0.000000e+00  0.000000e+00  2.496103e-01  0.000000e+00  0.000000e+00  -3.431752e-01  0.000000e+00  0.000000e+00  2.496103e-01  0.000000e+00  0.000000e+00  -3.431752e-01  0.000000e+00  0.000000e+00  2.496103e-01  1.873722e+00  1.896926e-02  8.054115e-01  0.000000e+00  0.000000e+00  2.496103e-01  0.000000e+00  0.000000e+00  -3.431752e-01  0.000000e+00  0.000000e+00  2.496103e-01  0.000000e+00  0.000000e+00  -3.431752e-01  0.000000e+00  0.000000e+00  2.496103e-01  
1.903016e+00  1.369825e-02  7.730626e-01  0.000000e+00  0.000000e+00  2.764336e-01  0.000000e+00  0.000000e+00  -3.719671e-01  0.000000e+00  0.000000e+00  2.764336e-01  0.000000e+00  0.000000e+00  -3.719671e-01  0.000000e+00  0.000000e+00  2.764336e-01  1.903016e+00  1.369825e-02  7.730626e-01  0.000000e+00  0.000000e+00  2.764336e-01  0.000000e+00  0.000000e+00  -3.719671e-01  0.000000e+00  0.000000e+00  2.764336e-01  0.000000e+00  0.000000e+00  -3.719671e-01  0.000000e+00  0.000000e+00  2.764336e-01  
1.886554e+00  2.632815e-02  7.938818e-01  0.000000e+00  0.000000e+00  3.550010e-01  0.000000e+00  0.000000e+00  -3.536865e-01  0.000000e+00  0.000000e+00  3.550010e-01  0.000000e+00  0.000000e+00  -3.536865e-01  0.000000e+00  0.000000e+00  3.550010e-01  1.886554e+00  2.632815e-02  7.938818e-01  0.000000e+00  0.000000e+00  3.550010e-01  0.000000e+00  0.000000e+00  -3.536865e-01  0.000000e+00  0.000000e+00  3.550010e-01  0.000000e+00  0.000000e+00  -3.536865e-01  0.000000e+00  0.000000e+00  3.550010e-01  
1.989218e+00  2.800509e-02  7.730365e-01  0.000000e+00  0.000000e+00  2.565075e-01  0.000000e+00  0.000000e+00  -3.655341e-01  0.000000e+00  0.000000e+00  2.565075e-01  0.000000e+00  0.000000e+00  -3.655341e-01  0.000000e+00  0.000000e+00  2.565075e-01  1.989218e+00  2.800509e-02  7.730365e-01  0.000000e+00  0.000000e+00  2.565075e-01  0.000000e+00  0.000000e+00  -3.655341e-01  0.000000e+00  0.000000e+00  2.565075e-01  0.000000e+00  0.000000e+00  -3.655341e-01  0.000000e+00  0.000000e+00  2.565075e-01  
2.137251e+00  1.685243e-02  8.996945e-01  0.000000e+00  0.000000e+00  2.666042e-01  0.000000e+00  0.000000e+00  -3.674702e-01  0.000000e+00  0.000000e+00  2.666042e-01  0.000000e+00  0.000000e+00  -3.674702e-01  0.000000e+00  0.000000e+00  2.666042e-01  2.137251e+00  1.685243e-02  8.996945e-01  0.000000e+00  0.000000e+00  2.666042e-01  0.000000e+00  0.000000e+00  -3.674702e-01  0.000000e+00  0.000000e+00  2.666042e-01  0.000000e+00  0.000000e+00  -3.674702e-01  0.000000e+00  0.000000e+00  2.666042e-01  
1.829454e+00  2.135005e-02  7.715130e-01  0.000000e+00  0.000000e+00  2.786534e-01  0.000000e+00  0.000000e+00  -3.479441e-01  0.000000e+00  0.000000e+00  2.786534e-01  0.000000e+00  0.000000e+00  -3.479441e-01  0.000000e+00  0.000000e+00  2.786534e-01  1.829454e+00  2.135005e-02  7.715130e-01  0.000000e+00  0.000000e+00  2.786534e-01  0.000000e+00  0.000000e+00  -3.479441e-01  0.000000e+00  0.000000e+00  2.786534e-01  0.000000e+00  0.000000e+00  -3.479441e-01  0.000000e+00  0.000000e+00  2.786534e-01  
2.056171e+00  2.109185e-02  8.343930e-01  0.000000e+00  0.000000e+00  3.583215e-01  0.000000e+00  0.000000e+00  -3.817043e-01  0.000000e+00  0.000000e+00  3.583215e-01  0.000000e+00  0.000000e+00  -3.817043e-01  0.000000e+00  0.000000e+00  3.583215e-01  2.056171e+00  2.109185e-02  8.343930e-01  0.000000e+00  0.000000e+00  3.583215e-01  0.000000e+00  0.000000e+00  -3.817043e-01  0.000000e+00  0.000000e+00  3.583215e-01  0.000000e+00  0.000000e+00  -3.817043e-01  0.000000e+00  0.000000e+00  3.583215e-01  
2.050728e+00  1.071800e-02  8.686473e-01  0.000000e+00  0.000000e+00  2.645359e-01  0.000000e+00  0.000000e+00  -3.713806e-01  0.000000e+00  0.000000e+00  2.645359e-01  0.000000e+00  0.000000e+00  -3.713806e-01  0.000000e+00  0.000000e+00  2.645359e-01  2.050728e+00  1.071800e-02  8.686473e-01  0.000000e+00  0.000000e+00  2.645359e-01  0.000000e+00  0.000000e+00  -3.713806e-01  0.000000e+00  0.000000e+00  2.645359e-01  0.000000e+00  0.000000e+00  -3.713806e-01  0.000000e+00  0.000000e+00  2.645359e-01  
2.016878e+00  4.586236e-02  7.714506e-01  0.000000e+00  0.000000e+00  3.275927e-01  0.000000e+00  0.000000e+00  -3.632263e-01  0.000000e+00  0.000000e+00  3.275927e-01  0.000000e+00  0.000000e+00  -3.632263e-01  0.000000e+00  0.000000e+00  3.275927e-01  2.016878e+00  4.586236e-02  7.714506e-01  0.000000e+00  0.000000e+00  3.275927e-01  0.000000e+00  0.000000e+00  -3.632263e-01  0.000000e+00  0.000000e+00  3.275927e-01  0.000000e+00  0.000000e+00  -3.632263e-01  0.000000e+00  0.000000e+00  3.275927e-01  
2.109140e+00  2.485682e-02  8.195031e-01  0.000000e+00  0.000000e+00  3.094317e-01  0.000000e+00  0.000000e+00  -3.763080e-01  0.000000e+00  0.000000e+00  3.094317e-01  0.000000e+00  0.000000e+00  -3.763080e-01  0.000000e+00  0.000000e+00  3.094317e-01  2.109140e+00  2.485682e-02  8.195031e-01  0.000000e+00  0.000000e+00  3.094317e-01  0.000000e+00  0.000000e+00  -3.763080e-01  0.000000e+00  0.000000e+00  3.094317e-01  0.000000e+00  0.000000e+00  -3.763080e-01  0.000000e+00  0.000000e+00  3.094317e-01  
2.196889e+00  4.380428e-02  8.247702e-01  0.000000e+00  0.000000e+00  2.579929e-01  0.000000e+00  0.000000e+00  -3.749437e-01  0.000000e+00  0.000000e+00  2.579929e-01  0.000000e+00  0.000000e+00  -3.749437e-01  0.000000e+00  0.000000e+00  2.579929e-01  2.196889e+00  4.380428e-02  8.247702e-01  0.000000e+00  0.000000e+00  2.579929e-01  0.000000e+00  0.000000e+00  -3.749437e-01  0.000000e+00  0.000000e+00  2.579929e-01  0.000000e+00  0.000000e+00  -3.749437e-01  0.000000e+00  0.000000e+00  2.579929e-01  
2.021471e+00  1.507445e-02  8.245544e-01  0.000000e+00  0.000000e+00  2.862710e-01  0.000000e+00  0.000000e+00  -3.713897e-01  0.000000e+00  0.000000e+00  2.862710e-01  0.000000e+00  0.000000e+00  -3.713897e-01  0.000000e+00  0.000000e+00  2.862710e-01  2.021471e+00  1.507445e-02  8.245544e-01  0.000000e+00  0.000000e+00  2.862710e-01  0.000000e+00  0.000000e+00  -3.713897e-01  0.000000e+00  0.000000e+00  2.862710e-01  0.000000e+00  0.000000e+00  -3.713897e-01  0.000000e+00  0.000000e+00  2.862710e-01  
2.134547e+00  5.314774e-02  7.601330e-01  0.000000e+00  0.000000e+00  2.543401e-01  0.000000e+00  0.000000e+00  -3.807227e-01  0.000000e+00  0.000000e+00  2.543401e-01  0.000000e+00  0.000000e+00  -3.807227e-01  0.000000e+00  0.000000e+00  2.543401e-01  2.134547e+00  5.314774e-02  7.601330e-01  0.000000e+00  0.000000e+00  2.543401e-01  0.000000e+00  0.000000e+00  -3.807227e-01  0.000000e+00  0.000000e+00  2.543401e-01  0.000000e+00  0.000000e+00  -3.807227e-01  0.000000e+00  0.000000e+00  2.543401e-01  
2.095209e+00  3.009814e-02  7.895711e-01  0.000000e+00  0.000000e+00  2.879752e-01  0.000000e+00  0.000000e+00  -3.854818e-01  0.000000e+00  0.000000e+00  2.879752e-01  0.000000e+00  0.000000e+00  -3.854818e-01  0.000000e+00  0.000000e+00  2.879752e-01  2.095209e+00  3.009814e-02  7.895711e-01  0.000000e+00  0.000000e+00  2.879752e-01  0.000000e+00  0.000000e+00  -3.854818e-01  0.000000e+00  0.000000e+00  2.879752e-01  0.000000e+00  0.000000e+00  -3.854818e-01  0.000000e+00  0.000000e+00  2.879752e-01  
2.064208e+00  2.009798e-02  8.438361e-01  0.000000e+00  0.000000e+00  2.336466e-01  0.000000e+00  0.000000e+00  -3.684422e-01  0.000000e+00  0.000000e+00  2.336466e-01  0.000000e+00  0.000000e+00  -3.684422e-01  0.000000e+00  0.000000e+00  2.336466e-01  2.064208e+00  2.009798e-02  8.438361e-01  0.000000e+00  0.000000e+00  2.336466e-01  0.000000e+00  0.000000e+00  -3.684422e-01  0.000000e+00  0.000000e+00  2.336466e-01  0.000000e+00  0.000000e+00  -3.684422e-01  0.000000e+00  0.000000e+00  2.336466e-01  
2.002465e+00  2.015741e-02  7.843866e-01  0.000000e+00  0.000000e+00  2.816431e-01  0.000000e+00  0.000000e+00  -3.639911e-01  0.000000e+00  0.000000e+00  2.816431e-01  0.000000e+00  0.000000e+00  -3.639911e-01  0.000000e+00  0.000000e+00  2.816431e-01  2.002465e+00  2.015741e-02  7.843866e-01  0.000000e+00  0.000000e+00  2.816431e-01  0.000000e+00  0.000000e+00  -3.639911e-01  0.000000e+00  0.000000e+00  2.816431e-01  0.000000e+00  0.000000e+00  -3.639911e-01  0.000000e+00  0.000000e+00  2.816431e-01  
2.150362e+00  1.616987e-03  9.316561e-01  0.000000e+00  0.000000e+00  3.109607e-01  0.000000e+00  0.000000e+00  -3.806075e-01  0.000000e+00  0.000000e+00  3.109607e-01  0.000000e+00  0.000000e+00  -3.806075e-01  0.000000e+00  0.000000e+00  3.109607e-01  2.150362e+00  1.616987e-03  9.316561e-01  0.000000e+00  0.000000e+00  3.109607e-01  0.000000e+00  0.000000e+00  -3.806075e-01  0.000000e+00  0.000000e+00  3.109607e-01  0.000000e+00  0.000000e+00  -3.806075e-01  0.000000e+00  0.000000e+00  3.109607e-01  
1.966456e+00  8.749963e-03  8.643174e-01  0.000000e+00  0.000000e+00  2.100777e-01  0.000000e+00  0.000000e+00  -3.568857e-01  0.000000e+00  0.000000e+00  2.100777e-01  0.000000e+00  0.000000e+00  -3.568857e-01  0.000000e+00  0.000000e+00  2.100777e-01  1.966456e+00  8.749963e-03  8.643174e-01  0.000000e+00  0.000000e+00  2.100777e-01  0.000000e+00  0.000000e+00  -3.568857e-01  0.000000e+00  0.000000e+00  2.100777e-01  0.000000e+00  0.000000e+00  -3.568857e-01  0.000000e+00  0.000000e+00  2.100777e-01  
2.179862e+00  4.698284e-03  8.743761e-01  0.000000e+00  0.000000e+00  2.693899e-01  0.000000e+00  0.000000e+00  -3.868854e-01  0.000000e+00  0.000000e+00  2.693899e-01  0.000000e+00  0.000000e+00  -3.868854e-01  0.000000e+00  0.000000e+00  2.693899e-01  2.179862e+00  4.698284e-03  8.743761e-01  0.000000e+00  0.000000e+00  2.693899e-01  0.000000e+00  0.000000e+00  -3.868854e-01  0.000000e+00  0.000000e+00  2.693899e-01  0.000000e+00  0.000000e+00  -3.868854e-01  0.000000e+00  0.000000e+00  2.693899e-01  
2.132735e+00  2.226462e-02  8.274847e-01  0.000000e+00  0.000000e+00  3.095283e-01  0.000000e+00  0.000000e+00  -3.788598e-01  0.000000e+00  0.000000e+00  3.095283e-01  0.000000e+00  0.000000e+00  -3.788598e-01  0.000000e+00  0.000000e+00  3.095283e-01  2.132735e+00  2.226462e-02  8.274847e-01  0.000000e+00  0.000000e+00  3.095283e-01  0.000000e+00  0.000000e+00  -3.788598e-01  0.000000e+00  0.000000e+00  3.095283e-01  0.000000e+00  0.000000e+00  -3.788598e-01  0.000000e+00  0.000000e+00  3.095283e-01  
2.158751e+00  4.601189e-02  8.275380e-01  0.000000e+00  0.000000e+00  2.421446e-01  0.000000e+00  0.000000e+00  -3.645270e-01  0.000000e+00  0.000000e+00  2.421446e-01  0.000000e+00  0.000000e+00  -3.645270e-01  0.000000e+00  0.000000e+00  2.421446e-01  2.158751e+00  4.601189e-02  8.275380e-01  0.000000e+00  0.000000e+00  2.421446e-01  0.000000e+00  0.000000e+00  -3.645270e-01  0.000000e+00  0.000000e+00  2.421446e-01  0.000000e+00  0.000000e+00  -3.645270e-01  0.000000e+00  0.000000e+00  2.421446e-01  
1.962827e+00  9.662579e-04  8.911420e-01  0.000000e+00  0.000000e+00  2.478715e-01  0.000000e+00  0.000000e+00  -3.579207e-01  0.000000e+00  0.000000e+00  2.478715e-01  0.000000e+00  0.000000e+00  -3.579207e-01  0.000000e+00  0.000000e+00  2.478715e-01  1.962827e+00  9.662579e-04  8.911420e-01  0.000000e+00  0.000000e+00  2.478715e-01  0.000000e+00  0.000000e+00  -3.579207e-01  0.000000e+00  0.000000e+00  2.478715e-01  0.000000e+00  0.000000e+00  -3.579207e-01  0.000000e+00  0.000000e+00  2.478715e-01  
1.943596e+00  4.920295e-02  7.278358e-01  0.000000e+00  0.000000e+00  2.399934e-01  0.000000e+00  0.000000e+00  -3.547855e-01  0.000000e+00  0.000000e+00  2.399934e-01  0.000000e+00  0.000000e+00  -3.547855e-01  0.000000e+00  0.000000e+00  2.399934e-01  1.943596e+00  4.920295e-02  7.278358e-01  0.000000e+00  0.000000e+00  2.399934e-01  0.000000e+00  0.000000e+00  -3.547855e-01  0.000000e+00  0.000000e+00  2.399934e-01  0.000000e+00  0.000000e+00  -3.547855e-01  0.000000e+00  0.000000e+00  2.399934e-01  
1.924282e+00  2.196919e-02  7.442113e-01  0.000000e+00  0.000000e+00  2.880625e-01  0.000000e+00  0.000000e+00  -3.652669e-01  0.000000e+00  0.000000e+00  2.880625e-01  0.000000e+00  0.000000e+00  -3.652669e-01  0.000000e+00  0.000000e+00  2.880625e-01  1.924282e+00  2.196919e-02  7.442113e-01  0.000000e+00  0.000000e+00  2.880625e-01  0.000000e+00  0.000000e+00  -3.652669e-01  0.000000e+00  0.000000e+00  2.880625e-01  0.000000e+00  0.000000e+00  -3.652669e-01  0.000000e+00  0.000000e+00  2.880625e-01  
2.086845e+00  6.861119e-02  7.583200e-01  0.000000e+00  0.000000e+00  2.591421e-01  0.000000e+00  0.000000e+00  -3.580638e-01  0.000000e+00  0.000000e+00  2.591421e-01  0.000000e+00  0.000000e+00  -3.580638e-01  0.000000e+00  0.000000e+00  2.591421e-01  2.086845e+00  6.861119e-02  7.583200e-01  0.000000e+00  0.000000e+00  2.591421e-01  0.000000e+00  0.000000e+00  -3.580638e-01  0.000000e+00  0.000000e+00  2.591421e-01  0.000000e+00  0.000000e+00  -3.580638e-01  0.000000e+00  0.000000e+00  2.591421e-01  
2.203271e+00  4.529853e-02  8.341050e-01  0.000000e+00  0.000000e+00  3.779037e-01  0.000000e+00  0.000000e+00  -3.853973e-01  0.000000e+00  0.000000e+00  3.779037e-01  0.000000e+00  0.000000e+00  -3.853973e-01  0.000000e+00  0.000000e+00  3.779037e-01  2.203271e+00  4.529853e-02  8.341050e-01  0.000000e+00  0.000000e+00  3.779037e-01  0.000000e+00  0.000000e+00  -3.853973e-01  0.000000e+00  0.000000e+00  3.779037e-01  0.000000e+00  0.000000e+00  -3.853973e-01  0.000000e+00  0.000000e+00  3.779037e-01  
1.946971e+00  1.076928e-02  8.082036e-01  0.000000e+00  0.000000e+00  2.907163e-01  0.000000e+00  0.000000e+00  -3.763283e-01  0.000000e+00  0.000000e+00  2.907163e-01  0.000000e+00  0.000000e+00  -3.763283e-01  0.000000e+00  0.000000e+00  2.907163e-01  1.946971e+00  1.076928e-02  8.082036e-01  0.000000e+00  0.000000e+00  2.907163e-01  0.000000e+00  0.000000e+00  -3.763283e-01  0.000000e+00  0.000000e+00  2.907163e-01  0.000000e+00  0.000000e+00  -3.763283e-01  0.000000e+00  0.000000e+00  2.907163e-01  
2.073072e+00  3.173437e-02  8.316869e-01  0.000000e+00  0.000000e+00  3.348162e-01  0.000000e+00  0.000000e+00  -3.635596e-01  0.000000e+00  0.000000e+00  3.348162e-01  0.000000e+00  0.000000e+00  -3.635596e-01  0.000000e+00  0.000000e+00  3.348162e-01  2.073072e+00  3.173437e-02  8.316869e-01  0.000000e+00  0.000000e+00  3.348162e-01  0.000000e+00  0.000000e+00  -3.635596e-01  0.000000e+00  0.000000e+00  3.348162e-01  0.000000e+00  0.000000e+00  -3.635596e-01  0.000000e+00  0.000000e+00  3.348162e-01  
2.259320e+00  8.372610e-03  9.292793e-01  0.000000e+00  0.000000e+00  2.672309e-01  0.000000e+00  0.000000e+00  -3.860540e-01  0.000000e+00  0.000000e+00  2.672309e-01  0.000000e+00  0.000000e+00  -3.860540e-01  0.000000e+00  0.000000e+00  2.672309e-01  2.259320e+00  8.372610e-03  9.292793e-01  0.000000e+00  0.000000e+00  2.672309e-01  0.000000e+00  0.000000e+00  -3.860540e-01  0.000000e+00  0.000000e+00  2.672309e-01  0.000000e+00  0.000000e+00  -3.860540e-01  0.000000e+00  0.000000e+00  2.672309e-01  
1.929787e+00  3.940060e-03  8.676823e-01  0.000000e+00  0.000000e+00  2.975089e-01  0.000000e+00  0.000000e+00  -3.638054e-01  0.000000e+00  0.000000e+00  2.975089e-01  0.000000e+00  0.000000e+00  -3.638054e-01  0.000000e+00  0.000000e+00  2.975089e-01  1.929787e+00  3.940060e-03  8.676823e-01  0.000000e+00  0.000000e+00  2.975089e-01  0.000000e+00  0.000000e+00  -3.638054e-01  0.000000e+00  0.000000e+00  2.975089e-01  0.000000e+00  0.000000e+00  -3.638054e-01  0.000000e+00  0.000000e+00  2.975089e-01  
2.061520e+00  2.149450e-02  8.635378e-01  0.000000e+00  0.000000e+00  3.077706e-01  0.000000e+00  0.000000e+00  -3.592114e-01  0.000000e+00  0.000000e+00  3.077706e-01  0.000000e+00  0.000000e+00  -3.592114e-01  0.000000e+00  0.000000e+00  3.077706e-01  2.061520e+00  2.149450e-02  8.635378e-01  0.000000e+00  0.000000e+00  3.077706e-01  0.000000e+00  0.000000e+00  -3.592114e-01  0.000000e+00  0.000000e+00  3.077706e-01  0.000000e+00  0.000000e+00  -3.592114e-01  0.000000e+00  0.000000e+00  3.077706e-01  
2.223633e+00  8.845480e-02  7.226881e-01  0.000000e+00  0.000000e+00  2.487507e-01  0.000000e+00  0.000000e+00  -3.870924e-01  0.000000e+00  0.000000e+00  2.487507e-01  0.000000e+00  0.000000e+00  -3.870924e-01  0.000000e+00  0.000000e+00  2.487507e-01  2.223633e+00  8.845480e-02  7.226881e-01  0.000000e+00  0.000000e+00  2.487507e-01  0.000000e+00  0.000000e+00  -3.870924e-01  0.000000e+00  0.000000e+00  2.487507e-01  0.000000e+00  0.000000e+00  -3.870924e-01  0.000000e+00  0.000000e+00  2.487507e-01  
2.157168e+00  9.232520e-03  9.222832e-01  0.000000e+00  0.000000e+00  3.170768e-01  0.000000e+00  0.000000e+00  -3.903540e-01  0.000000e+00  0.000000e+00  3.170768e-01  0.000000e+00  0.000000e+00  -3.903540e-01  0.000000e+00  0.000000e+00  3.170768e-01  2.157168e+00  9.232520e-03  9.222832e-01  0.000000e+00  0.000000e+00  3.170768e-01  0.000000e+00  0.000000e+00  -3.903540e-01  0.000000e+00  0.000000e+00  3.170768e-01  0.000000e+00  0.000000e+00  -3.903540e-01  0.000000e+00  0.000000e+00  3.170768e-01  
2.033158e+00  7.778525e-03  8.855586e-01  0.000000e+00  0.000000e+00  3.383407e-01  0.000000e+00  0.000000e+00  -3.763965e-01  0.000000e+00  0.000000e+00  3.383407e-01  0.000000e+00  0.000000e+00  -3.763965e-01  0.000000e+00  0.000000e+00  3.383407e-01  2.033158e+00  7.778525e-03  8.855586e-01  0.000000e+00  0.000000e+00  3.383407e-01  0.000000e+00  0.000000e+00  -3.763965e-01  0.000000e+00  0.000000e+00  3.383407e-01  0.000000e+00  0.000000e+00  -3.763965e-01  0.000000e+00  0.000000e+00  3.383407e-01  
2.218799e+00  7.659266e-03  9.391006e-01  0.000000e+00  0.000000e+00  3.497638e-01  0.000000e+00  0.000000e+00  -3.893746e-01  0.000000e+00  0.000000e+00  3.497638e-01  0.000000e+00  0.000000e+00  -3.893746e-01  0.000000e+00  0.000000e+00  3.497638e-01  2.218799e+00  7.659266e-03  9.391006e-01  0.000000e+00  0.000000e+00  3.497638e-01  0.000000e+00  0.000000e+00  -3.893746e-01  0.000000e+00  0.000000e+00  3.497638e-01  0.000000e+00  0.000000e+00  -3.893746e-01  0.000000e+00  0.000000e+00  3.497638e-01  
2.014262e+00  2.573316e-02  8.174446e-01  0.000000e+00  0.000000e+00  3.557857e-01  0.000000e+00  0.000000e+00  -3.687248e-01  0.000000e+00  0.000000e+00  3.557857e-01  0.000000e+00  0.000000e+00  -3.687248e-01  0.000000e+00  0.000000e+00  3.557857e-01  2.014262e+00  2.573316e-02  8.174446e-01  0.000000e+00  0.000000e+00  3.557857e-01  0.000000e+00  0.000000e+00  -3.687248e-01  0.000000e+00  0.000000e+00  3.557857e-01  0.000000e+00  0.000000e+00  -3.687248e-01  0.000000e+00  0.000000e+00  3.557857e-01  
2.071265e+00  1.051555e-02  8.919109e-01  0.000000e+00  0.000000e+00  2.937483e-01  0.000000e+00  0.000000e+00  -3.685939e-01  0.000000e+00  0.000000e+00  2.937483e-01  0.000000e+00  0.000000e+00  -3.685939e-01  0.000000e+00  0.000000e+00  2.937483e-01  2.071265e+00  1.051555e-02  8.919109e-01  0.000000e+00  0.000000e+00  2.937483e-01  0.000000e+00  0.000000e+00  -3.685939e-01  0.000000e+00  0.000000e+00  2.937483e-01  0.000000e+00  0.000000e+00  -3.685939e-01  0.000000e+00  0.000000e+00  2.937483e-01  
2.158815e+00  8.174538e-02  7.369900e-01  0.000000e+00  0.000000e+00  3.462237e-01  0.000000e+00  0.000000e+00  -3.814417e-01  0.000000e+00  0.000000e+00  3.462237e-01  0.000000e+00  0.000000e+00  -3.814417e-01  0.000000e+00  0.000000e+00  3.462237e-01  2.158815e+00  8.174538e-02  7.369900e-01  0.000000e+00  0.000000e+00  3.462237e-01  0.000000e+00  0.000000e+00  -3.814417e-01  0.000000e+00  0.000000e+00  3.462237e-01  0.000000e+00  0.000000e+00  -3.814417e-01  0.000000e+00  0.000000e+00  3.462237e-01  
1.952211e+00  5.019004e-02  7.270051e-01  0.000000e+00  0.000000e+00  2.765020e-01  0.000000e+00  0.000000e+00  -3.589877e-01  0.000000e+00  0.000000e+00  2.765020e-01  0.000000e+00  0.000000e+00  -3.589877e-01  0.000000e+00  0.000000e+00  2.765020e-01  1.952211e+00  5.019004e-02  7.270051e-01  0.000000e+00  0.000000e+00  2.765020e-01  0.000000e+00  0.000000e+00  -3.589877e-01  0.000000e+00  0.000000e+00  2.765020e-01  0.000000e+00  0.000000e+00  -3.589877e-01  0.000000e+00  0.000000e+00  2.765020e-01  
2.078192e+00  2.654184e-03  9.038409e-01  0.000000e+00  0.000000e+00  2.410414e-01  0.000000e+00  0.000000e+00  -3.723476e-01  0.000000e+00  0.000000e+00  2.410414e-01  0.000000e+00  0.000000e+00  -3.723476e-01  0.000000e+00  0.000000e+00  2.410414e-01  2.078192e+00  2.654184e-03  9.038409e-01  0.000000e+00  0.000000e+00  2.410414e-01  0.000000e+00  0.000000e+00  -3.723476e-01  0.000000e+00  0.000000e+00  2.410414e-01  0.000000e+00  0.000000e+00  -3.723476e-01  0.000000e+00  0.000000e+00  2.410414e-01  
2.034710e+00  8.361479e-03  8.246244e-01  0.000000e+00  0.000000e+00  3.052273e-01  0.000000e+00  0.000000e+00  -3.797792e-01  0.000000e+00  0.000000e+00  3.052273e-01  0.000000e+00  0.000000e+00  -3.797792e-01  0.000000e+00  0.000000e+00  3.052273e-01  2.034710e+00  8.361479e-03  8.246244e-01  0.000000e+00  0.000000e+00  3.052273e-01  0.000000e+00  0.000000e+00  -3.797792e-01  0.000000e+00  0.000000e+00  3.052273e-01  0.000000e+00  0.000000e+00  -3.797792e-01  0.000000e+00  0.000000e+00  3.052273e-01  
2.070961e+00  2.372738e-02  8.259310e-01  0.000000e+00  0.000000e+00  3.586303e-01  0.000000e+00  0.000000e+00  -3.780924e-01  0.000000e+00  0.000000e+00  3.586303e-01  0.000000e+00  0.000000e+00  -3.780924e-01  0.000000e+00  0.000000e+00  3.586303e-01  2.070961e+00  2.372738e-02  8.259310e-01  0.000000e+00  0.000000e+00  3.586303e-01  0.000000e+00  0.000000e+00  -3.780924e-01  0.000000e+00  0.000000e+00  3.586303e-01  0.000000e+00  0.000000e+00  -3.780924e-01  0.000000e+00  0.000000e+00  3.586303e-01  
2.090842e+00  3.665924e-03  8.668953e-01  0.000000e+00  0.000000e+00  2.619361e-01  0.000000e+00  0.000000e+00  -3.772720e-01  0.000000e+00  0.000000e+00  2.619361e-01  0.000000e+00  0.000000e+00  -3.772720e-01  0.000000e+00  0.000000e+00  2.619361e-01  2.090842e+00  3.665924e-03  8.668953e-01  0.000000e+00  0.000000e+00  2.619361e-01  0.000000e+00  0.000000e+00  -3.772720e-01  0.000000e+00  0.000000e+00  2.619361e-01  0.000000e+00  0.000000e+00  -3.772720e-01  0.000000e+00  0.000000e+00  2.619361e-01  
2.119640e+00  4.432761e-02  7.691809e-01  0.000000e+00  0.000000e+00  2.613209e-01  0.000000e+00  0.000000e+00  -3.817490e-01  0.000000e+00  0.000000e+00  2.613209e-01  0.000000e+00  0.000000e+00  -3.817490e-01  0.000000e+00  0.000000e+00  2.613209e-01  2.119640e+00  4.432761e-02  7.691809e-01  0.000000e+00  0.000000e+00  2.613209e-01  0.000000e+00  0.000000e+00  -3.817490e-01  0.000000e+00  0.000000e+00  2.613209e-01  0.000000e+00  0.000000e+00  -3.817490e-01  0.000000e+00  0.000000e+00  2.613209e-01  
2.094334e+00  2.860312e-02  8.571827e-01  0.000000e+00  0.000000e+00  2.907791e-01  0.000000e+00  0.000000e+00  -3.677947e-01  0.000000e+00  0.000000e+00  2.907791e-01  0.000000e+00  0.000000e+00  -3.677947e-01  0.000000e+00  0.000000e+00  2.907791e-01  2.094334e+00  2.860312e-02  8.571827e-01  0.000000e+00  0.000000e+00  2.907791e-01  0.000000e+00  0.000000e+00  -3.677947e-01  0.000000e+00  0.000000e+00  2.907791e-01  0.000000e+00  0.000000e+00  -3.677947e-01  0.000000e+00  0.000000e+00  2.907791e-01  
2.042574e+00  2.010008e-02  8.271705e-01  0.000000e+00  0.000000e+00  2.570858e-01  0.000000e+00  0.000000e+00  -3.661836e-01  0.000000e+00  0.000000e+00  2.570858e-01  0.000000e+00  0.000000e+00  -3.661836e-01  0.000000e+00  0.000000e+00  2.570858e-01  2.042574e+00  2.010008e-02  8.271705e-01  0.000000e+00  0.000000e+00  2.570858e-01  0.000000e+00  0.000000e+00  -3.661836e-01  0.000000e+00  0.000000e+00  2.570858e-01  0.000000e+00  0.000000e+00  -3.661836e-01  0.000000e+00  0.000000e+00  2.570858e-01  
1.908167e+00  4.840965e-03  8.515898e-01  0.000000e+00  0.000000e+00  2.757660e-01  0.000000e+00  0.000000e+00  -3.434775e-01  0.000000e+00  0.000000e+00  2.757660e-01  0.000000e+00  0.000000e+00  -3.434775e-01  0.000000e+00  0.000000e+00  2.757660e-01  1.908167e+00  4.840965e-03  8.515898e-01  0.000000e+00  0.000000e+00  2.757660e-01  0.000000e+00  0.000000e+00  -3.434775e-01  0.000000e+00  0.000000e+00  2.757660e-01  0.000000e+00  0.000000e+00  -3.434775e-01  0.000000e+00  0.000000e+00  2.757660e-01  
2.121229e+00  5.367253e-02  7.517494e-01  0.000000e+00  0.000000e+00  2.592348e-01  0.000000e+00  0.000000e+00  -3.733745e-01  0.000000e+00  0.000000e+00  2.592348e-01  0.000000e+00  0.000000e+00  -3.733745e-01  0.000000e+00  0.000000e+00  2.592348e-01  2.121229e+00  5.367253e-02  7.517494e-01  0.000000e+00  0.000000e+00  2.592348e-01  0.000000e+00  0.000000e+00  -3.733745e-01  0.000000e+00  0.000000e+00  2.592348e-01  0.000000e+00  0.000000e+00  -3.733745e-01  0.000000e+00  0.000000e+00  2.592348e-01  
1.901669e+00  2.331706e-02  8.054455e-01  0.000000e+00  0.000000e+00  3.299010e-01  0.000000e+00  0.000000e+00  -3.545552e-01  0.000000e+00  0.000000e+00  3.299010e-01  0.000000e+00  0.000000e+00  -3.545552e-01  0.000000e+00  0.000000e+00  3.299010e-01  1.901669e+00  2.331706e-02  8.054455e-01  0.000000e+00  0.000000e+00  3.299010e-01  0.000000e+00  0.000000e+00  -3.545552e-01  0.000000e+00  0.000000e+00  3.299010e-01  0.000000e+00  0.000000e+00  -3.545552e-01  0.000000e+00  0.000000e+00  3.299010e-01  
2.281455e+00  2.796151e-02  8.900128e-01  0.000000e+00  0.000000e+00  3.445680e-01  0.000000e+00  0.000000e+00  -3.880022e-01  0.000000e+00  0.000000e+00  3.445680e-01  0.000000e+00  0.000000e+00  -3.880022e-01  0.000000e+00  0.000000e+00  3.445680e-01  2.281455e+00  2.796151e-02  8.900128e-01  0.000000e+00  0.000000e+00  3.445680e-01  0.000000e+00  0.000000e+00  -3.880022e-01  0.000000e+00  0.000000e+00  3.445680e-01  0.000000e+00  0.000000e+00  -3.880022e-01  0.000000e+00  0.000000e+00  3.445680e-01  
2.007806e+00  9.812059e-03  8.109556e-01  0.000000e+00  0.000000e+00  2.853132e-01  0.000000e+00  0.000000e+00  -3.838558e-01  0.000000e+00  0.000000e+00  2.853132e-01  0.000000e+00  0.000000e+00  -3.838558e-01  0.000000e+00  0.000000e+00  2.853132e-01  2.007806e+00  9.812059e-03  8.109556e-01  0.000000e+00  0.000000e+00  2.853132e-01  0.000000e+00  0.000000e+00  -3.838558e-01  0.000000e+00  0.000000e+00  2.853132e-01  0.000000e+00  0.000000e+00  -3.838558e-01  0.000000e+00  0.000000e+00  2.853132e-01  
2.087849e+00  3.525575e-03  9.139198e-01  0.000000e+00  0.000000e+00  2.728502e-01  0.000000e+00  0.000000e+00  -3.716275e-01  0.000000e+00  0.000000e+00  2.728502e-01  0.000000e+00  0.000000e+00  -3.716275e-01  0.000000e+00  0.000000e+00  2.728502e-01  2.087849e+00  3.525575e-03  9.139198e-01  0.000000e+00  0.000000e+00  2.728502e-01  0.000000e+00  0.000000e+00  -3.716275e-01  0.000000e+00  0.000000e+00  2.728502e-01  0.000000e+00  0.000000e+00  -3.716275e-01  0.000000e+00  0.000000e+00  2.728502e-01  
1.995848e+00  1.173118e-02  8.496229e-01  0.000000e+00  0.000000e+00  3.103466e-01  0.000000e+00  0.000000e+00  -3.646948e-01  0.000000e+00  0.000000e+00  3.103466e-01  0.000000e+00  0.000000e+00  -3.646948e-01  0.000000e+00  0.000000e+00  3.103466e-01  1.995848e+00  1.173118e-02  8.496229e-01  0.000000e+00  0.000000e+00  3.103466e-01  0.000000e+00  0.000000e+00  -3.646948e-01  0.000000e+00  0.000000e+00  3.103466e-01  0.000000e+00  0.000000e+00  -3.646948e-01  0.000000e+00  0.000000e+00  3.103466e-01  
1.873339e+00  5.159286e-03  8.459643e-01  0.000000e+00  0.000000e+00  2.952973e-01  0.000000e+00  0.000000e+00  -3.452183e-01  0.000000e+00  0.000000e+00  2.952973e-01  0.000000e+00  0.000000e+00  -3.452183e-01  0.000000e+00  0.000000e+00  2.952973e-01  1.873339e+00  5.159286e-03  8.459643e-01  0.000000e+00  0.000000e+00  2.952973e-01  0.000000e+00  0.000000e+00  -3.452183e-01  0.000000e+00  0.000000e+00  2.952973e-01  0.000000e+00  0.000000e+00  -3.452183e-01  0.000000e+00  0.000000e+00  2.952973e-01  
2.014706e+00  2.267255e-02  8.307012e-01  0.000000e+00  0.000000e+00  2.799686e-01  0.000000e+00  0.000000e+00  -3.681859e-01  0.000000e+00  0.000000e+00  2.799686e-01  0.000000e+00  0.000000e+00  -3.681859e-01  0.000000e+00  0.000000e+00  2.799686e-01  2.014706e+00  2.267255e-02  8.307012e-01  0.000000e+00  0.000000e+00  2.799686e-01  0.000000e+00  0.000000e+00  -3.681859e-01  0.000000e+00  0.000000e+00  2.799686e-01  0.000000e+00  0.000000e+00  -3.681859e-01  0.000000e+00  0.000000e+00  2.799686e-01  
2.172914e+00  2.326057e-02  8.870330e-01  0.000000e+00  0.000000e+00  3.190073e-01  0.000000e+00  0.000000e+00  -3.866974e-01  0.000000e+00  0.000000e+00  3.190073e-01  0.000000e+00  0.000000e+00  -3.866974e-01  0.000000e+00  0.000000e+00  3.190073e-01  2.172914e+00  2.326057e-02  8.870330e-01  0.000000e+00  0.000000e+00  3.190073e-01  0.000000e+00  0.000000e+00  -3.866974e-01  0.000000e+00  0.000000e+00  3.190073e-01  0.000000e+00  0.000000e+00  -3.866974e-01  0.000000e+00  0.000000e+00  3.190073e-01  
2.305022e+00  3.101035e-02  8.924190e-01  0.000000e+00  0.000000e+00  2.615854e-01  0.000000e+00  0.000000e+00  -3.776667e-01  0.000000e+00  0.000000e+00  2.615854e-01  0.000000e+00  0.000000e+00  -3.776667e-01  0.000000e+00  0.000000e+00  2.615854e-01  2.305022e+00  3.101035e-02  8.924190e-01  0.000000e+00  0.000000e+00  2.615854e-01  0.000000e+00  0.000000e+00  -3.776667e-01  0.000000e+00  0.000000e+00  2.615854e-01  0.000000e+00  0.000000e+00  -3.776667e-01  0.000000e+00  0.000000e+00  2.615854e-01  
2.034089e+00  3.348653e-02  7.714252e-01  0.000000e+00  0.000000e+00  2.764156e-01  0.000000e+00  0.000000e+00  -3.645766e-01  0.000000e+00  0.000000e+00  2.764156e-01  0.000000e+00  0.000000e+00  -3.645766e-01  0.000000e+00  0.000000e+00  2.764156e-01  2.034089e+00  3.348653e-02  7.714252e-01  0.000000e+00  0.000000e+00  2.764156e-01  0.000000e+00  0.000000e+00  -3.645766e-01  0.000000e+00  0.000000e+00  2.764156e-01  0.000000e+00  0.000000e+00  -3.645766e-01  0.000000e+00  0.000000e+00  2.764156e-01  
2.189572e+00  6.004872e-02  7.984089e-01  0.000000e+00  0.000000e+00  3.741990e-01  0.000000e+00  0.000000e+00  -3.817406e-01  0.000000e+00  0.000000e+00  3.741990e-01  0.000000e+00  0.000000e+00  -3.817406e-01  0.000000e+00  0.000000e+00  3.741990e-01  2.189572e+00  6.004872e-02  7.984089e-01  0.000000e+00  0.000000e+00  3.741990e-01  0.000000e+00  0.000000e+00  -3.817406e-01  0.000000e+00  0.000000e+00  3.741990e-01  0.000000e+00  0.000000e+00  -3.817406e-01  0.000000e+00  0.000000e+00  3.741990e-01  
2.146941e+00  2.236394e-02  8.648184e-01  0.000000e+00  0.000000e+00  2.342194e-01  0.000000e+00  0.000000e+00  -3.728035e-01  0.000000e+00  0.000000e+00  2.342194e-01  0.000000e+00  0.000000e+00  -3.728035e-01  0.000000e+00  0.000000e+00  2.342194e-01  2.146941e+00  2.236394e-02  8.648184e-01  0.000000e+00  0.000000e+00  2.342194e-01  0.000000e+00  0.000000e+00  -3.728035e-01  0.000000e+00  0.000000e+00  2.342194e-01  0.000000e+00  0.000000e+00  -3.728035e-01  0.000000e+00  0.000000e+00  2.342194e-01  
2.058478e+00  2.246801e-02  8.288977e-01  0.000000e+00  0.000000e+00  2.245659e-01  0.000000e+00  0.000000e+00  -3.662307e-01  0.000000e+00  0.000000e+00  2.245659e-01  0.000000e+00  0.000000e+00  -3.662307e-01  0.000000e+00  0.000000e+00  2.245659e-01  2.058478e+00  2.246801e-02  8.288977e-01  0.000000e+00  0.000000e+00  2.245659e-01  0.000000e+00  0.000000e+00  -3.662307e-01  0.000000e+00  0.000000e+00  2.245659e-01  0.000000e+00  0.000000e+00  -3.662307e-01  0.000000e+00  0.000000e+00  2.245659e-01  
2.122905e+00  3.652514e-02  7.947900e-01  0.000000e+00  0.000000e+00  2.350133e-01  0.000000e+00  0.000000e+00  -3.832597e-01  0.000000e+00  0.000000e+00  2.350133e-01  0.000000e+00  0.000000e+00  -3.832597e-01  0.000000e+00  0.000000e+00  2.350133e-01  2.122905e+00  3.652514e-02  7.947900e-01  0.000000e+00  0.000000e+00  2.350133e-01  0.000000e+00  0.000000e+00  -3.832597e-01  0.000000e+00  0.000000e+00  2.350133e-01  0.000000e+00  0.000000e+00  -3.832597e-01  0.000000e+00  0.000000e+00  2.350133e-01  
1.957877e+00  2.809789e-03  8.877053e-01  0.000000e+00  0.000000e+00  3.021717e-01  0.000000e+00  0.000000e+00  -3.526249e-01  0.000000e+00  0.000000e+00  3.021717e-01  0.000000e+00  0.000000e+00  -3.526249e-01  0.000000e+00  0.000000e+00  3.021717e-01  1.957877e+00  2.809789e-03  8.877053e-01  0.000000e+00  0.000000e+00  3.021717e-01  0.000000e+00  0.000000e+00  -3.526249e-01  0.000000e+00  0.000000e+00  3.021717e-01  0.000000e+00  0.000000e+00  -3.526249e-01  0.000000e+00  0.000000e+00  3.021717e-01  
2.199317e+00  3.121070e-02  8.631565e-01  0.000000e+00  0.000000e+00  2.945070e-01  0.000000e+00  0.000000e+00  -3.736955e-01  0.000000e+00  0.000000e+00  2.945070e-01  0.000000e+00  0.000000e+00  -3.736955e-01  0.000000e+00  0.000000e+00  2.945070e-01  2.199317e+00  3.121070e-02  8.631565e-01  0.000000e+00  0.000000e+00  2.945070e-01  0.000000e+00  0.000000e+00  -3.736955e-01  0.000000e+00  0.000000e+00  2.945070e-01  0.000000e+00  0.000000e+00  -3.736955e-01  0.000000e+00  0.000000e+00  2.945070e-01  
2.087145e+00  4.216573e-03  8.997170e-01  0.000000e+00  0.000000e+00  2.545927e-01  0.000000e+00  0.000000e+00  -3.605283e-01  0.000000e+00  0.000000e+00  2.545927e-01  0.000000e+00  0.000000e+00  -3.605283e-01  0.000000e+00  0.000000e+00  2.545927e-01  2.087145e+00  4.216573e-03  8.997170e-01  0.000000e+00  0.000000e+00  2.545927e-01  0.000000e+00  0.000000e+00  -3.605283e-01  0.000000e+00  0.000000e+00  2.545927e-01  0.000000e+00  0.000000e+00  -3.605283e-01  0.000000e+00  0.000000e+00  2.545927e-01  
2.049664e+00  1.565720e-02  8.325779e-01  0.000000e+00  0.000000e+00  2.580428e-01  0.000000e+00  0.000000e+00  -3.680848e-01  0.000000e+00  0.000000e+00  2.580428e-01  0.000000e+00  0.000000e+00  -3.680848e-01  0.000000e+00  0.000000e+00  2.580428e-01  2.049664e+00  1.565720e-02  8.325779e-01  0.000000e+00  0.000000e+00  2.580428e-01  0.000000e+00  0.000000e+00  -3.680848e-01  0.000000e+00  0.000000e+00  2.580428e-01  0.000000e+00  0.000000e+00  -3.680848e-01  0.000000e+00  0.000000e+00  2.580428e-01  
1.971969e+00  1.547796e-02  8.209534e-01  0.000000e+00  0.000000e+00  2.975407e-01  0.000000e+00  0.000000e+00  -3.760601e-01  0.000000e+00  0.000000e+00  2.975407e-01  0.000000e+00  0.000000e+00  -3.760601e-01  0.000000e+00  0.000000e+00  2.975407e-01  1.971969e+00  1.547796e-02  8.209534e-01  0.000000e+00  0.000000e+00  2.975407e-01  0.000000e+00  0.000000e+00  -3.760601e-01  0.000000e+00  0.000000e+00  2.975407e-01  0.000000e+00  0.000000e+00  -3.760601e-01  0.000000e+00  0.000000e+00  2.975407e-01  
2.040460e+00  1.310757e-02  8.399221e-01  0.000000e+00  0.000000e+00  2.809833e-01  0.000000e+00  0.000000e+00  -3.634313e-01  0.000000e+00  0.000000e+00  2.809833e-01  0.000000e+00  0.000000e+00  -3.634313e-01  0.000000e+00  0.000000e+00  2.809833e-01  2.040460e+00  1.310757e-02  8.399221e-01  0.000000e+00  0.000000e+00  2.809833e-01  0.000000e+00  0.000000e+00  -3.634313e-01  0.000000e+00  0.000000e+00  2.809833e-01  0.000000e+00  0.000000e+00  -3.634313e-01  0.000000e+00  0.000000e+00  2.809833e-01  
1.955562e+00  5.960863e-03  8.536877e-01  0.000000e+00  0.000000e+00  2.967130e-01  0.000000e+00  0.000000e+00  -3.745693e-01  0.000000e+00  0.000000e+00  2.967130e-01  0.000000e+00  0.000000e+00  -3.745693e-01  0.000000e+00  0.000000e+00  2.967130e-01  1.955562e+00  5.960863e-03  8.536877e-01  0.000000e+00  0.000000e+00  2.967130e-01  0.000000e+00  0.000000e+00  -3.745693e-01  0.000000e+00  0.000000e+00  2.967130e-01  0.000000e+00  0.000000e+00  -3.745693e-01  0.000000e+00  0.000000e+00  2.967130e-01  
2.151113e+00  2.431714e-02  8.288550e-01  0.000000e+00  0.000000e+00  2.567144e-01  0.000000e+00  0.000000e+00  -3.696084e-01  0.000000e+00  0.000000e+00  2.567144e-01  0.000000e+00  0.000000e+00  -3.696084e-01  0.000000e+00  0.000000e+00  2.567144e-01  2.151113e+00  2.431714e-02  8.288550e-01  0.000000e+00  0.000000e+00  2.567144e-01  0.000000e+00  0.000000e+00  -3.696084e-01  0.000000e+00  0.000000e+00  2.567144e-01  0.000000e+00  0.000000e+00  -3.696084e-01  0.000000e+00  0.000000e+00  2.567144e-01  
2.058147e+00  2.921434e-02  8.109372e-01  0.000000e+00  0.000000e+00  3.589399e-01  0.000000e+00  0.000000e+00  -3.736073e-01  0.000000e+00  0.000000e+00  3.589399e-01  0.000000e+00  0.000000e+00  -3.736073e-01  0.000000e+00  0.000000e+00  3.589399e-01  2.058147e+00  2.921434e-02  8.109372e-01  0.000000e+00  0.000000e+00  3.589399e-01  0.000000e+00  0.000000e+00  -3.736073e-01  0.000000e+00  0.000000e+00  3.589399e-01  0.000000e+00  0.000000e+00  -3.736073e-01  0.000000e+00  0.000000e+00  3.589399e-01  
2.028779e+00  3.132866e-02  8.242647e-01  0.000000e+00  0.000000e+00  2.867689e-01  0.000000e+00  0.000000e+00  -3.547615e-01  0.000000e+00  0.000000e+00  2.867689e-01  0.000000e+00  0.000000e+00  -3.547615e-01  0.000000e+00  0.000000e+00  2.867689e-01  2.028779e+00  3.132866e-02  8.242647e-01  0.000000e+00  0.000000e+00  2.867689e-01  0.000000e+00  0.000000e+00  -3.547615e-01  0.000000e+00  0.000000e+00  2.867689e-01  0.000000e+00  0.000000e+00  -3.547615e-01  0.000000e+00  0.000000e+00  2.867689e-01  
2.072501e+00  1.681201e-02  8.187035e-01  0.000000e+00  0.000000e+00  3.162181e-01  0.000000e+00  0.000000e+00  -3.783347e-01  0.000000e+00  0.000000e+00  3.162181e-01  0.000000e+00  0.000000e+00  -3.783347e-01  0.000000e+00  0.000000e+00  3.162181e-01  2.072501e+00  1.681201e-02  8.187035e-01  0.000000e+00  0.000000e+00  3.162181e-01  0.000000e+00  0.000000e+00  -3.783347e-01  0.000000e+00  0.000000e+00  3.162181e-01  0.000000e+00  0.000000e+00  -3.783347e-01  0.000000e+00  0.000000e+00  3.162181e-01  
2.088420e+00  4.266666e-02  8.275328e-01  0.000000e+00  0.000000e+00  3.136904e-01  0.000000e+00  0.000000e+00  -3.635836e-01  0.000000e+00  0.000000e+00  3.136904e-01  0.000000e+00  0.000000e+00  -3.635836e-01  0.000000e+00  0.000000e+00  3.136904e-01  2.088420e+00  4.266666e-02  8.275328e-01  0.000000e+00  0.000000e+00  3.136904e-01  0.000000e+00  0.000000e+00  -3.635836e-01  0.000000e+00  0.000000e+00  3.136904e-01  0.000000e+00  0.000000e+00  -3.635836e-01  0.000000e+00  0.000000e+00  3.136904e-01  
2.044675e+00  2.386611e-03  8.818155e-01  0.000000e+00  0.000000e+00  2.563054e-01  0.000000e+00  0.000000e+00  -3.737314e-01  0.000000e+00  0.000000e+00  2.563054e-01  0.000000e+00  0.000000e+00  -3.737314e-01  0.000000e+00  0.000000e+00  2.563054e-01  2.044675e+00  2.386611e-03  8.818155e-01  0.000000e+00  0.000000e+00  2.563054e-01  0.000000e+00  0.000000e+00  -3.737314e-01  0.000000e+00  0.000000e+00  2.563054e-01  0.000000e+00  0.000000e+00  -3.737314e-01  0.000000e+00  0.000000e+00  2.563054e-01  
2.066041e+00  3.576306e-04  8.656029e-01  0.000000e+00  0.000000e+00  2.741200e-01  0.000000e+00  0.000000e+00  -3.875867e-01  0.000000e+00  0.000000e+00  2.741200e-01  0.000000e+00  0.000000e+00  -3.875867e-01  0.000000e+00  0.000000e+00  2.741200e-01  2.066041e+00  3.576306e-04  8.656029e-01  0.000000e+00  0.000000e+00  2.741200e-01  0.000000e+00  0.000000e+00  -3.875867e-01  0.000000e+00  0.000000e+00  2.741200e-01  0.000000e+00  0.000000e+00  -3.875867e-01  0.000000e+00  0.000000e+00  2.741200e-01  
2.141393e+00  1.432354e-02  8.358745e-01  0.000000e+00  0.000000e+00  2.756365e-01  0.000000e+00  0.000000e+00  -3.816014e-01  0.000000e+00  0.000000e+00  2.756365e-01  0.000000e+00  0.000000e+00  -3.816014e-01  0.000000e+00  0.000000e+00  2.756365e-01  2.141393e+00  1.432354e-02  8.358745e-01  0.000000e+00  0.000000e+00  2.756365e-01  0.000000e+00  0.000000e+00  -3.816014e-01  0.000000e+00  0.000000e+00  2.756365e-01  0.000000e+00  0.000000e+00  -3.816014e-01  0.000000e+00  0.000000e+00  2.756365e-01  
2.016908e+00  1.948939e-03  8.984284e-01  0.000000e+00  0.000000e+00  2.834822e-01  0.000000e+00  0.000000e+00  -3.569104e-01  0.000000e+00  0.000000e+00  2.834822e-01  0.000000e+00  0.000000e+00  -3.569104e-01  0.000000e+00  0.000000e+00  2.834822e-01  2.016908e+00  1.948939e-03  8.984284e-01  0.000000e+00  0.000000e+00  2.834822e-01  0.000000e+00  0.000000e+00  -3.569104e-01  0.000000e+00  0.000000e+00  2.834822e-01  0.000000e+00  0.000000e+00  -3.569104e-01  0.000000e+00  0.000000e+00  2.834822e-01  
1.909504e+00  6.251121e-03  8.199979e-01  0.000000e+00  0.000000e+00  2.996615e-01  0.000000e+00  0.000000e+00  -3.634077e-01  0.000000e+00  0.000000e+00  2.996615e-01  0.000000e+00  0.000000e+00  -3.634077e-01  0.000000e+00  0.000000e+00  2.996615e-01  1.909504e+00  6.251121e-03  8.199979e-01  0.000000e+00  0.000000e+00  2.996615e-01  0.000000e+00  0.000000e+00  -3.634077e-01  0.000000e+00  0.000000e+00  2.996615e-01  0.000000e+00  0.000000e+00  -3.634077e-01  0.000000e+00  0.000000e+00  2.996615e-01  
1.916390e+00  2.401617e-02  8.011928e-01  0.000000e+00  0.000000e+00  3.452589e-01  0.000000e+00  0.000000e+00  -3.639156e-01  0.000000e+00  0.000000e+00  3.452589e-01  0.000000e+00  0.000000e+00  -3.639156e-01  0.000000e+00  0.000000e+00  3.452589e-01  1.916390e+00  2.401617e-02  8.011928e-01  0.000000e+00  0.000000e+00  3.452589e-01  0.000000e+00  0.000000e+00  -3.639156e-01  0.000000e+00  0.000000e+00  3.452589e-01  0.000000e+00  0.000000e+00  -3.639156e-01  0.000000e+00  0.000000e+00  3.452589e-01  
2.070287e+00  4.984945e-03  8.828576e-01  0.000000e+00  0.000000e+00  3.165303e-01  0.000000e+00  0.000000e+00  -3.799870e-01  0.000000e+00  0.000000e+00  3.165303e-01  0.000000e+00  0.000000e+00  -3.799870e-01  0.000000e+00  0.000000e+00  3.165303e-01  2.070287e+00  4.984945e-03  8.828576e-01  0.000000e+00  0.000000e+00  3.165303e-01  0.000000e+00  0.000000e+00  -3.799870e-01  0.000000e+00  0.000000e+00  3.165303e-01  0.000000e+00  0.000000e+00  -3.799870e-01  0.000000e+00  0.000000e+00  3.165303e-01  
2.115969e+00  5.273221e-03  9.221889e-01  0.000000e+00  0.000000e+00  2.285718e-01  0.000000e+00  0.000000e+00  -3.693136e-01  0.000000e+00  0.000000e+00  2.285718e-01  0.000000e+00  0.000000e+00  -3.693136e-01  0.000000e+00  0.000000e+00  2.285718e-01  2.115969e+00  5.273221e-03  9.221889e-01  0.000000e+00  0.000000e+00  2.285718e-01  0.000000e+00  0.000000e+00  -3.693136e-01  0.000000e+00  0.000000e+00  2.285718e-01  0.000000e+00  0.000000e+00  -3.693136e-01  0.000000e+00  0.000000e+00  2.285718e-01  
2.087521e+00  1.884278e-02  8.846404e-01  0.000000e+00  0.000000e+00  3.172705e-01  0.000000e+00  0.000000e+00  -3.695582e-01  0.000000e+00  0.000000e+00  3.172705e-01  0.000000e+00  0.000000e+00  -3.695582e-01  0.000000e+00  0.000000e+00  3.172705e-01  2.087521e+00  1.884278e-02  8.846404e-01  0.000000e+00  0.000000e+00  3.172705e-01  0.000000e+00  0.000000e+00  -3.695582e-01  0.000000e+00  0.000000e+00  3.172705e-01  0.000000e+00  0.000000e+00  -3.695582e-01  0.000000e+00  0.000000e+00  3.172705e-01  
2.224233e+00  8.587301e-03  9.039441e-01  0.000000e+00  0.000000e+00  2.979943e-01  0.000000e+00  0.000000e+00  -3.975207e-01  0.000000e+00  0.000000e+00  2.979943e-01  0.000000e+00  0.000000e+00  -3.975207e-01  0.000000e+00  0.000000e+00  2.979943e-01  2.224233e+00  8.587301e-03  9.039441e-01  0.000000e+00  0.000000e+00  2.979943e-01  0.000000e+00  0.000000e+00  -3.975207e-01  0.000000e+00  0.000000e+00  2.979943e-01  0.000000e+00  0.000000e+00  -3.975207e-01  0.000000e+00  0.000000e+00  2.979943e-01  
2.063368e+00  8.377056e-03  8.769891e-01  0.000000e+00  0.000000e+00  2.880202e-01  0.000000e+00  0.000000e+00  -3.640128e-01  0.000000e+00  0.000000e+00  2.880202e-01  0.000000e+00  0.000000e+00  -3.640128e-01  0.000000e+00  0.000000e+00  2.880202e-01  2.063368e+00  8.377056e-03  8.769891e-01  0.000000e+00  0.000000e+00  2.880202e-01  0.000000e+00  0.000000e+00  -3.640128e-01  0.000000e+00  0.000000e+00  2.880202e-01  0.000000e+00  0.000000e+00  -3.640128e-01  0.000000e+00  0.000000e+00  2.880202e-01  
1.983922e+00  1.260887e-02  8.471382e-01  0.000000e+00  0.000000e+00  2.372143e-01  0.000000e+00  0.000000e+00  -3.553510e-01  0.000000e+00  0.000000e+00  2.372143e-01  0.000000e+00  0.000000e+00  -3.553510e-01  0.000000e+00  0.000000e+00  2.372143e-01  1.983922e+00  1.260887e-02  8.471382e-01  0.000000e+00  0.000000e+00  2.372143e-01  0.000000e+00  0.000000e+00  -3.553510e-01  0.000000e+00  0.000000e+00  2.372143e-01  0.000000e+00  0.000000e+00  -3.553510e-01  0.000000e+00  0.000000e+00  2.372143e-01  
2.063070e+00  7.443220e-03  8.825476e-01  0.000000e+00  0.000000e+00  3.210180e-01  0.000000e+00  0.000000e+00  -3.805228e-01  0.000000e+00  0.000000e+00  3.210180e-01  0.000000e+00  0.000000e+00  -3.805228e-01  0.000000e+00  0.000000e+00  3.210180e-01  2.063070e+00  7.443220e-03  8.825476e-01  0.000000e+00  0.000000e+00  3.210180e-01  0.000000e+00  0.000000e+00  -3.805228e-01  0.000000e+00  0.000000e+00  3.210180e-01  0.000000e+00  0.000000e+00  -3.805228e-01  0.000000e+00  0.000000e+00  3.210180e-01  
1.980840e+00  3.459594e-03  8.576376e-01  0.000000e+00  0.000000e+00  2.766081e-01  0.000000e+00  0.000000e+00  -3.746029e-01  0.000000e+00  0.000000e+00  2.766081e-01  0.000000e+00  0.000000e+00  -3.746029e-01  0.000000e+00  0.000000e+00  2.766081e-01  1.980840e+00  3.459594e-03  8.576376e-01  0.000000e+00  0.000000e+00  2.766081e-01  0.000000e+00  0.000000e+00  -3.746029e-01  0.000000e+00  0.000000e+00  2.766081e-01  0.000000e+00  0.000000e+00  -3.746029e-01  0.000000e+00  0.000000e+00  2.766081e-01  
2.057255e+00  3.876109e-02  8.149838e-01  0.000000e+00  0.000000e+00  3.533885e-01  0.000000e+00  0.000000e+00  -3.671288e-01  0.000000e+00  0.000000e+00  3.533885e-01  0.000000e+00  0.000000e+00  -3.671288e-01  0.000000e+00  0.000000e+00  3.533885e-01  2.057255e+00  3.876109e-02  8.149838e-01  0.000000e+00  0.000000e+00  3.533885e-01  0.000000e+00  0.000000e+00  -3.671288e-01  0.000000e+00  0.000000e+00  3.533885e-01  0.000000e+00  0.000000e+00  -3.671288e-01  0.000000e+00  0.000000e+00  3.533885e-01  
2.049483e+00  3.009544e-02  8.269581e-01  0.000000e+00  0.000000e+00  2.943829e-01  0.000000e+00  0.000000e+00  -3.740335e-01  0.000000e+00  0.000000e+00  2.943829e-01  0.000000e+00  0.000000e+00  -3.740335e-01  0.000000e+00  0.000000e+00  2.943829e-01  2.049483e+00  3.009544e-02  8.269581e-01  0.000000e+00  0.000000e+00  2.943829e-01  0.000000e+00  0.000000e+00  -3.740335e-01  0.000000e+00  0.000000e+00  2.943829e-01  0.000000e+00  0.000000e+00  -3.740335e-01  0.000000e+00  0.000000e+00  2.943829e-01  
2.036551e+00  1.137329e-02  9.013188e-01  0.000000e+00  0.000000e+00  3.272916e-01  0.000000e+00  0.000000e+00  -3.633067e-01  0.000000e+00  0.000000e+00  3.272916e-01  0.000000e+00  0.000000e+00  -3.633067e-01  0.000000e+00  0.000000e+00  3.272916e-01  2.036551e+00  1.137329e-02  9.013188e-01  0.000000e+00  0.000000e+00  3.272916e-01  0.000000e+00  0.000000e+00  -3.633067e-01  0.000000e+00  0.000000e+00  3.272916e-01  0.000000e+00  0.000000e+00  -3.633067e-01  0.000000e+00  0.000000e+00  3.272916e-01  
2.046485e+00  4.840954e-03  8.804996e-01  0.000000e+00  0.000000e+00  2.550928e-01  0.000000e+00  0.000000e+00  -3.769770e-01  0.000000e+00  0.000000e+00  2.550928e-01  0.000000e+00  0.000000e+00  -3.769770e-01  0.000000e+00  0.000000e+00  2.550928e-01  2.046485e+00  4.840954e-03  8.804996e-01  0.000000e+00  0.000000e+00  2.550928e-01  0.000000e+00  0.000000e+00  -3.769770e-01  0.000000e+00  0.000000e+00  2.550928e-01  0.000000e+00  0.000000e+00  -3.769770e-01  0.000000e+00  0.000000e+00  2.550928e-01  
1.963212e+00  9.105028e-03  8.258026e-01  0.000000e+00  0.000000e+00  2.733344e-01  0.000000e+00  0.000000e+00  -3.660826e-01  0.000000e+00  0.000000e+00  2.733344e-01  0.000000e+00  0.000000e+00  -3.660826e-01  0.000000e+00  0.000000e+00  2.733344e-01  1.963212e+00  9.105028e-03  8.258026e-01  0.000000e+00  0.000000e+00  2.733344e-01  0.000000e+00  0.000000e+00  -3.660826e-01  0.000000e+00  0.000000e+00  2.733344e-01  0.000000e+00  0.000000e+00  -3.660826e-01  0.000000e+00  0.000000e+00  2.733344e-01  
2.023767e+00  6.736144e-03  9.038328e-01  0.000000e+00  0.000000e+00  2.637755e-01  0.000000e+00  0.000000e+00  -3.578586e-01  0.000000e+00  0.000000e+00  2.637755e-01  0.000000e+00  0.000000e+00  -3.578586e-01  0.000000e+00  0.000000e+00  2.637755e-01  2.023767e+00  6.736144e-03  9.038328e-01  0.000000e+00  0.000000e+00  2.637755e-01  0.000000e+00  0.000000e+00  -3.578586e-01  0.000000e+00  0.000000e+00  2.637755e-01  0.000000e+00  0.000000e+00  -3.578586e-01  0.000000e+00  0.000000e+00  2.637755e-01  
2.128313e+00  7.216418e-03  8.670731e-01  0.000000e+00  0.000000e+00  2.342399e-01  0.000000e+00  0.000000e+00  -3.891110e-01  0.000000e+00  0.000000e+00  2.342399e-01  0.000000e+00  0.000000e+00  -3.891110e-01  0.000000e+00  0.000000e+00  2.342399e-01  2.128313e+00  7.216418e-03  8.670731e-01  0.000000e+00  0.000000e+00  2.342399e-01  0.000000e+00  0.000000e+00  -3.891110e-01  0.000000e+00  0.000000e+00  2.342399e-01  0.000000e+00  0.000000e+00  -3.891110e-01  0.000000e+00  0.000000e+00  2.342399e-01  
2.160437e+00  2.032547e-02  8.625789e-01  0.000000e+00  0.000000e+00  3.233865e-01  0.000000e+00  0.000000e+00  -3.753043e-01  0.000000e+00  0.000000e+00  3.233865e-01  0.000000e+00  0.000000e+00  -3.753043e-01  0.000000e+00  0.000000e+00  3.233865e-01  2.160437e+00  2.032547e-02  8.625789e-01  0.000000e+00  0.000000e+00  3.233865e-01  0.000000e+00  0.000000e+00  -3.753043e-01  0.000000e+00  0.000000e+00  3.233865e-01  0.000000e+00  0.000000e+00  -3.753043e-01  0.000000e+00  0.000000e+00  3.233865e-01  
2.093108e+00  1.384513e-02  8.944310e-01  0.000000e+00  0.000000e+00  2.613346e-01  0.000000e+00  0.000000e+00  -3.536611e-01  0.000000e+00  0.000000e+00  2.613346e-01  0.000000e+00  0.000000e+00  -3.536611e-01  0.000000e+00  0.000000e+00  2.613346e-01  2.093108e+00  1.384513e-02  8.944310e-01  0.000000e+00  0.000000e+00  2.613346e-01  0.000000e+00  0.000000e+00  -3.536611e-01  0.000000e+00  0.000000e+00  2.613346e-01  0.000000e+00  0.000000e+00  -3.536611e-01  0.000000e+00  0.000000e+00  2.613346e-01  
2.134076e+00  1.909158e-02  8.992533e-01  0.000000e+00  0.000000e+00  2.266929e-01  0.000000e+00  0.000000e+00  -3.655410e-01  0.000000e+00  0.000000e+00  2.266929e-01  0.000000e+00  0.000000e+00  -3.655410e-01  0.000000e+00  0.000000e+00  2.266929e-01  2.134076e+00  1.909158e-02  8.992533e-01  0.000000e+00  0.000000e+00  2.266929e-01  0.000000e+00  0.000000e+00  -3.655410e-01  0.000000e+00  0.000000e+00  2.266929e-01  0.000000e+00  0.000000e+00  -3.655410e-01  0.000000e+00  0.000000e+00  2.266929e-01  
2.018878e+00  1.039775e-02  8.805376e-01  0.000000e+00  0.000000e+00  2.855968e-01  0.000000e+00  0.000000e+00  -3.646592e-01  0.000000e+00  0.000000e+00  2.855968e-01  0.000000e+00  0.000000e+00  -3.646592e-01  0.000000e+00  0.000000e+00  2.855968e-01  2.018878e+00  1.039775e-02  8.805376e-01  0.000000e+00  0.000000e+00  2.855968e-01  0.000000e+00  0.000000e+00  -3.646592e-01  0.000000e+00  0.000000e+00  2.855968e-01  0.000000e+00  0.000000e+00  -3.646592e-01  0.000000e+00  0.000000e+00  2.855968e-01  
2.075448e+00  7.621902e-03  9.154460e-01  0.000000e+00  0.000000e+00  2.826924e-01  0.000000e+00  0.000000e+00  -3.599014e-01  0.000000e+00  0.000000e+00  2.826924e-01  0.000000e+00  0.000000e+00  -3.599014e-01  0.000000e+00  0.000000e+00  2.826924e-01  2.075448e+00  7.621902e-03  9.154460e-01  0.000000e+00  0.000000e+00  2.826924e-01  0.000000e+00  0.000000e+00  -3.599014e-01  0.000000e+00  0.000000e+00  2.826924e-01  0.000000e+00  0.000000e+00  -3.599014e-01  0.000000e+00  0.000000e+00  2.826924e-01  
1.998710e+00  1.148378e-02  8.493115e-01  0.000000e+00  0.000000e+00  2.916721e-01  0.000000e+00  0.000000e+00  -3.725669e-01  0.000000e+00  0.000000e+00  2.916721e-01  0.000000e+00  0.000000e+00  -3.725669e-01  0.000000e+00  0.000000e+00  2.916721e-01  1.998710e+00  1.148378e-02  8.493115e-01  0.000000e+00  0.000000e+00  2.916721e-01  0.000000e+00  0.000000e+00  -3.725669e-01  0.000000e+00  0.000000e+00  2.916721e-01  0.000000e+00  0.000000e+00  -3.725669e-01  0.000000e+00  0.000000e+00  2.916721e-01  
2.079073e+00  4.887710e-03  8.860594e-01  0.000000e+00  0.000000e+00  2.674700e-01  0.000000e+00  0.000000e+00  -3.836349e-01  0.000000e+00  0.000000e+00  2.674700e-01  0.000000e+00  0.000000e+00  -3.836349e-01  0.000000e+00  0.000000e+00  2.674700e-01  2.079073e+00  4.887710e-03  8.860594e-01  0.000000e+00  0.000000e+00  2.674700e-01  0.000000e+00  0.000000e+00  -3.836349e-01  0.000000e+00  0.000000e+00  2.674700e-01  0.000000e+00  0.000000e+00  -3.836349e-01  0.000000e+00  0.000000e+00  2.674700e-01  
1.990069e+00  1.937373e-02  8.173144e-01  0.000000e+00  0.000000e+00  2.941662e-01  0.000000e+00  0.000000e+00  -3.693542e-01  0.000000e+00  0.000000e+00  2.941662e-01  0.000000e+00  0.000000e+00  -3.693542e-01  0.000000e+00  0.000000e+00  2.941662e-01  1.990069e+00  1.937373e-02  8.173144e-01  0.000000e+00  0.000000e+00  2.941662e-01  0.000000e+00  0.000000e+00  -3.693542e-01  0.000000e+00  0.000000e+00  2.941662e-01  0.000000e+00  0.000000e+00  -3.693542e-01  0.000000e+00  0.000000e+00  2.941662e-01  
2.067301e+00  1.551625e-02  8.569709e-01  0.000000e+00  0.000000e+00  2.868751e-01  0.000000e+00  0.000000e+00  -3.555339e-01  0.000000e+00  0.000000e+00  2.868751e-01  0.000000e+00  0.000000e+00  -3.555339e-01  0.000000e+00  0.000000e+00  2.868751e-01  2.067301e+00  1.551625e-02  8.569709e-01  0.000000e+00  0.000000e+00  2.868751e-01  0.000000e+00  0.000000e+00  -3.555339e-01  0.000000e+00  0.000000e+00  2.868751e-01  0.000000e+00  0.000000e+00  -3.555339e-01  0.000000e+00  0.000000e+00  2.868751e-01  
2.051214e+00  1.073344e-02  8.898438e-01  0.000000e+00  0.000000e+00  3.239645e-01  0.000000e+00  0.000000e+00  -3.746756e-01  0.000000e+00  0.000000e+00  3.239645e-01  0.000000e+00  0.000000e+00  -3.746756e-01  0.000000e+00  0.000000e+00  3.239645e-01  2.051214e+00  1.073344e-02  8.898438e-01  0.000000e+00  0.000000e+00  3.239645e-01  0.000000e+00  0.000000e+00  -3.746756e-01  0.000000e+00  0.000000e+00  3.239645e-01  0.000000e+00  0.000000e+00  -3.746756e-01  0.000000e+00  0.000000e+00  3.239645e-01  
1.978937e+00  3.249385e-03  9.041826e-01  0.000000e+00  0.000000e+00  2.759629e-01  0.000000e+00  0.000000e+00  -3.536325e-01  0.000000e+00  0.000000e+00  2.759629e-01  0.000000e+00  0.000000e+00  -3.536325e-01  0.000000e+00  0.000000e+00  2.759629e-01  1.978937e+00  3.249385e-03  9.041826e-01  0.000000e+00  0.000000e+00  2.759629e-01  0.000000e+00  0.000000e+00  -3.536325e-01  0.000000e+00  0.000000e+00  2.759629e-01  0.000000e+00  0.000000e+00  -3.536325e-01  0.000000e+00  0.000000e+00  2.759629e-01  
2.061385e+00  3.700975e-02  8.205376e-01  0.000000e+00  0.000000e+00  3.564422e-01  0.000000e+00  0.000000e+00  -3.689810e-01  0.000000e+00  0.000000e+00  3.564422e-01  0.000000e+00  0.000000e+00  -3.689810e-01  0.000000e+00  0.000000e+00  3.564422e-01  2.061385e+00  3.700975e-02  8.205376e-01  0.000000e+00  0.000000e+00  3.564422e-01  0.000000e+00  0.000000e+00  -3.689810e-01  0.000000e+00  0.000000e+00  3.564422e-01  0.000000e+00  0.000000e+00  -3.689810e-01  0.000000e+00  0.000000e+00  3.564422e-01  
1.946838e+00  1.137335e-02  8.507639e-01  0.000000e+00  0.000000e+00  2.924461e-01  0.000000e+00  0.000000e+00  -3.613886e-01  0.000000e+00  0.000000e+00  2.924461e-01  0.000000e+00  0.000000e+00  -3.613886e-01  0.000000e+00  0.000000e+00  2.924461e-01  1.946838e+00  1.137335e-02  8.507639e-01  0.000000e+00  0.000000e+00  2.924461e-01  0.000000e+00  0.000000e+00  -3.613886e-01  0.000000e+00  0.000000e+00  2.924461e-01  0.000000e+00  0.000000e+00  -3.613886e-01  0.000000e+00  0.000000e+00  2.924461e-01  
2.011100e+00  2.992555e-02  8.324006e-01  0.000000e+00  0.000000e+00  2.725626e-01  0.000000e+00  0.000000e+00  -3.608246e-01  0.000000e+00  0.000000e+00  2.725626e-01  0.000000e+00  0.000000e+00  -3.608246e-01  0.000000e+00  0.000000e+00  2.725626e-01  2.011100e+00  2.992555e-02  8.324006e-01  0.000000e+00  0.000000e+00  2.725626e-01  0.000000e+00  0.000000e+00  -3.608246e-01  0.000000e+00  0.000000e+00  2.725626e-01  0.000000e+00  0.000000e+00  -3.608246e-01  0.000000e+00  0.000000e+00  2.725626e-01  
2.104934e+00  7.152825e-03  8.629255e-01  0.000000e+00  0.000000e+00  3.090022e-01  0.000000e+00  0.000000e+00  -3.943044e-01  0.000000e+00  0.000000e+00  3.090022e-01  0.000000e+00  0.000000e+00  -3.943044e-01  0.000000e+00  0.000000e+00  3.090022e-01  2.104934e+00  7.152825e-03  8.629255e-01  0.000000e+00  0.000000e+00  3.090022e-01  0.000000e+00  0.000000e+00  -3.943044e-01  0.000000e+00  0.000000e+00  3.090022e-01  0.000000e+00  0.000000e+00  -3.943044e-01  0.000000e+00  0.000000e+00  3.090022e-01  
2.027056e+00  2.714440e-02  7.857725e-01  0.000000e+00  0.000000e+00  2.441849e-01  0.000000e+00  0.000000e+00  -3.592542e-01  0.000000e+00  0.000000e+00  2.441849e-01  0.000000e+00  0.000000e+00  -3.592542e-01  0.000000e+00  0.000000e+00  2.441849e-01  2.027056e+00  2.714440e-02  7.857725e-01  0.000000e+00  0.000000e+00  2.441849e-01  0.000000e+00  0.000000e+00  -3.592542e-01  0.000000e+00  0.000000e+00  2.441849e-01  0.000000e+00  0.000000e+00  -3.592542e-01  0.000000e+00  0.000000e+00  2.441849e-01  
1.892877e+00  1.591643e-02  8.178084e-01  0.000000e+00  0.000000e+00  3.384717e-01  0.000000e+00  0.000000e+00  -3.532775e-01  0.000000e+00  0.000000e+00  3.384717e-01  0.000000e+00  0.000000e+00  -3.532775e-01  0.000000e+00  0.000000e+00  3.384717e-01  1.892877e+00  1.591643e-02  8.178084e-01  0.000000e+00  0.000000e+00  3.384717e-01  0.000000e+00  0.000000e+00  -3.532775e-01  0.000000e+00  0.000000e+00  3.384717e-01  0.000000e+00  0.000000e+00  -3.532775e-01  0.000000e+00  0.000000e+00  3.384717e-01  
2.024061e+00  3.628935e-04  8.772321e-01  0.000000e+00  0.000000e+00  2.884652e-01  0.000000e+00  0.000000e+00  -3.690627e-01  0.000000e+00  0.000000e+00  2.884652e-01  0.000000e+00  0.000000e+00  -3.690627e-01  0.000000e+00  0.000000e+00  2.884652e-01  2.024061e+00  3.628935e-04  8.772321e-01  0.000000e+00  0.000000e+00  2.884652e-01  0.000000e+00  0.000000e+00  -3.690627e-01  0.000000e+00  0.000000e+00  2.884652e-01  0.000000e+00  0.000000e+00  -3.690627e-01  0.000000e+00  0.000000e+00  2.884652e-01  
2.143913e+00  2.870308e-02  8.105001e-01  0.000000e+00  0.000000e+00  2.760930e-01  0.000000e+00  0.000000e+00  -3.786686e-01  0.000000e+00  0.000000e+00  2.760930e-01  0.000000e+00  0.000000e+00  -3.786686e-01  0.000000e+00  0.000000e+00  2.760930e-01  2.143913e+00  2.870308e-02  8.105001e-01  0.000000e+00  0.000000e+00  2.760930e-01  0.000000e+00  0.000000e+00  -3.786686e-01  0.000000e+00  0.000000e+00  2.760930e-01  0.000000e+00  0.000000e+00  -3.786686e-01  0.000000e+00  0.000000e+00  2.760930e-01  
1.983025e+00  2.776949e-03  8.671464e-01  0.000000e+00  0.000000e+00  3.109848e-01  0.000000e+00  0.000000e+00  -3.580669e-01  0.000000e+00  0.000000e+00  3.109848e-01  0.000000e+00  0.000000e+00  -3.580669e-01  0.000000e+00  0.000000e+00  3.109848e-01  1.983025e+00  2.776949e-03  8.671464e-01  0.000000e+00  0.000000e+00  3.109848e-01  0.000000e+00  0.000000e+00  -3.580669e-01  0.000000e+00  0.000000e+00  3.109848e-01  0.000000e+00  0.000000e+00  -3.580669e-01  0.000000e+00  0.000000e+00  3.109848e-01  
2.143753e+00  1.367481e-02  8.959973e-01  0.000000e+00  0.000000e+00  3.307452e-01  0.000000e+00  0.000000e+00  -3.898146e-01  0.000000e+00  0.000000e+00  3.307452e-01  0.000000e+00  0.000000e+00  -3.898146e-01  0.000000e+00  0.000000e+00  3.307452e-01  2.143753e+00  1.367481e-02  8.959973e-01  0.000000e+00  0.000000e+00  3.307452e-01  0.000000e+00  0.000000e+00  -3.898146e-01  0.000000e+00  0.000000e+00  3.307452e-01  0.000000e+00  0.000000e+00  -3.898146e-01  0.000000e+00  0.000000e+00  3.307452e-01  
2.097044e+00  1.570468e-02  8.870917e-01  0.000000e+00  0.000000e+00  2.902156e-01  0.000000e+00  0.000000e+00  -3.725339e-01  0.000000e+00  0.000000e+00  2.902156e-01  0.000000e+00  0.000000e+00  -3.725339e-01  0.000000e+00  0.000000e+00  2.902156e-01  2.097044e+00  1.570468e-02  8.870917e-01  0.000000e+00  0.000000e+00  2.902156e-01  0.000000e+00  0.000000e+00  -3.725339e-01  0.000000e+00  0.000000e+00  2.902156e-01  0.000000e+00  0.000000e+00  -3.725339e-01  0.000000e+00  0.000000e+00  2.902156e-01  
2.031666e+00  9.690200e-03  8.823055e-01  0.000000e+00  0.000000e+00  2.884073e-01  0.000000e+00  0.000000e+00  -3.558601e-01  0.000000e+00  0.000000e+00  2.884073e-01  0.000000e+00  0.000000e+00  -3.558601e-01  0.000000e+00  0.000000e+00  2.884073e-01  2.031666e+00  9.690200e-03  8.823055e-01  0.000000e+00  0.000000e+00  2.884073e-01  0.000000e+00  0.000000e+00  -3.558601e-01  0.000000e+00  0.000000e+00  2.884073e-01  0.000000e+00  0.000000e+00  -3.558601e-01  0.000000e+00  0.000000e+00  2.884073e-01  
2.087029e+00  1.665903e-02  9.119237e-01  0.000000e+00  0.000000e+00  3.049314e-01  0.000000e+00  0.000000e+00  -3.533957e-01  0.000000e+00  0.000000e+00  3.049314e-01  0.000000e+00  0.000000e+00  -3.533957e-01  0.000000e+00  0.000000e+00  3.049314e-01  2.087029e+00  1.665903e-02  9.119237e-01  0.000000e+00  0.000000e+00  3.049314e-01  0.000000e+00  0.000000e+00  -3.533957e-01  0.000000e+00  0.000000e+00  3.049314e-01  0.000000e+00  0.000000e+00  -3.533957e-01  0.000000e+00  0.000000e+00  3.049314e-01  
2.092279e+00  2.327304e-04  9.088432e-01  0.000000e+00  0.000000e+00  2.788862e-01  0.000000e+00  0.000000e+00  -3.859124e-01  0.000000e+00  0.000000e+00  2.788862e-01  0.000000e+00  0.000000e+00  -3.859124e-01  0.000000e+00  0.000000e+00  2.788862e-01  2.092279e+00  2.327304e-04  9.088432e-01  0.000000e+00  0.000000e+00  2.788862e-01  0.000000e+00  0.000000e+00  -3.859124e-01  0.000000e+00  0.000000e+00  2.788862e-01  0.000000e+00  0.000000e+00  -3.859124e-01  0.000000e+00  0.000000e+00  2.788862e-01  
2.054891e+00  3.175996e-03  9.046755e-01  0.000000e+00  0.000000e+00  3.048744e-01  0.000000e+00  0.000000e+00  -3.635289e-01  0.000000e+00  0.000000e+00  3.048744e-01  0.000000e+00  0.000000e+00  -3.635289e-01  0.000000e+00  0.000000e+00  3.048744e-01  2.054891e+00  3.175996e-03  9.046755e-01  0.000000e+00  0.000000e+00  3.048744e-01  0.000000e+00  0.000000e+00  -3.635289e-01  0.000000e+00  0.000000e+00  3.048744e-01  0.000000e+00  0.000000e+00  -3.635289e-01  0.000000e+00  0.000000e+00  3.048744e-01  
2.023309e+00  3.729805e-03  8.901247e-01  0.000000e+00  0.000000e+00  2.591335e-01  0.000000e+00  0.000000e+00  -3.599086e-01  0.000000e+00  0.000000e+00  2.591335e-01  0.000000e+00  0.000000e+00  -3.599086e-01  0.000000e+00  0.000000e+00  2.591335e-01  2.023309e+00  3.729805e-03  8.901247e-01  0.000000e+00  0.000000e+00  2.591335e-01  0.000000e+00  0.000000e+00  -3.599086e-01  0.000000e+00  0.000000e+00  2.591335e-01  0.000000e+00  0.000000e+00  -3.599086e-01  0.000000e+00  0.000000e+00  2.591335e-01  
1.941969e+00  1.068269e-02  8.790081e-01  0.000000e+00  0.000000e+00  3.726869e-01  0.000000e+00  0.000000e+00  -3.596537e-01  0.000000e+00  0.000000e+00  3.726869e-01  0.000000e+00  0.000000e+00  -3.596537e-01  0.000000e+00  0.000000e+00  3.726869e-01  1.941969e+00  1.068269e-02  8.790081e-01  0.000000e+00  0.000000e+00  3.726869e-01  0.000000e+00  0.000000e+00  -3.596537e-01  0.000000e+00  0.000000e+00  3.726869e-01  0.000000e+00  0.000000e+00  -3.596537e-01  0.000000e+00  0.000000e+00  3.726869e-01  
2.054561e+00  1.454486e-04  9.307297e-01  0.000000e+00  0.000000e+00  2.513379e-01  0.000000e+00  0.000000e+00  -3.597211e-01  0.000000e+00  0.000000e+00  2.513379e-01  0.000000e+00  0.000000e+00  -3.597211e-01  0.000000e+00  0.000000e+00  2.513379e-01  2.054561e+00  1.454486e-04  9.307297e-01  0.000000e+00  0.000000e+00  2.513379e-01  0.000000e+00  0.000000e+00  -3.597211e-01  0.000000e+00  0.000000e+00  2.513379e-01  0.000000e+00  0.000000e+00  -3.597211e-01  0.000000e+00  0.000000e+00  2.513379e-01  
2.076105e+00  8.067288e-04  9.150314e-01  0.000000e+00  0.000000e+00  2.690105e-01  0.000000e+00  0.000000e+00  -3.615858e-01  0.000000e+00  0.000000e+00  2.690105e-01  0.000000e+00  0.000000e+00  -3.615858e-01  0.000000e+00  0.000000e+00  2.690105e-01  2.076105e+00  8.067288e-04  9.150314e-01  0.000000e+00  0.000000e+00  2.690105e-01  0.000000e+00  0.000000e+00  -3.615858e-01  0.000000e+00  0.000000e+00  2.690105e-01  0.000000e+00  0.000000e+00  -3.615858e-01  0.000000e+00  0.000000e+00  2.690105e-01  
2.101833e+00  1.373605e-02  8.464161e-01  0.000000e+00  0.000000e+00  2.542741e-01  0.000000e+00  0.000000e+00  -3.733723e-01  0.000000e+00  0.000000e+00  2.542741e-01  0.000000e+00  0.000000e+00  -3.733723e-01  0.000000e+00  0.000000e+00  2.542741e-01  2.101833e+00  1.373605e-02  8.464161e-01  0.000000e+00  0.000000e+00  2.542741e-01  0.000000e+00  0.000000e+00  -3.733723e-01  0.000000e+00  0.000000e+00  2.542741e-01  0.000000e+00  0.000000e+00  -3.733723e-01  0.000000e+00  0.000000e+00  2.542741e-01  
1.962873e+00  8.101079e-03  8.394142e-01  0.000000e+00  0.000000e+00  2.523357e-01  0.000000e+00  0.000000e+00  -3.656575e-01  0.000000e+00  0.000000e+00  2.523357e-01  0.000000e+00  0.000000e+00  -3.656575e-01  0.000000e+00  0.000000e+00  2.523357e-01  1.962873e+00  8.101079e-03  8.394142e-01  0.000000e+00  0.000000e+00  2.523357e-01  0.000000e+00  0.000000e+00  -3.656575e-01  0.000000e+00  0.000000e+00  2.523357e-01  0.000000e+00  0.000000e+00  -3.656575e-01  0.000000e+00  0.000000e+00  2.523357e-01  
2.054988e+00  2.297563e-03  8.881411e-01  0.000000e+00  0.000000e+00  2.473720e-01  0.000000e+00  0.000000e+00  -3.733211e-01  0.000000e+00  0.000000e+00  2.473720e-01  0.000000e+00  0.000000e+00  -3.733211e-01  0.000000e+00  0.000000e+00  2.473720e-01  2.054988e+00  2.297563e-03  8.881411e-01  0.000000e+00  0.000000e+00  2.473720e-01  0.000000e+00  0.000000e+00  -3.733211e-01  0.000000e+00  0.000000e+00  2.473720e-01  0.000000e+00  0.000000e+00  -3.733211e-01  0.000000e+00  0.000000e+00  2.473720e-01  
1.897273e+00  2.615940e-03  8.518184e-01  0.000000e+00  0.000000e+00  3.032997e-01  0.000000e+00  0.000000e+00  -3.569031e-01  0.000000e+00  0.000000e+00  3.032997e-01  0.000000e+00  0.000000e+00  -3.569031e-01  0.000000e+00  0.000000e+00  3.032997e-01  1.897273e+00  2.615940e-03  8.518184e-01  0.000000e+00  0.000000e+00  3.032997e-01  0.000000e+00  0.000000e+00  -3.569031e-01  0.000000e+00  0.000000e+00  3.032997e-01  0.000000e+00  0.000000e+00  -3.569031e-01  0.000000e+00  0.000000e+00  3.032997e-01  
1.939999e+00  3.455378e-03  8.570892e-01  0.000000e+00  0.000000e+00  2.691057e-01  0.000000e+00  0.000000e+00  -3.474688e-01  0.000000e+00  0.000000e+00  2.691057e-01  0.000000e+00  0.000000e+00  -3.474688e-01  0.000000e+00  0.000000e+00  2.691057e-01  1.939999e+00  3.455378e-03  8.570892e-01  0.000000e+00  0.000000e+00  2.691057e-01  0.000000e+00  0.000000e+00  -3.474688e-01  0.000000e+00  0.000000e+00  2.691057e-01  0.000000e+00  0.000000e+00  -3.474688e-01  0.000000e+00  0.000000e+00  2.691057e-01  
2.084976e+00  8.944268e-04  8.954283e-01  0.000000e+00  0.000000e+00  3.248894e-01  0.000000e+00  0.000000e+00  -3.836880e-01  0.000000e+00  0.000000e+00  3.248894e-01  0.000000e+00  0.000000e+00  -3.836880e-01  0.000000e+00  0.000000e+00  3.248894e-01  2.084976e+00  8.944268e-04  8.954283e-01  0.000000e+00  0.000000e+00  3.248894e-01  0.000000e+00  0.000000e+00  -3.836880e-01  0.000000e+00  0.000000e+00  3.248894e-01  0.000000e+00  0.000000e+00  -3.836880e-01  0.000000e+00  0.000000e+00  3.248894e-01  
1.951039e+00  3.137013e-03  8.840221e-01  0.000000e+00  0.000000e+00  2.802920e-01  0.000000e+00  0.000000e+00  -3.535940e-01  0.000000e+00  0.000000e+00  2.802920e-01  0.000000e+00  0.000000e+00  -3.535940e-01  0.000000e+00  0.000000e+00  2.802920e-01  1.951039e+00  3.137013e-03  8.840221e-01  0.000000e+00  0.000000e+00  2.802920e-01  0.000000e+00  0.000000e+00  -3.535940e-01  0.000000e+00  0.000000e+00  2.802920e-01  0.000000e+00  0.000000e+00  -3.535940e-01  0.000000e+00  0.000000e+00  2.802920e-01  
2.170571e+00  1.380575e-02  8.966609e-01  0.000000e+00  0.000000e+00  2.987751e-01  0.000000e+00  0.000000e+00  -3.837279e-01  0.000000e+00  0.000000e+00  2.987751e-01  0.000000e+00  0.000000e+00  -3.837279e-01  0.000000e+00  0.000000e+00  2.987751e-01  2.170571e+00  1.380575e-02  8.966609e-01  0.000000e+00  0.000000e+00  2.987751e-01  0.000000e+00  0.000000e+00  -3.837279e-01  0.000000e+00  0.000000e+00  2.987751e-01  0.000000e+00  0.000000e+00  -3.837279e-01  0.000000e+00  0.000000e+00  2.987751e-01  
2.061076e+00  2.477955e-02  8.536538e-01  0.000000e+00  0.000000e+00  2.312522e-01  0.000000e+00  0.000000e+00  -3.559681e-01  0.000000e+00  0.000000e+00  2.312522e-01  0.000000e+00  0.000000e+00  -3.559681e-01  0.000000e+00  0.000000e+00  2.312522e-01  2.061076e+00  2.477955e-02  8.536538e-01  0.000000e+00  0.000000e+00  2.312522e-01  0.000000e+00  0.000000e+00  -3.559681e-01  0.000000e+00  0.000000e+00  2.312522e-01  0.000000e+00  0.000000e+00  -3.559681e-01  0.000000e+00  0.000000e+00  2.312522e-01  
2.182525e+00  1.567603e-02  8.685977e-01  0.000000e+00  0.000000e+00  2.376308e-01  0.000000e+00  0.000000e+00  -3.828303e-01  0.000000e+00  0.000000e+00  2.376308e-01  0.000000e+00  0.000000e+00  -3.828303e-01  0.000000e+00  0.000000e+00  2.376308e-01  2.182525e+00  1.567603e-02  8.685977e-01  0.000000e+00  0.000000e+00  2.376308e-01  0.000000e+00  0.000000e+00  -3.828303e-01  0.000000e+00  0.000000e+00  2.376308e-01  0.000000e+00  0.000000e+00  -3.828303e-01  0.000000e+00  0.000000e+00  2.376308e-01  
2.180081e+00  2.407476e-02  8.271070e-01  0.000000e+00  0.000000e+00  2.996562e-01  0.000000e+00  0.000000e+00  -3.851854e-01  0.000000e+00  0.000000e+00  2.996562e-01  0.000000e+00  0.000000e+00  -3.851854e-01  0.000000e+00  0.000000e+00  2.996562e-01  2.180081e+00  2.407476e-02  8.271070e-01  0.000000e+00  0.000000e+00  2.996562e-01  0.000000e+00  0.000000e+00  -3.851854e-01  0.000000e+00  0.000000e+00  2.996562e-01  0.000000e+00  0.000000e+00  -3.851854e-01  0.000000e+00  0.000000e+00  2.996562e-01  
2.159165e+00  8.148391e-03  8.959695e-01  0.000000e+00  0.000000e+00  2.847439e-01  0.000000e+00  0.000000e+00  -3.771500e-01  0.000000e+00  0.000000e+00  2.847439e-01  0.000000e+00  0.000000e+00  -3.771500e-01  0.000000e+00  0.000000e+00  2.847439e-01  2.159165e+00  8.148391e-03  8.959695e-01  0.000000e+00  0.000000e+00  2.847439e-01  0.000000e+00  0.000000e+00  -3.771500e-01  0.000000e+00  0.000000e+00  2.847439e-01  0.000000e+00  0.000000e+00  -3.771500e-01  0.000000e+00  0.000000e+00  2.847439e-01  
1.977747e+00  2.955101e-04  8.569163e-01  0.000000e+00  0.000000e+00  3.338373e-01  0.000000e+00  0.000000e+00  -3.760390e-01  0.000000e+00  0.000000e+00  3.338373e-01  0.000000e+00  0.000000e+00  -3.760390e-01  0.000000e+00  0.000000e+00  3.338373e-01  1.977747e+00  2.955101e-04  8.569163e-01  0.000000e+00  0.000000e+00  3.338373e-01  0.000000e+00  0.000000e+00  -3.760390e-01  0.000000e+00  0.000000e+00  3.338373e-01  0.000000e+00  0.000000e+00  -3.760390e-01  0.000000e+00  0.000000e+00  3.338373e-01  
2.093368e+00  2.400641e-02  8.509282e-01  0.000000e+00  0.000000e+00  2.590872e-01  0.000000e+00  0.000000e+00  -3.664553e-01  0.000000e+00  0.000000e+00  2.590872e-01  0.000000e+00  0.000000e+00  -3.664553e-01  0.000000e+00  0.000000e+00  2.590872e-01  2.093368e+00  2.400641e-02  8.509282e-01  0.000000e+00  0.000000e+00  2.590872e-01  0.000000e+00  0.000000e+00  -3.664553e-01  0.000000e+00  0.000000e+00  2.590872e-01  0.000000e+00  0.000000e+00  -3.664553e-01  0.000000e+00  0.000000e+00  2.590872e-01  
2.179397e+00  2.590921e-02  9.064020e-01  0.000000e+00  0.000000e+00  3.140483e-01  0.000000e+00  0.000000e+00  -3.670980e-01  0.000000e+00  0.000000e+00  3.140483e-01  0.000000e+00  0.000000e+00  -3.670980e-01  0.000000e+00  0.000000e+00  3.140483e-01  2.179397e+00  2.590921e-02  9.064020e-01  0.000000e+00  0.000000e+00  3.140483e-01  0.000000e+00  0.000000e+00  -3.670980e-01  0.000000e+00  0.000000e+00  3.140483e-01  0.000000e+00  0.000000e+00  -3.670980e-01  0.000000e+00  0.000000e+00  3.140483e-01  
1.996027e+00  4.595820e-03  8.913469e-01  0.000000e+00  0.000000e+00  2.819216e-01  0.000000e+00  0.000000e+00  -3.646911e-01  0.000000e+00  0.000000e+00  2.819216e-01  0.000000e+00  0.000000e+00  -3.646911e-01  0.000000e+00  0.000000e+00  2.819216e-01  1.996027e+00  4.595820e-03  8.913469e-01  0.000000e+00  0.000000e+00  2.819216e-01  0.000000e+00  0.000000e+00  -3.646911e-01  0.000000e+00  0.000000e+00  2.819216e-01  0.000000e+00  0.000000e+00  -3.646911e-01  0.000000e+00  0.000000e+00  2.819216e-01  
2.038252e+00  6.634204e-03  8.586813e-01  0.000000e+00  0.000000e+00  2.733106e-01  0.000000e+00  0.000000e+00  -3.721349e-01  0.000000e+00  0.000000e+00  2.733106e-01  0.000000e+00  0.000000e+00  -3.721349e-01  0.000000e+00  0.000000e+00  2.733106e-01  2.038252e+00  6.634204e-03  8.586813e-01  0.000000e+00  0.000000e+00  2.733106e-01  0.000000e+00  0.000000e+00  -3.721349e-01  0.000000e+00  0.000000e+00  2.733106e-01  0.000000e+00  0.000000e+00  -3.721349e-01  0.000000e+00  0.000000e+00  2.733106e-01  
1.987354e+00  1.390717e-02  8.602496e-01  0.000000e+00  0.000000e+00  3.213437e-01  0.000000e+00  0.000000e+00  -3.560378e-01  0.000000e+00  0.000000e+00  3.213437e-01  0.000000e+00  0.000000e+00  -3.560378e-01  0.000000e+00  0.000000e+00  3.213437e-01  1.987354e+00  1.390717e-02  8.602496e-01  0.000000e+00  0.000000e+00  3.213437e-01  0.000000e+00  0.000000e+00  -3.560378e-01  0.000000e+00  0.000000e+00  3.213437e-01  0.000000e+00  0.000000e+00  -3.560378e-01  0.000000e+00  0.000000e+00  3.213437e-01  
2.151811e+00  1.822653e-02  8.931226e-01  0.000000e+00  0.000000e+00  3.351818e-01  0.000000e+00  0.000000e+00  -3.757971e-01  0.000000e+00  0.000000e+00  3.351818e-01  0.000000e+00  0.000000e+00  -3.757971e-01  0.000000e+00  0.000000e+00  3.351818e-01  2.151811e+00  1.822653e-02  8.931226e-01  0.000000e+00  0.000000e+00  3.351818e-01  0.000000e+00  0.000000e+00  -3.757971e-01  0.000000e+00  0.000000e+00  3.351818e-01  0.000000e+00  0.000000e+00  -3.757971e-01  0.000000e+00  0.000000e+00  3.351818e-01  
2.026339e+00  2.788053e-02  8.007987e-01  0.000000e+00  0.000000e+00  3.419779e-01  0.000000e+00  0.000000e+00  -3.753324e-01  0.000000e+00  0.000000e+00  3.419779e-01  0.000000e+00  0.000000e+00  -3.753324e-01  0.000000e+00  0.000000e+00  3.419779e-01  2.026339e+00  2.788053e-02  8.007987e-01  0.000000e+00  0.000000e+00  3.419779e-01  0.000000e+00  0.000000e+00  -3.753324e-01  0.000000e+00  0.000000e+00  3.419779e-01  0.000000e+00  0.000000e+00  -3.753324e-01  0.000000e+00  0.000000e+00  3.419779e-01  
2.173227e+00  1.799790e-02  8.822713e-01  0.000000e+00  0.000000e+00  2.609009e-01  0.000000e+00  0.000000e+00  -3.787615e-01  0.000000e+00  0.000000e+00  2.609009e-01  0.000000e+00  0.000000e+00  -3.787615e-01  0.000000e+00  0.000000e+00  2.609009e-01  2.173227e+00  1.799790e-02  8.822713e-01  0.000000e+00  0.000000e+00  2.609009e-01  0.000000e+00  0.000000e+00  -3.787615e-01  0.000000e+00  0.000000e+00  2.609009e-01  0.000000e+00  0.000000e+00  -3.787615e-01  0.000000e+00  0.000000e+00  2.609009e-01  
1.997760e+00  3.497415e-03  9.064540e-01  0.000000e+00  0.000000e+00  2.600816e-01  0.000000e+00  0.000000e+00  -3.539348e-01  0.000000e+00  0.000000e+00  2.600816e-01  0.000000e+00  0.000000e+00  -3.539348e-01  0.000000e+00  0.000000e+00  2.600816e-01  1.997760e+00  3.497415e-03  9.064540e-01  0.000000e+00  0.000000e+00  2.600816e-01  0.000000e+00  0.000000e+00  -3.539348e-01  0.000000e+00  0.000000e+00  2.600816e-01  0.000000e+00  0.000000e+00  -3.539348e-01  0.000000e+00  0.000000e+00  2.600816e-01  
2.070776e+00  6.128878e-03  8.850306e-01  0.000000e+00  0.000000e+00  2.531618e-01  0.000000e+00  0.000000e+00  -3.725770e-01  0.000000e+00  0.000000e+00  2.531618e-01  0.000000e+00  0.000000e+00  -3.725770e-01  0.000000e+00  0.000000e+00  2.531618e-01  2.070776e+00  6.128878e-03  8.850306e-01  0.000000e+00  0.000000e+00  2.531618e-01  0.000000e+00  0.000000e+00  -3.725770e-01  0.000000e+00  0.000000e+00  2.531618e-01  0.000000e+00  0.000000e+00  -3.725770e-01  0.000000e+00  0.000000e+00  2.531618e-01  
2.070413e+00  1.258811e-02  8.777595e-01  0.000000e+00  0.000000e+00  2.818842e-01  0.000000e+00  0.000000e+00  -3.550006e-01  0.000000e+00  0.000000e+00  2.818842e-01  0.000000e+00  0.000000e+00  -3.550006e-01  0.000000e+00  0.000000e+00  2.818842e-01  2.070413e+00  1.258811e-02  8.777595e-01  0.000000e+00  0.000000e+00  2.818842e-01  0.000000e+00  0.000000e+00  -3.550006e-01  0.000000e+00  0.000000e+00  2.818842e-01  0.000000e+00  0.000000e+00  -3.550006e-01  0.000000e+00  0.000000e+00  2.818842e-01  
2.059345e+00  9.381183e-03  8.734542e-01  0.000000e+00  0.000000e+00  2.826246e-01  0.000000e+00  0.000000e+00  -3.677889e-01  0.000000e+00  0.000000e+00  2.826246e-01  0.000000e+00  0.000000e+00  -3.677889e-01  0.000000e+00  0.000000e+00  2.826246e-01  2.059345e+00  9.381183e-03  8.734542e-01  0.000000e+00  0.000000e+00  2.826246e-01  0.000000e+00  0.000000e+00  -3.677889e-01  0.000000e+00  0.000000e+00  2.826246e-01  0.000000e+00  0.000000e+00  -3.677889e-01  0.000000e+00  0.000000e+00  2.826246e-01  
2.093391e+00  5.663920e-02  7.944726e-01  0.000000e+00  0.000000e+00  3.055409e-01  0.000000e+00  0.000000e+00  -3.653508e-01  0.000000e+00  0.000000e+00  3.055409e-01  0.000000e+00  0.000000e+00  -3.653508e-01  0.000000e+00  0.000000e+00  3.055409e-01  2.093391e+00  5.663920e-02  7.944726e-01  0.000000e+00  0.000000e+00  3.055409e-01  0.000000e+00  0.000000e+00  -3.653508e-01  0.000000e+00  0.000000e+00  3.055409e-01  0.000000e+00  0.000000e+00  -3.653508e-01  0.000000e+00  0.000000e+00  3.055409e-01  
2.155725e+00  1.816032e-03  9.208565e-01  0.000000e+00  0.000000e+00  2.707755e-01  0.000000e+00  0.000000e+00  -3.912446e-01  0.000000e+00  0.000000e+00  2.707755e-01  0.000000e+00  0.000000e+00  -3.912446e-01  0.000000e+00  0.000000e+00  2.707755e-01  2.155725e+00  1.816032e-03  9.208565e-01  0.000000e+00  0.000000e+00  2.707755e-01  0.000000e+00  0.000000e+00  -3.912446e-01  0.000000e+00  0.000000e+00  2.707755e-01  0.000000e+00  0.000000e+00  -3.912446e-01  0.000000e+00  0.000000e+00  2.707755e-01  
2.010443e+00  1.120143e-02  8.633334e-01  0.000000e+00  0.000000e+00  3.234109e-01  0.000000e+00  0.000000e+00  -3.690109e-01  0.000000e+00  0.000000e+00  3.234109e-01  0.000000e+00  0.000000e+00  -3.690109e-01  0.000000e+00  0.000000e+00  3.234109e-01  2.010443e+00  1.120143e-02  8.633334e-01  0.000000e+00  0.000000e+00  3.234109e-01  0.000000e+00  0.000000e+00  -3.690109e-01  0.000000e+00  0.000000e+00  3.234109e-01  0.000000e+00  0.000000e+00  -3.690109e-01  0.000000e+00  0.000000e+00  3.234109e-01  
2.000665e+00  1.212809e-02  8.700725e-01  0.000000e+00  0.000000e+00  2.295882e-01  0.000000e+00  0.000000e+00  -3.540996e-01  0.000000e+00  0.000000e+00  2.295882e-01  0.000000e+00  0.000000e+00  -3.540996e-01  0.000000e+00  0.000000e+00  2.295882e-01  2.000665e+00  1.212809e-02  8.700725e-01  0.000000e+00  0.000000e+00  2.295882e-01  0.000000e+00  0.000000e+00  -3.540996e-01  0.000000e+00  0.000000e+00  2.295882e-01  0.000000e+00  0.000000e+00  -3.540996e-01  0.000000e+00  0.000000e+00  2.295882e-01  
1.948564e+00  1.388268e-02  8.617393e-01  0.000000e+00  0.000000e+00  3.733758e-01  0.000000e+00  0.000000e+00  -3.585252e-01  0.000000e+00  0.000000e+00  3.733758e-01  0.000000e+00  0.000000e+00  -3.585252e-01  0.000000e+00  0.000000e+00  3.733758e-01  1.948564e+00  1.388268e-02  8.617393e-01  0.000000e+00  0.000000e+00  3.733758e-01  0.000000e+00  0.000000e+00  -3.585252e-01  0.000000e+00  0.000000e+00  3.733758e-01  0.000000e+00  0.000000e+00  -3.585252e-01  0.000000e+00  0.000000e+00  3.733758e-01  
2.057420e+00  1.813583e-02  8.637534e-01  0.000000e+00  0.000000e+00  3.074761e-01  0.000000e+00  0.000000e+00  -3.685771e-01  0.000000e+00  0.000000e+00  3.074761e-01  0.000000e+00  0.000000e+00  -3.685771e-01  0.000000e+00  0.000000e+00  3.074761e-01  2.057420e+00  1.813583e-02  8.637534e-01  0.000000e+00  0.000000e+00  3.074761e-01  0.000000e+00  0.000000e+00  -3.685771e-01  0.000000e+00  0.000000e+00  3.074761e-01  0.000000e+00  0.000000e+00  -3.685771e-01  0.000000e+00  0.000000e+00  3.074761e-01  
2.037421e+00  7.430898e-03  9.079346e-01  0.000000e+00  0.000000e+00  3.279105e-01  0.000000e+00  0.000000e+00  -3.667920e-01  0.000000e+00  0.000000e+00  3.279105e-01  0.000000e+00  0.000000e+00  -3.667920e-01  0.000000e+00  0.000000e+00  3.279105e-01  2.037421e+00  7.430898e-03  9.079346e-01  0.000000e+00  0.000000e+00  3.279105e-01  0.000000e+00  0.000000e+00  -3.667920e-01  0.000000e+00  0.000000e+00  3.279105e-01  0.000000e+00  0.000000e+00  -3.667920e-01  0.000000e+00  0.000000e+00  3.279105e-01  
1.939320e+00  2.416491e-03  8.758743e-01  0.000000e+00  0.000000e+00  2.637907e-01  0.000000e+00  0.000000e+00  -3.596482e-01  0.000000e+00  0.000000e+00  2.637907e-01  0.000000e+00  0.000000e+00  -3.596482e-01  0.000000e+00  0.000000e+00  2.637907e-01  1.939320e+00  2.416491e-03  8.758743e-01  0.000000e+00  0.000000e+00  2.637907e-01  0.000000e+00  0.000000e+00  -3.596482e-01  0.000000e+00  0.000000e+00  2.637907e-01  0.000000e+00  0.000000e+00  -3.596482e-01  0.000000e+00  0.000000e+00  2.637907e-01  
2.070616e+00  5.794001e-03  9.053873e-01  0.000000e+00  0.000000e+00  2.315395e-01  0.000000e+00  0.000000e+00  -3.577407e-01  0.000000e+00  0.000000e+00  2.315395e-01  0.000000e+00  0.000000e+00  -3.577407e-01  0.000000e+00  0.000000e+00  2.315395e-01  2.070616e+00  5.794001e-03  9.053873e-01  0.000000e+00  0.000000e+00  2.315395e-01  0.000000e+00  0.000000e+00  -3.577407e-01  0.000000e+00  0.000000e+00  2.315395e-01  0.000000e+00  0.000000e+00  -3.577407e-01  0.000000e+00  0.000000e+00  2.315395e-01  
2.190322e+00  4.127659e-02  8.433977e-01  0.000000e+00  0.000000e+00  3.681541e-01  0.000000e+00  0.000000e+00  -3.776108e-01  0.000000e+00  0.000000e+00  3.681541e-01  0.000000e+00  0.000000e+00  -3.776108e-01  0.000000e+00  0.000000e+00  3.681541e-01  2.190322e+00  4.127659e-02  8.433977e-01  0.000000e+00  0.000000e+00  3.681541e-01  0.000000e+00  0.000000e+00  -3.776108e-01  0.000000e+00  0.000000e+00  3.681541e-01  0.000000e+00  0.000000e+00  -3.776108e-01  0.000000e+00  0.000000e+00  3.681541e-01  
2.080884e+00  6.289546e-03  9.087309e-01  0.000000e+00  0.000000e+00  2.658333e-01  0.000000e+00  0.000000e+00  -3.707168e-01  0.000000e+00  0.000000e+00  2.658333e-01  0.000000e+00  0.000000e+00  -3.707168e-01  0.000000e+00  0.000000e+00  2.658333e-01  2.080884e+00  6.289546e-03  9.087309e-01  0.000000e+00  0.000000e+00  2.658333e-01  0.000000e+00  0.000000e+00  -3.707168e-01  0.000000e+00  0.000000e+00  2.658333e-01  0.000000e+00  0.000000e+00  -3.707168e-01  0.000000e+00  0.000000e+00  2.658333e-01  
1.973313e+00  8.989991e-03  8.617906e-01  0.000000e+00  0.000000e+00  2.767620e-01  0.000000e+00  0.000000e+00  -3.618894e-01  0.000000e+00  0.000000e+00  2.767620e-01  0.000000e+00  0.000000e+00  -3.618894e-01  0.000000e+00  0.000000e+00  2.767620e-01  1.973313e+00  8.989991e-03  8.617906e-01  0.000000e+00  0.000000e+00  2.767620e-01  0.000000e+00  0.000000e+00  -3.618894e-01  0.000000e+00  0.000000e+00  2.767620e-01  0.000000e+00  0.000000e+00  -3.618894e-01  0.000000e+00  0.000000e+00  2.767620e-01  
1.919987e+00  3.387300e-02  7.366233e-01  0.000000e+00  0.000000e+00  2.275131e-01  0.000000e+00  0.000000e+00  -3.563156e-01  0.000000e+00  0.000000e+00  2.275131e-01  0.000000e+00  0.000000e+00  -3.563156e-01  0.000000e+00  0.000000e+00  2.275131e-01  1.919987e+00  3.387300e-02  7.366233e-01  0.000000e+00  0.000000e+00  2.275131e-01  0.000000e+00  0.000000e+00  -3.563156e-01  0.000000e+00  0.000000e+00  2.275131e-01  0.000000e+00  0.000000e+00  -3.563156e-01  0.000000e+00  0.000000e+00  2.275131e-01  
2.027426e+00  4.043761e-02  8.102211e-01  0.000000e+00  0.000000e+00  3.076222e-01  0.000000e+00  0.000000e+00  -3.488489e-01  0.000000e+00  0.000000e+00  3.076222e-01  0.000000e+00  0.000000e+00  -3.488489e-01  0.000000e+00  0.000000e+00  3.076222e-01  2.027426e+00  4.043761e-02  8.102211e-01  0.000000e+00  0.000000e+00  3.076222e-01  0.000000e+00  0.000000e+00  -3.488489e-01  0.000000e+00  0.000000e+00  3.076222e-01  0.000000e+00  0.000000e+00  -3.488489e-01  0.000000e+00  0.000000e+00  3.076222e-01  
2.215295e+00  6.175382e-02  7.857938e-01  0.000000e+00  0.000000e+00  2.655553e-01  0.000000e+00  0.000000e+00  -3.685413e-01  0.000000e+00  0.000000e+00  2.655553e-01  0.000000e+00  0.000000e+00  -3.685413e-01  0.000000e+00  0.000000e+00  2.655553e-01  2.215295e+00  6.175382e-02  7.857938e-01  0.000000e+00  0.000000e+00  2.655553e-01  0.000000e+00  0.000000e+00  -3.685413e-01  0.000000e+00  0.000000e+00  2.655553e-01  0.000000e+00  0.000000e+00  -3.685413e-01  0.000000e+00  0.000000e+00  2.655553e-01  
1.833587e+00  3.515743e-02  7.456998e-01  0.000000e+00  0.000000e+00  3.334944e-01  0.000000e+00  0.000000e+00  -3.469706e-01  0.000000e+00  0.000000e+00  3.334944e-01  0.000000e+00  0.000000e+00  -3.469706e-01  0.000000e+00  0.000000e+00  3.334944e-01  1.833587e+00  3.515743e-02  7.456998e-01  0.000000e+00  0.000000e+00  3.334944e-01  0.000000e+00  0.000000e+00  -3.469706e-01  0.000000e+00  0.000000e+00  3.334944e-01  0.000000e+00  0.000000e+00  -3.469706e-01  0.000000e+00  0.000000e+00  3.334944e-01  
2.060935e+00  2.890758e-02  8.457286e-01  0.000000e+00  0.000000e+00  3.409739e-01  0.000000e+00  0.000000e+00  -3.655040e-01  0.000000e+00  0.000000e+00  3.409739e-01  0.000000e+00  0.000000e+00  -3.655040e-01  0.000000e+00  0.000000e+00  3.409739e-01  2.060935e+00  2.890758e-02  8.457286e-01  0.000000e+00  0.000000e+00  3.409739e-01  0.000000e+00  0.000000e+00  -3.655040e-01  0.000000e+00  0.000000e+00  3.409739e-01  0.000000e+00  0.000000e+00  -3.655040e-01  0.000000e+00  0.000000e+00  3.409739e-01  
1.996121e+00  4.104299e-02  7.674068e-01  0.000000e+00  0.000000e+00  3.972827e-01  0.000000e+00  0.000000e+00  -3.804553e-01  0.000000e+00  0.000000e+00  3.972827e-01  0.000000e+00  0.000000e+00  -3.804553e-01  0.000000e+00  0.000000e+00  3.972827e-01  1.996121e+00  4.104299e-02  7.674068e-01  0.000000e+00  0.000000e+00  3.972827e-01  0.000000e+00  0.000000e+00  -3.804553e-01  0.000000e+00  0.000000e+00  3.972827e-01  0.000000e+00  0.000000e+00  -3.804553e-01  0.000000e+00  0.000000e+00  3.972827e-01  
2.144793e+00  3.495599e-02  8.402202e-01  0.000000e+00  0.000000e+00  2.877740e-01  0.000000e+00  0.000000e+00  -3.754061e-01  0.000000e+00  0.000000e+00  2.877740e-01  0.000000e+00  0.000000e+00  -3.754061e-01  0.000000e+00  0.000000e+00  2.877740e-01  2.144793e+00  3.495599e-02  8.402202e-01  0.000000e+00  0.000000e+00  2.877740e-01  0.000000e+00  0.000000e+00  -3.754061e-01  0.000000e+00  0.000000e+00  2.877740e-01  0.000000e+00  0.000000e+00  -3.754061e-01  0.000000e+00  0.000000e+00  2.877740e-01  
1.881928e+00  1.237347e-02  7.705135e-01  0.000000e+00  0.000000e+00  2.529061e-01  0.000000e+00  0.000000e+00  -3.626506e-01  0.000000e+00  0.000000e+00  2.529061e-01  0.000000e+00  0.000000e+00  -3.626506e-01  0.000000e+00  0.000000e+00  2.529061e-01  1.881928e+00  1.237347e-02  7.705135e-01  0.000000e+00  0.000000e+00  2.529061e-01  0.000000e+00  0.000000e+00  -3.626506e-01  0.000000e+00  0.000000e+00  2.529061e-01  0.000000e+00  0.000000e+00  -3.626506e-01  0.000000e+00  0.000000e+00  2.529061e-01  
2.145650e+00  2.552000e-02  8.384000e-01  0.000000e+00  0.000000e+00  2.951114e-01  0.000000e+00  0.000000e+00  -3.778180e-01  0.000000e+00  0.000000e+00  2.951114e-01  0.000000e+00  0.000000e+00  -3.778180e-01  0.000000e+00  0.000000e+00  2.951114e-01  2.145650e+00  2.552000e-02  8.384000e-01  0.000000e+00  0.000000e+00  2.951114e-01  0.000000e+00  0.000000e+00  -3.778180e-01  0.000000e+00  0.000000e+00  2.951114e-01  0.000000e+00  0.000000e+00  -3.778180e-01  0.000000e+00  0.000000e+00  2.951114e-01  
2.095485e+00  2.632612e-02  7.759195e-01  0.000000e+00  0.000000e+00  2.702951e-01  0.000000e+00  0.000000e+00  -3.873152e-01  0.000000e+00  0.000000e+00  2.702951e-01  0.000000e+00  0.000000e+00  -3.873152e-01  0.000000e+00  0.000000e+00  2.702951e-01  2.095485e+00  2.632612e-02  7.759195e-01  0.000000e+00  0.000000e+00  2.702951e-01  0.000000e+00  0.000000e+00  -3.873152e-01  0.000000e+00  0.000000e+00  2.702951e-01  0.000000e+00  0.000000e+00  -3.873152e-01  0.000000e+00  0.000000e+00  2.702951e-01  
2.085500e+00  6.357312e-03  8.692370e-01  0.000000e+00  0.000000e+00  3.763448e-01  0.000000e+00  0.000000e+00  -3.924695e-01  0.000000e+00  0.000000e+00  3.763448e-01  0.000000e+00  0.000000e+00  -3.924695e-01  0.000000e+00  0.000000e+00  3.763448e-01  2.085500e+00  6.357312e-03  8.692370e-01  0.000000e+00  0.000000e+00  3.763448e-01  0.000000e+00  0.000000e+00  -3.924695e-01  0.000000e+00  0.000000e+00  3.763448e-01  0.000000e+00  0.000000e+00  -3.924695e-01  0.000000e+00  0.000000e+00  3.763448e-01  
1.912101e+00  2.713940e-02  8.032678e-01  0.000000e+00  0.000000e+00  3.532814e-01  0.000000e+00  0.000000e+00  -3.594567e-01  0.000000e+00  0.000000e+00  3.532814e-01  0.000000e+00  0.000000e+00  -3.594567e-01  0.000000e+00  0.000000e+00  3.532814e-01  1.912101e+00  2.713940e-02  8.032678e-01  0.000000e+00  0.000000e+00  3.532814e-01  0.000000e+00  0.000000e+00  -3.594567e-01  0.000000e+00  0.000000e+00  3.532814e-01  0.000000e+00  0.000000e+00  -3.594567e-01  0.000000e+00  0.000000e+00  3.532814e-01  
2.032485e+00  5.873251e-03  8.549246e-01  0.000000e+00  0.000000e+00  2.941150e-01  0.000000e+00  0.000000e+00  -3.770365e-01  0.000000e+00  0.000000e+00  2.941150e-01  0.000000e+00  0.000000e+00  -3.770365e-01  0.000000e+00  0.000000e+00  2.941150e-01  2.032485e+00  5.873251e-03  8.549246e-01  0.000000e+00  0.000000e+00  2.941150e-01  0.000000e+00  0.000000e+00  -3.770365e-01  0.000000e+00  0.000000e+00  2.941150e-01  0.000000e+00  0.000000e+00  -3.770365e-01  0.000000e+00  0.000000e+00  2.941150e-01  
2.140843e+00  7.503258e-02  7.546293e-01  0.000000e+00  0.000000e+00  2.916093e-01  0.000000e+00  0.000000e+00  -3.690129e-01  0.000000e+00  0.000000e+00  2.916093e-01  0.000000e+00  0.000000e+00  -3.690129e-01  0.000000e+00  0.000000e+00  2.916093e-01  2.140843e+00  7.503258e-02  7.546293e-01  0.000000e+00  0.000000e+00  2.916093e-01  0.000000e+00  0.000000e+00  -3.690129e-01  0.000000e+00  0.000000e+00  2.916093e-01  0.000000e+00  0.000000e+00  -3.690129e-01  0.000000e+00  0.000000e+00  2.916093e-01  
2.335592e+00  1.435836e-01  6.918209e-01  0.000000e+00  0.000000e+00  2.312964e-01  0.000000e+00  0.000000e+00  -3.812909e-01  0.000000e+00  0.000000e+00  2.312964e-01  0.000000e+00  0.000000e+00  -3.812909e-01  0.000000e+00  0.000000e+00  2.312964e-01  2.335592e+00  1.435836e-01  6.918209e-01  0.000000e+00  0.000000e+00  2.312964e-01  0.000000e+00  0.000000e+00  -3.812909e-01  0.000000e+00  0.000000e+00  2.312964e-01  0.000000e+00  0.000000e+00  -3.812909e-01  0.000000e+00  0.000000e+00  2.312964e-01  
2.146613e+00  4.252909e-02  8.047762e-01  0.000000e+00  0.000000e+00  2.919436e-01  0.000000e+00  0.000000e+00  -3.690351e-01  0.000000e+00  0.000000e+00  2.919436e-01  0.000000e+00  0.000000e+00  -3.690351e-01  0.000000e+00  0.000000e+00  2.919436e-01  2.146613e+00  4.252909e-02  8.047762e-01  0.000000e+00  0.000000e+00  2.919436e-01  0.000000e+00  0.000000e+00  -3.690351e-01  0.000000e+00  0.000000e+00  2.919436e-01  0.000000e+00  0.000000e+00  -3.690351e-01  0.000000e+00  0.000000e+00  2.919436e-01  
2.334780e+00  4.065820e-02  8.353584e-01  0.000000e+00  0.000000e+00  2.864447e-01  0.000000e+00  0.000000e+00  -3.929138e-01  0.000000e+00  0.000000e+00  2.864447e-01  0.000000e+00  0.000000e+00  -3.929138e-01  0.000000e+00  0.000000e+00  2.864447e-01  2.334780e+00  4.065820e-02  8.353584e-01  0.000000e+00  0.000000e+00  2.864447e-01  0.000000e+00  0.000000e+00  -3.929138e-01  0.000000e+00  0.000000e+00  2.864447e-01  0.000000e+00  0.000000e+00  -3.929138e-01  0.000000e+00  0.000000e+00  2.864447e-01  
1.914389e+00  2.401998e-02  7.837196e-01  0.000000e+00  0.000000e+00  2.472449e-01  0.000000e+00  0.000000e+00  -3.530106e-01  0.000000e+00  0.000000e+00  2.472449e-01  0.000000e+00  0.000000e+00  -3.530106e-01  0.000000e+00  0.000000e+00  2.472449e-01  1.914389e+00  2.401998e-02  7.837196e-01  0.000000e+00  0.000000e+00  2.472449e-01  0.000000e+00  0.000000e+00  -3.530106e-01  0.000000e+00  0.000000e+00  2.472449e-01  0.000000e+00  0.000000e+00  -3.530106e-01  0.000000e+00  0.000000e+00  2.472449e-01  
2.112915e+00  1.794535e-02  8.695232e-01  0.000000e+00  0.000000e+00  3.519693e-01  0.000000e+00  0.000000e+00  -3.709736e-01  0.000000e+00  0.000000e+00  3.519693e-01  0.000000e+00  0.000000e+00  -3.709736e-01  0.000000e+00  0.000000e+00  3.519693e-01  2.112915e+00  1.794535e-02  8.695232e-01  0.000000e+00  0.000000e+00  3.519693e-01  0.000000e+00  0.000000e+00  -3.709736e-01  0.000000e+00  0.000000e+00  3.519693e-01  0.000000e+00  0.000000e+00  -3.709736e-01  0.000000e+00  0.000000e+00  3.519693e-01  
1.994937e+00  8.714051e-03  8.846556e-01  0.000000e+00  0.000000e+00  2.858079e-01  0.000000e+00  0.000000e+00  -3.557431e-01  0.000000e+00  0.000000e+00  2.858079e-01  0.000000e+00  0.000000e+00  -3.557431e-01  0.000000e+00  0.000000e+00  2.858079e-01  1.994937e+00  8.714051e-03  8.846556e-01  0.000000e+00  0.000000e+00  2.858079e-01  0.000000e+00  0.000000e+00  -3.557431e-01  0.000000e+00  0.000000e+00  2.858079e-01  0.000000e+00  0.000000e+00  -3.557431e-01  0.000000e+00  0.000000e+00  2.858079e-01  
2.208700e+00  9.529870e-02  7.123426e-01  0.000000e+00  0.000000e+00  2.706836e-01  0.000000e+00  0.000000e+00  -3.851890e-01  0.000000e+00  0.000000e+00  2.706836e-01  0.000000e+00  0.000000e+00  -3.851890e-01  0.000000e+00  0.000000e+00  2.706836e-01  2.208700e+00  9.529870e-02  7.123426e-01  0.000000e+00  0.000000e+00  2.706836e-01  0.000000e+00  0.000000e+00  -3.851890e-01  0.000000e+00  0.000000e+00  2.706836e-01  0.000000e+00  0.000000e+00  -3.851890e-01  0.000000e+00  0.000000e+00  2.706836e-01  
2.003168e+00  4.936658e-02  7.484882e-01  0.000000e+00  0.000000e+00  2.379916e-01  0.000000e+00  0.000000e+00  -3.575261e-01  0.000000e+00  0.000000e+00  2.379916e-01  0.000000e+00  0.000000e+00  -3.575261e-01  0.000000e+00  0.000000e+00  2.379916e-01  2.003168e+00  4.936658e-02  7.484882e-01  0.000000e+00  0.000000e+00  2.379916e-01  0.000000e+00  0.000000e+00  -3.575261e-01  0.000000e+00  0.000000e+00  2.379916e-01  0.000000e+00  0.000000e+00  -3.575261e-01  0.000000e+00  0.000000e+00  2.379916e-01  
2.278565e+00  4.955814e-02  8.381319e-01  0.000000e+00  0.000000e+00  2.558664e-01  0.000000e+00  0.000000e+00  -3.815020e-01  0.000000e+00  0.000000e+00  2.558664e-01  0.000000e+00  0.000000e+00  -3.815020e-01  0.000000e+00  0.000000e+00  2.558664e-01  2.278565e+00  4.955814e-02  8.381319e-01  0.000000e+00  0.000000e+00  2.558664e-01  0.000000e+00  0.000000e+00  -3.815020e-01  0.000000e+00  0.000000e+00  2.558664e-01  0.000000e+00  0.000000e+00  -3.815020e-01  0.000000e+00  0.000000e+00  2.558664e-01  
1.934588e+00  3.614889e-03  8.465495e-01  0.000000e+00  0.000000e+00  3.166472e-01  0.000000e+00  0.000000e+00  -3.677091e-01  0.000000e+00  0.000000e+00  3.166472e-01  0.000000e+00  0.000000e+00  -3.677091e-01  0.000000e+00  0.000000e+00  3.166472e-01  1.934588e+00  3.614889e-03  8.465495e-01  0.000000e+00  0.000000e+00  3.166472e-01  0.000000e+00  0.000000e+00  -3.677091e-01  0.000000e+00  0.000000e+00  3.166472e-01  0.000000e+00  0.000000e+00  -3.677091e-01  0.000000e+00  0.000000e+00  3.166472e-01  
2.096997e+00  2.140116e-03  9.205136e-01  0.000000e+00  0.000000e+00  3.824779e-01  0.000000e+00  0.000000e+00  -3.832583e-01  0.000000e+00  0.000000e+00  3.824779e-01  0.000000e+00  0.000000e+00  -3.832583e-01  0.000000e+00  0.000000e+00  3.824779e-01  2.096997e+00  2.140116e-03  9.205136e-01  0.000000e+00  0.000000e+00  3.824779e-01  0.000000e+00  0.000000e+00  -3.832583e-01  0.000000e+00  0.000000e+00  3.824779e-01  0.000000e+00  0.000000e+00  -3.832583e-01  0.000000e+00  0.000000e+00  3.824779e-01  
2.279555e+00  1.040221e-02  9.179845e-01  0.000000e+00  0.000000e+00  3.038995e-01  0.000000e+00  0.000000e+00  -3.962517e-01  0.000000e+00  0.000000e+00  3.038995e-01  0.000000e+00  0.000000e+00  -3.962517e-01  0.000000e+00  0.000000e+00  3.038995e-01  2.279555e+00  1.040221e-02  9.179845e-01  0.000000e+00  0.000000e+00  3.038995e-01  0.000000e+00  0.000000e+00  -3.962517e-01  0.000000e+00  0.000000e+00  3.038995e-01  0.000000e+00  0.000000e+00  -3.962517e-01  0.000000e+00  0.000000e+00  3.038995e-01  
2.141579e+00  1.148841e-02  8.709328e-01  0.000000e+00  0.000000e+00  2.372508e-01  0.000000e+00  0.000000e+00  -3.832212e-01  0.000000e+00  0.000000e+00  2.372508e-01  0.000000e+00  0.000000e+00  -3.832212e-01  0.000000e+00  0.000000e+00  2.372508e-01  2.141579e+00  1.148841e-02  8.709328e-01  0.000000e+00  0.000000e+00  2.372508e-01  0.000000e+00  0.000000e+00  -3.832212e-01  0.000000e+00  0.000000e+00  2.372508e-01  0.000000e+00  0.000000e+00  -3.832212e-01  0.000000e+00  0.000000e+00  2.372508e-01  
2.184994e+00  3.071886e-03  9.393943e-01  0.000000e+00  0.000000e+00  2.925203e-01  0.000000e+00  0.000000e+00  -3.897346e-01  0.000000e+00  0.000000e+00  2.925203e-01  0.000000e+00  0.000000e+00  -3.897346e-01  0.000000e+00  0.000000e+00  2.925203e-01  2.184994e+00  3.071886e-03  9.393943e-01  0.000000e+00  0.000000e+00  2.925203e-01  0.000000e+00  0.000000e+00  -3.897346e-01  0.000000e+00  0.000000e+00  2.925203e-01  0.000000e+00  0.000000e+00  -3.897346e-01  0.000000e+00  0.000000e+00  2.925203e-01  
2.148182e+00  4.086782e-02  8.314986e-01  0.000000e+00  0.000000e+00  3.442214e-01  0.000000e+00  0.000000e+00  -3.666719e-01  0.000000e+00  0.000000e+00  3.442214e-01  0.000000e+00  0.000000e+00  -3.666719e-01  0.000000e+00  0.000000e+00  3.442214e-01  2.148182e+00  4.086782e-02  8.314986e-01  0.000000e+00  0.000000e+00  3.442214e-01  0.000000e+00  0.000000e+00  -3.666719e-01  0.000000e+00  0.000000e+00  3.442214e-01  0.000000e+00  0.000000e+00  -3.666719e-01  0.000000e+00  0.000000e+00  3.442214e-01  
1.874521e+00  1.084472e-02  8.263834e-01  0.000000e+00  0.000000e+00  3.064656e-01  0.000000e+00  0.000000e+00  -3.419834e-01  0.000000e+00  0.000000e+00  3.064656e-01  0.000000e+00  0.000000e+00  -3.419834e-01  0.000000e+00  0.000000e+00  3.064656e-01  1.874521e+00  1.084472e-02  8.263834e-01  0.000000e+00  0.000000e+00  3.064656e-01  0.000000e+00  0.000000e+00  -3.419834e-01  0.000000e+00  0.000000e+00  3.064656e-01  0.000000e+00  0.000000e+00  -3.419834e-01  0.000000e+00  0.000000e+00  3.064656e-01  
2.012751e+00  1.538193e-02  8.288078e-01  0.000000e+00  0.000000e+00  2.193369e-01  0.000000e+00  0.000000e+00  -3.628542e-01  0.000000e+00  0.000000e+00  2.193369e-01  0.000000e+00  0.000000e+00  -3.628542e-01  0.000000e+00  0.000000e+00  2.193369e-01  2.012751e+00  1.538193e-02  8.288078e-01  0.000000e+00  0.000000e+00  2.193369e-01  0.000000e+00  0.000000e+00  -3.628542e-01  0.000000e+00  0.000000e+00  2.193369e-01  0.000000e+00  0.000000e+00  -3.628542e-01  0.000000e+00  0.000000e+00  2.193369e-01  
2.121687e+00  4.216035e-02  8.359459e-01  0.000000e+00  0.000000e+00  2.977140e-01  0.000000e+00  0.000000e+00  -3.643418e-01  0.000000e+00  0.000000e+00  2.977140e-01  0.000000e+00  0.000000e+00  -3.643418e-01  0.000000e+00  0.000000e+00  2.977140e-01  2.121687e+00  4.216035e-02  8.359459e-01  0.000000e+00  0.000000e+00  2.977140e-01  0.000000e+00  0.000000e+00  -3.643418e-01  0.000000e+00  0.000000e+00  2.977140e-01  0.000000e+00  0.000000e+00  -3.643418e-01  0.000000e+00  0.000000e+00  2.977140e-01  
1.975198e+00  1.114698e-02  8.749194e-01  0.000000e+00  0.000000e+00  3.230456e-01  0.000000e+00  0.000000e+00  -3.646374e-01  0.000000e+00  0.000000e+00  3.230456e-01  0.000000e+00  0.000000e+00  -3.646374e-01  0.000000e+00  0.000000e+00  3.230456e-01  1.975198e+00  1.114698e-02  8.749194e-01  0.000000e+00  0.000000e+00  3.230456e-01  0.000000e+00  0.000000e+00  -3.646374e-01  0.000000e+00  0.000000e+00  3.230456e-01  0.000000e+00  0.000000e+00  -3.646374e-01  0.000000e+00  0.000000e+00  3.230456e-01  
2.041610e+00  5.171891e-03  8.936656e-01  0.000000e+00  0.000000e+00  2.751025e-01  0.000000e+00  0.000000e+00  -3.706894e-01  0.000000e+00  0.000000e+00  2.751025e-01  0.000000e+00  0.000000e+00  -3.706894e-01  0.000000e+00  0.000000e+00  2.751025e-01  2.041610e+00  5.171891e-03  8.936656e-01  0.000000e+00  0.000000e+00  2.751025e-01  0.000000e+00  0.000000e+00  -3.706894e-01  0.000000e+00  0.000000e+00  2.751025e-01  0.000000e+00  0.000000e+00  -3.706894e-01  0.000000e+00  0.000000e+00  2.751025e-01  
2.151725e+00  5.414600e-02  8.052517e-01  0.000000e+00  0.000000e+00  2.572674e-01  0.000000e+00  0.000000e+00  -3.663681e-01  0.000000e+00  0.000000e+00  2.572674e-01  0.000000e+00  0.000000e+00  -3.663681e-01  0.000000e+00  0.000000e+00  2.572674e-01  2.151725e+00  5.414600e-02  8.052517e-01  0.000000e+00  0.000000e+00  2.572674e-01  0.000000e+00  0.000000e+00  -3.663681e-01  0.000000e+00  0.000000e+00  2.572674e-01  0.000000e+00  0.000000e+00  -3.663681e-01  0.000000e+00  0.000000e+00  2.572674e-01  
1.809188e+00  2.140330e-03  8.429064e-01  0.000000e+00  0.000000e+00  3.691563e-01  0.000000e+00  0.000000e+00  -3.469343e-01  0.000000e+00  0.000000e+00  3.691563e-01  0.000000e+00  0.000000e+00  -3.469343e-01  0.000000e+00  0.000000e+00  3.691563e-01  1.809188e+00  2.140330e-03  8.429064e-01  0.000000e+00  0.000000e+00  3.691563e-01  0.000000e+00  0.000000e+00  -3.469343e-01  0.000000e+00  0.000000e+00  3.691563e-01  0.000000e+00  0.000000e+00  -3.469343e-01  0.000000e+00  0.000000e+00  3.691563e-01  
1.890540e+00  1.671258e-02  7.862864e-01  0.000000e+00  0.000000e+00  3.579662e-01  0.000000e+00  0.000000e+00  -3.706348e-01  0.000000e+00  0.000000e+00  3.579662e-01  0.000000e+00  0.000000e+00  -3.706348e-01  0.000000e+00  0.000000e+00  3.579662e-01  1.890540e+00  1.671258e-02  7.862864e-01  0.000000e+00  0.000000e+00  3.579662e-01  0.000000e+00  0.000000e+00  -3.706348e-01  0.000000e+00  0.000000e+00  3.579662e-01  0.000000e+00  0.000000e+00  -3.706348e-01  0.000000e+00  0.000000e+00  3.579662e-01  
2.175989e+00  5.464519e-02  8.306595e-01  0.000000e+00  0.000000e+00  3.254738e-01  0.000000e+00  0.000000e+00  -3.624017e-01  0.000000e+00  0.000000e+00  3.254738e-01  0.000000e+00  0.000000e+00  -3.624017e-01  0.000000e+00  0.000000e+00  3.254738e-01  2.175989e+00  5.464519e-02  8.306595e-01  0.000000e+00  0.000000e+00  3.254738e-01  0.000000e+00  0.000000e+00  -3.624017e-01  0.000000e+00  0.000000e+00  3.254738e-01  0.000000e+00  0.000000e+00  -3.624017e-01  0.000000e+00  0.000000e+00  3.254738e-01  
2.015459e+00  2.396206e-02  8.619583e-01  0.000000e+00  0.000000e+00  3.850272e-01  0.000000e+00  0.000000e+00  -3.752502e-01  0.000000e+00  0.000000e+00  3.850272e-01  0.000000e+00  0.000000e+00  -3.752502e-01  0.000000e+00  0.000000e+00  3.850272e-01  2.015459e+00  2.396206e-02  8.619583e-01  0.000000e+00  0.000000e+00  3.850272e-01  0.000000e+00  0.000000e+00  -3.752502e-01  0.000000e+00  0.000000e+00  3.850272e-01  0.000000e+00  0.000000e+00  -3.752502e-01  0.000000e+00  0.000000e+00  3.850272e-01  
2.175207e+00  2.147192e-02  8.333611e-01  0.000000e+00  0.000000e+00  2.516480e-01  0.000000e+00  0.000000e+00  -3.869558e-01  0.000000e+00  0.000000e+00  2.516480e-01  0.000000e+00  0.000000e+00  -3.869558e-01  0.000000e+00  0.000000e+00  2.516480e-01  2.175207e+00  2.147192e-02  8.333611e-01  0.000000e+00  0.000000e+00  2.516480e-01  0.000000e+00  0.000000e+00  -3.869558e-01  0.000000e+00  0.000000e+00  2.516480e-01  0.000000e+00  0.000000e+00  -3.869558e-01  0.000000e+00  0.000000e+00  2.516480e-01  
2.101254e+00  2.962507e-02  8.507860e-01  0.000000e+00  0.000000e+00  2.916186e-01  0.000000e+00  0.000000e+00  -3.581591e-01  0.000000e+00  0.000000e+00  2.916186e-01  0.000000e+00  0.000000e+00  -3.581591e-01  0.000000e+00  0.000000e+00  2.916186e-01  2.101254e+00  2.962507e-02  8.507860e-01  0.000000e+00  0.000000e+00  2.916186e-01  0.000000e+00  0.000000e+00  -3.581591e-01  0.000000e+00  0.000000e+00  2.916186e-01  0.000000e+00  0.000000e+00  -3.581591e-01  0.000000e+00  0.000000e+00  2.916186e-01  
1.956447e+00  6.695141e-02  7.256570e-01  0.000000e+00  0.000000e+00  2.912378e-01  0.000000e+00  0.000000e+00  -3.448699e-01  0.000000e+00  0.000000e+00  2.912378e-01  0.000000e+00  0.000000e+00  -3.448699e-01  0.000000e+00  0.000000e+00  2.912378e-01  1.956447e+00  6.695141e-02  7.256570e-01  0.000000e+00  0.000000e+00  2.912378e-01  0.000000e+00  0.000000e+00  -3.448699e-01  0.000000e+00  0.000000e+00  2.912378e-01  0.000000e+00  0.000000e+00  -3.448699e-01  0.000000e+00  0.000000e+00  2.912378e-01  
2.321465e+00  1.084461e-01  7.471371e-01  0.000000e+00  0.000000e+00  3.093730e-01  0.000000e+00  0.000000e+00  -3.887169e-01  0.000000e+00  0.000000e+00  3.093730e-01  0.000000e+00  0.000000e+00  -3.887169e-01  0.000000e+00  0.000000e+00  3.093730e-01  2.321465e+00  1.084461e-01  7.471371e-01  0.000000e+00  0.000000e+00  3.093730e-01  0.000000e+00  0.000000e+00  -3.887169e-01  0.000000e+00  0.000000e+00  3.093730e-01  0.000000e+00  0.000000e+00  -3.887169e-01  0.000000e+00  0.000000e+00  3.093730e-01  
2.124582e+00  1.564745e-02  8.954459e-01  0.000000e+00  0.000000e+00  3.183447e-01  0.000000e+00  0.000000e+00  -3.680419e-01  0.000000e+00  0.000000e+00  3.183447e-01  0.000000e+00  0.000000e+00  -3.680419e-01  0.000000e+00  0.000000e+00  3.183447e-01  2.124582e+00  1.564745e-02  8.954459e-01  0.000000e+00  0.000000e+00  3.183447e-01  0.000000e+00  0.000000e+00  -3.680419e-01  0.000000e+00  0.000000e+00  3.183447e-01  0.000000e+00  0.000000e+00  -3.680419e-01  0.000000e+00  0.000000e+00  3.183447e-01  
2.122850e+00  1.015443e-01  6.861618e-01  0.000000e+00  0.000000e+00  2.401077e-01  0.000000e+00  0.000000e+00  -3.700745e-01  0.000000e+00  0.000000e+00  2.401077e-01  0.000000e+00  0.000000e+00  -3.700745e-01  0.000000e+00  0.000000e+00  2.401077e-01  2.122850e+00  1.015443e-01  6.861618e-01  0.000000e+00  0.000000e+00  2.401077e-01  0.000000e+00  0.000000e+00  -3.700745e-01  0.000000e+00  0.000000e+00  2.401077e-01  0.000000e+00  0.000000e+00  -3.700745e-01  0.000000e+00  0.000000e+00  2.401077e-01  
2.131515e+00  1.540590e-02  8.337983e-01  0.000000e+00  0.000000e+00  3.038855e-01  0.000000e+00  0.000000e+00  -3.861627e-01  0.000000e+00  0.000000e+00  3.038855e-01  0.000000e+00  0.000000e+00  -3.861627e-01  0.000000e+00  0.000000e+00  3.038855e-01  2.131515e+00  1.540590e-02  8.337983e-01  0.000000e+00  0.000000e+00  3.038855e-01  0.000000e+00  0.000000e+00  -3.861627e-01  0.000000e+00  0.000000e+00  3.038855e-01  0.000000e+00  0.000000e+00  -3.861627e-01  0.000000e+00  0.000000e+00  3.038855e-01  
2.233118e+00  9.194482e-02  7.623045e-01  0.000000e+00  0.000000e+00  2.300462e-01  0.000000e+00  0.000000e+00  -3.710995e-01  0.000000e+00  0.000000e+00  2.300462e-01  0.000000e+00  0.000000e+00  -3.710995e-01  0.000000e+00  0.000000e+00  2.300462e-01  2.233118e+00  9.194482e-02  7.623045e-01  0.000000e+00  0.000000e+00  2.300462e-01  0.000000e+00  0.000000e+00  -3.710995e-01  0.000000e+00  0.000000e+00  2.300462e-01  0.000000e+00  0.000000e+00  -3.710995e-01  0.000000e+00  0.000000e+00  2.300462e-01  
1.936139e+00  5.375768e-02  7.364045e-01  0.000000e+00  0.000000e+00  2.728710e-01  0.000000e+00  0.000000e+00  -3.490172e-01  0.000000e+00  0.000000e+00  2.728710e-01  0.000000e+00  0.000000e+00  -3.490172e-01  0.000000e+00  0.000000e+00  2.728710e-01  1.936139e+00  5.375768e-02  7.364045e-01  0.000000e+00  0.000000e+00  2.728710e-01  0.000000e+00  0.000000e+00  -3.490172e-01  0.000000e+00  0.000000e+00  2.728710e-01  0.000000e+00  0.000000e+00  -3.490172e-01  0.000000e+00  0.000000e+00  2.728710e-01  
2.174401e+00  3.147702e-02  8.128402e-01  0.000000e+00  0.000000e+00  2.651312e-01  0.000000e+00  0.000000e+00  -3.821973e-01  0.000000e+00  0.000000e+00  2.651312e-01  0.000000e+00  0.000000e+00  -3.821973e-01  0.000000e+00  0.000000e+00  2.651312e-01  2.174401e+00  3.147702e-02  8.128402e-01  0.000000e+00  0.000000e+00  2.651312e-01  0.000000e+00  0.000000e+00  -3.821973e-01  0.000000e+00  0.000000e+00  2.651312e-01  0.000000e+00  0.000000e+00  -3.821973e-01  0.000000e+00  0.000000e+00  2.651312e-01  
2.206208e+00  2.894895e-02  8.690256e-01  0.000000e+00  0.000000e+00  2.897691e-01  0.000000e+00  0.000000e+00  -3.867087e-01  0.000000e+00  0.000000e+00  2.897691e-01  0.000000e+00  0.000000e+00  -3.867087e-01  0.000000e+00  0.000000e+00  2.897691e-01  2.206208e+00  2.894895e-02  8.690256e-01  0.000000e+00  0.000000e+00  2.897691e-01  0.000000e+00  0.000000e+00  -3.867087e-01  0.000000e+00  0.000000e+00  2.897691e-01  0.000000e+00  0.000000e+00  -3.867087e-01  0.000000e+00  0.000000e+00  2.897691e-01  
1.976503e+00  2.622336e-02  7.919952e-01  0.000000e+00  0.000000e+00  2.826967e-01  0.000000e+00  0.000000e+00  -3.669240e-01  0.000000e+00  0.000000e+00  2.826967e-01  0.000000e+00  0.000000e+00  -3.669240e-01  0.000000e+00  0.000000e+00  2.826967e-01  1.976503e+00  2.622336e-02  7.919952e-01  0.000000e+00  0.000000e+00  2.826967e-01  0.000000e+00  0.000000e+00  -3.669240e-01  0.000000e+00  0.000000e+00  2.826967e-01  0.000000e+00  0.000000e+00  -3.669240e-01  0.000000e+00  0.000000e+00  2.826967e-01  
1.890507e+00  3.141140e-03  8.099288e-01  0.000000e+00  0.000000e+00  2.689117e-01  0.000000e+00  0.000000e+00  -3.652880e-01  0.000000e+00  0.000000e+00  2.689117e-01  0.000000e+00  0.000000e+00  -3.652880e-01  0.000000e+00  0.000000e+00  2.689117e-01  1.890507e+00  3.141140e-03  8.099288e-01  0.000000e+00  0.000000e+00  2.689117e-01  0.000000e+00  0.000000e+00  -3.652880e-01  0.000000e+00  0.000000e+00  2.689117e-01  0.000000e+00  0.000000e+00  -3.652880e-01  0.000000e+00  0.000000e+00  2.689117e-01  
2.175699e+00  6.400336e-02  8.058115e-01  0.000000e+00  0.000000e+00  2.625473e-01  0.000000e+00  0.000000e+00  -3.645685e-01  0.000000e+00  0.000000e+00  2.625473e-01  0.000000e+00  0.000000e+00  -3.645685e-01  0.000000e+00  0.000000e+00  2.625473e-01  2.175699e+00  6.400336e-02  8.058115e-01  0.000000e+00  0.000000e+00  2.625473e-01  0.000000e+00  0.000000e+00  -3.645685e-01  0.000000e+00  0.000000e+00  2.625473e-01  0.000000e+00  0.000000e+00  -3.645685e-01  0.000000e+00  0.000000e+00  2.625473e-01  
1.947473e+00  5.797700e-03  8.719432e-01  0.000000e+00  0.000000e+00  2.758931e-01  0.000000e+00  0.000000e+00  -3.530090e-01  0.000000e+00  0.000000e+00  2.758931e-01  0.000000e+00  0.000000e+00  -3.530090e-01  0.000000e+00  0.000000e+00  2.758931e-01  1.947473e+00  5.797700e-03  8.719432e-01  0.000000e+00  0.000000e+00  2.758931e-01  0.000000e+00  0.000000e+00  -3.530090e-01  0.000000e+00  0.000000e+00  2.758931e-01  0.000000e+00  0.000000e+00  -3.530090e-01  0.000000e+00  0.000000e+00  2.758931e-01  
2.201147e+00  8.240951e-02  7.443811e-01  0.000000e+00  0.000000e+00  2.429867e-01  0.000000e+00  0.000000e+00  -3.745686e-01  0.000000e+00  0.000000e+00  2.429867e-01  0.000000e+00  0.000000e+00  -3.745686e-01  0.000000e+00  0.000000e+00  2.429867e-01  2.201147e+00  8.240951e-02  7.443811e-01  0.000000e+00  0.000000e+00  2.429867e-01  0.000000e+00  0.000000e+00  -3.745686e-01  0.000000e+00  0.000000e+00  2.429867e-01  0.000000e+00  0.000000e+00  -3.745686e-01  0.000000e+00  0.000000e+00  2.429867e-01  
2.157001e+00  5.531439e-02  8.333417e-01  0.000000e+00  0.000000e+00  4.035823e-01  0.000000e+00  0.000000e+00  -3.791543e-01  0.000000e+00  0.000000e+00  4.035823e-01  0.000000e+00  0.000000e+00  -3.791543e-01  0.000000e+00  0.000000e+00  4.035823e-01  2.157001e+00  5.531439e-02  8.333417e-01  0.000000e+00  0.000000e+00  4.035823e-01  0.000000e+00  0.000000e+00  -3.791543e-01  0.000000e+00  0.000000e+00  4.035823e-01  0.000000e+00  0.000000e+00  -3.791543e-01  0.000000e+00  0.000000e+00  4.035823e-01  
2.165441e+00  1.611415e-02  8.442141e-01  0.000000e+00  0.000000e+00  2.685779e-01  0.000000e+00  0.000000e+00  -3.854433e-01  0.000000e+00  0.000000e+00  2.685779e-01  0.000000e+00  0.000000e+00  -3.854433e-01  0.000000e+00  0.000000e+00  2.685779e-01  2.165441e+00  1.611415e-02  8.442141e-01  0.000000e+00  0.000000e+00  2.685779e-01  0.000000e+00  0.000000e+00  -3.854433e-01  0.000000e+00  0.000000e+00  2.685779e-01  0.000000e+00  0.000000e+00  -3.854433e-01  0.000000e+00  0.000000e+00  2.685779e-01  
2.376858e+00  1.863259e-01  6.470586e-01  0.000000e+00  0.000000e+00  2.260346e-01  0.000000e+00  0.000000e+00  -3.876885e-01  0.000000e+00  0.000000e+00  2.260346e-01  0.000000e+00  0.000000e+00  -3.876885e-01  0.000000e+00  0.000000e+00  2.260346e-01  2.376858e+00  1.863259e-01  6.470586e-01  0.000000e+00  0.000000e+00  2.260346e-01  0.000000e+00  0.000000e+00  -3.876885e-01  0.000000e+00  0.000000e+00  2.260346e-01  0.000000e+00  0.000000e+00  -3.876885e-01  0.000000e+00  0.000000e+00  2.260346e-01  
2.158969e+00  2.155564e-02  8.698865e-01  0.000000e+00  0.000000e+00  2.558712e-01  0.000000e+00  0.000000e+00  -3.800104e-01  0.000000e+00  0.000000e+00  2.558712e-01  0.000000e+00  0.000000e+00  -3.800104e-01  0.000000e+00  0.000000e+00  2.558712e-01  2.158969e+00  2.155564e-02  8.698865e-01  0.000000e+00  0.000000e+00  2.558712e-01  0.000000e+00  0.000000e+00  -3.800104e-01  0.000000e+00  0.000000e+00  2.558712e-01  0.000000e+00  0.000000e+00  -3.800104e-01  0.000000e+00  0.000000e+00  2.558712e-01  
2.014314e+00  5.150007e-02  7.323130e-01  0.000000e+00  0.000000e+00  2.742493e-01  0.000000e+00  0.000000e+00  -3.737127e-01  0.000000e+00  0.000000e+00  2.742493e-01  0.000000e+00  0.000000e+00  -3.737127e-01  0.000000e+00  0.000000e+00  2.742493e-01  2.014314e+00  5.150007e-02  7.323130e-01  0.000000e+00  0.000000e+00  2.742493e-01  0.000000e+00  0.000000e+00  -3.737127e-01  0.000000e+00  0.000000e+00  2.742493e-01  0.000000e+00  0.000000e+00  -3.737127e-01  0.000000e+00  0.000000e+00  2.742493e-01  
2.106454e+00  1.348474e-02  8.510823e-01  0.000000e+00  0.000000e+00  2.498480e-01  0.000000e+00  0.000000e+00  -3.805789e-01  0.000000e+00  0.000000e+00  2.498480e-01  0.000000e+00  0.000000e+00  -3.805789e-01  0.000000e+00  0.000000e+00  2.498480e-01  2.106454e+00  1.348474e-02  8.510823e-01  0.000000e+00  0.000000e+00  2.498480e-01  0.000000e+00  0.000000e+00  -3.805789e-01  0.000000e+00  0.000000e+00  2.498480e-01  0.000000e+00  0.000000e+00  -3.805789e-01  0.000000e+00  0.000000e+00  2.498480e-01  
1.956607e+00  5.957660e-03  8.671930e-01  0.000000e+00  0.000000e+00  3.400176e-01  0.000000e+00  0.000000e+00  -3.703399e-01  0.000000e+00  0.000000e+00  3.400176e-01  0.000000e+00  0.000000e+00  -3.703399e-01  0.000000e+00  0.000000e+00  3.400176e-01  1.956607e+00  5.957660e-03  8.671930e-01  0.000000e+00  0.000000e+00  3.400176e-01  0.000000e+00  0.000000e+00  -3.703399e-01  0.000000e+00  0.000000e+00  3.400176e-01  0.000000e+00  0.000000e+00  -3.703399e-01  0.000000e+00  0.000000e+00  3.400176e-01  
1.961108e+00  9.235880e-04  8.738604e-01  0.000000e+00  0.000000e+00  3.271448e-01  0.000000e+00  0.000000e+00  -3.720622e-01  0.000000e+00  0.000000e+00  3.271448e-01  0.000000e+00  0.000000e+00  -3.720622e-01  0.000000e+00  0.000000e+00  3.271448e-01  1.961108e+00  9.235880e-04  8.738604e-01  0.000000e+00  0.000000e+00  3.271448e-01  0.000000e+00  0.000000e+00  -3.720622e-01  0.000000e+00  0.000000e+00  3.271448e-01  0.000000e+00  0.000000e+00  -3.720622e-01  0.000000e+00  0.000000e+00  3.271448e-01  
2.004707e+00  1.994010e-02  8.694065e-01  0.000000e+00  0.000000e+00  2.932093e-01  0.000000e+00  0.000000e+00  -3.459062e-01  0.000000e+00  0.000000e+00  2.932093e-01  0.000000e+00  0.000000e+00  -3.459062e-01  0.000000e+00  0.000000e+00  2.932093e-01  2.004707e+00  1.994010e-02  8.694065e-01  0.000000e+00  0.000000e+00  2.932093e-01  0.000000e+00  0.000000e+00  -3.459062e-01  0.000000e+00  0.000000e+00  2.932093e-01  0.000000e+00  0.000000e+00  -3.459062e-01  0.000000e+00  0.000000e+00  2.932093e-01  
2.204468e+00  1.680313e-02  9.024670e-01  0.000000e+00  0.000000e+00  2.974720e-01  0.000000e+00  0.000000e+00  -3.754714e-01  0.000000e+00  0.000000e+00  2.974720e-01  0.000000e+00  0.000000e+00  -3.754714e-01  0.000000e+00  0.000000e+00  2.974720e-01  2.204468e+00  1.680313e-02  9.024670e-01  0.000000e+00  0.000000e+00  2.974720e-01  0.000000e+00  0.000000e+00  -3.754714e-01  0.000000e+00  0.000000e+00  2.974720e-01  0.000000e+00  0.000000e+00  -3.754714e-01  0.000000e+00  0.000000e+00  2.974720e-01  
2.100979e+00  1.918785e-02  8.766346e-01  0.000000e+00  0.000000e+00  2.799233e-01  0.000000e+00  0.000000e+00  -3.561063e-01  0.000000e+00  0.000000e+00  2.799233e-01  0.000000e+00  0.000000e+00  -3.561063e-01  0.000000e+00  0.000000e+00  2.799233e-01  2.100979e+00  1.918785e-02  8.766346e-01  0.000000e+00  0.000000e+00  2.799233e-01  0.000000e+00  0.000000e+00  -3.561063e-01  0.000000e+00  0.000000e+00  2.799233e-01  0.000000e+00  0.000000e+00  -3.561063e-01  0.000000e+00  0.000000e+00  2.799233e-01  
2.011794e+00  3.185304e-02  8.048877e-01  0.000000e+00  0.000000e+00  3.500049e-01  0.000000e+00  0.000000e+00  -3.660848e-01  0.000000e+00  0.000000e+00  3.500049e-01  0.000000e+00  0.000000e+00  -3.660848e-01  0.000000e+00  0.000000e+00  3.500049e-01  2.011794e+00  3.185304e-02  8.048877e-01  0.000000e+00  0.000000e+00  3.500049e-01  0.000000e+00  0.000000e+00  -3.660848e-01  0.000000e+00  0.000000e+00  3.500049e-01  0.000000e+00  0.000000e+00  -3.660848e-01  0.000000e+00  0.000000e+00  3.500049e-01  
2.047365e+00  2.504670e-02  8.497607e-01  0.000000e+00  0.000000e+00  3.456722e-01  0.000000e+00  0.000000e+00  -3.661008e-01  0.000000e+00  0.000000e+00  3.456722e-01  0.000000e+00  0.000000e+00  -3.661008e-01  0.000000e+00  0.000000e+00  3.456722e-01  2.047365e+00  2.504670e-02  8.497607e-01  0.000000e+00  0.000000e+00  3.456722e-01  0.000000e+00  0.000000e+00  -3.661008e-01  0.000000e+00  0.000000e+00  3.456722e-01  0.000000e+00  0.000000e+00  -3.661008e-01  0.000000e+00  0.000000e+00  3.456722e-01  
2.023963e+00  3.445728e-02  8.050588e-01  0.000000e+00  0.000000e+00  3.061927e-01  0.000000e+00  0.000000e+00  -3.728943e-01  0.000000e+00  0.000000e+00  3.061927e-01  0.000000e+00  0.000000e+00  -3.728943e-01  0.000000e+00  0.000000e+00  3.061927e-01  2.023963e+00  3.445728e-02  8.050588e-01  0.000000e+00  0.000000e+00  3.061927e-01  0.000000e+00  0.000000e+00  -3.728943e-01  0.000000e+00  0.000000e+00  3.061927e-01  0.000000e+00  0.000000e+00  -3.728943e-01  0.000000e+00  0.000000e+00  3.061927e-01  
2.089986e+00  7.622344e-03  8.564464e-01  0.000000e+00  0.000000e+00  2.588019e-01  0.000000e+00  0.000000e+00  -3.765884e-01  0.000000e+00  0.000000e+00  2.588019e-01  0.000000e+00  0.000000e+00  -3.765884e-01  0.000000e+00  0.000000e+00  2.588019e-01  2.089986e+00  7.622344e-03  8.564464e-01  0.000000e+00  0.000000e+00  2.588019e-01  0.000000e+00  0.000000e+00  -3.765884e-01  0.000000e+00  0.000000e+00  2.588019e-01  0.000000e+00  0.000000e+00  -3.765884e-01  0.000000e+00  0.000000e+00  2.588019e-01  
2.036224e+00  1.808596e-02  8.368209e-01  0.000000e+00  0.000000e+00  2.893240e-01  0.000000e+00  0.000000e+00  -3.689688e-01  0.000000e+00  0.000000e+00  2.893240e-01  0.000000e+00  0.000000e+00  -3.689688e-01  0.000000e+00  0.000000e+00  2.893240e-01  2.036224e+00  1.808596e-02  8.368209e-01  0.000000e+00  0.000000e+00  2.893240e-01  0.000000e+00  0.000000e+00  -3.689688e-01  0.000000e+00  0.000000e+00  2.893240e-01  0.000000e+00  0.000000e+00  -3.689688e-01  0.000000e+00  0.000000e+00  2.893240e-01  
2.257703e+00  5.619923e-02  8.203277e-01  0.000000e+00  0.000000e+00  3.002526e-01  0.000000e+00  0.000000e+00  -3.873652e-01  0.000000e+00  0.000000e+00  3.002526e-01  0.000000e+00  0.000000e+00  -3.873652e-01  0.000000e+00  0.000000e+00  3.002526e-01  2.257703e+00  5.619923e-02  8.203277e-01  0.000000e+00  0.000000e+00  3.002526e-01  0.000000e+00  0.000000e+00  -3.873652e-01  0.000000e+00  0.000000e+00  3.002526e-01  0.000000e+00  0.000000e+00  -3.873652e-01  0.000000e+00  0.000000e+00  3.002526e-01  
2.073626e+00  4.578476e-02  7.566437e-01  0.000000e+00  0.000000e+00  3.217402e-01  0.000000e+00  0.000000e+00  -3.860462e-01  0.000000e+00  0.000000e+00  3.217402e-01  0.000000e+00  0.000000e+00  -3.860462e-01  0.000000e+00  0.000000e+00  3.217402e-01  2.073626e+00  4.578476e-02  7.566437e-01  0.000000e+00  0.000000e+00  3.217402e-01  0.000000e+00  0.000000e+00  -3.860462e-01  0.000000e+00  0.000000e+00  3.217402e-01  0.000000e+00  0.000000e+00  -3.860462e-01  0.000000e+00  0.000000e+00  3.217402e-01  
2.206328e+00  7.097019e-02  7.635060e-01  0.000000e+00  0.000000e+00  3.573468e-01  0.000000e+00  0.000000e+00  -3.857169e-01  0.000000e+00  0.000000e+00  3.573468e-01  0.000000e+00  0.000000e+00  -3.857169e-01  0.000000e+00  0.000000e+00  3.573468e-01  2.206328e+00  7.097019e-02  7.635060e-01  0.000000e+00  0.000000e+00  3.573468e-01  0.000000e+00  0.000000e+00  -3.857169e-01  0.000000e+00  0.000000e+00  3.573468e-01  0.000000e+00  0.000000e+00  -3.857169e-01  0.000000e+00  0.000000e+00  3.573468e-01  
1.924202e+00  8.383000e-03  8.658718e-01  0.000000e+00  0.000000e+00  3.115340e-01  0.000000e+00  0.000000e+00  -3.486865e-01  0.000000e+00  0.000000e+00  3.115340e-01  0.000000e+00  0.000000e+00  -3.486865e-01  0.000000e+00  0.000000e+00  3.115340e-01  1.924202e+00  8.383000e-03  8.658718e-01  0.000000e+00  0.000000e+00  3.115340e-01  0.000000e+00  0.000000e+00  -3.486865e-01  0.000000e+00  0.000000e+00  3.115340e-01  0.000000e+00  0.000000e+00  -3.486865e-01  0.000000e+00  0.000000e+00  3.115340e-01  
2.210327e+00  3.002334e-02  8.653629e-01  0.000000e+00  0.000000e+00  3.483928e-01  0.000000e+00  0.000000e+00  -3.821525e-01  0.000000e+00  0.000000e+00  3.483928e-01  0.000000e+00  0.000000e+00  -3.821525e-01  0.000000e+00  0.000000e+00  3.483928e-01  2.210327e+00  3.002334e-02  8.653629e-01  0.000000e+00  0.000000e+00  3.483928e-01  0.000000e+00  0.000000e+00  -3.821525e-01  0.000000e+00  0.000000e+00  3.483928e-01  0.000000e+00  0.000000e+00  -3.821525e-01  0.000000e+00  0.000000e+00  3.483928e-01  
2.107433e+00  8.175785e-03  9.121474e-01  0.000000e+00  0.000000e+00  3.218060e-01  0.000000e+00  0.000000e+00  -3.774438e-01  0.000000e+00  0.000000e+00  3.218060e-01  0.000000e+00  0.000000e+00  -3.774438e-01  0.000000e+00  0.000000e+00  3.218060e-01  2.107433e+00  8.175785e-03  9.121474e-01  0.000000e+00  0.000000e+00  3.218060e-01  0.000000e+00  0.000000e+00  -3.774438e-01  0.000000e+00  0.000000e+00  3.218060e-01  0.000000e+00  0.000000e+00  -3.774438e-01  0.000000e+00  0.000000e+00  3.218060e-01  
2.017096e+00  1.574249e-02  8.364598e-01  0.000000e+00  0.000000e+00  3.214284e-01  0.000000e+00  0.000000e+00  -3.702499e-01  0.000000e+00  0.000000e+00  3.214284e-01  0.000000e+00  0.000000e+00  -3.702499e-01  0.000000e+00  0.000000e+00  3.214284e-01  2.017096e+00  1.574249e-02  8.364598e-01  0.000000e+00  0.000000e+00  3.214284e-01  0.000000e+00  0.000000e+00  -3.702499e-01  0.000000e+00  0.000000e+00  3.214284e-01  0.000000e+00  0.000000e+00  -3.702499e-01  0.000000e+00  0.000000e+00  3.214284e-01  
2.285953e+00  4.529550e-02  8.350608e-01  0.000000e+00  0.000000e+00  2.361522e-01  0.000000e+00  0.000000e+00  -3.781575e-01  0.000000e+00  0.000000e+00  2.361522e-01  0.000000e+00  0.000000e+00  -3.781575e-01  0.000000e+00  0.000000e+00  2.361522e-01  2.285953e+00  4.529550e-02  8.350608e-01  0.000000e+00  0.000000e+00  2.361522e-01  0.000000e+00  0.000000e+00  -3.781575e-01  0.000000e+00  0.000000e+00  2.361522e-01  0.000000e+00  0.000000e+00  -3.781575e-01  0.000000e+00  0.000000e+00  2.361522e-01  
2.224350e+00  5.756496e-02  7.885673e-01  0.000000e+00  0.000000e+00  2.662121e-01  0.000000e+00  0.000000e+00  -3.912040e-01  0.000000e+00  0.000000e+00  2.662121e-01  0.000000e+00  0.000000e+00  -3.912040e-01  0.000000e+00  0.000000e+00  2.662121e-01  2.224350e+00  5.756496e-02  7.885673e-01  0.000000e+00  0.000000e+00  2.662121e-01  0.000000e+00  0.000000e+00  -3.912040e-01  0.000000e+00  0.000000e+00  2.662121e-01  0.000000e+00  0.000000e+00  -3.912040e-01  0.000000e+00  0.000000e+00  2.662121e-01  
2.087692e+00  5.768784e-03  9.157394e-01  0.000000e+00  0.000000e+00  2.420798e-01  0.000000e+00  0.000000e+00  -3.634820e-01  0.000000e+00  0.000000e+00  2.420798e-01  0.000000e+00  0.000000e+00  -3.634820e-01  0.000000e+00  0.000000e+00  2.420798e-01  2.087692e+00  5.768784e-03  9.157394e-01  0.000000e+00  0.000000e+00  2.420798e-01  0.000000e+00  0.000000e+00  -3.634820e-01  0.000000e+00  0.000000e+00  2.420798e-01  0.000000e+00  0.000000e+00  -3.634820e-01  0.000000e+00  0.000000e+00  2.420798e-01  
2.159822e+00  3.105580e-02  8.064131e-01  0.000000e+00  0.000000e+00  2.983902e-01  0.000000e+00  0.000000e+00  -3.857316e-01  0.000000e+00  0.000000e+00  2.983902e-01  0.000000e+00  0.000000e+00  -3.857316e-01  0.000000e+00  0.000000e+00  2.983902e-01  2.159822e+00  3.105580e-02  8.064131e-01  0.000000e+00  0.000000e+00  2.983902e-01  0.000000e+00  0.000000e+00  -3.857316e-01  0.000000e+00  0.000000e+00  2.983902e-01  0.000000e+00  0.000000e+00  -3.857316e-01  0.000000e+00  0.000000e+00  2.983902e-01  
2.161667e+00  6.275007e-02  7.555084e-01  0.000000e+00  0.000000e+00  2.462833e-01  0.000000e+00  0.000000e+00  -3.815255e-01  0.000000e+00  0.000000e+00  2.462833e-01  0.000000e+00  0.000000e+00  -3.815255e-01  0.000000e+00  0.000000e+00  2.462833e-01  2.161667e+00  6.275007e-02  7.555084e-01  0.000000e+00  0.000000e+00  2.462833e-01  0.000000e+00  0.000000e+00  -3.815255e-01  0.000000e+00  0.000000e+00  2.462833e-01  0.000000e+00  0.000000e+00  -3.815255e-01  0.000000e+00  0.000000e+00  2.462833e-01  
2.059664e+00  3.407466e-02  7.993335e-01  0.000000e+00  0.000000e+00  2.871456e-01  0.000000e+00  0.000000e+00  -3.726694e-01  0.000000e+00  0.000000e+00  2.871456e-01  0.000000e+00  0.000000e+00  -3.726694e-01  0.000000e+00  0.000000e+00  2.871456e-01  2.059664e+00  3.407466e-02  7.993335e-01  0.000000e+00  0.000000e+00  2.871456e-01  0.000000e+00  0.000000e+00  -3.726694e-01  0.000000e+00  0.000000e+00  2.871456e-01  0.000000e+00  0.000000e+00  -3.726694e-01  0.000000e+00  0.000000e+00  2.871456e-01  
1.964130e+00  1.453805e-02  8.067418e-01  0.000000e+00  0.000000e+00  3.606907e-01  0.000000e+00  0.000000e+00  -3.769452e-01  0.000000e+00  0.000000e+00  3.606907e-01  0.000000e+00  0.000000e+00  -3.769452e-01  0.000000e+00  0.000000e+00  3.606907e-01  1.964130e+00  1.453805e-02  8.067418e-01  0.000000e+00  0.000000e+00  3.606907e-01  0.000000e+00  0.000000e+00  -3.769452e-01  0.000000e+00  0.000000e+00  3.606907e-01  0.000000e+00  0.000000e+00  -3.769452e-01  0.000000e+00  0.000000e+00  3.606907e-01  
1.939398e+00  3.166587e-02  7.681853e-01  0.000000e+00  0.000000e+00  2.740908e-01  0.000000e+00  0.000000e+00  -3.601953e-01  0.000000e+00  0.000000e+00  2.740908e-01  0.000000e+00  0.000000e+00  -3.601953e-01  0.000000e+00  0.000000e+00  2.740908e-01  1.939398e+00  3.166587e-02  7.681853e-01  0.000000e+00  0.000000e+00  2.740908e-01  0.000000e+00  0.000000e+00  -3.601953e-01  0.000000e+00  0.000000e+00  2.740908e-01  0.000000e+00  0.000000e+00  -3.601953e-01  0.000000e+00  0.000000e+00  2.740908e-01  
2.190492e+00  9.469946e-03  8.780618e-01  0.000000e+00  0.000000e+00  2.788002e-01  0.000000e+00  0.000000e+00  -3.846225e-01  0.000000e+00  0.000000e+00  2.788002e-01  0.000000e+00  0.000000e+00  -3.846225e-01  0.000000e+00  0.000000e+00  2.788002e-01  2.190492e+00  9.469946e-03  8.780618e-01  0.000000e+00  0.000000e+00  2.788002e-01  0.000000e+00  0.000000e+00  -3.846225e-01  0.000000e+00  0.000000e+00  2.788002e-01  0.000000e+00  0.000000e+00  -3.846225e-01  0.000000e+00  0.000000e+00  2.788002e-01  
1.975059e+00  1.506052e-02  7.757260e-01  0.000000e+00  0.000000e+00  2.492634e-01  0.000000e+00  0.000000e+00  -3.682932e-01  0.000000e+00  0.000000e+00  2.492634e-01  0.000000e+00  0.000000e+00  -3.682932e-01  0.000000e+00  0.000000e+00  2.492634e-01  1.975059e+00  1.506052e-02  7.757260e-01  0.000000e+00  0.000000e+00  2.492634e-01  0.000000e+00  0.000000e+00  -3.682932e-01  0.000000e+00  0.000000e+00  2.492634e-01  0.000000e+00  0.000000e+00  -3.682932e-01  0.000000e+00  0.000000e+00  2.492634e-01  
2.100658e+00  7.491131e-03  9.084798e-01  0.000000e+00  0.000000e+00  2.473062e-01  0.000000e+00  0.000000e+00  -3.683429e-01  0.000000e+00  0.000000e+00  2.473062e-01  0.000000e+00  0.000000e+00  -3.683429e-01  0.000000e+00  0.000000e+00  2.473062e-01  2.100658e+00  7.491131e-03  9.084798e-01  0.000000e+00  0.000000e+00  2.473062e-01  0.000000e+00  0.000000e+00  -3.683429e-01  0.000000e+00  0.000000e+00  2.473062e-01  0.000000e+00  0.000000e+00  -3.683429e-01  0.000000e+00  0.000000e+00  2.473062e-01  
2.132624e+00  4.195326e-02  8.119592e-01  0.000000e+00  0.000000e+00  2.744242e-01  0.000000e+00  0.000000e+00  -3.629366e-01  0.000000e+00  0.000000e+00  2.744242e-01  0.000000e+00  0.000000e+00  -3.629366e-01  0.000000e+00  0.000000e+00  2.744242e-01  2.132624e+00  4.195326e-02  8.119592e-01  0.000000e+00  0.000000e+00  2.744242e-01  0.000000e+00  0.000000e+00  -3.629366e-01  0.000000e+00  0.000000e+00  2.744242e-01  0.000000e+00  0.000000e+00  -3.629366e-01  0.000000e+00  0.000000e+00  2.744242e-01  
2.021641e+00  1.221784e-02  8.623778e-01  0.000000e+00  0.000000e+00  3.052914e-01  0.000000e+00  0.000000e+00  -3.661443e-01  0.000000e+00  0.000000e+00  3.052914e-01  0.000000e+00  0.000000e+00  -3.661443e-01  0.000000e+00  0.000000e+00  3.052914e-01  2.021641e+00  1.221784e-02  8.623778e-01  0.000000e+00  0.000000e+00  3.052914e-01  0.000000e+00  0.000000e+00  -3.661443e-01  0.000000e+00  0.000000e+00  3.052914e-01  0.000000e+00  0.000000e+00  -3.661443e-01  0.000000e+00  0.000000e+00  3.052914e-01  
2.069758e+00  3.649839e-02  7.999380e-01  0.000000e+00  0.000000e+00  3.319591e-01  0.000000e+00  0.000000e+00  -3.844926e-01  0.000000e+00  0.000000e+00  3.319591e-01  0.000000e+00  0.000000e+00  -3.844926e-01  0.000000e+00  0.000000e+00  3.319591e-01  2.069758e+00  3.649839e-02  7.999380e-01  0.000000e+00  0.000000e+00  3.319591e-01  0.000000e+00  0.000000e+00  -3.844926e-01  0.000000e+00  0.000000e+00  3.319591e-01  0.000000e+00  0.000000e+00  -3.844926e-01  0.000000e+00  0.000000e+00  3.319591e-01  
2.001720e+00  4.438422e-02  7.570894e-01  0.000000e+00  0.000000e+00  2.330089e-01  0.000000e+00  0.000000e+00  -3.604662e-01  0.000000e+00  0.000000e+00  2.330089e-01  0.000000e+00  0.000000e+00  -3.604662e-01  0.000000e+00  0.000000e+00  2.330089e-01  2.001720e+00  4.438422e-02  7.570894e-01  0.000000e+00  0.000000e+00  2.330089e-01  0.000000e+00  0.000000e+00  -3.604662e-01  0.000000e+00  0.000000e+00  2.330089e-01  0.000000e+00  0.000000e+00  -3.604662e-01  0.000000e+00  0.000000e+00  2.330089e-01  
1.989595e+00  9.895533e-03  8.759573e-01  0.000000e+00  0.000000e+00  2.629268e-01  0.000000e+00  0.000000e+00  -3.429108e-01  0.000000e+00  0.000000e+00  2.629268e-01  0.000000e+00  0.000000e+00  -3.429108e-01  0.000000e+00  0.000000e+00  2.629268e-01  1.989595e+00  9.895533e-03  8.759573e-01  0.000000e+00  0.000000e+00  2.629268e-01  0.000000e+00  0.000000e+00  -3.429108e-01  0.000000e+00  0.000000e+00  2.629268e-01  0.000000e+00  0.000000e+00  -3.429108e-01  0.000000e+00  0.000000e+00  2.629268e-01  
2.140804e+00  2.856807e-02  8.356444e-01  0.000000e+00  0.000000e+00  3.199269e-01  0.000000e+00  0.000000e+00  -3.772132e-01  0.000000e+00  0.000000e+00  3.199269e-01  0.000000e+00  0.000000e+00  -3.772132e-01  0.000000e+00  0.000000e+00  3.199269e-01  2.140804e+00  2.856807e-02  8.356444e-01  0.000000e+00  0.000000e+00  3.199269e-01  0.000000e+00  0.000000e+00  -3.772132e-01  0.000000e+00  0.000000e+00  3.199269e-01  0.000000e+00  0.000000e+00  -3.772132e-01  0.000000e+00  0.000000e+00  3.199269e-01  
2.030667e+00  1.599674e-03  8.709043e-01  0.000000e+00  0.000000e+00  2.553196e-01  0.000000e+00  0.000000e+00  -3.804175e-01  0.000000e+00  0.000000e+00  2.553196e-01  0.000000e+00  0.000000e+00  -3.804175e-01  0.000000e+00  0.000000e+00  2.553196e-01  2.030667e+00  1.599674e-03  8.709043e-01  0.000000e+00  0.000000e+00  2.553196e-01  0.000000e+00  0.000000e+00  -3.804175e-01  0.000000e+00  0.000000e+00  2.553196e-01  0.000000e+00  0.000000e+00  -3.804175e-01  0.000000e+00  0.000000e+00  2.553196e-01  
1.925535e+00  4.664043e-03  8.225018e-01  0.000000e+00  0.000000e+00  2.686457e-01  0.000000e+00  0.000000e+00  -3.567261e-01  0.000000e+00  0.000000e+00  2.686457e-01  0.000000e+00  0.000000e+00  -3.567261e-01  0.000000e+00  0.000000e+00  2.686457e-01  1.925535e+00  4.664043e-03  8.225018e-01  0.000000e+00  0.000000e+00  2.686457e-01  0.000000e+00  0.000000e+00  -3.567261e-01  0.000000e+00  0.000000e+00  2.686457e-01  0.000000e+00  0.000000e+00  -3.567261e-01  0.000000e+00  0.000000e+00  2.686457e-01  
2.175963e+00  4.957931e-02  7.834876e-01  0.000000e+00  0.000000e+00  2.577647e-01  0.000000e+00  0.000000e+00  -3.877797e-01  0.000000e+00  0.000000e+00  2.577647e-01  0.000000e+00  0.000000e+00  -3.877797e-01  0.000000e+00  0.000000e+00  2.577647e-01  2.175963e+00  4.957931e-02  7.834876e-01  0.000000e+00  0.000000e+00  2.577647e-01  0.000000e+00  0.000000e+00  -3.877797e-01  0.000000e+00  0.000000e+00  2.577647e-01  0.000000e+00  0.000000e+00  -3.877797e-01  0.000000e+00  0.000000e+00  2.577647e-01  
2.195756e+00  5.040976e-02  8.447334e-01  0.000000e+00  0.000000e+00  3.506475e-01  0.000000e+00  0.000000e+00  -3.734289e-01  0.000000e+00  0.000000e+00  3.506475e-01  0.000000e+00  0.000000e+00  -3.734289e-01  0.000000e+00  0.000000e+00  3.506475e-01  2.195756e+00  5.040976e-02  8.447334e-01  0.000000e+00  0.000000e+00  3.506475e-01  0.000000e+00  0.000000e+00  -3.734289e-01  0.000000e+00  0.000000e+00  3.506475e-01  0.000000e+00  0.000000e+00  -3.734289e-01  0.000000e+00  0.000000e+00  3.506475e-01  
1.811238e+00  1.204343e-02  7.906941e-01  0.000000e+00  0.000000e+00  2.828598e-01  0.000000e+00  0.000000e+00  -3.487976e-01  0.000000e+00  0.000000e+00  2.828598e-01  0.000000e+00  0.000000e+00  -3.487976e-01  0.000000e+00  0.000000e+00  2.828598e-01  1.811238e+00  1.204343e-02  7.906941e-01  0.000000e+00  0.000000e+00  2.828598e-01  0.000000e+00  0.000000e+00  -3.487976e-01  0.000000e+00  0.000000e+00  2.828598e-01  0.000000e+00  0.000000e+00  -3.487976e-01  0.000000e+00  0.000000e+00  2.828598e-01  
2.142341e+00  5.732425e-02  8.061304e-01  0.000000e+00  0.000000e+00  3.052958e-01  0.000000e+00  0.000000e+00  -3.630826e-01  0.000000e+00  0.000000e+00  3.052958e-01  0.000000e+00  0.000000e+00  -3.630826e-01  0.000000e+00  0.000000e+00  3.052958e-01  2.142341e+00  5.732425e-02  8.061304e-01  0.000000e+00  0.000000e+00  3.052958e-01  0.000000e+00  0.000000e+00  -3.630826e-01  0.000000e+00  0.000000e+00  3.052958e-01  0.000000e+00  0.000000e+00  -3.630826e-01  0.000000e+00  0.000000e+00  3.052958e-01  
2.035446e+00  1.737865e-02  8.693634e-01  0.000000e+00  0.000000e+00  3.474217e-01  0.000000e+00  0.000000e+00  -3.675991e-01  0.000000e+00  0.000000e+00  3.474217e-01  0.000000e+00  0.000000e+00  -3.675991e-01  0.000000e+00  0.000000e+00  3.474217e-01  2.035446e+00  1.737865e-02  8.693634e-01  0.000000e+00  0.000000e+00  3.474217e-01  0.000000e+00  0.000000e+00  -3.675991e-01  0.000000e+00  0.000000e+00  3.474217e-01  0.000000e+00  0.000000e+00  -3.675991e-01  0.000000e+00  0.000000e+00  3.474217e-01  
2.577532e+00  3.707444e-01  5.595137e-01  0.000000e+00  0.000000e+00  2.715866e-01  0.000000e+00  0.000000e+00  -3.857172e-01  0.000000e+00  0.000000e+00  2.715866e-01  0.000000e+00  0.000000e+00  -3.857172e-01  0.000000e+00  0.000000e+00  2.715866e-01  2.577532e+00  3.707444e-01  5.595137e-01  0.000000e+00  0.000000e+00  2.715866e-01  0.000000e+00  0.000000e+00  -3.857172e-01  0.000000e+00  0.000000e+00  2.715866e-01  0.000000e+00  0.000000e+00  -3.857172e-01  0.000000e+00  0.000000e+00  2.715866e-01  
2.573014e+00  3.614761e-01  5.598457e-01  0.000000e+00  0.000000e+00  2.817297e-01  0.000000e+00  0.000000e+00  -3.911435e-01  0.000000e+00  0.000000e+00  2.817297e-01  0.000000e+00  0.000000e+00  -3.911435e-01  0.000000e+00  0.000000e+00  2.817297e-01  2.573014e+00  3.614761e-01  5.598457e-01  0.000000e+00  0.000000e+00  2.817297e-01  0.000000e+00  0.000000e+00  -3.911435e-01  0.000000e+00  0.000000e+00  2.817297e-01  0.000000e+00  0.000000e+00  -3.911435e-01  0.000000e+00  0.000000e+00  2.817297e-01  
2.547879e+00  3.703687e-01  5.550104e-01  0.000000e+00  0.000000e+00  2.795815e-01  0.000000e+00  0.000000e+00  -3.871752e-01  0.000000e+00  0.000000e+00  2.795815e-01  0.000000e+00  0.000000e+00  -3.871752e-01  0.000000e+00  0.000000e+00  2.795815e-01  2.547879e+00  3.703687e-01  5.550104e-01  0.000000e+00  0.000000e+00  2.795815e-01  0.000000e+00  0.000000e+00  -3.871752e-01  0.000000e+00  0.000000e+00  2.795815e-01  0.000000e+00  0.000000e+00  -3.871752e-01  0.000000e+00  0.000000e+00  2.795815e-01  
2.580989e+00  3.675670e-01  5.587909e-01  0.000000e+00  0.000000e+00  2.671514e-01  0.000000e+00  0.000000e+00  -3.907015e-01  0.000000e+00  0.000000e+00  2.671514e-01  0.000000e+00  0.000000e+00  -3.907015e-01  0.000000e+00  0.000000e+00  2.671514e-01  2.580989e+00  3.675670e-01  5.587909e-01  0.000000e+00  0.000000e+00  2.671514e-01  0.000000e+00  0.000000e+00  -3.907015e-01  0.000000e+00  0.000000e+00  2.671514e-01  0.000000e+00  0.000000e+00  -3.907015e-01  0.000000e+00  0.000000e+00  2.671514e-01  
2.585600e+00  3.702559e-01  5.609845e-01  0.000000e+00  0.000000e+00  2.760824e-01  0.000000e+00  0.000000e+00  -3.914008e-01  0.000000e+00  0.000000e+00  2.760824e-01  0.000000e+00  0.000000e+00  -3.914008e-01  0.000000e+00  0.000000e+00  2.760824e-01  2.585600e+00  3.702559e-01  5.609845e-01  0.000000e+00  0.000000e+00  2.760824e-01  0.000000e+00  0.000000e+00  -3.914008e-01  0.000000e+00  0.000000e+00  2.760824e-01  0.000000e+00  0.000000e+00  -3.914008e-01  0.000000e+00  0.000000e+00  2.760824e-01  
2.563996e+00  3.641007e-01  5.535285e-01  0.000000e+00  0.000000e+00  2.687375e-01  0.000000e+00  0.000000e+00  -3.874668e-01  0.000000e+00  0.000000e+00  2.687375e-01  0.000000e+00  0.000000e+00  -3.874668e-01  0.000000e+00  0.000000e+00  2.687375e-01  2.563996e+00  3.641007e-01  5.535285e-01  0.000000e+00  0.000000e+00  2.687375e-01  0.000000e+00  0.000000e+00  -3.874668e-01  0.000000e+00  0.000000e+00  2.687375e-01  0.000000e+00  0.000000e+00  -3.874668e-01  0.000000e+00  0.000000e+00  2.687375e-01  
2.597288e+00  3.669244e-01  5.622050e-01  0.000000e+00  0.000000e+00  2.779190e-01  0.000000e+00  0.000000e+00  -3.883325e-01  0.000000e+00  0.000000e+00  2.779190e-01  0.000000e+00  0.000000e+00  -3.883325e-01  0.000000e+00  0.000000e+00  2.779190e-01  2.597288e+00  3.669244e-01  5.622050e-01  0.000000e+00  0.000000e+00  2.779190e-01  0.000000e+00  0.000000e+00  -3.883325e-01  0.000000e+00  0.000000e+00  2.779190e-01  0.000000e+00  0.000000e+00  -3.883325e-01  0.000000e+00  0.000000e+00  2.779190e-01  
2.598577e+00  3.635568e-01  5.528822e-01  0.000000e+00  0.000000e+00  2.760858e-01  0.000000e+00  0.000000e+00  -3.921919e-01  0.000000e+00  0.000000e+00  2.760858e-01  0.000000e+00  0.000000e+00  -3.921919e-01  0.000000e+00  0.000000e+00  2.760858e-01  2.598577e+00  3.635568e-01  5.528822e-01  0.000000e+00  0.000000e+00  2.760858e-01  0.000000e+00  0.000000e+00  -3.921919e-01  0.000000e+00  0.000000e+00  2.760858e-01  0.000000e+00  0.000000e+00  -3.921919e-01  0.000000e+00  0.000000e+00  2.760858e-01  
2.558356e+00  3.631334e-01  5.525324e-01  0.000000e+00  0.000000e+00  2.721085e-01  0.000000e+00  0.000000e+00  -3.862779e-01  0.000000e+00  0.000000e+00  2.721085e-01  0.000000e+00  0.000000e+00  -3.862779e-01  0.000000e+00  0.000000e+00  2.721085e-01  2.558356e+00  3.631334e-01  5.525324e-01  0.000000e+00  0.000000e+00  2.721085e-01  0.000000e+00  0.000000e+00  -3.862779e-01  0.000000e+00  0.000000e+00  2.721085e-01  0.000000e+00  0.000000e+00  -3.862779e-01  0.000000e+00  0.000000e+00  2.721085e-01  
2.596117e+00  3.655756e-01  5.652921e-01  0.000000e+00  0.000000e+00  2.593709e-01  0.000000e+00  0.000000e+00  -3.891891e-01  0.000000e+00  0.000000e+00  2.593709e-01  0.000000e+00  0.000000e+00  -3.891891e-01  0.000000e+00  0.000000e+00  2.593709e-01  2.596117e+00  3.655756e-01  5.652921e-01  0.000000e+00  0.000000e+00  2.593709e-01  0.000000e+00  0.000000e+00  -3.891891e-01  0.000000e+00  0.000000e+00  2.593709e-01  0.000000e+00  0.000000e+00  -3.891891e-01  0.000000e+00  0.000000e+00  2.593709e-01  
2.590396e+00  3.605824e-01  5.608922e-01  0.000000e+00  0.000000e+00  2.577740e-01  0.000000e+00  0.000000e+00  -3.898173e-01  0.000000e+00  0.000000e+00  2.577740e-01  0.000000e+00  0.000000e+00  -3.898173e-01  0.000000e+00  0.000000e+00  2.577740e-01  2.590396e+00  3.605824e-01  5.608922e-01  0.000000e+00  0.000000e+00  2.577740e-01  0.000000e+00  0.000000e+00  -3.898173e-01  0.000000e+00  0.000000e+00  2.577740e-01  0.000000e+00  0.000000e+00  -3.898173e-01  0.000000e+00  0.000000e+00  2.577740e-01  
2.598495e+00  3.536223e-01  5.756770e-01  0.000000e+00  0.000000e+00  2.866690e-01  0.000000e+00  0.000000e+00  -3.928645e-01  0.000000e+00  0.000000e+00  2.866690e-01  0.000000e+00  0.000000e+00  -3.928645e-01  0.000000e+00  0.000000e+00  2.866690e-01  2.598495e+00  3.536223e-01  5.756770e-01  0.000000e+00  0.000000e+00  2.866690e-01  0.000000e+00  0.000000e+00  -3.928645e-01  0.000000e+00  0.000000e+00  2.866690e-01  0.000000e+00  0.000000e+00  -3.928645e-01  0.000000e+00  0.000000e+00  2.866690e-01  
2.605755e+00  3.505376e-01  5.759090e-01  0.000000e+00  0.000000e+00  2.661788e-01  0.000000e+00  0.000000e+00  -3.855275e-01  0.000000e+00  0.000000e+00  2.661788e-01  0.000000e+00  0.000000e+00  -3.855275e-01  0.000000e+00  0.000000e+00  2.661788e-01  2.605755e+00  3.505376e-01  5.759090e-01  0.000000e+00  0.000000e+00  2.661788e-01  0.000000e+00  0.000000e+00  -3.855275e-01  0.000000e+00  0.000000e+00  2.661788e-01  0.000000e+00  0.000000e+00  -3.855275e-01  0.000000e+00  0.000000e+00  2.661788e-01  
2.600529e+00  3.448702e-01  5.820395e-01  0.000000e+00  0.000000e+00  2.927486e-01  0.000000e+00  0.000000e+00  -3.901350e-01  0.000000e+00  0.000000e+00  2.927486e-01  0.000000e+00  0.000000e+00  -3.901350e-01  0.000000e+00  0.000000e+00  2.927486e-01  2.600529e+00  3.448702e-01  5.820395e-01  0.000000e+00  0.000000e+00  2.927486e-01  0.000000e+00  0.000000e+00  -3.901350e-01  0.000000e+00  0.000000e+00  2.927486e-01  0.000000e+00  0.000000e+00  -3.901350e-01  0.000000e+00  0.000000e+00  2.927486e-01  
2.624211e+00  3.685564e-01  5.637742e-01  0.000000e+00  0.000000e+00  2.577285e-01  0.000000e+00  0.000000e+00  -3.884798e-01  0.000000e+00  0.000000e+00  2.577285e-01  0.000000e+00  0.000000e+00  -3.884798e-01  0.000000e+00  0.000000e+00  2.577285e-01  2.624211e+00  3.685564e-01  5.637742e-01  0.000000e+00  0.000000e+00  2.577285e-01  0.000000e+00  0.000000e+00  -3.884798e-01  0.000000e+00  0.000000e+00  2.577285e-01  0.000000e+00  0.000000e+00  -3.884798e-01  0.000000e+00  0.000000e+00  2.577285e-01  
2.591901e+00  3.178084e-01  5.912527e-01  0.000000e+00  0.000000e+00  2.577797e-01  0.000000e+00  0.000000e+00  -3.842829e-01  0.000000e+00  0.000000e+00  2.577797e-01  0.000000e+00  0.000000e+00  -3.842829e-01  0.000000e+00  0.000000e+00  2.577797e-01  2.591901e+00  3.178084e-01  5.912527e-01  0.000000e+00  0.000000e+00  2.577797e-01  0.000000e+00  0.000000e+00  -3.842829e-01  0.000000e+00  0.000000e+00  2.577797e-01  0.000000e+00  0.000000e+00  -3.842829e-01  0.000000e+00  0.000000e+00  2.577797e-01  
2.598837e+00  3.467562e-01  5.720352e-01  0.000000e+00  0.000000e+00  2.907868e-01  0.000000e+00  0.000000e+00  -3.900767e-01  0.000000e+00  0.000000e+00  2.907868e-01  0.000000e+00  0.000000e+00  -3.900767e-01  0.000000e+00  0.000000e+00  2.907868e-01  2.598837e+00  3.467562e-01  5.720352e-01  0.000000e+00  0.000000e+00  2.907868e-01  0.000000e+00  0.000000e+00  -3.900767e-01  0.000000e+00  0.000000e+00  2.907868e-01  0.000000e+00  0.000000e+00  -3.900767e-01  0.000000e+00  0.000000e+00  2.907868e-01  
2.691851e+00  3.577615e-01  5.823147e-01  0.000000e+00  0.000000e+00  2.542299e-01  0.000000e+00  0.000000e+00  -3.904274e-01  0.000000e+00  0.000000e+00  2.542299e-01  0.000000e+00  0.000000e+00  -3.904274e-01  0.000000e+00  0.000000e+00  2.542299e-01  2.691851e+00  3.577615e-01  5.823147e-01  0.000000e+00  0.000000e+00  2.542299e-01  0.000000e+00  0.000000e+00  -3.904274e-01  0.000000e+00  0.000000e+00  2.542299e-01  0.000000e+00  0.000000e+00  -3.904274e-01  0.000000e+00  0.000000e+00  2.542299e-01  
2.603638e+00  3.738335e-01  5.659134e-01  0.000000e+00  0.000000e+00  2.734575e-01  0.000000e+00  0.000000e+00  -3.887302e-01  0.000000e+00  0.000000e+00  2.734575e-01  0.000000e+00  0.000000e+00  -3.887302e-01  0.000000e+00  0.000000e+00  2.734575e-01  2.603638e+00  3.738335e-01  5.659134e-01  0.000000e+00  0.000000e+00  2.734575e-01  0.000000e+00  0.000000e+00  -3.887302e-01  0.000000e+00  0.000000e+00  2.734575e-01  0.000000e+00  0.000000e+00  -3.887302e-01  0.000000e+00  0.000000e+00  2.734575e-01  
2.619300e+00  3.364432e-01  5.689768e-01  0.000000e+00  0.000000e+00  2.663091e-01  0.000000e+00  0.000000e+00  -3.948715e-01  0.000000e+00  0.000000e+00  2.663091e-01  0.000000e+00  0.000000e+00  -3.948715e-01  0.000000e+00  0.000000e+00  2.663091e-01  2.619300e+00  3.364432e-01  5.689768e-01  0.000000e+00  0.000000e+00  2.663091e-01  0.000000e+00  0.000000e+00  -3.948715e-01  0.000000e+00  0.000000e+00  2.663091e-01  0.000000e+00  0.000000e+00  -3.948715e-01  0.000000e+00  0.000000e+00  2.663091e-01  
2.517570e+00  3.192762e-01  5.849386e-01  0.000000e+00  0.000000e+00  2.906483e-01  0.000000e+00  0.000000e+00  -3.777091e-01  0.000000e+00  0.000000e+00  2.906483e-01  0.000000e+00  0.000000e+00  -3.777091e-01  0.000000e+00  0.000000e+00  2.906483e-01  2.517570e+00  3.192762e-01  5.849386e-01  0.000000e+00  0.000000e+00  2.906483e-01  0.000000e+00  0.000000e+00  -3.777091e-01  0.000000e+00  0.000000e+00  2.906483e-01  0.000000e+00  0.000000e+00  -3.777091e-01  0.000000e+00  0.000000e+00  2.906483e-01  
2.625971e+00  3.526359e-01  5.642895e-01  0.000000e+00  0.000000e+00  2.914296e-01  0.000000e+00  0.000000e+00  -3.973508e-01  0.000000e+00  0.000000e+00  2.914296e-01  0.000000e+00  0.000000e+00  -3.973508e-01  0.000000e+00  0.000000e+00  2.914296e-01  2.625971e+00  3.526359e-01  5.642895e-01  0.000000e+00  0.000000e+00  2.914296e-01  0.000000e+00  0.000000e+00  -3.973508e-01  0.000000e+00  0.000000e+00  2.914296e-01  0.000000e+00  0.000000e+00  -3.973508e-01  0.000000e+00  0.000000e+00  2.914296e-01  
2.581619e+00  3.195741e-01  5.901497e-01  0.000000e+00  0.000000e+00  2.846420e-01  0.000000e+00  0.000000e+00  -3.915269e-01  0.000000e+00  0.000000e+00  2.846420e-01  0.000000e+00  0.000000e+00  -3.915269e-01  0.000000e+00  0.000000e+00  2.846420e-01  2.581619e+00  3.195741e-01  5.901497e-01  0.000000e+00  0.000000e+00  2.846420e-01  0.000000e+00  0.000000e+00  -3.915269e-01  0.000000e+00  0.000000e+00  2.846420e-01  0.000000e+00  0.000000e+00  -3.915269e-01  0.000000e+00  0.000000e+00  2.846420e-01  
2.590898e+00  2.635819e-01  6.407566e-01  0.000000e+00  0.000000e+00  3.113408e-01  0.000000e+00  0.000000e+00  -3.988216e-01  0.000000e+00  0.000000e+00  3.113408e-01  0.000000e+00  0.000000e+00  -3.988216e-01  0.000000e+00  0.000000e+00  3.113408e-01  2.590898e+00  2.635819e-01  6.407566e-01  0.000000e+00  0.000000e+00  3.113408e-01  0.000000e+00  0.000000e+00  -3.988216e-01  0.000000e+00  0.000000e+00  3.113408e-01  0.000000e+00  0.000000e+00  -3.988216e-01  0.000000e+00  0.000000e+00  3.113408e-01  
2.482614e+00  3.274228e-01  5.687945e-01  0.000000e+00  0.000000e+00  3.134634e-01  0.000000e+00  0.000000e+00  -3.877974e-01  0.000000e+00  0.000000e+00  3.134634e-01  0.000000e+00  0.000000e+00  -3.877974e-01  0.000000e+00  0.000000e+00  3.134634e-01  2.482614e+00  3.274228e-01  5.687945e-01  0.000000e+00  0.000000e+00  3.134634e-01  0.000000e+00  0.000000e+00  -3.877974e-01  0.000000e+00  0.000000e+00  3.134634e-01  0.000000e+00  0.000000e+00  -3.877974e-01  0.000000e+00  0.000000e+00  3.134634e-01  
2.560744e+00  3.007714e-01  6.091943e-01  0.000000e+00  0.000000e+00  2.860985e-01  0.000000e+00  0.000000e+00  -3.924409e-01  0.000000e+00  0.000000e+00  2.860985e-01  0.000000e+00  0.000000e+00  -3.924409e-01  0.000000e+00  0.000000e+00  2.860985e-01  2.560744e+00  3.007714e-01  6.091943e-01  0.000000e+00  0.000000e+00  2.860985e-01  0.000000e+00  0.000000e+00  -3.924409e-01  0.000000e+00  0.000000e+00  2.860985e-01  0.000000e+00  0.000000e+00  -3.924409e-01  0.000000e+00  0.000000e+00  2.860985e-01  
2.688397e+00  3.351752e-01  5.865142e-01  0.000000e+00  0.000000e+00  2.613329e-01  0.000000e+00  0.000000e+00  -4.003158e-01  0.000000e+00  0.000000e+00  2.613329e-01  0.000000e+00  0.000000e+00  -4.003158e-01  0.000000e+00  0.000000e+00  2.613329e-01  2.688397e+00  3.351752e-01  5.865142e-01  0.000000e+00  0.000000e+00  2.613329e-01  0.000000e+00  0.000000e+00  -4.003158e-01  0.000000e+00  0.000000e+00  2.613329e-01  0.000000e+00  0.000000e+00  -4.003158e-01  0.000000e+00  0.000000e+00  2.613329e-01  
2.602741e+00  3.594712e-01  5.718071e-01  0.000000e+00  0.000000e+00  2.915383e-01  0.000000e+00  0.000000e+00  -3.884190e-01  0.000000e+00  0.000000e+00  2.915383e-01  0.000000e+00  0.000000e+00  -3.884190e-01  0.000000e+00  0.000000e+00  2.915383e-01  2.602741e+00  3.594712e-01  5.718071e-01  0.000000e+00  0.000000e+00  2.915383e-01  0.000000e+00  0.000000e+00  -3.884190e-01  0.000000e+00  0.000000e+00  2.915383e-01  0.000000e+00  0.000000e+00  -3.884190e-01  0.000000e+00  0.000000e+00  2.915383e-01  
2.503993e+00  3.029050e-01  5.963786e-01  0.000000e+00  0.000000e+00  2.674382e-01  0.000000e+00  0.000000e+00  -3.841395e-01  0.000000e+00  0.000000e+00  2.674382e-01  0.000000e+00  0.000000e+00  -3.841395e-01  0.000000e+00  0.000000e+00  2.674382e-01  2.503993e+00  3.029050e-01  5.963786e-01  0.000000e+00  0.000000e+00  2.674382e-01  0.000000e+00  0.000000e+00  -3.841395e-01  0.000000e+00  0.000000e+00  2.674382e-01  0.000000e+00  0.000000e+00  -3.841395e-01  0.000000e+00  0.000000e+00  2.674382e-01  
2.561784e+00  1.564548e-01  7.188533e-01  0.000000e+00  0.000000e+00  3.433999e-01  0.000000e+00  0.000000e+00  -4.152128e-01  0.000000e+00  0.000000e+00  3.433999e-01  0.000000e+00  0.000000e+00  -4.152128e-01  0.000000e+00  0.000000e+00  3.433999e-01  2.561784e+00  1.564548e-01  7.188533e-01  0.000000e+00  0.000000e+00  3.433999e-01  0.000000e+00  0.000000e+00  -4.152128e-01  0.000000e+00  0.000000e+00  3.433999e-01  0.000000e+00  0.000000e+00  -4.152128e-01  0.000000e+00  0.000000e+00  3.433999e-01  
2.546084e+00  1.535415e-01  7.140491e-01  0.000000e+00  0.000000e+00  3.413765e-01  0.000000e+00  0.000000e+00  -4.151533e-01  0.000000e+00  0.000000e+00  3.413765e-01  0.000000e+00  0.000000e+00  -4.151533e-01  0.000000e+00  0.000000e+00  3.413765e-01  2.546084e+00  1.535415e-01  7.140491e-01  0.000000e+00  0.000000e+00  3.413765e-01  0.000000e+00  0.000000e+00  -4.151533e-01  0.000000e+00  0.000000e+00  3.413765e-01  0.000000e+00  0.000000e+00  -4.151533e-01  0.000000e+00  0.000000e+00  3.413765e-01  
2.565267e+00  1.516659e-01  7.129400e-01  0.000000e+00  0.000000e+00  3.278455e-01  0.000000e+00  0.000000e+00  -4.137025e-01  0.000000e+00  0.000000e+00  3.278455e-01  0.000000e+00  0.000000e+00  -4.137025e-01  0.000000e+00  0.000000e+00  3.278455e-01  2.565267e+00  1.516659e-01  7.129400e-01  0.000000e+00  0.000000e+00  3.278455e-01  0.000000e+00  0.000000e+00  -4.137025e-01  0.000000e+00  0.000000e+00  3.278455e-01  0.000000e+00  0.000000e+00  -4.137025e-01  0.000000e+00  0.000000e+00  3.278455e-01  
2.572405e+00  1.503543e-01  7.209930e-01  0.000000e+00  0.000000e+00  3.274803e-01  0.000000e+00  0.000000e+00  -4.133380e-01  0.000000e+00  0.000000e+00  3.274803e-01  0.000000e+00  0.000000e+00  -4.133380e-01  0.000000e+00  0.000000e+00  3.274803e-01  2.572405e+00  1.503543e-01  7.209930e-01  0.000000e+00  0.000000e+00  3.274803e-01  0.000000e+00  0.000000e+00  -4.133380e-01  0.000000e+00  0.000000e+00  3.274803e-01  0.000000e+00  0.000000e+00  -4.133380e-01  0.000000e+00  0.000000e+00  3.274803e-01  
2.558680e+00  1.481356e-01  7.233520e-01  0.000000e+00  0.000000e+00  3.371505e-01  0.000000e+00  0.000000e+00  -4.154138e-01  0.000000e+00  0.000000e+00  3.371505e-01  0.000000e+00  0.000000e+00  -4.154138e-01  0.000000e+00  0.000000e+00  3.371505e-01  2.558680e+00  1.481356e-01  7.233520e-01  0.000000e+00  0.000000e+00  3.371505e-01  0.000000e+00  0.000000e+00  -4.154138e-01  0.000000e+00  0.000000e+00  3.371505e-01  0.000000e+00  0.000000e+00  -4.154138e-01  0.000000e+00  0.000000e+00  3.371505e-01  
2.562523e+00  1.569647e-01  7.107226e-01  0.000000e+00  0.000000e+00  3.317945e-01  0.000000e+00  0.000000e+00  -4.136892e-01  0.000000e+00  0.000000e+00  3.317945e-01  0.000000e+00  0.000000e+00  -4.136892e-01  0.000000e+00  0.000000e+00  3.317945e-01  2.562523e+00  1.569647e-01  7.107226e-01  0.000000e+00  0.000000e+00  3.317945e-01  0.000000e+00  0.000000e+00  -4.136892e-01  0.000000e+00  0.000000e+00  3.317945e-01  0.000000e+00  0.000000e+00  -4.136892e-01  0.000000e+00  0.000000e+00  3.317945e-01  
2.554617e+00  1.474922e-01  7.170388e-01  0.000000e+00  0.000000e+00  3.323742e-01  0.000000e+00  0.000000e+00  -4.146736e-01  0.000000e+00  0.000000e+00  3.323742e-01  0.000000e+00  0.000000e+00  -4.146736e-01  0.000000e+00  0.000000e+00  3.323742e-01  2.554617e+00  1.474922e-01  7.170388e-01  0.000000e+00  0.000000e+00  3.323742e-01  0.000000e+00  0.000000e+00  -4.146736e-01  0.000000e+00  0.000000e+00  3.323742e-01  0.000000e+00  0.000000e+00  -4.146736e-01  0.000000e+00  0.000000e+00  3.323742e-01  
2.563872e+00  1.524099e-01  7.187778e-01  0.000000e+00  0.000000e+00  3.377540e-01  0.000000e+00  0.000000e+00  -4.152568e-01  0.000000e+00  0.000000e+00  3.377540e-01  0.000000e+00  0.000000e+00  -4.152568e-01  0.000000e+00  0.000000e+00  3.377540e-01  2.563872e+00  1.524099e-01  7.187778e-01  0.000000e+00  0.000000e+00  3.377540e-01  0.000000e+00  0.000000e+00  -4.152568e-01  0.000000e+00  0.000000e+00  3.377540e-01  0.000000e+00  0.000000e+00  -4.152568e-01  0.000000e+00  0.000000e+00  3.377540e-01  
2.534596e+00  1.523043e-01  7.172634e-01  0.000000e+00  0.000000e+00  3.462157e-01  0.000000e+00  0.000000e+00  -4.148822e-01  0.000000e+00  0.000000e+00  3.462157e-01  0.000000e+00  0.000000e+00  -4.148822e-01  0.000000e+00  0.000000e+00  3.462157e-01  2.534596e+00  1.523043e-01  7.172634e-01  0.000000e+00  0.000000e+00  3.462157e-01  0.000000e+00  0.000000e+00  -4.148822e-01  0.000000e+00  0.000000e+00  3.462157e-01  0.000000e+00  0.000000e+00  -4.148822e-01  0.000000e+00  0.000000e+00  3.462157e-01  
2.533906e+00  1.590312e-01  7.061426e-01  0.000000e+00  0.000000e+00  3.362629e-01  0.000000e+00  0.000000e+00  -4.149128e-01  0.000000e+00  0.000000e+00  3.362629e-01  0.000000e+00  0.000000e+00  -4.149128e-01  0.000000e+00  0.000000e+00  3.362629e-01  2.533906e+00  1.590312e-01  7.061426e-01  0.000000e+00  0.000000e+00  3.362629e-01  0.000000e+00  0.000000e+00  -4.149128e-01  0.000000e+00  0.000000e+00  3.362629e-01  0.000000e+00  0.000000e+00  -4.149128e-01  0.000000e+00  0.000000e+00  3.362629e-01  
2.567729e+00  1.542667e-01  7.158238e-01  0.000000e+00  0.000000e+00  3.257713e-01  0.000000e+00  0.000000e+00  -4.149117e-01  0.000000e+00  0.000000e+00  3.257713e-01  0.000000e+00  0.000000e+00  -4.149117e-01  0.000000e+00  0.000000e+00  3.257713e-01  2.567729e+00  1.542667e-01  7.158238e-01  0.000000e+00  0.000000e+00  3.257713e-01  0.000000e+00  0.000000e+00  -4.149117e-01  0.000000e+00  0.000000e+00  3.257713e-01  0.000000e+00  0.000000e+00  -4.149117e-01  0.000000e+00  0.000000e+00  3.257713e-01  
2.538343e+00  1.548196e-01  7.205865e-01  0.000000e+00  0.000000e+00  3.348226e-01  0.000000e+00  0.000000e+00  -4.142998e-01  0.000000e+00  0.000000e+00  3.348226e-01  0.000000e+00  0.000000e+00  -4.142998e-01  0.000000e+00  0.000000e+00  3.348226e-01  2.538343e+00  1.548196e-01  7.205865e-01  0.000000e+00  0.000000e+00  3.348226e-01  0.000000e+00  0.000000e+00  -4.142998e-01  0.000000e+00  0.000000e+00  3.348226e-01  0.000000e+00  0.000000e+00  -4.142998e-01  0.000000e+00  0.000000e+00  3.348226e-01  
2.539914e+00  1.468797e-01  7.224712e-01  0.000000e+00  0.000000e+00  3.291715e-01  0.000000e+00  0.000000e+00  -4.142686e-01  0.000000e+00  0.000000e+00  3.291715e-01  0.000000e+00  0.000000e+00  -4.142686e-01  0.000000e+00  0.000000e+00  3.291715e-01  2.539914e+00  1.468797e-01  7.224712e-01  0.000000e+00  0.000000e+00  3.291715e-01  0.000000e+00  0.000000e+00  -4.142686e-01  0.000000e+00  0.000000e+00  3.291715e-01  0.000000e+00  0.000000e+00  -4.142686e-01  0.000000e+00  0.000000e+00  3.291715e-01  
2.560044e+00  1.584611e-01  7.100816e-01  0.000000e+00  0.000000e+00  3.452469e-01  0.000000e+00  0.000000e+00  -4.121625e-01  0.000000e+00  0.000000e+00  3.452469e-01  0.000000e+00  0.000000e+00  -4.121625e-01  0.000000e+00  0.000000e+00  3.452469e-01  2.560044e+00  1.584611e-01  7.100816e-01  0.000000e+00  0.000000e+00  3.452469e-01  0.000000e+00  0.000000e+00  -4.121625e-01  0.000000e+00  0.000000e+00  3.452469e-01  0.000000e+00  0.000000e+00  -4.121625e-01  0.000000e+00  0.000000e+00  3.452469e-01  
2.551965e+00  1.497726e-01  7.185822e-01  0.000000e+00  0.000000e+00  3.338208e-01  0.000000e+00  0.000000e+00  -4.157964e-01  0.000000e+00  0.000000e+00  3.338208e-01  0.000000e+00  0.000000e+00  -4.157964e-01  0.000000e+00  0.000000e+00  3.338208e-01  2.551965e+00  1.497726e-01  7.185822e-01  0.000000e+00  0.000000e+00  3.338208e-01  0.000000e+00  0.000000e+00  -4.157964e-01  0.000000e+00  0.000000e+00  3.338208e-01  0.000000e+00  0.000000e+00  -4.157964e-01  0.000000e+00  0.000000e+00  3.338208e-01  
2.548471e+00  1.552750e-01  7.158296e-01  0.000000e+00  0.000000e+00  3.291873e-01  0.000000e+00  0.000000e+00  -4.131807e-01  0.000000e+00  0.000000e+00  3.291873e-01  0.000000e+00  0.000000e+00  -4.131807e-01  0.000000e+00  0.000000e+00  3.291873e-01  2.548471e+00  1.552750e-01  7.158296e-01  0.000000e+00  0.000000e+00  3.291873e-01  0.000000e+00  0.000000e+00  -4.131807e-01  0.000000e+00  0.000000e+00  3.291873e-01  0.000000e+00  0.000000e+00  -4.131807e-01  0.000000e+00  0.000000e+00  3.291873e-01  
2.548980e+00  1.520736e-01  7.156968e-01  0.000000e+00  0.000000e+00  3.379122e-01  0.000000e+00  0.000000e+00  -4.149494e-01  0.000000e+00  0.000000e+00  3.379122e-01  0.000000e+00  0.000000e+00  -4.149494e-01  0.000000e+00  0.000000e+00  3.379122e-01  2.548980e+00  1.520736e-01  7.156968e-01  0.000000e+00  0.000000e+00  3.379122e-01  0.000000e+00  0.000000e+00  -4.149494e-01  0.000000e+00  0.000000e+00  3.379122e-01  0.000000e+00  0.000000e+00  -4.149494e-01  0.000000e+00  0.000000e+00  3.379122e-01  
2.569509e+00  1.579688e-01  7.160979e-01  0.000000e+00  0.000000e+00  3.309948e-01  0.000000e+00  0.000000e+00  -4.143080e-01  0.000000e+00  0.000000e+00  3.309948e-01  0.000000e+00  0.000000e+00  -4.143080e-01  0.000000e+00  0.000000e+00  3.309948e-01  2.569509e+00  1.579688e-01  7.160979e-01  0.000000e+00  0.000000e+00  3.309948e-01  0.000000e+00  0.000000e+00  -4.143080e-01  0.000000e+00  0.000000e+00  3.309948e-01  0.000000e+00  0.000000e+00  -4.143080e-01  0.000000e+00  0.000000e+00  3.309948e-01  
2.572657e+00  1.483634e-01  7.222384e-01  0.000000e+00  0.000000e+00  3.302659e-01  0.000000e+00  0.000000e+00  -4.150087e-01  0.000000e+00  0.000000e+00  3.302659e-01  0.000000e+00  0.000000e+00  -4.150087e-01  0.000000e+00  0.000000e+00  3.302659e-01  2.572657e+00  1.483634e-01  7.222384e-01  0.000000e+00  0.000000e+00  3.302659e-01  0.000000e+00  0.000000e+00  -4.150087e-01  0.000000e+00  0.000000e+00  3.302659e-01  0.000000e+00  0.000000e+00  -4.150087e-01  0.000000e+00  0.000000e+00  3.302659e-01  
2.542579e+00  1.538831e-01  7.094139e-01  0.000000e+00  0.000000e+00  3.347807e-01  0.000000e+00  0.000000e+00  -4.142042e-01  0.000000e+00  0.000000e+00  3.347807e-01  0.000000e+00  0.000000e+00  -4.142042e-01  0.000000e+00  0.000000e+00  3.347807e-01  2.542579e+00  1.538831e-01  7.094139e-01  0.000000e+00  0.000000e+00  3.347807e-01  0.000000e+00  0.000000e+00  -4.142042e-01  0.000000e+00  0.000000e+00  3.347807e-01  0.000000e+00  0.000000e+00  -4.142042e-01  0.000000e+00  0.000000e+00  3.347807e-01  
2.522299e+00  1.615735e-01  7.066028e-01  0.000000e+00  0.000000e+00  3.156580e-01  0.000000e+00  0.000000e+00  -4.082974e-01  0.000000e+00  0.000000e+00  3.156580e-01  0.000000e+00  0.000000e+00  -4.082974e-01  0.000000e+00  0.000000e+00  3.156580e-01  2.522299e+00  1.615735e-01  7.066028e-01  0.000000e+00  0.000000e+00  3.156580e-01  0.000000e+00  0.000000e+00  -4.082974e-01  0.000000e+00  0.000000e+00  3.156580e-01  0.000000e+00  0.000000e+00  -4.082974e-01  0.000000e+00  0.000000e+00  3.156580e-01  
2.524432e+00  1.737779e-01  6.953835e-01  0.000000e+00  0.000000e+00  3.362082e-01  0.000000e+00  0.000000e+00  -4.121453e-01  0.000000e+00  0.000000e+00  3.362082e-01  0.000000e+00  0.000000e+00  -4.121453e-01  0.000000e+00  0.000000e+00  3.362082e-01  2.524432e+00  1.737779e-01  6.953835e-01  0.000000e+00  0.000000e+00  3.362082e-01  0.000000e+00  0.000000e+00  -4.121453e-01  0.000000e+00  0.000000e+00  3.362082e-01  0.000000e+00  0.000000e+00  -4.121453e-01  0.000000e+00  0.000000e+00  3.362082e-01  
2.610667e+00  1.661789e-01  7.244914e-01  0.000000e+00  0.000000e+00  3.279806e-01  0.000000e+00  0.000000e+00  -4.088994e-01  0.000000e+00  0.000000e+00  3.279806e-01  0.000000e+00  0.000000e+00  -4.088994e-01  0.000000e+00  0.000000e+00  3.279806e-01  2.610667e+00  1.661789e-01  7.244914e-01  0.000000e+00  0.000000e+00  3.279806e-01  0.000000e+00  0.000000e+00  -4.088994e-01  0.000000e+00  0.000000e+00  3.279806e-01  0.000000e+00  0.000000e+00  -4.088994e-01  0.000000e+00  0.000000e+00  3.279806e-01  
2.535159e+00  1.709196e-01  6.996572e-01  0.000000e+00  0.000000e+00  3.556395e-01  0.000000e+00  0.000000e+00  -4.119300e-01  0.000000e+00  0.000000e+00  3.556395e-01  0.000000e+00  0.000000e+00  -4.119300e-01  0.000000e+00  0.000000e+00  3.556395e-01  2.535159e+00  1.709196e-01  6.996572e-01  0.000000e+00  0.000000e+00  3.556395e-01  0.000000e+00  0.000000e+00  -4.119300e-01  0.000000e+00  0.000000e+00  3.556395e-01  0.000000e+00  0.000000e+00  -4.119300e-01  0.000000e+00  0.000000e+00  3.556395e-01  
2.478941e+00  1.415769e-01  7.179006e-01  0.000000e+00  0.000000e+00  3.174292e-01  0.000000e+00  0.000000e+00  -4.072816e-01  0.000000e+00  0.000000e+00  3.174292e-01  0.000000e+00  0.000000e+00  -4.072816e-01  0.000000e+00  0.000000e+00  3.174292e-01  2.478941e+00  1.415769e-01  7.179006e-01  0.000000e+00  0.000000e+00  3.174292e-01  0.000000e+00  0.000000e+00  -4.072816e-01  0.000000e+00  0.000000e+00  3.174292e-01  0.000000e+00  0.000000e+00  -4.072816e-01  0.000000e+00  0.000000e+00  3.174292e-01  
2.479028e+00  1.435867e-01  7.143201e-01  0.000000e+00  0.000000e+00  3.285366e-01  0.000000e+00  0.000000e+00  -4.096041e-01  0.000000e+00  0.000000e+00  3.285366e-01  0.000000e+00  0.000000e+00  -4.096041e-01  0.000000e+00  0.000000e+00  3.285366e-01  2.479028e+00  1.435867e-01  7.143201e-01  0.000000e+00  0.000000e+00  3.285366e-01  0.000000e+00  0.000000e+00  -4.096041e-01  0.000000e+00  0.000000e+00  3.285366e-01  0.000000e+00  0.000000e+00  -4.096041e-01  0.000000e+00  0.000000e+00  3.285366e-01  
2.496063e+00  1.527769e-01  7.023013e-01  0.000000e+00  0.000000e+00  3.091625e-01  0.000000e+00  0.000000e+00  -4.111151e-01  0.000000e+00  0.000000e+00  3.091625e-01  0.000000e+00  0.000000e+00  -4.111151e-01  0.000000e+00  0.000000e+00  3.091625e-01  2.496063e+00  1.527769e-01  7.023013e-01  0.000000e+00  0.000000e+00  3.091625e-01  0.000000e+00  0.000000e+00  -4.111151e-01  0.000000e+00  0.000000e+00  3.091625e-01  0.000000e+00  0.000000e+00  -4.111151e-01  0.000000e+00  0.000000e+00  3.091625e-01  
2.579151e+00  1.542394e-01  7.202982e-01  0.000000e+00  0.000000e+00  3.322454e-01  0.000000e+00  0.000000e+00  -4.129299e-01  0.000000e+00  0.000000e+00  3.322454e-01  0.000000e+00  0.000000e+00  -4.129299e-01  0.000000e+00  0.000000e+00  3.322454e-01  2.579151e+00  1.542394e-01  7.202982e-01  0.000000e+00  0.000000e+00  3.322454e-01  0.000000e+00  0.000000e+00  -4.129299e-01  0.000000e+00  0.000000e+00  3.322454e-01  0.000000e+00  0.000000e+00  -4.129299e-01  0.000000e+00  0.000000e+00  3.322454e-01  
2.504194e+00  1.328965e-01  7.298744e-01  0.000000e+00  0.000000e+00  3.381883e-01  0.000000e+00  0.000000e+00  -4.091113e-01  0.000000e+00  0.000000e+00  3.381883e-01  0.000000e+00  0.000000e+00  -4.091113e-01  0.000000e+00  0.000000e+00  3.381883e-01  2.504194e+00  1.328965e-01  7.298744e-01  0.000000e+00  0.000000e+00  3.381883e-01  0.000000e+00  0.000000e+00  -4.091113e-01  0.000000e+00  0.000000e+00  3.381883e-01  0.000000e+00  0.000000e+00  -4.091113e-01  0.000000e+00  0.000000e+00  3.381883e-01  
2.505133e+00  1.380409e-01  7.191597e-01  0.000000e+00  0.000000e+00  3.261026e-01  0.000000e+00  0.000000e+00  -4.091317e-01  0.000000e+00  0.000000e+00  3.261026e-01  0.000000e+00  0.000000e+00  -4.091317e-01  0.000000e+00  0.000000e+00  3.261026e-01  2.505133e+00  1.380409e-01  7.191597e-01  0.000000e+00  0.000000e+00  3.261026e-01  0.000000e+00  0.000000e+00  -4.091317e-01  0.000000e+00  0.000000e+00  3.261026e-01  0.000000e+00  0.000000e+00  -4.091317e-01  0.000000e+00  0.000000e+00  3.261026e-01  
2.540542e+00  1.525518e-01  7.194634e-01  0.000000e+00  0.000000e+00  3.430656e-01  0.000000e+00  0.000000e+00  -4.120439e-01  0.000000e+00  0.000000e+00  3.430656e-01  0.000000e+00  0.000000e+00  -4.120439e-01  0.000000e+00  0.000000e+00  3.430656e-01  2.540542e+00  1.525518e-01  7.194634e-01  0.000000e+00  0.000000e+00  3.430656e-01  0.000000e+00  0.000000e+00  -4.120439e-01  0.000000e+00  0.000000e+00  3.430656e-01  0.000000e+00  0.000000e+00  -4.120439e-01  0.000000e+00  0.000000e+00  3.430656e-01  
2.555196e+00  1.501844e-01  7.191380e-01  0.000000e+00  0.000000e+00  3.420778e-01  0.000000e+00  0.000000e+00  -4.128715e-01  0.000000e+00  0.000000e+00  3.420778e-01  0.000000e+00  0.000000e+00  -4.128715e-01  0.000000e+00  0.000000e+00  3.420778e-01  2.555196e+00  1.501844e-01  7.191380e-01  0.000000e+00  0.000000e+00  3.420778e-01  0.000000e+00  0.000000e+00  -4.128715e-01  0.000000e+00  0.000000e+00  3.420778e-01  0.000000e+00  0.000000e+00  -4.128715e-01  0.000000e+00  0.000000e+00  3.420778e-01  
2.540675e+00  1.708885e-01  7.015651e-01  0.000000e+00  0.000000e+00  3.484359e-01  0.000000e+00  0.000000e+00  -4.094483e-01  0.000000e+00  0.000000e+00  3.484359e-01  0.000000e+00  0.000000e+00  -4.094483e-01  0.000000e+00  0.000000e+00  3.484359e-01  2.540675e+00  1.708885e-01  7.015651e-01  0.000000e+00  0.000000e+00  3.484359e-01  0.000000e+00  0.000000e+00  -4.094483e-01  0.000000e+00  0.000000e+00  3.484359e-01  0.000000e+00  0.000000e+00  -4.094483e-01  0.000000e+00  0.000000e+00  3.484359e-01  
2.550604e+00  1.444644e-01  7.262066e-01  0.000000e+00  0.000000e+00  3.117689e-01  0.000000e+00  0.000000e+00  -4.120799e-01  0.000000e+00  0.000000e+00  3.117689e-01  0.000000e+00  0.000000e+00  -4.120799e-01  0.000000e+00  0.000000e+00  3.117689e-01  2.550604e+00  1.444644e-01  7.262066e-01  0.000000e+00  0.000000e+00  3.117689e-01  0.000000e+00  0.000000e+00  -4.120799e-01  0.000000e+00  0.000000e+00  3.117689e-01  0.000000e+00  0.000000e+00  -4.120799e-01  0.000000e+00  0.000000e+00  3.117689e-01  
2.579596e+00  1.637785e-01  7.251247e-01  0.000000e+00  0.000000e+00  3.306128e-01  0.000000e+00  0.000000e+00  -4.114845e-01  0.000000e+00  0.000000e+00  3.306128e-01  0.000000e+00  0.000000e+00  -4.114845e-01  0.000000e+00  0.000000e+00  3.306128e-01  2.579596e+00  1.637785e-01  7.251247e-01  0.000000e+00  0.000000e+00  3.306128e-01  0.000000e+00  0.000000e+00  -4.114845e-01  0.000000e+00  0.000000e+00  3.306128e-01  0.000000e+00  0.000000e+00  -4.114845e-01  0.000000e+00  0.000000e+00  3.306128e-01  
2.489284e+00  1.298946e-01  7.186524e-01  0.000000e+00  0.000000e+00  3.234863e-01  0.000000e+00  0.000000e+00  -4.158755e-01  0.000000e+00  0.000000e+00  3.234863e-01  0.000000e+00  0.000000e+00  -4.158755e-01  0.000000e+00  0.000000e+00  3.234863e-01  2.489284e+00  1.298946e-01  7.186524e-01  0.000000e+00  0.000000e+00  3.234863e-01  0.000000e+00  0.000000e+00  -4.158755e-01  0.000000e+00  0.000000e+00  3.234863e-01  0.000000e+00  0.000000e+00  -4.158755e-01  0.000000e+00  0.000000e+00  3.234863e-01  
2.633121e+00  1.707858e-01  7.187822e-01  0.000000e+00  0.000000e+00  3.140948e-01  0.000000e+00  0.000000e+00  -4.111993e-01  0.000000e+00  0.000000e+00  3.140948e-01  0.000000e+00  0.000000e+00  -4.111993e-01  0.000000e+00  0.000000e+00  3.140948e-01  2.633121e+00  1.707858e-01  7.187822e-01  0.000000e+00  0.000000e+00  3.140948e-01  0.000000e+00  0.000000e+00  -4.111993e-01  0.000000e+00  0.000000e+00  3.140948e-01  0.000000e+00  0.000000e+00  -4.111993e-01  0.000000e+00  0.000000e+00  3.140948e-01  
2.504109e+00  1.429675e-01  7.109106e-01  0.000000e+00  0.000000e+00  3.325191e-01  0.000000e+00  0.000000e+00  -4.120275e-01  0.000000e+00  0.000000e+00  3.325191e-01  0.000000e+00  0.000000e+00  -4.120275e-01  0.000000e+00  0.000000e+00  3.325191e-01  2.504109e+00  1.429675e-01  7.109106e-01  0.000000e+00  0.000000e+00  3.325191e-01  0.000000e+00  0.000000e+00  -4.120275e-01  0.000000e+00  0.000000e+00  3.325191e-01  0.000000e+00  0.000000e+00  -4.120275e-01  0.000000e+00  0.000000e+00  3.325191e-01  
2.483055e+00  1.283853e-01  7.236889e-01  0.000000e+00  0.000000e+00  3.214136e-01  0.000000e+00  0.000000e+00  -4.116572e-01  0.000000e+00  0.000000e+00  3.214136e-01  0.000000e+00  0.000000e+00  -4.116572e-01  0.000000e+00  0.000000e+00  3.214136e-01  2.483055e+00  1.283853e-01  7.236889e-01  0.000000e+00  0.000000e+00  3.214136e-01  0.000000e+00  0.000000e+00  -4.116572e-01  0.000000e+00  0.000000e+00  3.214136e-01  0.000000e+00  0.000000e+00  -4.116572e-01  0.000000e+00  0.000000e+00  3.214136e-01  
2.533160e+00  1.312029e-01  7.313012e-01  0.000000e+00  0.000000e+00  3.306499e-01  0.000000e+00  0.000000e+00  -4.128021e-01  0.000000e+00  0.000000e+00  3.306499e-01  0.000000e+00  0.000000e+00  -4.128021e-01  0.000000e+00  0.000000e+00  3.306499e-01  2.533160e+00  1.312029e-01  7.313012e-01  0.000000e+00  0.000000e+00  3.306499e-01  0.000000e+00  0.000000e+00  -4.128021e-01  0.000000e+00  0.000000e+00  3.306499e-01  0.000000e+00  0.000000e+00  -4.128021e-01  0.000000e+00  0.000000e+00  3.306499e-01  
2.573423e+00  1.701789e-01  6.973113e-01  0.000000e+00  0.000000e+00  3.057707e-01  0.000000e+00  0.000000e+00  -4.121931e-01  0.000000e+00  0.000000e+00  3.057707e-01  0.000000e+00  0.000000e+00  -4.121931e-01  0.000000e+00  0.000000e+00  3.057707e-01  2.573423e+00  1.701789e-01  6.973113e-01  0.000000e+00  0.000000e+00  3.057707e-01  0.000000e+00  0.000000e+00  -4.121931e-01  0.000000e+00  0.000000e+00  3.057707e-01  0.000000e+00  0.000000e+00  -4.121931e-01  0.000000e+00  0.000000e+00  3.057707e-01  
2.601789e+00  1.739818e-01  7.197714e-01  0.000000e+00  0.000000e+00  3.352231e-01  0.000000e+00  0.000000e+00  -4.091068e-01  0.000000e+00  0.000000e+00  3.352231e-01  0.000000e+00  0.000000e+00  -4.091068e-01  0.000000e+00  0.000000e+00  3.352231e-01  2.601789e+00  1.739818e-01  7.197714e-01  0.000000e+00  0.000000e+00  3.352231e-01  0.000000e+00  0.000000e+00  -4.091068e-01  0.000000e+00  0.000000e+00  3.352231e-01  0.000000e+00  0.000000e+00  -4.091068e-01  0.000000e+00  0.000000e+00  3.352231e-01  
2.620662e+00  1.709070e-01  7.307982e-01  0.000000e+00  0.000000e+00  3.196006e-01  0.000000e+00  0.000000e+00  -4.072372e-01  0.000000e+00  0.000000e+00  3.196006e-01  0.000000e+00  0.000000e+00  -4.072372e-01  0.000000e+00  0.000000e+00  3.196006e-01  2.620662e+00  1.709070e-01  7.307982e-01  0.000000e+00  0.000000e+00  3.196006e-01  0.000000e+00  0.000000e+00  -4.072372e-01  0.000000e+00  0.000000e+00  3.196006e-01  0.000000e+00  0.000000e+00  -4.072372e-01  0.000000e+00  0.000000e+00  3.196006e-01  
2.543302e+00  1.442535e-01  7.267728e-01  0.000000e+00  0.000000e+00  3.300916e-01  0.000000e+00  0.000000e+00  -4.140050e-01  0.000000e+00  0.000000e+00  3.300916e-01  0.000000e+00  0.000000e+00  -4.140050e-01  0.000000e+00  0.000000e+00  3.300916e-01  2.543302e+00  1.442535e-01  7.267728e-01  0.000000e+00  0.000000e+00  3.300916e-01  0.000000e+00  0.000000e+00  -4.140050e-01  0.000000e+00  0.000000e+00  3.300916e-01  0.000000e+00  0.000000e+00  -4.140050e-01  0.000000e+00  0.000000e+00  3.300916e-01  
2.540605e+00  1.412508e-01  7.391407e-01  0.000000e+00  0.000000e+00  3.434775e-01  0.000000e+00  0.000000e+00  -4.125231e-01  0.000000e+00  0.000000e+00  3.434775e-01  0.000000e+00  0.000000e+00  -4.125231e-01  0.000000e+00  0.000000e+00  3.434775e-01  2.540605e+00  1.412508e-01  7.391407e-01  0.000000e+00  0.000000e+00  3.434775e-01  0.000000e+00  0.000000e+00  -4.125231e-01  0.000000e+00  0.000000e+00  3.434775e-01  0.000000e+00  0.000000e+00  -4.125231e-01  0.000000e+00  0.000000e+00  3.434775e-01  
2.524822e+00  1.415468e-01  7.194370e-01  0.000000e+00  0.000000e+00  3.343773e-01  0.000000e+00  0.000000e+00  -4.146560e-01  0.000000e+00  0.000000e+00  3.343773e-01  0.000000e+00  0.000000e+00  -4.146560e-01  0.000000e+00  0.000000e+00  3.343773e-01  2.524822e+00  1.415468e-01  7.194370e-01  0.000000e+00  0.000000e+00  3.343773e-01  0.000000e+00  0.000000e+00  -4.146560e-01  0.000000e+00  0.000000e+00  3.343773e-01  0.000000e+00  0.000000e+00  -4.146560e-01  0.000000e+00  0.000000e+00  3.343773e-01  
2.576185e+00  1.606019e-01  7.261759e-01  0.000000e+00  0.000000e+00  3.340201e-01  0.000000e+00  0.000000e+00  -4.097537e-01  0.000000e+00  0.000000e+00  3.340201e-01  0.000000e+00  0.000000e+00  -4.097537e-01  0.000000e+00  0.000000e+00  3.340201e-01  2.576185e+00  1.606019e-01  7.261759e-01  0.000000e+00  0.000000e+00  3.340201e-01  0.000000e+00  0.000000e+00  -4.097537e-01  0.000000e+00  0.000000e+00  3.340201e-01  0.000000e+00  0.000000e+00  -4.097537e-01  0.000000e+00  0.000000e+00  3.340201e-01  
2.538633e+00  1.509814e-01  7.341046e-01  0.000000e+00  0.000000e+00  3.401816e-01  0.000000e+00  0.000000e+00  -4.116014e-01  0.000000e+00  0.000000e+00  3.401816e-01  0.000000e+00  0.000000e+00  -4.116014e-01  0.000000e+00  0.000000e+00  3.401816e-01  2.538633e+00  1.509814e-01  7.341046e-01  0.000000e+00  0.000000e+00  3.401816e-01  0.000000e+00  0.000000e+00  -4.116014e-01  0.000000e+00  0.000000e+00  3.401816e-01  0.000000e+00  0.000000e+00  -4.116014e-01  0.000000e+00  0.000000e+00  3.401816e-01  
2.531768e+00  1.510779e-01  7.094466e-01  0.000000e+00  0.000000e+00  3.392025e-01  0.000000e+00  0.000000e+00  -4.141813e-01  0.000000e+00  0.000000e+00  3.392025e-01  0.000000e+00  0.000000e+00  -4.141813e-01  0.000000e+00  0.000000e+00  3.392025e-01  2.531768e+00  1.510779e-01  7.094466e-01  0.000000e+00  0.000000e+00  3.392025e-01  0.000000e+00  0.000000e+00  -4.141813e-01  0.000000e+00  0.000000e+00  3.392025e-01  0.000000e+00  0.000000e+00  -4.141813e-01  0.000000e+00  0.000000e+00  3.392025e-01  
2.560272e+00  1.613952e-01  7.126822e-01  0.000000e+00  0.000000e+00  3.120050e-01  0.000000e+00  0.000000e+00  -4.079783e-01  0.000000e+00  0.000000e+00  3.120050e-01  0.000000e+00  0.000000e+00  -4.079783e-01  0.000000e+00  0.000000e+00  3.120050e-01  2.560272e+00  1.613952e-01  7.126822e-01  0.000000e+00  0.000000e+00  3.120050e-01  0.000000e+00  0.000000e+00  -4.079783e-01  0.000000e+00  0.000000e+00  3.120050e-01  0.000000e+00  0.000000e+00  -4.079783e-01  0.000000e+00  0.000000e+00  3.120050e-01  
1.710667e+00  3.835557e-03  8.077576e-01  0.000000e+00  0.000000e+00  2.576426e-01  0.000000e+00  0.000000e+00  -3.235532e-01  0.000000e+00  0.000000e+00  2.576426e-01  0.000000e+00  0.000000e+00  -3.235532e-01  0.000000e+00  0.000000e+00  2.576426e-01  1.710667e+00  3.835557e-03  8.077576e-01  0.000000e+00  0.000000e+00  2.576426e-01  0.000000e+00  0.000000e+00  -3.235532e-01  0.000000e+00  0.000000e+00  2.576426e-01  0.000000e+00  0.000000e+00  -3.235532e-01  0.000000e+00  0.000000e+00  2.576426e-01  
1.757650e+00  5.054991e-03  8.163780e-01  0.000000e+00  0.000000e+00  2.642178e-01  0.000000e+00  0.000000e+00  -3.233853e-01  0.000000e+00  0.000000e+00  2.642178e-01  0.000000e+00  0.000000e+00  -3.233853e-01  0.000000e+00  0.000000e+00  2.642178e-01  1.757650e+00  5.054991e-03  8.163780e-01  0.000000e+00  0.000000e+00  2.642178e-01  0.000000e+00  0.000000e+00  -3.233853e-01  0.000000e+00  0.000000e+00  2.642178e-01  0.000000e+00  0.000000e+00  -3.233853e-01  0.000000e+00  0.000000e+00  2.642178e-01  
1.736398e+00  9.846154e-03  7.977306e-01  0.000000e+00  0.000000e+00  2.843410e-01  0.000000e+00  0.000000e+00  -3.246422e-01  0.000000e+00  0.000000e+00  2.843410e-01  0.000000e+00  0.000000e+00  -3.246422e-01  0.000000e+00  0.000000e+00  2.843410e-01  1.736398e+00  9.846154e-03  7.977306e-01  0.000000e+00  0.000000e+00  2.843410e-01  0.000000e+00  0.000000e+00  -3.246422e-01  0.000000e+00  0.000000e+00  2.843410e-01  0.000000e+00  0.000000e+00  -3.246422e-01  0.000000e+00  0.000000e+00  2.843410e-01  
1.709312e+00  5.261210e-03  7.973114e-01  0.000000e+00  0.000000e+00  2.609153e-01  0.000000e+00  0.000000e+00  -3.234954e-01  0.000000e+00  0.000000e+00  2.609153e-01  0.000000e+00  0.000000e+00  -3.234954e-01  0.000000e+00  0.000000e+00  2.609153e-01  1.709312e+00  5.261210e-03  7.973114e-01  0.000000e+00  0.000000e+00  2.609153e-01  0.000000e+00  0.000000e+00  -3.234954e-01  0.000000e+00  0.000000e+00  2.609153e-01  0.000000e+00  0.000000e+00  -3.234954e-01  0.000000e+00  0.000000e+00  2.609153e-01  
1.739157e+00  5.373722e-03  8.104410e-01  0.000000e+00  0.000000e+00  2.713923e-01  0.000000e+00  0.000000e+00  -3.226564e-01  0.000000e+00  0.000000e+00  2.713923e-01  0.000000e+00  0.000000e+00  -3.226564e-01  0.000000e+00  0.000000e+00  2.713923e-01  1.739157e+00  5.373722e-03  8.104410e-01  0.000000e+00  0.000000e+00  2.713923e-01  0.000000e+00  0.000000e+00  -3.226564e-01  0.000000e+00  0.000000e+00  2.713923e-01  0.000000e+00  0.000000e+00  -3.226564e-01  0.000000e+00  0.000000e+00  2.713923e-01  
1.719934e+00  2.076283e-03  8.170862e-01  0.000000e+00  0.000000e+00  2.713445e-01  0.000000e+00  0.000000e+00  -3.216876e-01  0.000000e+00  0.000000e+00  2.713445e-01  0.000000e+00  0.000000e+00  -3.216876e-01  0.000000e+00  0.000000e+00  2.713445e-01  1.719934e+00  2.076283e-03  8.170862e-01  0.000000e+00  0.000000e+00  2.713445e-01  0.000000e+00  0.000000e+00  -3.216876e-01  0.000000e+00  0.000000e+00  2.713445e-01  0.000000e+00  0.000000e+00  -3.216876e-01  0.000000e+00  0.000000e+00  2.713445e-01  
1.699130e+00  9.794014e-04  8.150188e-01  0.000000e+00  0.000000e+00  2.675129e-01  0.000000e+00  0.000000e+00  -3.239425e-01  0.000000e+00  0.000000e+00  2.675129e-01  0.000000e+00  0.000000e+00  -3.239425e-01  0.000000e+00  0.000000e+00  2.675129e-01  1.699130e+00  9.794014e-04  8.150188e-01  0.000000e+00  0.000000e+00  2.675129e-01  0.000000e+00  0.000000e+00  -3.239425e-01  0.000000e+00  0.000000e+00  2.675129e-01  0.000000e+00  0.000000e+00  -3.239425e-01  0.000000e+00  0.000000e+00  2.675129e-01  
1.712049e+00  2.384760e-03  8.006349e-01  0.000000e+00  0.000000e+00  2.785527e-01  0.000000e+00  0.000000e+00  -3.244295e-01  0.000000e+00  0.000000e+00  2.785527e-01  0.000000e+00  0.000000e+00  -3.244295e-01  0.000000e+00  0.000000e+00  2.785527e-01  1.712049e+00  2.384760e-03  8.006349e-01  0.000000e+00  0.000000e+00  2.785527e-01  0.000000e+00  0.000000e+00  -3.244295e-01  0.000000e+00  0.000000e+00  2.785527e-01  0.000000e+00  0.000000e+00  -3.244295e-01  0.000000e+00  0.000000e+00  2.785527e-01  
1.709604e+00  3.063613e-03  8.020775e-01  0.000000e+00  0.000000e+00  2.655239e-01  0.000000e+00  0.000000e+00  -3.233412e-01  0.000000e+00  0.000000e+00  2.655239e-01  0.000000e+00  0.000000e+00  -3.233412e-01  0.000000e+00  0.000000e+00  2.655239e-01  1.709604e+00  3.063613e-03  8.020775e-01  0.000000e+00  0.000000e+00  2.655239e-01  0.000000e+00  0.000000e+00  -3.233412e-01  0.000000e+00  0.000000e+00  2.655239e-01  0.000000e+00  0.000000e+00  -3.233412e-01  0.000000e+00  0.000000e+00  2.655239e-01  
1.710790e+00  3.081065e-03  8.087238e-01  0.000000e+00  0.000000e+00  2.818978e-01  0.000000e+00  0.000000e+00  -3.226227e-01  0.000000e+00  0.000000e+00  2.818978e-01  0.000000e+00  0.000000e+00  -3.226227e-01  0.000000e+00  0.000000e+00  2.818978e-01  1.710790e+00  3.081065e-03  8.087238e-01  0.000000e+00  0.000000e+00  2.818978e-01  0.000000e+00  0.000000e+00  -3.226227e-01  0.000000e+00  0.000000e+00  2.818978e-01  0.000000e+00  0.000000e+00  -3.226227e-01  0.000000e+00  0.000000e+00  2.818978e-01  
1.695781e+00  1.526640e-03  8.101625e-01  0.000000e+00  0.000000e+00  2.595876e-01  0.000000e+00  0.000000e+00  -3.228262e-01  0.000000e+00  0.000000e+00  2.595876e-01  0.000000e+00  0.000000e+00  -3.228262e-01  0.000000e+00  0.000000e+00  2.595876e-01  1.695781e+00  1.526640e-03  8.101625e-01  0.000000e+00  0.000000e+00  2.595876e-01  0.000000e+00  0.000000e+00  -3.228262e-01  0.000000e+00  0.000000e+00  2.595876e-01  0.000000e+00  0.000000e+00  -3.228262e-01  0.000000e+00  0.000000e+00  2.595876e-01  
1.721534e+00  4.575163e-03  8.045008e-01  0.000000e+00  0.000000e+00  2.588134e-01  0.000000e+00  0.000000e+00  -3.239486e-01  0.000000e+00  0.000000e+00  2.588134e-01  0.000000e+00  0.000000e+00  -3.239486e-01  0.000000e+00  0.000000e+00  2.588134e-01  1.721534e+00  4.575163e-03  8.045008e-01  0.000000e+00  0.000000e+00  2.588134e-01  0.000000e+00  0.000000e+00  -3.239486e-01  0.000000e+00  0.000000e+00  2.588134e-01  0.000000e+00  0.000000e+00  -3.239486e-01  0.000000e+00  0.000000e+00  2.588134e-01  
1.727957e+00  3.729156e-03  8.057532e-01  0.000000e+00  0.000000e+00  2.719087e-01  0.000000e+00  0.000000e+00  -3.252471e-01  0.000000e+00  0.000000e+00  2.719087e-01  0.000000e+00  0.000000e+00  -3.252471e-01  0.000000e+00  0.000000e+00  2.719087e-01  1.727957e+00  3.729156e-03  8.057532e-01  0.000000e+00  0.000000e+00  2.719087e-01  0.000000e+00  0.000000e+00  -3.252471e-01  0.000000e+00  0.000000e+00  2.719087e-01  0.000000e+00  0.000000e+00  -3.252471e-01  0.000000e+00  0.000000e+00  2.719087e-01  
1.701364e+00  2.474165e-03  8.028923e-01  0.000000e+00  0.000000e+00  2.585928e-01  0.000000e+00  0.000000e+00  -3.253267e-01  0.000000e+00  0.000000e+00  2.585928e-01  0.000000e+00  0.000000e+00  -3.253267e-01  0.000000e+00  0.000000e+00  2.585928e-01  1.701364e+00  2.474165e-03  8.028923e-01  0.000000e+00  0.000000e+00  2.585928e-01  0.000000e+00  0.000000e+00  -3.253267e-01  0.000000e+00  0.000000e+00  2.585928e-01  0.000000e+00  0.000000e+00  -3.253267e-01  0.000000e+00  0.000000e+00  2.585928e-01  
1.718294e+00  3.250809e-03  8.018028e-01  0.000000e+00  0.000000e+00  2.793840e-01  0.000000e+00  0.000000e+00  -3.256171e-01  0.000000e+00  0.000000e+00  2.793840e-01  0.000000e+00  0.000000e+00  -3.256171e-01  0.000000e+00  0.000000e+00  2.793840e-01  1.718294e+00  3.250809e-03  8.018028e-01  0.000000e+00  0.000000e+00  2.793840e-01  0.000000e+00  0.000000e+00  -3.256171e-01  0.000000e+00  0.000000e+00  2.793840e-01  0.000000e+00  0.000000e+00  -3.256171e-01  0.000000e+00  0.000000e+00  2.793840e-01  
1.720998e+00  4.712919e-03  8.052606e-01  0.000000e+00  0.000000e+00  2.736152e-01  0.000000e+00  0.000000e+00  -3.263354e-01  0.000000e+00  0.000000e+00  2.736152e-01  0.000000e+00  0.000000e+00  -3.263354e-01  0.000000e+00  0.000000e+00  2.736152e-01  1.720998e+00  4.712919e-03  8.052606e-01  0.000000e+00  0.000000e+00  2.736152e-01  0.000000e+00  0.000000e+00  -3.263354e-01  0.000000e+00  0.000000e+00  2.736152e-01  0.000000e+00  0.000000e+00  -3.263354e-01  0.000000e+00  0.000000e+00  2.736152e-01  
1.746224e+00  9.913066e-03  7.981009e-01  0.000000e+00  0.000000e+00  2.741890e-01  0.000000e+00  0.000000e+00  -3.239888e-01  0.000000e+00  0.000000e+00  2.741890e-01  0.000000e+00  0.000000e+00  -3.239888e-01  0.000000e+00  0.000000e+00  2.741890e-01  1.746224e+00  9.913066e-03  7.981009e-01  0.000000e+00  0.000000e+00  2.741890e-01  0.000000e+00  0.000000e+00  -3.239888e-01  0.000000e+00  0.000000e+00  2.741890e-01  0.000000e+00  0.000000e+00  -3.239888e-01  0.000000e+00  0.000000e+00  2.741890e-01  
1.706924e+00  2.403819e-03  8.060030e-01  0.000000e+00  0.000000e+00  2.719078e-01  0.000000e+00  0.000000e+00  -3.242208e-01  0.000000e+00  0.000000e+00  2.719078e-01  0.000000e+00  0.000000e+00  -3.242208e-01  0.000000e+00  0.000000e+00  2.719078e-01  1.706924e+00  2.403819e-03  8.060030e-01  0.000000e+00  0.000000e+00  2.719078e-01  0.000000e+00  0.000000e+00  -3.242208e-01  0.000000e+00  0.000000e+00  2.719078e-01  0.000000e+00  0.000000e+00  -3.242208e-01  0.000000e+00  0.000000e+00  2.719078e-01  
1.709627e+00  5.110819e-03  7.959594e-01  0.000000e+00  0.000000e+00  2.611192e-01  0.000000e+00  0.000000e+00  -3.232538e-01  0.000000e+00  0.000000e+00  2.611192e-01  0.000000e+00  0.000000e+00  -3.232538e-01  0.000000e+00  0.000000e+00  2.611192e-01  1.709627e+00  5.110819e-03  7.959594e-01  0.000000e+00  0.000000e+00  2.611192e-01  0.000000e+00  0.000000e+00  -3.232538e-01  0.000000e+00  0.000000e+00  2.611192e-01  0.000000e+00  0.000000e+00  -3.232538e-01  0.000000e+00  0.000000e+00  2.611192e-01  
1.700130e+00  1.374933e-03  8.040955e-01  0.000000e+00  0.000000e+00  2.751197e-01  0.000000e+00  0.000000e+00  -3.229725e-01  0.000000e+00  0.000000e+00  2.751197e-01  0.000000e+00  0.000000e+00  -3.229725e-01  0.000000e+00  0.000000e+00  2.751197e-01  1.700130e+00  1.374933e-03  8.040955e-01  0.000000e+00  0.000000e+00  2.751197e-01  0.000000e+00  0.000000e+00  -3.229725e-01  0.000000e+00  0.000000e+00  2.751197e-01  0.000000e+00  0.000000e+00  -3.229725e-01  0.000000e+00  0.000000e+00  2.751197e-01  
1.734857e+00  3.755024e-03  8.084090e-01  0.000000e+00  0.000000e+00  2.477545e-01  0.000000e+00  0.000000e+00  -3.240473e-01  0.000000e+00  0.000000e+00  2.477545e-01  0.000000e+00  0.000000e+00  -3.240473e-01  0.000000e+00  0.000000e+00  2.477545e-01  1.734857e+00  3.755024e-03  8.084090e-01  0.000000e+00  0.000000e+00  2.477545e-01  0.000000e+00  0.000000e+00  -3.240473e-01  0.000000e+00  0.000000e+00  2.477545e-01  0.000000e+00  0.000000e+00  -3.240473e-01  0.000000e+00  0.000000e+00  2.477545e-01  
1.786856e+00  1.489222e-02  8.039215e-01  0.000000e+00  0.000000e+00  2.852807e-01  0.000000e+00  0.000000e+00  -3.255642e-01  0.000000e+00  0.000000e+00  2.852807e-01  0.000000e+00  0.000000e+00  -3.255642e-01  0.000000e+00  0.000000e+00  2.852807e-01  1.786856e+00  1.489222e-02  8.039215e-01  0.000000e+00  0.000000e+00  2.852807e-01  0.000000e+00  0.000000e+00  -3.255642e-01  0.000000e+00  0.000000e+00  2.852807e-01  0.000000e+00  0.000000e+00  -3.255642e-01  0.000000e+00  0.000000e+00  2.852807e-01  
1.796541e+00  1.382532e-02  8.080386e-01  0.000000e+00  0.000000e+00  2.411375e-01  0.000000e+00  0.000000e+00  -3.286484e-01  0.000000e+00  0.000000e+00  2.411375e-01  0.000000e+00  0.000000e+00  -3.286484e-01  0.000000e+00  0.000000e+00  2.411375e-01  1.796541e+00  1.382532e-02  8.080386e-01  0.000000e+00  0.000000e+00  2.411375e-01  0.000000e+00  0.000000e+00  -3.286484e-01  0.000000e+00  0.000000e+00  2.411375e-01  0.000000e+00  0.000000e+00  -3.286484e-01  0.000000e+00  0.000000e+00  2.411375e-01  
1.718534e+00  8.852084e-03  7.797769e-01  0.000000e+00  0.000000e+00  2.489547e-01  0.000000e+00  0.000000e+00  -3.263589e-01  0.000000e+00  0.000000e+00  2.489547e-01  0.000000e+00  0.000000e+00  -3.263589e-01  0.000000e+00  0.000000e+00  2.489547e-01  1.718534e+00  8.852084e-03  7.797769e-01  0.000000e+00  0.000000e+00  2.489547e-01  0.000000e+00  0.000000e+00  -3.263589e-01  0.000000e+00  0.000000e+00  2.489547e-01  0.000000e+00  0.000000e+00  -3.263589e-01  0.000000e+00  0.000000e+00  2.489547e-01  
1.706809e+00  8.063340e-04  8.050565e-01  0.000000e+00  0.000000e+00  2.657865e-01  0.000000e+00  0.000000e+00  -3.251416e-01  0.000000e+00  0.000000e+00  2.657865e-01  0.000000e+00  0.000000e+00  -3.251416e-01  0.000000e+00  0.000000e+00  2.657865e-01  1.706809e+00  8.063340e-04  8.050565e-01  0.000000e+00  0.000000e+00  2.657865e-01  0.000000e+00  0.000000e+00  -3.251416e-01  0.000000e+00  0.000000e+00  2.657865e-01  0.000000e+00  0.000000e+00  -3.251416e-01  0.000000e+00  0.000000e+00  2.657865e-01  
1.726954e+00  9.447437e-03  7.885438e-01  0.000000e+00  0.000000e+00  2.677646e-01  0.000000e+00  0.000000e+00  -3.255605e-01  0.000000e+00  0.000000e+00  2.677646e-01  0.000000e+00  0.000000e+00  -3.255605e-01  0.000000e+00  0.000000e+00  2.677646e-01  1.726954e+00  9.447437e-03  7.885438e-01  0.000000e+00  0.000000e+00  2.677646e-01  0.000000e+00  0.000000e+00  -3.255605e-01  0.000000e+00  0.000000e+00  2.677646e-01  0.000000e+00  0.000000e+00  -3.255605e-01  0.000000e+00  0.000000e+00  2.677646e-01  
1.761535e+00  8.648694e-03  8.007498e-01  0.000000e+00  0.000000e+00  2.795900e-01  0.000000e+00  0.000000e+00  -3.255351e-01  0.000000e+00  0.000000e+00  2.795900e-01  0.000000e+00  0.000000e+00  -3.255351e-01  0.000000e+00  0.000000e+00  2.795900e-01  1.761535e+00  8.648694e-03  8.007498e-01  0.000000e+00  0.000000e+00  2.795900e-01  0.000000e+00  0.000000e+00  -3.255351e-01  0.000000e+00  0.000000e+00  2.795900e-01  0.000000e+00  0.000000e+00  -3.255351e-01  0.000000e+00  0.000000e+00  2.795900e-01  
1.744613e+00  2.834559e-03  7.966313e-01  0.000000e+00  0.000000e+00  2.527740e-01  0.000000e+00  0.000000e+00  -3.293414e-01  0.000000e+00  0.000000e+00  2.527740e-01  0.000000e+00  0.000000e+00  -3.293414e-01  0.000000e+00  0.000000e+00  2.527740e-01  1.744613e+00  2.834559e-03  7.966313e-01  0.000000e+00  0.000000e+00  2.527740e-01  0.000000e+00  0.000000e+00  -3.293414e-01  0.000000e+00  0.000000e+00  2.527740e-01  0.000000e+00  0.000000e+00  -3.293414e-01  0.000000e+00  0.000000e+00  2.527740e-01  
1.816927e+00  1.195545e-02  8.034660e-01  0.000000e+00  0.000000e+00  2.268882e-01  0.000000e+00  0.000000e+00  -3.319990e-01  0.000000e+00  0.000000e+00  2.268882e-01  0.000000e+00  0.000000e+00  -3.319990e-01  0.000000e+00  0.000000e+00  2.268882e-01  1.816927e+00  1.195545e-02  8.034660e-01  0.000000e+00  0.000000e+00  2.268882e-01  0.000000e+00  0.000000e+00  -3.319990e-01  0.000000e+00  0.000000e+00  2.268882e-01  0.000000e+00  0.000000e+00  -3.319990e-01  0.000000e+00  0.000000e+00  2.268882e-01  
1.708012e+00  4.917312e-03  7.873330e-01  0.000000e+00  0.000000e+00  2.659378e-01  0.000000e+00  0.000000e+00  -3.314701e-01  0.000000e+00  0.000000e+00  2.659378e-01  0.000000e+00  0.000000e+00  -3.314701e-01  0.000000e+00  0.000000e+00  2.659378e-01  1.708012e+00  4.917312e-03  7.873330e-01  0.000000e+00  0.000000e+00  2.659378e-01  0.000000e+00  0.000000e+00  -3.314701e-01  0.000000e+00  0.000000e+00  2.659378e-01  0.000000e+00  0.000000e+00  -3.314701e-01  0.000000e+00  0.000000e+00  2.659378e-01  
1.751481e+00  2.776859e-03  8.229764e-01  0.000000e+00  0.000000e+00  2.628817e-01  0.000000e+00  0.000000e+00  -3.296460e-01  0.000000e+00  0.000000e+00  2.628817e-01  0.000000e+00  0.000000e+00  -3.296460e-01  0.000000e+00  0.000000e+00  2.628817e-01  1.751481e+00  2.776859e-03  8.229764e-01  0.000000e+00  0.000000e+00  2.628817e-01  0.000000e+00  0.000000e+00  -3.296460e-01  0.000000e+00  0.000000e+00  2.628817e-01  0.000000e+00  0.000000e+00  -3.296460e-01  0.000000e+00  0.000000e+00  2.628817e-01  
1.730230e+00  6.853291e-03  7.896150e-01  0.000000e+00  0.000000e+00  2.680440e-01  0.000000e+00  0.000000e+00  -3.263233e-01  0.000000e+00  0.000000e+00  2.680440e-01  0.000000e+00  0.000000e+00  -3.263233e-01  0.000000e+00  0.000000e+00  2.680440e-01  1.730230e+00  6.853291e-03  7.896150e-01  0.000000e+00  0.000000e+00  2.680440e-01  0.000000e+00  0.000000e+00  -3.263233e-01  0.000000e+00  0.000000e+00  2.680440e-01  0.000000e+00  0.000000e+00  -3.263233e-01  0.000000e+00  0.000000e+00  2.680440e-01  
1.768567e+00  1.043018e-02  7.926778e-01  0.000000e+00  0.000000e+00  2.569723e-01  0.000000e+00  0.000000e+00  -3.313631e-01  0.000000e+00  0.000000e+00  2.569723e-01  0.000000e+00  0.000000e+00  -3.313631e-01  0.000000e+00  0.000000e+00  2.569723e-01  1.768567e+00  1.043018e-02  7.926778e-01  0.000000e+00  0.000000e+00  2.569723e-01  0.000000e+00  0.000000e+00  -3.313631e-01  0.000000e+00  0.000000e+00  2.569723e-01  0.000000e+00  0.000000e+00  -3.313631e-01  0.000000e+00  0.000000e+00  2.569723e-01  
1.745375e+00  1.066438e-02  7.876961e-01  0.000000e+00  0.000000e+00  2.415391e-01  0.000000e+00  0.000000e+00  -3.290149e-01  0.000000e+00  0.000000e+00  2.415391e-01  0.000000e+00  0.000000e+00  -3.290149e-01  0.000000e+00  0.000000e+00  2.415391e-01  1.745375e+00  1.066438e-02  7.876961e-01  0.000000e+00  0.000000e+00  2.415391e-01  0.000000e+00  0.000000e+00  -3.290149e-01  0.000000e+00  0.000000e+00  2.415391e-01  0.000000e+00  0.000000e+00  -3.290149e-01  0.000000e+00  0.000000e+00  2.415391e-01  
1.736056e+00  3.712380e-03  8.194252e-01  0.000000e+00  0.000000e+00  2.652657e-01  0.000000e+00  0.000000e+00  -3.268193e-01  0.000000e+00  0.000000e+00  2.652657e-01  0.000000e+00  0.000000e+00  -3.268193e-01  0.000000e+00  0.000000e+00  2.652657e-01  1.736056e+00  3.712380e-03  8.194252e-01  0.000000e+00  0.000000e+00  2.652657e-01  0.000000e+00  0.000000e+00  -3.268193e-01  0.000000e+00  0.000000e+00  2.652657e-01  0.000000e+00  0.000000e+00  -3.268193e-01  0.000000e+00  0.000000e+00  2.652657e-01  
1.746356e+00  3.148891e-03  8.338057e-01  0.000000e+00  0.000000e+00  2.685426e-01  0.000000e+00  0.000000e+00  -3.260348e-01  0.000000e+00  0.000000e+00  2.685426e-01  0.000000e+00  0.000000e+00  -3.260348e-01  0.000000e+00  0.000000e+00  2.685426e-01  1.746356e+00  3.148891e-03  8.338057e-01  0.000000e+00  0.000000e+00  2.685426e-01  0.000000e+00  0.000000e+00  -3.260348e-01  0.000000e+00  0.000000e+00  2.685426e-01  0.000000e+00  0.000000e+00  -3.260348e-01  0.000000e+00  0.000000e+00  2.685426e-01  
1.742252e+00  7.617902e-03  8.131174e-01  0.000000e+00  0.000000e+00  2.768118e-01  0.000000e+00  0.000000e+00  -3.292661e-01  0.000000e+00  0.000000e+00  2.768118e-01  0.000000e+00  0.000000e+00  -3.292661e-01  0.000000e+00  0.000000e+00  2.768118e-01  1.742252e+00  7.617902e-03  8.131174e-01  0.000000e+00  0.000000e+00  2.768118e-01  0.000000e+00  0.000000e+00  -3.292661e-01  0.000000e+00  0.000000e+00  2.768118e-01  0.000000e+00  0.000000e+00  -3.292661e-01  0.000000e+00  0.000000e+00  2.768118e-01  
1.699257e+00  1.557852e-03  7.916008e-01  0.000000e+00  0.000000e+00  2.588923e-01  0.000000e+00  0.000000e+00  -3.296496e-01  0.000000e+00  0.000000e+00  2.588923e-01  0.000000e+00  0.000000e+00  -3.296496e-01  0.000000e+00  0.000000e+00  2.588923e-01  1.699257e+00  1.557852e-03  7.916008e-01  0.000000e+00  0.000000e+00  2.588923e-01  0.000000e+00  0.000000e+00  -3.296496e-01  0.000000e+00  0.000000e+00  2.588923e-01  0.000000e+00  0.000000e+00  -3.296496e-01  0.000000e+00  0.000000e+00  2.588923e-01  
1.735076e+00  6.157151e-03  7.934774e-01  0.000000e+00  0.000000e+00  2.698428e-01  0.000000e+00  0.000000e+00  -3.272940e-01  0.000000e+00  0.000000e+00  2.698428e-01  0.000000e+00  0.000000e+00  -3.272940e-01  0.000000e+00  0.000000e+00  2.698428e-01  1.735076e+00  6.157151e-03  7.934774e-01  0.000000e+00  0.000000e+00  2.698428e-01  0.000000e+00  0.000000e+00  -3.272940e-01  0.000000e+00  0.000000e+00  2.698428e-01  0.000000e+00  0.000000e+00  -3.272940e-01  0.000000e+00  0.000000e+00  2.698428e-01  
1.758478e+00  3.701605e-03  8.159999e-01  0.000000e+00  0.000000e+00  2.484267e-01  0.000000e+00  0.000000e+00  -3.302258e-01  0.000000e+00  0.000000e+00  2.484267e-01  0.000000e+00  0.000000e+00  -3.302258e-01  0.000000e+00  0.000000e+00  2.484267e-01  1.758478e+00  3.701605e-03  8.159999e-01  0.000000e+00  0.000000e+00  2.484267e-01  0.000000e+00  0.000000e+00  -3.302258e-01  0.000000e+00  0.000000e+00  2.484267e-01  0.000000e+00  0.000000e+00  -3.302258e-01  0.000000e+00  0.000000e+00  2.484267e-01  
1.708408e+00  1.532486e-03  8.101338e-01  0.000000e+00  0.000000e+00  2.864664e-01  0.000000e+00  0.000000e+00  -3.233287e-01  0.000000e+00  0.000000e+00  2.864664e-01  0.000000e+00  0.000000e+00  -3.233287e-01  0.000000e+00  0.000000e+00  2.864664e-01  1.708408e+00  1.532486e-03  8.101338e-01  0.000000e+00  0.000000e+00  2.864664e-01  0.000000e+00  0.000000e+00  -3.233287e-01  0.000000e+00  0.000000e+00  2.864664e-01  0.000000e+00  0.000000e+00  -3.233287e-01  0.000000e+00  0.000000e+00  2.864664e-01  
1.769692e+00  6.574950e-03  8.081055e-01  0.000000e+00  0.000000e+00  2.529725e-01  0.000000e+00  0.000000e+00  -3.290143e-01  0.000000e+00  0.000000e+00  2.529725e-01  0.000000e+00  0.000000e+00  -3.290143e-01  0.000000e+00  0.000000e+00  2.529725e-01  1.769692e+00  6.574950e-03  8.081055e-01  0.000000e+00  0.000000e+00  2.529725e-01  0.000000e+00  0.000000e+00  -3.290143e-01  0.000000e+00  0.000000e+00  2.529725e-01  0.000000e+00  0.000000e+00  -3.290143e-01  0.000000e+00  0.000000e+00  2.529725e-01  
1.744856e+00  5.440622e-03  7.987287e-01  0.000000e+00  0.000000e+00  2.768934e-01  0.000000e+00  0.000000e+00  -3.272774e-01  0.000000e+00  0.000000e+00  2.768934e-01  0.000000e+00  0.000000e+00  -3.272774e-01  0.000000e+00  0.000000e+00  2.768934e-01  1.744856e+00  5.440622e-03  7.987287e-01  0.000000e+00  0.000000e+00  2.768934e-01  0.000000e+00  0.000000e+00  -3.272774e-01  0.000000e+00  0.000000e+00  2.768934e-01  0.000000e+00  0.000000e+00  -3.272774e-01  0.000000e+00  0.000000e+00  2.768934e-01  
1.789062e+00  2.960749e-03  8.536251e-01  0.000000e+00  0.000000e+00  2.995556e-01  0.000000e+00  0.000000e+00  -3.270042e-01  0.000000e+00  0.000000e+00  2.995556e-01  0.000000e+00  0.000000e+00  -3.270042e-01  0.000000e+00  0.000000e+00  2.995556e-01  1.789062e+00  2.960749e-03  8.536251e-01  0.000000e+00  0.000000e+00  2.995556e-01  0.000000e+00  0.000000e+00  -3.270042e-01  0.000000e+00  0.000000e+00  2.995556e-01  0.000000e+00  0.000000e+00  -3.270042e-01  0.000000e+00  0.000000e+00  2.995556e-01  
1.694193e+00  4.126411e-03  7.824143e-01  0.000000e+00  0.000000e+00  2.698491e-01  0.000000e+00  0.000000e+00  -3.281999e-01  0.000000e+00  0.000000e+00  2.698491e-01  0.000000e+00  0.000000e+00  -3.281999e-01  0.000000e+00  0.000000e+00  2.698491e-01  1.694193e+00  4.126411e-03  7.824143e-01  0.000000e+00  0.000000e+00  2.698491e-01  0.000000e+00  0.000000e+00  -3.281999e-01  0.000000e+00  0.000000e+00  2.698491e-01  0.000000e+00  0.000000e+00  -3.281999e-01  0.000000e+00  0.000000e+00  2.698491e-01  
1.739341e+00  2.411547e-03  8.261859e-01  0.000000e+00  0.000000e+00  2.739732e-01  0.000000e+00  0.000000e+00  -3.243524e-01  0.000000e+00  0.000000e+00  2.739732e-01  0.000000e+00  0.000000e+00  -3.243524e-01  0.000000e+00  0.000000e+00  2.739732e-01  1.739341e+00  2.411547e-03  8.261859e-01  0.000000e+00  0.000000e+00  2.739732e-01  0.000000e+00  0.000000e+00  -3.243524e-01  0.000000e+00  0.000000e+00  2.739732e-01  0.000000e+00  0.000000e+00  -3.243524e-01  0.000000e+00  0.000000e+00  2.739732e-01  
1.746349e+00  5.888318e-03  7.979045e-01  0.000000e+00  0.000000e+00  2.533575e-01  0.000000e+00  0.000000e+00  -3.308876e-01  0.000000e+00  0.000000e+00  2.533575e-01  0.000000e+00  0.000000e+00  -3.308876e-01  0.000000e+00  0.000000e+00  2.533575e-01  1.746349e+00  5.888318e-03  7.979045e-01  0.000000e+00  0.000000e+00  2.533575e-01  0.000000e+00  0.000000e+00  -3.308876e-01  0.000000e+00  0.000000e+00  2.533575e-01  0.000000e+00  0.000000e+00  -3.308876e-01  0.000000e+00  0.000000e+00  2.533575e-01  
1.766220e+00  1.122057e-02  8.080298e-01  0.000000e+00  0.000000e+00  2.990393e-01  0.000000e+00  0.000000e+00  -3.279215e-01  0.000000e+00  0.000000e+00  2.990393e-01  0.000000e+00  0.000000e+00  -3.279215e-01  0.000000e+00  0.000000e+00  2.990393e-01  1.766220e+00  1.122057e-02  8.080298e-01  0.000000e+00  0.000000e+00  2.990393e-01  0.000000e+00  0.000000e+00  -3.279215e-01  0.000000e+00  0.000000e+00  2.990393e-01  0.000000e+00  0.000000e+00  -3.279215e-01  0.000000e+00  0.000000e+00  2.990393e-01  
1.748800e+00  3.029497e-03  8.162063e-01  0.000000e+00  0.000000e+00  2.659354e-01  0.000000e+00  0.000000e+00  -3.254662e-01  0.000000e+00  0.000000e+00  2.659354e-01  0.000000e+00  0.000000e+00  -3.254662e-01  0.000000e+00  0.000000e+00  2.659354e-01  1.748800e+00  3.029497e-03  8.162063e-01  0.000000e+00  0.000000e+00  2.659354e-01  0.000000e+00  0.000000e+00  -3.254662e-01  0.000000e+00  0.000000e+00  2.659354e-01  0.000000e+00  0.000000e+00  -3.254662e-01  0.000000e+00  0.000000e+00  2.659354e-01  
1.757409e+00  3.921299e-03  8.196865e-01  0.000000e+00  0.000000e+00  2.754218e-01  0.000000e+00  0.000000e+00  -3.248698e-01  0.000000e+00  0.000000e+00  2.754218e-01  0.000000e+00  0.000000e+00  -3.248698e-01  0.000000e+00  0.000000e+00  2.754218e-01  1.757409e+00  3.921299e-03  8.196865e-01  0.000000e+00  0.000000e+00  2.754218e-01  0.000000e+00  0.000000e+00  -3.248698e-01  0.000000e+00  0.000000e+00  2.754218e-01  0.000000e+00  0.000000e+00  -3.248698e-01  0.000000e+00  0.000000e+00  2.754218e-01  
1.793547e+00  1.150124e-02  7.993074e-01  0.000000e+00  0.000000e+00  2.637006e-01  0.000000e+00  0.000000e+00  -3.290943e-01  0.000000e+00  0.000000e+00  2.637006e-01  0.000000e+00  0.000000e+00  -3.290943e-01  0.000000e+00  0.000000e+00  2.637006e-01  1.793547e+00  1.150124e-02  7.993074e-01  0.000000e+00  0.000000e+00  2.637006e-01  0.000000e+00  0.000000e+00  -3.290943e-01  0.000000e+00  0.000000e+00  2.637006e-01  0.000000e+00  0.000000e+00  -3.290943e-01  0.000000e+00  0.000000e+00  2.637006e-01  
1.762618e+00  1.406380e-02  7.932484e-01  0.000000e+00  0.000000e+00  2.768980e-01  0.000000e+00  0.000000e+00  -3.321704e-01  0.000000e+00  0.000000e+00  2.768980e-01  0.000000e+00  0.000000e+00  -3.321704e-01  0.000000e+00  0.000000e+00  2.768980e-01  1.762618e+00  1.406380e-02  7.932484e-01  0.000000e+00  0.000000e+00  2.768980e-01  0.000000e+00  0.000000e+00  -3.321704e-01  0.000000e+00  0.000000e+00  2.768980e-01  0.000000e+00  0.000000e+00  -3.321704e-01  0.000000e+00  0.000000e+00  2.768980e-01  
1.784693e+00  3.148664e-03  8.265407e-01  0.000000e+00  0.000000e+00  2.825625e-01  0.000000e+00  0.000000e+00  -3.371518e-01  0.000000e+00  0.000000e+00  2.825625e-01  0.000000e+00  0.000000e+00  -3.371518e-01  0.000000e+00  0.000000e+00  2.825625e-01  1.784693e+00  3.148664e-03  8.265407e-01  0.000000e+00  0.000000e+00  2.825625e-01  0.000000e+00  0.000000e+00  -3.371518e-01  0.000000e+00  0.000000e+00  2.825625e-01  0.000000e+00  0.000000e+00  -3.371518e-01  0.000000e+00  0.000000e+00  2.825625e-01  
1.781559e+00  3.575769e-03  8.327608e-01  0.000000e+00  0.000000e+00  2.516764e-01  0.000000e+00  0.000000e+00  -3.341630e-01  0.000000e+00  0.000000e+00  2.516764e-01  0.000000e+00  0.000000e+00  -3.341630e-01  0.000000e+00  0.000000e+00  2.516764e-01  1.781559e+00  3.575769e-03  8.327608e-01  0.000000e+00  0.000000e+00  2.516764e-01  0.000000e+00  0.000000e+00  -3.341630e-01  0.000000e+00  0.000000e+00  2.516764e-01  0.000000e+00  0.000000e+00  -3.341630e-01  0.000000e+00  0.000000e+00  2.516764e-01  
1.806287e+00  1.077065e-04  8.461232e-01  0.000000e+00  0.000000e+00  2.673758e-01  0.000000e+00  0.000000e+00  -3.304946e-01  0.000000e+00  0.000000e+00  2.673758e-01  0.000000e+00  0.000000e+00  -3.304946e-01  0.000000e+00  0.000000e+00  2.673758e-01  1.806287e+00  1.077065e-04  8.461232e-01  0.000000e+00  0.000000e+00  2.673758e-01  0.000000e+00  0.000000e+00  -3.304946e-01  0.000000e+00  0.000000e+00  2.673758e-01  0.000000e+00  0.000000e+00  -3.304946e-01  0.000000e+00  0.000000e+00  2.673758e-01  
1.811479e+00  1.333705e-02  8.026594e-01  0.000000e+00  0.000000e+00  2.933171e-01  0.000000e+00  0.000000e+00  -3.310217e-01  0.000000e+00  0.000000e+00  2.933171e-01  0.000000e+00  0.000000e+00  -3.310217e-01  0.000000e+00  0.000000e+00  2.933171e-01  1.811479e+00  1.333705e-02  8.026594e-01  0.000000e+00  0.000000e+00  2.933171e-01  0.000000e+00  0.000000e+00  -3.310217e-01  0.000000e+00  0.000000e+00  2.933171e-01  0.000000e+00  0.000000e+00  -3.310217e-01  0.000000e+00  0.000000e+00  2.933171e-01  
1.957888e+00  1.558255e-03  8.648884e-01  0.000000e+00  0.000000e+00  2.754917e-01  0.000000e+00  0.000000e+00  -3.631156e-01  0.000000e+00  0.000000e+00  2.754917e-01  0.000000e+00  0.000000e+00  -3.631156e-01  0.000000e+00  0.000000e+00  2.754917e-01  1.957888e+00  1.558255e-03  8.648884e-01  0.000000e+00  0.000000e+00  2.754917e-01  0.000000e+00  0.000000e+00  -3.631156e-01  0.000000e+00  0.000000e+00  2.754917e-01  0.000000e+00  0.000000e+00  -3.631156e-01  0.000000e+00  0.000000e+00  2.754917e-01  
1.961052e+00  6.659774e-04  8.720608e-01  0.000000e+00  0.000000e+00  2.719770e-01  0.000000e+00  0.000000e+00  -3.621576e-01  0.000000e+00  0.000000e+00  2.719770e-01  0.000000e+00  0.000000e+00  -3.621576e-01  0.000000e+00  0.000000e+00  2.719770e-01  1.961052e+00  6.659774e-04  8.720608e-01  0.000000e+00  0.000000e+00  2.719770e-01  0.000000e+00  0.000000e+00  -3.621576e-01  0.000000e+00  0.000000e+00  2.719770e-01  0.000000e+00  0.000000e+00  -3.621576e-01  0.000000e+00  0.000000e+00  2.719770e-01  
1.950388e+00  5.808652e-04  8.780855e-01  0.000000e+00  0.000000e+00  2.722478e-01  0.000000e+00  0.000000e+00  -3.625463e-01  0.000000e+00  0.000000e+00  2.722478e-01  0.000000e+00  0.000000e+00  -3.625463e-01  0.000000e+00  0.000000e+00  2.722478e-01  1.950388e+00  5.808652e-04  8.780855e-01  0.000000e+00  0.000000e+00  2.722478e-01  0.000000e+00  0.000000e+00  -3.625463e-01  0.000000e+00  0.000000e+00  2.722478e-01  0.000000e+00  0.000000e+00  -3.625463e-01  0.000000e+00  0.000000e+00  2.722478e-01  
1.967656e+00  8.953518e-04  8.730665e-01  0.000000e+00  0.000000e+00  2.732051e-01  0.000000e+00  0.000000e+00  -3.629375e-01  0.000000e+00  0.000000e+00  2.732051e-01  0.000000e+00  0.000000e+00  -3.629375e-01  0.000000e+00  0.000000e+00  2.732051e-01  1.967656e+00  8.953518e-04  8.730665e-01  0.000000e+00  0.000000e+00  2.732051e-01  0.000000e+00  0.000000e+00  -3.629375e-01  0.000000e+00  0.000000e+00  2.732051e-01  0.000000e+00  0.000000e+00  -3.629375e-01  0.000000e+00  0.000000e+00  2.732051e-01  
1.966692e+00  1.779234e-03  8.775077e-01  0.000000e+00  0.000000e+00  2.706780e-01  0.000000e+00  0.000000e+00  -3.604493e-01  0.000000e+00  0.000000e+00  2.706780e-01  0.000000e+00  0.000000e+00  -3.604493e-01  0.000000e+00  0.000000e+00  2.706780e-01  1.966692e+00  1.779234e-03  8.775077e-01  0.000000e+00  0.000000e+00  2.706780e-01  0.000000e+00  0.000000e+00  -3.604493e-01  0.000000e+00  0.000000e+00  2.706780e-01  0.000000e+00  0.000000e+00  -3.604493e-01  0.000000e+00  0.000000e+00  2.706780e-01  
1.993456e+00  2.109179e-04  8.832657e-01  0.000000e+00  0.000000e+00  2.640063e-01  0.000000e+00  0.000000e+00  -3.647442e-01  0.000000e+00  0.000000e+00  2.640063e-01  0.000000e+00  0.000000e+00  -3.647442e-01  0.000000e+00  0.000000e+00  2.640063e-01  1.993456e+00  2.109179e-04  8.832657e-01  0.000000e+00  0.000000e+00  2.640063e-01  0.000000e+00  0.000000e+00  -3.647442e-01  0.000000e+00  0.000000e+00  2.640063e-01  0.000000e+00  0.000000e+00  -3.647442e-01  0.000000e+00  0.000000e+00  2.640063e-01  
1.960292e+00  1.653784e-03  8.701568e-01  0.000000e+00  0.000000e+00  2.716475e-01  0.000000e+00  0.000000e+00  -3.628003e-01  0.000000e+00  0.000000e+00  2.716475e-01  0.000000e+00  0.000000e+00  -3.628003e-01  0.000000e+00  0.000000e+00  2.716475e-01  1.960292e+00  1.653784e-03  8.701568e-01  0.000000e+00  0.000000e+00  2.716475e-01  0.000000e+00  0.000000e+00  -3.628003e-01  0.000000e+00  0.000000e+00  2.716475e-01  0.000000e+00  0.000000e+00  -3.628003e-01  0.000000e+00  0.000000e+00  2.716475e-01  
1.949684e+00  3.589486e-04  8.743178e-01  0.000000e+00  0.000000e+00  2.769868e-01  0.000000e+00  0.000000e+00  -3.645599e-01  0.000000e+00  0.000000e+00  2.769868e-01  0.000000e+00  0.000000e+00  -3.645599e-01  0.000000e+00  0.000000e+00  2.769868e-01  1.949684e+00  3.589486e-04  8.743178e-01  0.000000e+00  0.000000e+00  2.769868e-01  0.000000e+00  0.000000e+00  -3.645599e-01  0.000000e+00  0.000000e+00  2.769868e-01  0.000000e+00  0.000000e+00  -3.645599e-01  0.000000e+00  0.000000e+00  2.769868e-01  
1.964398e+00  1.130770e-03  8.823866e-01  0.000000e+00  0.000000e+00  2.719012e-01  0.000000e+00  0.000000e+00  -3.615568e-01  0.000000e+00  0.000000e+00  2.719012e-01  0.000000e+00  0.000000e+00  -3.615568e-01  0.000000e+00  0.000000e+00  2.719012e-01  1.964398e+00  1.130770e-03  8.823866e-01  0.000000e+00  0.000000e+00  2.719012e-01  0.000000e+00  0.000000e+00  -3.615568e-01  0.000000e+00  0.000000e+00  2.719012e-01  0.000000e+00  0.000000e+00  -3.615568e-01  0.000000e+00  0.000000e+00  2.719012e-01  
1.969174e+00  3.245523e-03  8.765260e-01  0.000000e+00  0.000000e+00  2.672088e-01  0.000000e+00  0.000000e+00  -3.596465e-01  0.000000e+00  0.000000e+00  2.672088e-01  0.000000e+00  0.000000e+00  -3.596465e-01  0.000000e+00  0.000000e+00  2.672088e-01  1.969174e+00  3.245523e-03  8.765260e-01  0.000000e+00  0.000000e+00  2.672088e-01  0.000000e+00  0.000000e+00  -3.596465e-01  0.000000e+00  0.000000e+00  2.672088e-01  0.000000e+00  0.000000e+00  -3.596465e-01  0.000000e+00  0.000000e+00  2.672088e-01  
1.988780e+00  5.223475e-03  8.652197e-01  0.000000e+00  0.000000e+00  2.576692e-01  0.000000e+00  0.000000e+00  -3.652457e-01  0.000000e+00  0.000000e+00  2.576692e-01  0.000000e+00  0.000000e+00  -3.652457e-01  0.000000e+00  0.000000e+00  2.576692e-01  1.988780e+00  5.223475e-03  8.652197e-01  0.000000e+00  0.000000e+00  2.576692e-01  0.000000e+00  0.000000e+00  -3.652457e-01  0.000000e+00  0.000000e+00  2.576692e-01  0.000000e+00  0.000000e+00  -3.652457e-01  0.000000e+00  0.000000e+00  2.576692e-01  
1.998164e+00  6.398997e-03  8.509498e-01  0.000000e+00  0.000000e+00  2.732373e-01  0.000000e+00  0.000000e+00  -3.699180e-01  0.000000e+00  0.000000e+00  2.732373e-01  0.000000e+00  0.000000e+00  -3.699180e-01  0.000000e+00  0.000000e+00  2.732373e-01  1.998164e+00  6.398997e-03  8.509498e-01  0.000000e+00  0.000000e+00  2.732373e-01  0.000000e+00  0.000000e+00  -3.699180e-01  0.000000e+00  0.000000e+00  2.732373e-01  0.000000e+00  0.000000e+00  -3.699180e-01  0.000000e+00  0.000000e+00  2.732373e-01  
1.997599e+00  3.293389e-03  8.767917e-01  0.000000e+00  0.000000e+00  2.850319e-01  0.000000e+00  0.000000e+00  -3.654605e-01  0.000000e+00  0.000000e+00  2.850319e-01  0.000000e+00  0.000000e+00  -3.654605e-01  0.000000e+00  0.000000e+00  2.850319e-01  1.997599e+00  3.293389e-03  8.767917e-01  0.000000e+00  0.000000e+00  2.850319e-01  0.000000e+00  0.000000e+00  -3.654605e-01  0.000000e+00  0.000000e+00  2.850319e-01  0.000000e+00  0.000000e+00  -3.654605e-01  0.000000e+00  0.000000e+00  2.850319e-01  
1.988388e+00  1.200335e-03  8.695304e-01  0.000000e+00  0.000000e+00  2.792438e-01  0.000000e+00  0.000000e+00  -3.646320e-01  0.000000e+00  0.000000e+00  2.792438e-01  0.000000e+00  0.000000e+00  -3.646320e-01  0.000000e+00  0.000000e+00  2.792438e-01  1.988388e+00  1.200335e-03  8.695304e-01  0.000000e+00  0.000000e+00  2.792438e-01  0.000000e+00  0.000000e+00  -3.646320e-01  0.000000e+00  0.000000e+00  2.792438e-01  0.000000e+00  0.000000e+00  -3.646320e-01  0.000000e+00  0.000000e+00  2.792438e-01  
1.942444e+00  7.137823e-04  8.670825e-01  0.000000e+00  0.000000e+00  2.730625e-01  0.000000e+00  0.000000e+00  -3.638951e-01  0.000000e+00  0.000000e+00  2.730625e-01  0.000000e+00  0.000000e+00  -3.638951e-01  0.000000e+00  0.000000e+00  2.730625e-01  1.942444e+00  7.137823e-04  8.670825e-01  0.000000e+00  0.000000e+00  2.730625e-01  0.000000e+00  0.000000e+00  -3.638951e-01  0.000000e+00  0.000000e+00  2.730625e-01  0.000000e+00  0.000000e+00  -3.638951e-01  0.000000e+00  0.000000e+00  2.730625e-01  
1.996083e+00  5.964789e-03  8.516749e-01  0.000000e+00  0.000000e+00  2.640460e-01  0.000000e+00  0.000000e+00  -3.663167e-01  0.000000e+00  0.000000e+00  2.640460e-01  0.000000e+00  0.000000e+00  -3.663167e-01  0.000000e+00  0.000000e+00  2.640460e-01  1.996083e+00  5.964789e-03  8.516749e-01  0.000000e+00  0.000000e+00  2.640460e-01  0.000000e+00  0.000000e+00  -3.663167e-01  0.000000e+00  0.000000e+00  2.640460e-01  0.000000e+00  0.000000e+00  -3.663167e-01  0.000000e+00  0.000000e+00  2.640460e-01  
2.002853e+00  6.125560e-03  8.678198e-01  0.000000e+00  0.000000e+00  2.619539e-01  0.000000e+00  0.000000e+00  -3.648476e-01  0.000000e+00  0.000000e+00  2.619539e-01  0.000000e+00  0.000000e+00  -3.648476e-01  0.000000e+00  0.000000e+00  2.619539e-01  2.002853e+00  6.125560e-03  8.678198e-01  0.000000e+00  0.000000e+00  2.619539e-01  0.000000e+00  0.000000e+00  -3.648476e-01  0.000000e+00  0.000000e+00  2.619539e-01  0.000000e+00  0.000000e+00  -3.648476e-01  0.000000e+00  0.000000e+00  2.619539e-01  
1.957923e+00  1.555427e-03  8.748479e-01  0.000000e+00  0.000000e+00  2.739039e-01  0.000000e+00  0.000000e+00  -3.578713e-01  0.000000e+00  0.000000e+00  2.739039e-01  0.000000e+00  0.000000e+00  -3.578713e-01  0.000000e+00  0.000000e+00  2.739039e-01  1.957923e+00  1.555427e-03  8.748479e-01  0.000000e+00  0.000000e+00  2.739039e-01  0.000000e+00  0.000000e+00  -3.578713e-01  0.000000e+00  0.000000e+00  2.739039e-01  0.000000e+00  0.000000e+00  -3.578713e-01  0.000000e+00  0.000000e+00  2.739039e-01  
1.966468e+00  5.866533e-03  8.461440e-01  0.000000e+00  0.000000e+00  2.822241e-01  0.000000e+00  0.000000e+00  -3.630648e-01  0.000000e+00  0.000000e+00  2.822241e-01  0.000000e+00  0.000000e+00  -3.630648e-01  0.000000e+00  0.000000e+00  2.822241e-01  1.966468e+00  5.866533e-03  8.461440e-01  0.000000e+00  0.000000e+00  2.822241e-01  0.000000e+00  0.000000e+00  -3.630648e-01  0.000000e+00  0.000000e+00  2.822241e-01  0.000000e+00  0.000000e+00  -3.630648e-01  0.000000e+00  0.000000e+00  2.822241e-01  
2.004174e+00  4.030179e-03  8.756459e-01  0.000000e+00  0.000000e+00  2.738046e-01  0.000000e+00  0.000000e+00  -3.636115e-01  0.000000e+00  0.000000e+00  2.738046e-01  0.000000e+00  0.000000e+00  -3.636115e-01  0.000000e+00  0.000000e+00  2.738046e-01  2.004174e+00  4.030179e-03  8.756459e-01  0.000000e+00  0.000000e+00  2.738046e-01  0.000000e+00  0.000000e+00  -3.636115e-01  0.000000e+00  0.000000e+00  2.738046e-01  0.000000e+00  0.000000e+00  -3.636115e-01  0.000000e+00  0.000000e+00  2.738046e-01  
2.068504e+00  1.507320e-02  8.532992e-01  0.000000e+00  0.000000e+00  2.880434e-01  0.000000e+00  0.000000e+00  -3.689466e-01  0.000000e+00  0.000000e+00  2.880434e-01  0.000000e+00  0.000000e+00  -3.689466e-01  0.000000e+00  0.000000e+00  2.880434e-01  2.068504e+00  1.507320e-02  8.532992e-01  0.000000e+00  0.000000e+00  2.880434e-01  0.000000e+00  0.000000e+00  -3.689466e-01  0.000000e+00  0.000000e+00  2.880434e-01  0.000000e+00  0.000000e+00  -3.689466e-01  0.000000e+00  0.000000e+00  2.880434e-01  
2.010298e+00  1.136160e-02  8.589812e-01  0.000000e+00  0.000000e+00  3.039228e-01  0.000000e+00  0.000000e+00  -3.672159e-01  0.000000e+00  0.000000e+00  3.039228e-01  0.000000e+00  0.000000e+00  -3.672159e-01  0.000000e+00  0.000000e+00  3.039228e-01  2.010298e+00  1.136160e-02  8.589812e-01  0.000000e+00  0.000000e+00  3.039228e-01  0.000000e+00  0.000000e+00  -3.672159e-01  0.000000e+00  0.000000e+00  3.039228e-01  0.000000e+00  0.000000e+00  -3.672159e-01  0.000000e+00  0.000000e+00  3.039228e-01  
1.887520e+00  3.478097e-03  8.344778e-01  0.000000e+00  0.000000e+00  2.831552e-01  0.000000e+00  0.000000e+00  -3.560823e-01  0.000000e+00  0.000000e+00  2.831552e-01  0.000000e+00  0.000000e+00  -3.560823e-01  0.000000e+00  0.000000e+00  2.831552e-01  1.887520e+00  3.478097e-03  8.344778e-01  0.000000e+00  0.000000e+00  2.831552e-01  0.000000e+00  0.000000e+00  -3.560823e-01  0.000000e+00  0.000000e+00  2.831552e-01  0.000000e+00  0.000000e+00  -3.560823e-01  0.000000e+00  0.000000e+00  2.831552e-01  
1.901598e+00  3.286123e-03  8.527932e-01  0.000000e+00  0.000000e+00  2.782906e-01  0.000000e+00  0.000000e+00  -3.545857e-01  0.000000e+00  0.000000e+00  2.782906e-01  0.000000e+00  0.000000e+00  -3.545857e-01  0.000000e+00  0.000000e+00  2.782906e-01  1.901598e+00  3.286123e-03  8.527932e-01  0.000000e+00  0.000000e+00  2.782906e-01  0.000000e+00  0.000000e+00  -3.545857e-01  0.000000e+00  0.000000e+00  2.782906e-01  0.000000e+00  0.000000e+00  -3.545857e-01  0.000000e+00  0.000000e+00  2.782906e-01  
2.831282e+00  3.758846e-01  5.921530e-01  0.000000e+00  0.000000e+00  2.889470e-01  0.000000e+00  0.000000e+00  -4.028729e-01  0.000000e+00  0.000000e+00  2.889470e-01  0.000000e+00  0.000000e+00  -4.028729e-01  0.000000e+00  0.000000e+00  2.889470e-01  2.831282e+00  3.758846e-01  5.921530e-01  0.000000e+00  0.000000e+00  2.889470e-01  0.000000e+00  0.000000e+00  -4.028729e-01  0.000000e+00  0.000000e+00  2.889470e-01  0.000000e+00  0.000000e+00  -4.028729e-01  0.000000e+00  0.000000e+00  2.889470e-01  
2.837871e+00  3.781338e-01  5.900010e-01  0.000000e+00  0.000000e+00  2.858987e-01  0.000000e+00  0.000000e+00  -4.056610e-01  0.000000e+00  0.000000e+00  2.858987e-01  0.000000e+00  0.000000e+00  -4.056610e-01  0.000000e+00  0.000000e+00  2.858987e-01  2.837871e+00  3.781338e-01  5.900010e-01  0.000000e+00  0.000000e+00  2.858987e-01  0.000000e+00  0.000000e+00  -4.056610e-01  0.000000e+00  0.000000e+00  2.858987e-01  0.000000e+00  0.000000e+00  -4.056610e-01  0.000000e+00  0.000000e+00  2.858987e-01  
2.849190e+00  3.761824e-01  5.990277e-01  0.000000e+00  0.000000e+00  2.766459e-01  0.000000e+00  0.000000e+00  -4.032798e-01  0.000000e+00  0.000000e+00  2.766459e-01  0.000000e+00  0.000000e+00  -4.032798e-01  0.000000e+00  0.000000e+00  2.766459e-01  2.849190e+00  3.761824e-01  5.990277e-01  0.000000e+00  0.000000e+00  2.766459e-01  0.000000e+00  0.000000e+00  -4.032798e-01  0.000000e+00  0.000000e+00  2.766459e-01  0.000000e+00  0.000000e+00  -4.032798e-01  0.000000e+00  0.000000e+00  2.766459e-01  
2.835468e+00  3.781018e-01  5.986972e-01  0.000000e+00  0.000000e+00  2.779743e-01  0.000000e+00  0.000000e+00  -4.048233e-01  0.000000e+00  0.000000e+00  2.779743e-01  0.000000e+00  0.000000e+00  -4.048233e-01  0.000000e+00  0.000000e+00  2.779743e-01  2.835468e+00  3.781018e-01  5.986972e-01  0.000000e+00  0.000000e+00  2.779743e-01  0.000000e+00  0.000000e+00  -4.048233e-01  0.000000e+00  0.000000e+00  2.779743e-01  0.000000e+00  0.000000e+00  -4.048233e-01  0.000000e+00  0.000000e+00  2.779743e-01  
2.849821e+00  3.794516e-01  5.956128e-01  0.000000e+00  0.000000e+00  2.756605e-01  0.000000e+00  0.000000e+00  -4.035392e-01  0.000000e+00  0.000000e+00  2.756605e-01  0.000000e+00  0.000000e+00  -4.035392e-01  0.000000e+00  0.000000e+00  2.756605e-01  2.849821e+00  3.794516e-01  5.956128e-01  0.000000e+00  0.000000e+00  2.756605e-01  0.000000e+00  0.000000e+00  -4.035392e-01  0.000000e+00  0.000000e+00  2.756605e-01  0.000000e+00  0.000000e+00  -4.035392e-01  0.000000e+00  0.000000e+00  2.756605e-01  
2.817735e+00  3.661583e-01  5.956543e-01  0.000000e+00  0.000000e+00  2.793532e-01  0.000000e+00  0.000000e+00  -4.011687e-01  0.000000e+00  0.000000e+00  2.793532e-01  0.000000e+00  0.000000e+00  -4.011687e-01  0.000000e+00  0.000000e+00  2.793532e-01  2.817735e+00  3.661583e-01  5.956543e-01  0.000000e+00  0.000000e+00  2.793532e-01  0.000000e+00  0.000000e+00  -4.011687e-01  0.000000e+00  0.000000e+00  2.793532e-01  0.000000e+00  0.000000e+00  -4.011687e-01  0.000000e+00  0.000000e+00  2.793532e-01  
2.832285e+00  3.734547e-01  5.979425e-01  0.000000e+00  0.000000e+00  2.788915e-01  0.000000e+00  0.000000e+00  -4.018138e-01  0.000000e+00  0.000000e+00  2.788915e-01  0.000000e+00  0.000000e+00  -4.018138e-01  0.000000e+00  0.000000e+00  2.788915e-01  2.832285e+00  3.734547e-01  5.979425e-01  0.000000e+00  0.000000e+00  2.788915e-01  0.000000e+00  0.000000e+00  -4.018138e-01  0.000000e+00  0.000000e+00  2.788915e-01  0.000000e+00  0.000000e+00  -4.018138e-01  0.000000e+00  0.000000e+00  2.788915e-01  
2.824341e+00  3.681376e-01  5.894439e-01  0.000000e+00  0.000000e+00  2.777477e-01  0.000000e+00  0.000000e+00  -4.037686e-01  0.000000e+00  0.000000e+00  2.777477e-01  0.000000e+00  0.000000e+00  -4.037686e-01  0.000000e+00  0.000000e+00  2.777477e-01  2.824341e+00  3.681376e-01  5.894439e-01  0.000000e+00  0.000000e+00  2.777477e-01  0.000000e+00  0.000000e+00  -4.037686e-01  0.000000e+00  0.000000e+00  2.777477e-01  0.000000e+00  0.000000e+00  -4.037686e-01  0.000000e+00  0.000000e+00  2.777477e-01  
2.816654e+00  3.744314e-01  5.892360e-01  0.000000e+00  0.000000e+00  2.852304e-01  0.000000e+00  0.000000e+00  -4.037835e-01  0.000000e+00  0.000000e+00  2.852304e-01  0.000000e+00  0.000000e+00  -4.037835e-01  0.000000e+00  0.000000e+00  2.852304e-01  2.816654e+00  3.744314e-01  5.892360e-01  0.000000e+00  0.000000e+00  2.852304e-01  0.000000e+00  0.000000e+00  -4.037835e-01  0.000000e+00  0.000000e+00  2.852304e-01  0.000000e+00  0.000000e+00  -4.037835e-01  0.000000e+00  0.000000e+00  2.852304e-01  
2.823588e+00  3.753035e-01  5.950228e-01  0.000000e+00  0.000000e+00  2.927339e-01  0.000000e+00  0.000000e+00  -4.048022e-01  0.000000e+00  0.000000e+00  2.927339e-01  0.000000e+00  0.000000e+00  -4.048022e-01  0.000000e+00  0.000000e+00  2.927339e-01  2.823588e+00  3.753035e-01  5.950228e-01  0.000000e+00  0.000000e+00  2.927339e-01  0.000000e+00  0.000000e+00  -4.048022e-01  0.000000e+00  0.000000e+00  2.927339e-01  0.000000e+00  0.000000e+00  -4.048022e-01  0.000000e+00  0.000000e+00  2.927339e-01  
2.760484e+00  3.583045e-01  5.993643e-01  0.000000e+00  0.000000e+00  2.731176e-01  0.000000e+00  0.000000e+00  -3.973151e-01  0.000000e+00  0.000000e+00  2.731176e-01  0.000000e+00  0.000000e+00  -3.973151e-01  0.000000e+00  0.000000e+00  2.731176e-01  2.760484e+00  3.583045e-01  5.993643e-01  0.000000e+00  0.000000e+00  2.731176e-01  0.000000e+00  0.000000e+00  -3.973151e-01  0.000000e+00  0.000000e+00  2.731176e-01  0.000000e+00  0.000000e+00  -3.973151e-01  0.000000e+00  0.000000e+00  2.731176e-01  
2.674776e+00  3.568215e-01  5.920290e-01  0.000000e+00  0.000000e+00  2.975376e-01  0.000000e+00  0.000000e+00  -3.942706e-01  0.000000e+00  0.000000e+00  2.975376e-01  0.000000e+00  0.000000e+00  -3.942706e-01  0.000000e+00  0.000000e+00  2.975376e-01  2.674776e+00  3.568215e-01  5.920290e-01  0.000000e+00  0.000000e+00  2.975376e-01  0.000000e+00  0.000000e+00  -3.942706e-01  0.000000e+00  0.000000e+00  2.975376e-01  0.000000e+00  0.000000e+00  -3.942706e-01  0.000000e+00  0.000000e+00  2.975376e-01  
2.802824e+00  3.726901e-01  5.900760e-01  0.000000e+00  0.000000e+00  2.770977e-01  0.000000e+00  0.000000e+00  -4.053616e-01  0.000000e+00  0.000000e+00  2.770977e-01  0.000000e+00  0.000000e+00  -4.053616e-01  0.000000e+00  0.000000e+00  2.770977e-01  2.802824e+00  3.726901e-01  5.900760e-01  0.000000e+00  0.000000e+00  2.770977e-01  0.000000e+00  0.000000e+00  -4.053616e-01  0.000000e+00  0.000000e+00  2.770977e-01  0.000000e+00  0.000000e+00  -4.053616e-01  0.000000e+00  0.000000e+00  2.770977e-01  
2.786335e+00  3.835624e-01  5.814412e-01  0.000000e+00  0.000000e+00  2.741680e-01  0.000000e+00  0.000000e+00  -3.992188e-01  0.000000e+00  0.000000e+00  2.741680e-01  0.000000e+00  0.000000e+00  -3.992188e-01  0.000000e+00  0.000000e+00  2.741680e-01  2.786335e+00  3.835624e-01  5.814412e-01  0.000000e+00  0.000000e+00  2.741680e-01  0.000000e+00  0.000000e+00  -3.992188e-01  0.000000e+00  0.000000e+00  2.741680e-01  0.000000e+00  0.000000e+00  -3.992188e-01  0.000000e+00  0.000000e+00  2.741680e-01  
2.738440e+00  3.812694e-01  5.844209e-01  0.000000e+00  0.000000e+00  2.895605e-01  0.000000e+00  0.000000e+00  -3.955525e-01  0.000000e+00  0.000000e+00  2.895605e-01  0.000000e+00  0.000000e+00  -3.955525e-01  0.000000e+00  0.000000e+00  2.895605e-01  2.738440e+00  3.812694e-01  5.844209e-01  0.000000e+00  0.000000e+00  2.895605e-01  0.000000e+00  0.000000e+00  -3.955525e-01  0.000000e+00  0.000000e+00  2.895605e-01  0.000000e+00  0.000000e+00  -3.955525e-01  0.000000e+00  0.000000e+00  2.895605e-01  
2.758766e+00  3.387790e-01  6.027290e-01  0.000000e+00  0.000000e+00  2.922418e-01  0.000000e+00  0.000000e+00  -4.047989e-01  0.000000e+00  0.000000e+00  2.922418e-01  0.000000e+00  0.000000e+00  -4.047989e-01  0.000000e+00  0.000000e+00  2.922418e-01  2.758766e+00  3.387790e-01  6.027290e-01  0.000000e+00  0.000000e+00  2.922418e-01  0.000000e+00  0.000000e+00  -4.047989e-01  0.000000e+00  0.000000e+00  2.922418e-01  0.000000e+00  0.000000e+00  -4.047989e-01  0.000000e+00  0.000000e+00  2.922418e-01  
2.787110e+00  3.777459e-01  5.783743e-01  0.000000e+00  0.000000e+00  2.527198e-01  0.000000e+00  0.000000e+00  -4.025263e-01  0.000000e+00  0.000000e+00  2.527198e-01  0.000000e+00  0.000000e+00  -4.025263e-01  0.000000e+00  0.000000e+00  2.527198e-01  2.787110e+00  3.777459e-01  5.783743e-01  0.000000e+00  0.000000e+00  2.527198e-01  0.000000e+00  0.000000e+00  -4.025263e-01  0.000000e+00  0.000000e+00  2.527198e-01  0.000000e+00  0.000000e+00  -4.025263e-01  0.000000e+00  0.000000e+00  2.527198e-01  
2.715069e+00  3.511161e-01  5.896355e-01  0.000000e+00  0.000000e+00  2.823885e-01  0.000000e+00  0.000000e+00  -3.914573e-01  0.000000e+00  0.000000e+00  2.823885e-01  0.000000e+00  0.000000e+00  -3.914573e-01  0.000000e+00  0.000000e+00  2.823885e-01  2.715069e+00  3.511161e-01  5.896355e-01  0.000000e+00  0.000000e+00  2.823885e-01  0.000000e+00  0.000000e+00  -3.914573e-01  0.000000e+00  0.000000e+00  2.823885e-01  0.000000e+00  0.000000e+00  -3.914573e-01  0.000000e+00  0.000000e+00  2.823885e-01  
2.723623e+00  3.686174e-01  5.900593e-01  0.000000e+00  0.000000e+00  2.991804e-01  0.000000e+00  0.000000e+00  -3.962075e-01  0.000000e+00  0.000000e+00  2.991804e-01  0.000000e+00  0.000000e+00  -3.962075e-01  0.000000e+00  0.000000e+00  2.991804e-01  2.723623e+00  3.686174e-01  5.900593e-01  0.000000e+00  0.000000e+00  2.991804e-01  0.000000e+00  0.000000e+00  -3.962075e-01  0.000000e+00  0.000000e+00  2.991804e-01  0.000000e+00  0.000000e+00  -3.962075e-01  0.000000e+00  0.000000e+00  2.991804e-01  
2.747066e+00  3.910835e-01  5.743325e-01  0.000000e+00  0.000000e+00  2.848399e-01  0.000000e+00  0.000000e+00  -3.978485e-01  0.000000e+00  0.000000e+00  2.848399e-01  0.000000e+00  0.000000e+00  -3.978485e-01  0.000000e+00  0.000000e+00  2.848399e-01  2.747066e+00  3.910835e-01  5.743325e-01  0.000000e+00  0.000000e+00  2.848399e-01  0.000000e+00  0.000000e+00  -3.978485e-01  0.000000e+00  0.000000e+00  2.848399e-01  0.000000e+00  0.000000e+00  -3.978485e-01  0.000000e+00  0.000000e+00  2.848399e-01  
2.789897e+00  3.591433e-01  5.935484e-01  0.000000e+00  0.000000e+00  2.668760e-01  0.000000e+00  0.000000e+00  -3.994182e-01  0.000000e+00  0.000000e+00  2.668760e-01  0.000000e+00  0.000000e+00  -3.994182e-01  0.000000e+00  0.000000e+00  2.668760e-01  2.789897e+00  3.591433e-01  5.935484e-01  0.000000e+00  0.000000e+00  2.668760e-01  0.000000e+00  0.000000e+00  -3.994182e-01  0.000000e+00  0.000000e+00  2.668760e-01  0.000000e+00  0.000000e+00  -3.994182e-01  0.000000e+00  0.000000e+00  2.668760e-01  
2.774005e+00  3.478531e-01  5.997812e-01  0.000000e+00  0.000000e+00  2.735464e-01  0.000000e+00  0.000000e+00  -4.072231e-01  0.000000e+00  0.000000e+00  2.735464e-01  0.000000e+00  0.000000e+00  -4.072231e-01  0.000000e+00  0.000000e+00  2.735464e-01  2.774005e+00  3.478531e-01  5.997812e-01  0.000000e+00  0.000000e+00  2.735464e-01  0.000000e+00  0.000000e+00  -4.072231e-01  0.000000e+00  0.000000e+00  2.735464e-01  0.000000e+00  0.000000e+00  -4.072231e-01  0.000000e+00  0.000000e+00  2.735464e-01  
2.714719e+00  3.655674e-01  5.897145e-01  0.000000e+00  0.000000e+00  2.856061e-01  0.000000e+00  0.000000e+00  -3.970196e-01  0.000000e+00  0.000000e+00  2.856061e-01  0.000000e+00  0.000000e+00  -3.970196e-01  0.000000e+00  0.000000e+00  2.856061e-01  2.714719e+00  3.655674e-01  5.897145e-01  0.000000e+00  0.000000e+00  2.856061e-01  0.000000e+00  0.000000e+00  -3.970196e-01  0.000000e+00  0.000000e+00  2.856061e-01  0.000000e+00  0.000000e+00  -3.970196e-01  0.000000e+00  0.000000e+00  2.856061e-01  
2.754641e+00  3.781677e-01  5.845110e-01  0.000000e+00  0.000000e+00  2.591829e-01  0.000000e+00  0.000000e+00  -3.967175e-01  0.000000e+00  0.000000e+00  2.591829e-01  0.000000e+00  0.000000e+00  -3.967175e-01  0.000000e+00  0.000000e+00  2.591829e-01  2.754641e+00  3.781677e-01  5.845110e-01  0.000000e+00  0.000000e+00  2.591829e-01  0.000000e+00  0.000000e+00  -3.967175e-01  0.000000e+00  0.000000e+00  2.591829e-01  0.000000e+00  0.000000e+00  -3.967175e-01  0.000000e+00  0.000000e+00  2.591829e-01  
2.775894e+00  3.648267e-01  5.901629e-01  0.000000e+00  0.000000e+00  2.883334e-01  0.000000e+00  0.000000e+00  -4.029093e-01  0.000000e+00  0.000000e+00  2.883334e-01  0.000000e+00  0.000000e+00  -4.029093e-01  0.000000e+00  0.000000e+00  2.883334e-01  2.775894e+00  3.648267e-01  5.901629e-01  0.000000e+00  0.000000e+00  2.883334e-01  0.000000e+00  0.000000e+00  -4.029093e-01  0.000000e+00  0.000000e+00  2.883334e-01  0.000000e+00  0.000000e+00  -4.029093e-01  0.000000e+00  0.000000e+00  2.883334e-01  
2.683752e+00  3.666699e-01  5.770231e-01  0.000000e+00  0.000000e+00  2.921070e-01  0.000000e+00  0.000000e+00  -4.019340e-01  0.000000e+00  0.000000e+00  2.921070e-01  0.000000e+00  0.000000e+00  -4.019340e-01  0.000000e+00  0.000000e+00  2.921070e-01  2.683752e+00  3.666699e-01  5.770231e-01  0.000000e+00  0.000000e+00  2.921070e-01  0.000000e+00  0.000000e+00  -4.019340e-01  0.000000e+00  0.000000e+00  2.921070e-01  0.000000e+00  0.000000e+00  -4.019340e-01  0.000000e+00  0.000000e+00  2.921070e-01  
2.749973e+00  3.675361e-01  5.791213e-01  0.000000e+00  0.000000e+00  2.804658e-01  0.000000e+00  0.000000e+00  -4.004417e-01  0.000000e+00  0.000000e+00  2.804658e-01  0.000000e+00  0.000000e+00  -4.004417e-01  0.000000e+00  0.000000e+00  2.804658e-01  2.749973e+00  3.675361e-01  5.791213e-01  0.000000e+00  0.000000e+00  2.804658e-01  0.000000e+00  0.000000e+00  -4.004417e-01  0.000000e+00  0.000000e+00  2.804658e-01  0.000000e+00  0.000000e+00  -4.004417e-01  0.000000e+00  0.000000e+00  2.804658e-01  
2.711300e+00  3.606347e-01  5.832841e-01  0.000000e+00  0.000000e+00  2.953411e-01  0.000000e+00  0.000000e+00  -4.021357e-01  0.000000e+00  0.000000e+00  2.953411e-01  0.000000e+00  0.000000e+00  -4.021357e-01  0.000000e+00  0.000000e+00  2.953411e-01  2.711300e+00  3.606347e-01  5.832841e-01  0.000000e+00  0.000000e+00  2.953411e-01  0.000000e+00  0.000000e+00  -4.021357e-01  0.000000e+00  0.000000e+00  2.953411e-01  0.000000e+00  0.000000e+00  -4.021357e-01  0.000000e+00  0.000000e+00  2.953411e-01  
2.803178e+00  3.894217e-01  5.833804e-01  0.000000e+00  0.000000e+00  2.939676e-01  0.000000e+00  0.000000e+00  -3.996558e-01  0.000000e+00  0.000000e+00  2.939676e-01  0.000000e+00  0.000000e+00  -3.996558e-01  0.000000e+00  0.000000e+00  2.939676e-01  2.803178e+00  3.894217e-01  5.833804e-01  0.000000e+00  0.000000e+00  2.939676e-01  0.000000e+00  0.000000e+00  -3.996558e-01  0.000000e+00  0.000000e+00  2.939676e-01  0.000000e+00  0.000000e+00  -3.996558e-01  0.000000e+00  0.000000e+00  2.939676e-01  
2.776653e+00  3.335814e-01  6.022155e-01  0.000000e+00  0.000000e+00  2.836683e-01  0.000000e+00  0.000000e+00  -4.046050e-01  0.000000e+00  0.000000e+00  2.836683e-01  0.000000e+00  0.000000e+00  -4.046050e-01  0.000000e+00  0.000000e+00  2.836683e-01  2.776653e+00  3.335814e-01  6.022155e-01  0.000000e+00  0.000000e+00  2.836683e-01  0.000000e+00  0.000000e+00  -4.046050e-01  0.000000e+00  0.000000e+00  2.836683e-01  0.000000e+00  0.000000e+00  -4.046050e-01  0.000000e+00  0.000000e+00  2.836683e-01  
2.812288e+00  4.207548e-01  5.668012e-01  0.000000e+00  0.000000e+00  2.769843e-01  0.000000e+00  0.000000e+00  -3.991033e-01  0.000000e+00  0.000000e+00  2.769843e-01  0.000000e+00  0.000000e+00  -3.991033e-01  0.000000e+00  0.000000e+00  2.769843e-01  2.812288e+00  4.207548e-01  5.668012e-01  0.000000e+00  0.000000e+00  2.769843e-01  0.000000e+00  0.000000e+00  -3.991033e-01  0.000000e+00  0.000000e+00  2.769843e-01  0.000000e+00  0.000000e+00  -3.991033e-01  0.000000e+00  0.000000e+00  2.769843e-01  
2.816494e+00  4.208685e-01  5.681513e-01  0.000000e+00  0.000000e+00  2.790796e-01  0.000000e+00  0.000000e+00  -3.986256e-01  0.000000e+00  0.000000e+00  2.790796e-01  0.000000e+00  0.000000e+00  -3.986256e-01  0.000000e+00  0.000000e+00  2.790796e-01  2.816494e+00  4.208685e-01  5.681513e-01  0.000000e+00  0.000000e+00  2.790796e-01  0.000000e+00  0.000000e+00  -3.986256e-01  0.000000e+00  0.000000e+00  2.790796e-01  0.000000e+00  0.000000e+00  -3.986256e-01  0.000000e+00  0.000000e+00  2.790796e-01  
2.802728e+00  4.247032e-01  5.645174e-01  0.000000e+00  0.000000e+00  2.822816e-01  0.000000e+00  0.000000e+00  -3.971763e-01  0.000000e+00  0.000000e+00  2.822816e-01  0.000000e+00  0.000000e+00  -3.971763e-01  0.000000e+00  0.000000e+00  2.822816e-01  2.802728e+00  4.247032e-01  5.645174e-01  0.000000e+00  0.000000e+00  2.822816e-01  0.000000e+00  0.000000e+00  -3.971763e-01  0.000000e+00  0.000000e+00  2.822816e-01  0.000000e+00  0.000000e+00  -3.971763e-01  0.000000e+00  0.000000e+00  2.822816e-01  
2.801151e+00  4.198706e-01  5.646481e-01  0.000000e+00  0.000000e+00  2.772012e-01  0.000000e+00  0.000000e+00  -4.004568e-01  0.000000e+00  0.000000e+00  2.772012e-01  0.000000e+00  0.000000e+00  -4.004568e-01  0.000000e+00  0.000000e+00  2.772012e-01  2.801151e+00  4.198706e-01  5.646481e-01  0.000000e+00  0.000000e+00  2.772012e-01  0.000000e+00  0.000000e+00  -4.004568e-01  0.000000e+00  0.000000e+00  2.772012e-01  0.000000e+00  0.000000e+00  -4.004568e-01  0.000000e+00  0.000000e+00  2.772012e-01  
2.809185e+00  4.209673e-01  5.647702e-01  0.000000e+00  0.000000e+00  2.740679e-01  0.000000e+00  0.000000e+00  -3.982980e-01  0.000000e+00  0.000000e+00  2.740679e-01  0.000000e+00  0.000000e+00  -3.982980e-01  0.000000e+00  0.000000e+00  2.740679e-01  2.809185e+00  4.209673e-01  5.647702e-01  0.000000e+00  0.000000e+00  2.740679e-01  0.000000e+00  0.000000e+00  -3.982980e-01  0.000000e+00  0.000000e+00  2.740679e-01  0.000000e+00  0.000000e+00  -3.982980e-01  0.000000e+00  0.000000e+00  2.740679e-01  
2.807741e+00  4.171267e-01  5.649892e-01  0.000000e+00  0.000000e+00  2.830760e-01  0.000000e+00  0.000000e+00  -3.993677e-01  0.000000e+00  0.000000e+00  2.830760e-01  0.000000e+00  0.000000e+00  -3.993677e-01  0.000000e+00  0.000000e+00  2.830760e-01  2.807741e+00  4.171267e-01  5.649892e-01  0.000000e+00  0.000000e+00  2.830760e-01  0.000000e+00  0.000000e+00  -3.993677e-01  0.000000e+00  0.000000e+00  2.830760e-01  0.000000e+00  0.000000e+00  -3.993677e-01  0.000000e+00  0.000000e+00  2.830760e-01  
2.812416e+00  4.168763e-01  5.713608e-01  0.000000e+00  0.000000e+00  2.721775e-01  0.000000e+00  0.000000e+00  -3.973680e-01  0.000000e+00  0.000000e+00  2.721775e-01  0.000000e+00  0.000000e+00  -3.973680e-01  0.000000e+00  0.000000e+00  2.721775e-01  2.812416e+00  4.168763e-01  5.713608e-01  0.000000e+00  0.000000e+00  2.721775e-01  0.000000e+00  0.000000e+00  -3.973680e-01  0.000000e+00  0.000000e+00  2.721775e-01  0.000000e+00  0.000000e+00  -3.973680e-01  0.000000e+00  0.000000e+00  2.721775e-01  
2.807376e+00  4.233598e-01  5.671260e-01  0.000000e+00  0.000000e+00  2.863056e-01  0.000000e+00  0.000000e+00  -3.985344e-01  0.000000e+00  0.000000e+00  2.863056e-01  0.000000e+00  0.000000e+00  -3.985344e-01  0.000000e+00  0.000000e+00  2.863056e-01  2.807376e+00  4.233598e-01  5.671260e-01  0.000000e+00  0.000000e+00  2.863056e-01  0.000000e+00  0.000000e+00  -3.985344e-01  0.000000e+00  0.000000e+00  2.863056e-01  0.000000e+00  0.000000e+00  -3.985344e-01  0.000000e+00  0.000000e+00  2.863056e-01  
2.793934e+00  4.148701e-01  5.671687e-01  0.000000e+00  0.000000e+00  2.854396e-01  0.000000e+00  0.000000e+00  -3.970985e-01  0.000000e+00  0.000000e+00  2.854396e-01  0.000000e+00  0.000000e+00  -3.970985e-01  0.000000e+00  0.000000e+00  2.854396e-01  2.793934e+00  4.148701e-01  5.671687e-01  0.000000e+00  0.000000e+00  2.854396e-01  0.000000e+00  0.000000e+00  -3.970985e-01  0.000000e+00  0.000000e+00  2.854396e-01  0.000000e+00  0.000000e+00  -3.970985e-01  0.000000e+00  0.000000e+00  2.854396e-01  
2.824493e+00  4.175600e-01  5.702120e-01  0.000000e+00  0.000000e+00  2.765749e-01  0.000000e+00  0.000000e+00  -4.000394e-01  0.000000e+00  0.000000e+00  2.765749e-01  0.000000e+00  0.000000e+00  -4.000394e-01  0.000000e+00  0.000000e+00  2.765749e-01  2.824493e+00  4.175600e-01  5.702120e-01  0.000000e+00  0.000000e+00  2.765749e-01  0.000000e+00  0.000000e+00  -4.000394e-01  0.000000e+00  0.000000e+00  2.765749e-01  0.000000e+00  0.000000e+00  -4.000394e-01  0.000000e+00  0.000000e+00  2.765749e-01  
2.793231e+00  4.151479e-01  5.708213e-01  0.000000e+00  0.000000e+00  2.731895e-01  0.000000e+00  0.000000e+00  -3.974086e-01  0.000000e+00  0.000000e+00  2.731895e-01  0.000000e+00  0.000000e+00  -3.974086e-01  0.000000e+00  0.000000e+00  2.731895e-01  2.793231e+00  4.151479e-01  5.708213e-01  0.000000e+00  0.000000e+00  2.731895e-01  0.000000e+00  0.000000e+00  -3.974086e-01  0.000000e+00  0.000000e+00  2.731895e-01  0.000000e+00  0.000000e+00  -3.974086e-01  0.000000e+00  0.000000e+00  2.731895e-01  
2.807348e+00  4.131627e-01  5.714276e-01  0.000000e+00  0.000000e+00  2.755293e-01  0.000000e+00  0.000000e+00  -3.977497e-01  0.000000e+00  0.000000e+00  2.755293e-01  0.000000e+00  0.000000e+00  -3.977497e-01  0.000000e+00  0.000000e+00  2.755293e-01  2.807348e+00  4.131627e-01  5.714276e-01  0.000000e+00  0.000000e+00  2.755293e-01  0.000000e+00  0.000000e+00  -3.977497e-01  0.000000e+00  0.000000e+00  2.755293e-01  0.000000e+00  0.000000e+00  -3.977497e-01  0.000000e+00  0.000000e+00  2.755293e-01  
2.794788e+00  4.206339e-01  5.662181e-01  0.000000e+00  0.000000e+00  2.707039e-01  0.000000e+00  0.000000e+00  -3.970736e-01  0.000000e+00  0.000000e+00  2.707039e-01  0.000000e+00  0.000000e+00  -3.970736e-01  0.000000e+00  0.000000e+00  2.707039e-01  2.794788e+00  4.206339e-01  5.662181e-01  0.000000e+00  0.000000e+00  2.707039e-01  0.000000e+00  0.000000e+00  -3.970736e-01  0.000000e+00  0.000000e+00  2.707039e-01  0.000000e+00  0.000000e+00  -3.970736e-01  0.000000e+00  0.000000e+00  2.707039e-01  
2.811032e+00  4.183406e-01  5.642787e-01  0.000000e+00  0.000000e+00  2.802812e-01  0.000000e+00  0.000000e+00  -4.002208e-01  0.000000e+00  0.000000e+00  2.802812e-01  0.000000e+00  0.000000e+00  -4.002208e-01  0.000000e+00  0.000000e+00  2.802812e-01  2.811032e+00  4.183406e-01  5.642787e-01  0.000000e+00  0.000000e+00  2.802812e-01  0.000000e+00  0.000000e+00  -4.002208e-01  0.000000e+00  0.000000e+00  2.802812e-01  0.000000e+00  0.000000e+00  -4.002208e-01  0.000000e+00  0.000000e+00  2.802812e-01  
2.800580e+00  4.210808e-01  5.651569e-01  0.000000e+00  0.000000e+00  2.819080e-01  0.000000e+00  0.000000e+00  -3.980792e-01  0.000000e+00  0.000000e+00  2.819080e-01  0.000000e+00  0.000000e+00  -3.980792e-01  0.000000e+00  0.000000e+00  2.819080e-01  2.800580e+00  4.210808e-01  5.651569e-01  0.000000e+00  0.000000e+00  2.819080e-01  0.000000e+00  0.000000e+00  -3.980792e-01  0.000000e+00  0.000000e+00  2.819080e-01  0.000000e+00  0.000000e+00  -3.980792e-01  0.000000e+00  0.000000e+00  2.819080e-01  
2.805530e+00  4.194934e-01  5.649912e-01  0.000000e+00  0.000000e+00  2.797664e-01  0.000000e+00  0.000000e+00  -3.992826e-01  0.000000e+00  0.000000e+00  2.797664e-01  0.000000e+00  0.000000e+00  -3.992826e-01  0.000000e+00  0.000000e+00  2.797664e-01  2.805530e+00  4.194934e-01  5.649912e-01  0.000000e+00  0.000000e+00  2.797664e-01  0.000000e+00  0.000000e+00  -3.992826e-01  0.000000e+00  0.000000e+00  2.797664e-01  0.000000e+00  0.000000e+00  -3.992826e-01  0.000000e+00  0.000000e+00  2.797664e-01  
2.803740e+00  4.190529e-01  5.675868e-01  0.000000e+00  0.000000e+00  2.810947e-01  0.000000e+00  0.000000e+00  -3.989328e-01  0.000000e+00  0.000000e+00  2.810947e-01  0.000000e+00  0.000000e+00  -3.989328e-01  0.000000e+00  0.000000e+00  2.810947e-01  2.803740e+00  4.190529e-01  5.675868e-01  0.000000e+00  0.000000e+00  2.810947e-01  0.000000e+00  0.000000e+00  -3.989328e-01  0.000000e+00  0.000000e+00  2.810947e-01  0.000000e+00  0.000000e+00  -3.989328e-01  0.000000e+00  0.000000e+00  2.810947e-01  
2.796534e+00  4.214026e-01  5.640518e-01  0.000000e+00  0.000000e+00  2.868157e-01  0.000000e+00  0.000000e+00  -3.995177e-01  0.000000e+00  0.000000e+00  2.868157e-01  0.000000e+00  0.000000e+00  -3.995177e-01  0.000000e+00  0.000000e+00  2.868157e-01  2.796534e+00  4.214026e-01  5.640518e-01  0.000000e+00  0.000000e+00  2.868157e-01  0.000000e+00  0.000000e+00  -3.995177e-01  0.000000e+00  0.000000e+00  2.868157e-01  0.000000e+00  0.000000e+00  -3.995177e-01  0.000000e+00  0.000000e+00  2.868157e-01  
2.791399e+00  4.120550e-01  5.636522e-01  0.000000e+00  0.000000e+00  2.797959e-01  0.000000e+00  0.000000e+00  -3.994265e-01  0.000000e+00  0.000000e+00  2.797959e-01  0.000000e+00  0.000000e+00  -3.994265e-01  0.000000e+00  0.000000e+00  2.797959e-01  2.791399e+00  4.120550e-01  5.636522e-01  0.000000e+00  0.000000e+00  2.797959e-01  0.000000e+00  0.000000e+00  -3.994265e-01  0.000000e+00  0.000000e+00  2.797959e-01  0.000000e+00  0.000000e+00  -3.994265e-01  0.000000e+00  0.000000e+00  2.797959e-01  
2.816320e+00  4.178478e-01  5.662389e-01  0.000000e+00  0.000000e+00  2.724124e-01  0.000000e+00  0.000000e+00  -4.004366e-01  0.000000e+00  0.000000e+00  2.724124e-01  0.000000e+00  0.000000e+00  -4.004366e-01  0.000000e+00  0.000000e+00  2.724124e-01  2.816320e+00  4.178478e-01  5.662389e-01  0.000000e+00  0.000000e+00  2.724124e-01  0.000000e+00  0.000000e+00  -4.004366e-01  0.000000e+00  0.000000e+00  2.724124e-01  0.000000e+00  0.000000e+00  -4.004366e-01  0.000000e+00  0.000000e+00  2.724124e-01  
2.802620e+00  4.171310e-01  5.659633e-01  0.000000e+00  0.000000e+00  2.694747e-01  0.000000e+00  0.000000e+00  -4.010096e-01  0.000000e+00  0.000000e+00  2.694747e-01  0.000000e+00  0.000000e+00  -4.010096e-01  0.000000e+00  0.000000e+00  2.694747e-01  2.802620e+00  4.171310e-01  5.659633e-01  0.000000e+00  0.000000e+00  2.694747e-01  0.000000e+00  0.000000e+00  -4.010096e-01  0.000000e+00  0.000000e+00  2.694747e-01  0.000000e+00  0.000000e+00  -4.010096e-01  0.000000e+00  0.000000e+00  2.694747e-01  
2.794599e+00  4.014122e-01  5.804127e-01  0.000000e+00  0.000000e+00  2.908446e-01  0.000000e+00  0.000000e+00  -3.995786e-01  0.000000e+00  0.000000e+00  2.908446e-01  0.000000e+00  0.000000e+00  -3.995786e-01  0.000000e+00  0.000000e+00  2.908446e-01  2.794599e+00  4.014122e-01  5.804127e-01  0.000000e+00  0.000000e+00  2.908446e-01  0.000000e+00  0.000000e+00  -3.995786e-01  0.000000e+00  0.000000e+00  2.908446e-01  0.000000e+00  0.000000e+00  -3.995786e-01  0.000000e+00  0.000000e+00  2.908446e-01  
2.815588e+00  4.212969e-01  5.685393e-01  0.000000e+00  0.000000e+00  2.709904e-01  0.000000e+00  0.000000e+00  -3.998603e-01  0.000000e+00  0.000000e+00  2.709904e-01  0.000000e+00  0.000000e+00  -3.998603e-01  0.000000e+00  0.000000e+00  2.709904e-01  2.815588e+00  4.212969e-01  5.685393e-01  0.000000e+00  0.000000e+00  2.709904e-01  0.000000e+00  0.000000e+00  -3.998603e-01  0.000000e+00  0.000000e+00  2.709904e-01  0.000000e+00  0.000000e+00  -3.998603e-01  0.000000e+00  0.000000e+00  2.709904e-01  
2.761182e+00  3.848654e-01  5.771382e-01  0.000000e+00  0.000000e+00  2.565506e-01  0.000000e+00  0.000000e+00  -3.983627e-01  0.000000e+00  0.000000e+00  2.565506e-01  0.000000e+00  0.000000e+00  -3.983627e-01  0.000000e+00  0.000000e+00  2.565506e-01  2.761182e+00  3.848654e-01  5.771382e-01  0.000000e+00  0.000000e+00  2.565506e-01  0.000000e+00  0.000000e+00  -3.983627e-01  0.000000e+00  0.000000e+00  2.565506e-01  0.000000e+00  0.000000e+00  -3.983627e-01  0.000000e+00  0.000000e+00  2.565506e-01  
2.784535e+00  3.972832e-01  5.747841e-01  0.000000e+00  0.000000e+00  2.689959e-01  0.000000e+00  0.000000e+00  -4.006306e-01  0.000000e+00  0.000000e+00  2.689959e-01  0.000000e+00  0.000000e+00  -4.006306e-01  0.000000e+00  0.000000e+00  2.689959e-01  2.784535e+00  3.972832e-01  5.747841e-01  0.000000e+00  0.000000e+00  2.689959e-01  0.000000e+00  0.000000e+00  -4.006306e-01  0.000000e+00  0.000000e+00  2.689959e-01  0.000000e+00  0.000000e+00  -4.006306e-01  0.000000e+00  0.000000e+00  2.689959e-01  
2.826944e+00  4.224030e-01  5.709698e-01  0.000000e+00  0.000000e+00  2.891235e-01  0.000000e+00  0.000000e+00  -4.000677e-01  0.000000e+00  0.000000e+00  2.891235e-01  0.000000e+00  0.000000e+00  -4.000677e-01  0.000000e+00  0.000000e+00  2.891235e-01  2.826944e+00  4.224030e-01  5.709698e-01  0.000000e+00  0.000000e+00  2.891235e-01  0.000000e+00  0.000000e+00  -4.000677e-01  0.000000e+00  0.000000e+00  2.891235e-01  0.000000e+00  0.000000e+00  -4.000677e-01  0.000000e+00  0.000000e+00  2.891235e-01  
2.751833e+00  3.891456e-01  5.691700e-01  0.000000e+00  0.000000e+00  2.889010e-01  0.000000e+00  0.000000e+00  -3.989509e-01  0.000000e+00  0.000000e+00  2.889010e-01  0.000000e+00  0.000000e+00  -3.989509e-01  0.000000e+00  0.000000e+00  2.889010e-01  2.751833e+00  3.891456e-01  5.691700e-01  0.000000e+00  0.000000e+00  2.889010e-01  0.000000e+00  0.000000e+00  -3.989509e-01  0.000000e+00  0.000000e+00  2.889010e-01  0.000000e+00  0.000000e+00  -3.989509e-01  0.000000e+00  0.000000e+00  2.889010e-01  
2.772616e+00  3.870142e-01  5.853929e-01  0.000000e+00  0.000000e+00  2.765943e-01  0.000000e+00  0.000000e+00  -3.988605e-01  0.000000e+00  0.000000e+00  2.765943e-01  0.000000e+00  0.000000e+00  -3.988605e-01  0.000000e+00  0.000000e+00  2.765943e-01  2.772616e+00  3.870142e-01  5.853929e-01  0.000000e+00  0.000000e+00  2.765943e-01  0.000000e+00  0.000000e+00  -3.988605e-01  0.000000e+00  0.000000e+00  2.765943e-01  0.000000e+00  0.000000e+00  -3.988605e-01  0.000000e+00  0.000000e+00  2.765943e-01  
2.775723e+00  4.077620e-01  5.611117e-01  0.000000e+00  0.000000e+00  2.633411e-01  0.000000e+00  0.000000e+00  -3.992836e-01  0.000000e+00  0.000000e+00  2.633411e-01  0.000000e+00  0.000000e+00  -3.992836e-01  0.000000e+00  0.000000e+00  2.633411e-01  2.775723e+00  4.077620e-01  5.611117e-01  0.000000e+00  0.000000e+00  2.633411e-01  0.000000e+00  0.000000e+00  -3.992836e-01  0.000000e+00  0.000000e+00  2.633411e-01  0.000000e+00  0.000000e+00  -3.992836e-01  0.000000e+00  0.000000e+00  2.633411e-01  
2.783161e+00  3.937768e-01  5.830737e-01  0.000000e+00  0.000000e+00  2.687549e-01  0.000000e+00  0.000000e+00  -3.971651e-01  0.000000e+00  0.000000e+00  2.687549e-01  0.000000e+00  0.000000e+00  -3.971651e-01  0.000000e+00  0.000000e+00  2.687549e-01  2.783161e+00  3.937768e-01  5.830737e-01  0.000000e+00  0.000000e+00  2.687549e-01  0.000000e+00  0.000000e+00  -3.971651e-01  0.000000e+00  0.000000e+00  2.687549e-01  0.000000e+00  0.000000e+00  -3.971651e-01  0.000000e+00  0.000000e+00  2.687549e-01  
2.795764e+00  4.038338e-01  5.753723e-01  0.000000e+00  0.000000e+00  2.753814e-01  0.000000e+00  0.000000e+00  -4.000414e-01  0.000000e+00  0.000000e+00  2.753814e-01  0.000000e+00  0.000000e+00  -4.000414e-01  0.000000e+00  0.000000e+00  2.753814e-01  2.795764e+00  4.038338e-01  5.753723e-01  0.000000e+00  0.000000e+00  2.753814e-01  0.000000e+00  0.000000e+00  -4.000414e-01  0.000000e+00  0.000000e+00  2.753814e-01  0.000000e+00  0.000000e+00  -4.000414e-01  0.000000e+00  0.000000e+00  2.753814e-01  
2.065361e+00  2.118539e-03  9.714767e-01  0.000000e+00  0.000000e+00  4.711179e-01  0.000000e+00  0.000000e+00  -3.913579e-01  0.000000e+00  0.000000e+00  4.711179e-01  0.000000e+00  0.000000e+00  -3.913579e-01  0.000000e+00  0.000000e+00  4.711179e-01  2.065361e+00  2.118539e-03  9.714767e-01  0.000000e+00  0.000000e+00  4.711179e-01  0.000000e+00  0.000000e+00  -3.913579e-01  0.000000e+00  0.000000e+00  4.711179e-01  0.000000e+00  0.000000e+00  -3.913579e-01  0.000000e+00  0.000000e+00  4.711179e-01  
2.057924e+00  1.416077e-03  9.681553e-01  0.000000e+00  0.000000e+00  4.779252e-01  0.000000e+00  0.000000e+00  -3.926627e-01  0.000000e+00  0.000000e+00  4.779252e-01  0.000000e+00  0.000000e+00  -3.926627e-01  0.000000e+00  0.000000e+00  4.779252e-01  2.057924e+00  1.416077e-03  9.681553e-01  0.000000e+00  0.000000e+00  4.779252e-01  0.000000e+00  0.000000e+00  -3.926627e-01  0.000000e+00  0.000000e+00  4.779252e-01  0.000000e+00  0.000000e+00  -3.926627e-01  0.000000e+00  0.000000e+00  4.779252e-01  
2.058455e+00  1.908057e-03  9.713956e-01  0.000000e+00  0.000000e+00  4.717222e-01  0.000000e+00  0.000000e+00  -3.918298e-01  0.000000e+00  0.000000e+00  4.717222e-01  0.000000e+00  0.000000e+00  -3.918298e-01  0.000000e+00  0.000000e+00  4.717222e-01  2.058455e+00  1.908057e-03  9.713956e-01  0.000000e+00  0.000000e+00  4.717222e-01  0.000000e+00  0.000000e+00  -3.918298e-01  0.000000e+00  0.000000e+00  4.717222e-01  0.000000e+00  0.000000e+00  -3.918298e-01  0.000000e+00  0.000000e+00  4.717222e-01  
2.065136e+00  1.133116e-03  9.682512e-01  0.000000e+00  0.000000e+00  4.687450e-01  0.000000e+00  0.000000e+00  -3.935397e-01  0.000000e+00  0.000000e+00  4.687450e-01  0.000000e+00  0.000000e+00  -3.935397e-01  0.000000e+00  0.000000e+00  4.687450e-01  2.065136e+00  1.133116e-03  9.682512e-01  0.000000e+00  0.000000e+00  4.687450e-01  0.000000e+00  0.000000e+00  -3.935397e-01  0.000000e+00  0.000000e+00  4.687450e-01  0.000000e+00  0.000000e+00  -3.935397e-01  0.000000e+00  0.000000e+00  4.687450e-01  
2.064302e+00  2.367993e-03  9.718435e-01  0.000000e+00  0.000000e+00  4.715965e-01  0.000000e+00  0.000000e+00  -3.918723e-01  0.000000e+00  0.000000e+00  4.715965e-01  0.000000e+00  0.000000e+00  -3.918723e-01  0.000000e+00  0.000000e+00  4.715965e-01  2.064302e+00  2.367993e-03  9.718435e-01  0.000000e+00  0.000000e+00  4.715965e-01  0.000000e+00  0.000000e+00  -3.918723e-01  0.000000e+00  0.000000e+00  4.715965e-01  0.000000e+00  0.000000e+00  -3.918723e-01  0.000000e+00  0.000000e+00  4.715965e-01  
2.042470e+00  6.259108e-04  9.662925e-01  0.000000e+00  0.000000e+00  4.721792e-01  0.000000e+00  0.000000e+00  -3.931394e-01  0.000000e+00  0.000000e+00  4.721792e-01  0.000000e+00  0.000000e+00  -3.931394e-01  0.000000e+00  0.000000e+00  4.721792e-01  2.042470e+00  6.259108e-04  9.662925e-01  0.000000e+00  0.000000e+00  4.721792e-01  0.000000e+00  0.000000e+00  -3.931394e-01  0.000000e+00  0.000000e+00  4.721792e-01  0.000000e+00  0.000000e+00  -3.931394e-01  0.000000e+00  0.000000e+00  4.721792e-01  
2.058251e+00  1.899551e-04  9.764986e-01  0.000000e+00  0.000000e+00  4.678972e-01  0.000000e+00  0.000000e+00  -3.911541e-01  0.000000e+00  0.000000e+00  4.678972e-01  0.000000e+00  0.000000e+00  -3.911541e-01  0.000000e+00  0.000000e+00  4.678972e-01  2.058251e+00  1.899551e-04  9.764986e-01  0.000000e+00  0.000000e+00  4.678972e-01  0.000000e+00  0.000000e+00  -3.911541e-01  0.000000e+00  0.000000e+00  4.678972e-01  0.000000e+00  0.000000e+00  -3.911541e-01  0.000000e+00  0.000000e+00  4.678972e-01  
2.031826e+00  9.021586e-05  9.716101e-01  0.000000e+00  0.000000e+00  4.734197e-01  0.000000e+00  0.000000e+00  -3.902865e-01  0.000000e+00  0.000000e+00  4.734197e-01  0.000000e+00  0.000000e+00  -3.902865e-01  0.000000e+00  0.000000e+00  4.734197e-01  2.031826e+00  9.021586e-05  9.716101e-01  0.000000e+00  0.000000e+00  4.734197e-01  0.000000e+00  0.000000e+00  -3.902865e-01  0.000000e+00  0.000000e+00  4.734197e-01  0.000000e+00  0.000000e+00  -3.902865e-01  0.000000e+00  0.000000e+00  4.734197e-01  
2.053792e+00  4.278093e-04  9.733928e-01  0.000000e+00  0.000000e+00  4.771513e-01  0.000000e+00  0.000000e+00  -3.942976e-01  0.000000e+00  0.000000e+00  4.771513e-01  0.000000e+00  0.000000e+00  -3.942976e-01  0.000000e+00  0.000000e+00  4.771513e-01  2.053792e+00  4.278093e-04  9.733928e-01  0.000000e+00  0.000000e+00  4.771513e-01  0.000000e+00  0.000000e+00  -3.942976e-01  0.000000e+00  0.000000e+00  4.771513e-01  0.000000e+00  0.000000e+00  -3.942976e-01  0.000000e+00  0.000000e+00  4.771513e-01  
2.046546e+00  3.790071e-04  9.715638e-01  0.000000e+00  0.000000e+00  4.707619e-01  0.000000e+00  0.000000e+00  -3.912570e-01  0.000000e+00  0.000000e+00  4.707619e-01  0.000000e+00  0.000000e+00  -3.912570e-01  0.000000e+00  0.000000e+00  4.707619e-01  2.046546e+00  3.790071e-04  9.715638e-01  0.000000e+00  0.000000e+00  4.707619e-01  0.000000e+00  0.000000e+00  -3.912570e-01  0.000000e+00  0.000000e+00  4.707619e-01  0.000000e+00  0.000000e+00  -3.912570e-01  0.000000e+00  0.000000e+00  4.707619e-01  
2.069055e+00  3.924130e-05  9.781908e-01  0.000000e+00  0.000000e+00  4.645552e-01  0.000000e+00  0.000000e+00  -3.946035e-01  0.000000e+00  0.000000e+00  4.645552e-01  0.000000e+00  0.000000e+00  -3.946035e-01  0.000000e+00  0.000000e+00  4.645552e-01  2.069055e+00  3.924130e-05  9.781908e-01  0.000000e+00  0.000000e+00  4.645552e-01  0.000000e+00  0.000000e+00  -3.946035e-01  0.000000e+00  0.000000e+00  4.645552e-01  0.000000e+00  0.000000e+00  -3.946035e-01  0.000000e+00  0.000000e+00  4.645552e-01  
2.062585e+00  7.977141e-04  9.728401e-01  0.000000e+00  0.000000e+00  4.640645e-01  0.000000e+00  0.000000e+00  -3.917404e-01  0.000000e+00  0.000000e+00  4.640645e-01  0.000000e+00  0.000000e+00  -3.917404e-01  0.000000e+00  0.000000e+00  4.640645e-01  2.062585e+00  7.977141e-04  9.728401e-01  0.000000e+00  0.000000e+00  4.640645e-01  0.000000e+00  0.000000e+00  -3.917404e-01  0.000000e+00  0.000000e+00  4.640645e-01  0.000000e+00  0.000000e+00  -3.917404e-01  0.000000e+00  0.000000e+00  4.640645e-01  
2.061193e+00  9.180215e-05  9.734101e-01  0.000000e+00  0.000000e+00  4.724234e-01  0.000000e+00  0.000000e+00  -3.933983e-01  0.000000e+00  0.000000e+00  4.724234e-01  0.000000e+00  0.000000e+00  -3.933983e-01  0.000000e+00  0.000000e+00  4.724234e-01  2.061193e+00  9.180215e-05  9.734101e-01  0.000000e+00  0.000000e+00  4.724234e-01  0.000000e+00  0.000000e+00  -3.933983e-01  0.000000e+00  0.000000e+00  4.724234e-01  0.000000e+00  0.000000e+00  -3.933983e-01  0.000000e+00  0.000000e+00  4.724234e-01  
2.099412e+00  7.339618e-06  9.891813e-01  0.000000e+00  0.000000e+00  4.680485e-01  0.000000e+00  0.000000e+00  -3.952651e-01  0.000000e+00  0.000000e+00  4.680485e-01  0.000000e+00  0.000000e+00  -3.952651e-01  0.000000e+00  0.000000e+00  4.680485e-01  2.099412e+00  7.339618e-06  9.891813e-01  0.000000e+00  0.000000e+00  4.680485e-01  0.000000e+00  0.000000e+00  -3.952651e-01  0.000000e+00  0.000000e+00  4.680485e-01  0.000000e+00  0.000000e+00  -3.952651e-01  0.000000e+00  0.000000e+00  4.680485e-01  
2.059968e+00  1.151145e-03  9.718028e-01  0.000000e+00  0.000000e+00  4.718952e-01  0.000000e+00  0.000000e+00  -3.933418e-01  0.000000e+00  0.000000e+00  4.718952e-01  0.000000e+00  0.000000e+00  -3.933418e-01  0.000000e+00  0.000000e+00  4.718952e-01  2.059968e+00  1.151145e-03  9.718028e-01  0.000000e+00  0.000000e+00  4.718952e-01  0.000000e+00  0.000000e+00  -3.933418e-01  0.000000e+00  0.000000e+00  4.718952e-01  0.000000e+00  0.000000e+00  -3.933418e-01  0.000000e+00  0.000000e+00  4.718952e-01  
2.052064e+00  8.471225e-04  9.639404e-01  0.000000e+00  0.000000e+00  4.769362e-01  0.000000e+00  0.000000e+00  -3.929054e-01  0.000000e+00  0.000000e+00  4.769362e-01  0.000000e+00  0.000000e+00  -3.929054e-01  0.000000e+00  0.000000e+00  4.769362e-01  2.052064e+00  8.471225e-04  9.639404e-01  0.000000e+00  0.000000e+00  4.769362e-01  0.000000e+00  0.000000e+00  -3.929054e-01  0.000000e+00  0.000000e+00  4.769362e-01  0.000000e+00  0.000000e+00  -3.929054e-01  0.000000e+00  0.000000e+00  4.769362e-01  
2.085866e+00  1.701270e-03  9.745371e-01  0.000000e+00  0.000000e+00  4.524836e-01  0.000000e+00  0.000000e+00  -3.922532e-01  0.000000e+00  0.000000e+00  4.524836e-01  0.000000e+00  0.000000e+00  -3.922532e-01  0.000000e+00  0.000000e+00  4.524836e-01  2.085866e+00  1.701270e-03  9.745371e-01  0.000000e+00  0.000000e+00  4.524836e-01  0.000000e+00  0.000000e+00  -3.922532e-01  0.000000e+00  0.000000e+00  4.524836e-01  0.000000e+00  0.000000e+00  -3.922532e-01  0.000000e+00  0.000000e+00  4.524836e-01  
2.066869e+00  1.855828e-03  9.704933e-01  0.000000e+00  0.000000e+00  4.735611e-01  0.000000e+00  0.000000e+00  -3.920716e-01  0.000000e+00  0.000000e+00  4.735611e-01  0.000000e+00  0.000000e+00  -3.920716e-01  0.000000e+00  0.000000e+00  4.735611e-01  2.066869e+00  1.855828e-03  9.704933e-01  0.000000e+00  0.000000e+00  4.735611e-01  0.000000e+00  0.000000e+00  -3.920716e-01  0.000000e+00  0.000000e+00  4.735611e-01  0.000000e+00  0.000000e+00  -3.920716e-01  0.000000e+00  0.000000e+00  4.735611e-01  
2.062727e+00  1.160911e-03  9.705592e-01  0.000000e+00  0.000000e+00  4.720994e-01  0.000000e+00  0.000000e+00  -3.914064e-01  0.000000e+00  0.000000e+00  4.720994e-01  0.000000e+00  0.000000e+00  -3.914064e-01  0.000000e+00  0.000000e+00  4.720994e-01  2.062727e+00  1.160911e-03  9.705592e-01  0.000000e+00  0.000000e+00  4.720994e-01  0.000000e+00  0.000000e+00  -3.914064e-01  0.000000e+00  0.000000e+00  4.720994e-01  0.000000e+00  0.000000e+00  -3.914064e-01  0.000000e+00  0.000000e+00  4.720994e-01  
2.063096e+00  3.082942e-03  9.518424e-01  0.000000e+00  0.000000e+00  4.667686e-01  0.000000e+00  0.000000e+00  -3.900831e-01  0.000000e+00  0.000000e+00  4.667686e-01  0.000000e+00  0.000000e+00  -3.900831e-01  0.000000e+00  0.000000e+00  4.667686e-01  2.063096e+00  3.082942e-03  9.518424e-01  0.000000e+00  0.000000e+00  4.667686e-01  0.000000e+00  0.000000e+00  -3.900831e-01  0.000000e+00  0.000000e+00  4.667686e-01  0.000000e+00  0.000000e+00  -3.900831e-01  0.000000e+00  0.000000e+00  4.667686e-01  
2.076979e+00  3.544985e-03  9.589521e-01  0.000000e+00  0.000000e+00  4.596624e-01  0.000000e+00  0.000000e+00  -3.892251e-01  0.000000e+00  0.000000e+00  4.596624e-01  0.000000e+00  0.000000e+00  -3.892251e-01  0.000000e+00  0.000000e+00  4.596624e-01  2.076979e+00  3.544985e-03  9.589521e-01  0.000000e+00  0.000000e+00  4.596624e-01  0.000000e+00  0.000000e+00  -3.892251e-01  0.000000e+00  0.000000e+00  4.596624e-01  0.000000e+00  0.000000e+00  -3.892251e-01  0.000000e+00  0.000000e+00  4.596624e-01  
2.092114e+00  1.819295e-03  9.757659e-01  0.000000e+00  0.000000e+00  4.488784e-01  0.000000e+00  0.000000e+00  -3.909127e-01  0.000000e+00  0.000000e+00  4.488784e-01  0.000000e+00  0.000000e+00  -3.909127e-01  0.000000e+00  0.000000e+00  4.488784e-01  2.092114e+00  1.819295e-03  9.757659e-01  0.000000e+00  0.000000e+00  4.488784e-01  0.000000e+00  0.000000e+00  -3.909127e-01  0.000000e+00  0.000000e+00  4.488784e-01  0.000000e+00  0.000000e+00  -3.909127e-01  0.000000e+00  0.000000e+00  4.488784e-01  
2.117639e+00  2.440811e-03  9.531061e-01  0.000000e+00  0.000000e+00  4.411930e-01  0.000000e+00  0.000000e+00  -3.995961e-01  0.000000e+00  0.000000e+00  4.411930e-01  0.000000e+00  0.000000e+00  -3.995961e-01  0.000000e+00  0.000000e+00  4.411930e-01  2.117639e+00  2.440811e-03  9.531061e-01  0.000000e+00  0.000000e+00  4.411930e-01  0.000000e+00  0.000000e+00  -3.995961e-01  0.000000e+00  0.000000e+00  4.411930e-01  0.000000e+00  0.000000e+00  -3.995961e-01  0.000000e+00  0.000000e+00  4.411930e-01  
2.064450e+00  8.951295e-03  9.386685e-01  0.000000e+00  0.000000e+00  4.521766e-01  0.000000e+00  0.000000e+00  -3.894176e-01  0.000000e+00  0.000000e+00  4.521766e-01  0.000000e+00  0.000000e+00  -3.894176e-01  0.000000e+00  0.000000e+00  4.521766e-01  2.064450e+00  8.951295e-03  9.386685e-01  0.000000e+00  0.000000e+00  4.521766e-01  0.000000e+00  0.000000e+00  -3.894176e-01  0.000000e+00  0.000000e+00  4.521766e-01  0.000000e+00  0.000000e+00  -3.894176e-01  0.000000e+00  0.000000e+00  4.521766e-01  
2.070159e+00  2.969936e-03  9.436604e-01  0.000000e+00  0.000000e+00  4.529383e-01  0.000000e+00  0.000000e+00  -3.904112e-01  0.000000e+00  0.000000e+00  4.529383e-01  0.000000e+00  0.000000e+00  -3.904112e-01  0.000000e+00  0.000000e+00  4.529383e-01  2.070159e+00  2.969936e-03  9.436604e-01  0.000000e+00  0.000000e+00  4.529383e-01  0.000000e+00  0.000000e+00  -3.904112e-01  0.000000e+00  0.000000e+00  4.529383e-01  0.000000e+00  0.000000e+00  -3.904112e-01  0.000000e+00  0.000000e+00  4.529383e-01  
2.128459e+00  1.944821e-03  9.504442e-01  0.000000e+00  0.000000e+00  4.302984e-01  0.000000e+00  0.000000e+00  -3.956794e-01  0.000000e+00  0.000000e+00  4.302984e-01  0.000000e+00  0.000000e+00  -3.956794e-01  0.000000e+00  0.000000e+00  4.302984e-01  2.128459e+00  1.944821e-03  9.504442e-01  0.000000e+00  0.000000e+00  4.302984e-01  0.000000e+00  0.000000e+00  -3.956794e-01  0.000000e+00  0.000000e+00  4.302984e-01  0.000000e+00  0.000000e+00  -3.956794e-01  0.000000e+00  0.000000e+00  4.302984e-01  
2.100996e+00  2.770695e-03  9.520987e-01  0.000000e+00  0.000000e+00  4.260416e-01  0.000000e+00  0.000000e+00  -3.931386e-01  0.000000e+00  0.000000e+00  4.260416e-01  0.000000e+00  0.000000e+00  -3.931386e-01  0.000000e+00  0.000000e+00  4.260416e-01  2.100996e+00  2.770695e-03  9.520987e-01  0.000000e+00  0.000000e+00  4.260416e-01  0.000000e+00  0.000000e+00  -3.931386e-01  0.000000e+00  0.000000e+00  4.260416e-01  0.000000e+00  0.000000e+00  -3.931386e-01  0.000000e+00  0.000000e+00  4.260416e-01  
2.090055e+00  4.772366e-03  9.420729e-01  0.000000e+00  0.000000e+00  4.157964e-01  0.000000e+00  0.000000e+00  -3.878421e-01  0.000000e+00  0.000000e+00  4.157964e-01  0.000000e+00  0.000000e+00  -3.878421e-01  0.000000e+00  0.000000e+00  4.157964e-01  2.090055e+00  4.772366e-03  9.420729e-01  0.000000e+00  0.000000e+00  4.157964e-01  0.000000e+00  0.000000e+00  -3.878421e-01  0.000000e+00  0.000000e+00  4.157964e-01  0.000000e+00  0.000000e+00  -3.878421e-01  0.000000e+00  0.000000e+00  4.157964e-01  
2.096589e+00  4.616947e-04  9.795688e-01  0.000000e+00  0.000000e+00  4.132276e-01  0.000000e+00  0.000000e+00  -3.902184e-01  0.000000e+00  0.000000e+00  4.132276e-01  0.000000e+00  0.000000e+00  -3.902184e-01  0.000000e+00  0.000000e+00  4.132276e-01  2.096589e+00  4.616947e-04  9.795688e-01  0.000000e+00  0.000000e+00  4.132276e-01  0.000000e+00  0.000000e+00  -3.902184e-01  0.000000e+00  0.000000e+00  4.132276e-01  0.000000e+00  0.000000e+00  -3.902184e-01  0.000000e+00  0.000000e+00  4.132276e-01  
2.089640e+00  2.620752e-03  9.625097e-01  0.000000e+00  0.000000e+00  4.625317e-01  0.000000e+00  0.000000e+00  -3.966089e-01  0.000000e+00  0.000000e+00  4.625317e-01  0.000000e+00  0.000000e+00  -3.966089e-01  0.000000e+00  0.000000e+00  4.625317e-01  2.089640e+00  2.620752e-03  9.625097e-01  0.000000e+00  0.000000e+00  4.625317e-01  0.000000e+00  0.000000e+00  -3.966089e-01  0.000000e+00  0.000000e+00  4.625317e-01  0.000000e+00  0.000000e+00  -3.966089e-01  0.000000e+00  0.000000e+00  4.625317e-01  
2.124505e+00  5.118306e-03  9.586428e-01  0.000000e+00  0.000000e+00  4.391828e-01  0.000000e+00  0.000000e+00  -3.934284e-01  0.000000e+00  0.000000e+00  4.391828e-01  0.000000e+00  0.000000e+00  -3.934284e-01  0.000000e+00  0.000000e+00  4.391828e-01  2.124505e+00  5.118306e-03  9.586428e-01  0.000000e+00  0.000000e+00  4.391828e-01  0.000000e+00  0.000000e+00  -3.934284e-01  0.000000e+00  0.000000e+00  4.391828e-01  0.000000e+00  0.000000e+00  -3.934284e-01  0.000000e+00  0.000000e+00  4.391828e-01  
2.109932e+00  4.103345e-03  9.380518e-01  0.000000e+00  0.000000e+00  4.433936e-01  0.000000e+00  0.000000e+00  -4.000030e-01  0.000000e+00  0.000000e+00  4.433936e-01  0.000000e+00  0.000000e+00  -4.000030e-01  0.000000e+00  0.000000e+00  4.433936e-01  2.109932e+00  4.103345e-03  9.380518e-01  0.000000e+00  0.000000e+00  4.433936e-01  0.000000e+00  0.000000e+00  -4.000030e-01  0.000000e+00  0.000000e+00  4.433936e-01  0.000000e+00  0.000000e+00  -4.000030e-01  0.000000e+00  0.000000e+00  4.433936e-01  
2.097916e+00  6.261183e-03  9.406310e-01  0.000000e+00  0.000000e+00  4.547815e-01  0.000000e+00  0.000000e+00  -3.944273e-01  0.000000e+00  0.000000e+00  4.547815e-01  0.000000e+00  0.000000e+00  -3.944273e-01  0.000000e+00  0.000000e+00  4.547815e-01  2.097916e+00  6.261183e-03  9.406310e-01  0.000000e+00  0.000000e+00  4.547815e-01  0.000000e+00  0.000000e+00  -3.944273e-01  0.000000e+00  0.000000e+00  4.547815e-01  0.000000e+00  0.000000e+00  -3.944273e-01  0.000000e+00  0.000000e+00  4.547815e-01  
2.110590e+00  1.002064e-02  9.535711e-01  0.000000e+00  0.000000e+00  4.479107e-01  0.000000e+00  0.000000e+00  -3.874921e-01  0.000000e+00  0.000000e+00  4.479107e-01  0.000000e+00  0.000000e+00  -3.874921e-01  0.000000e+00  0.000000e+00  4.479107e-01  2.110590e+00  1.002064e-02  9.535711e-01  0.000000e+00  0.000000e+00  4.479107e-01  0.000000e+00  0.000000e+00  -3.874921e-01  0.000000e+00  0.000000e+00  4.479107e-01  0.000000e+00  0.000000e+00  -3.874921e-01  0.000000e+00  0.000000e+00  4.479107e-01  
2.033234e+00  1.256441e-04  9.710569e-01  0.000000e+00  0.000000e+00  4.590288e-01  0.000000e+00  0.000000e+00  -3.901972e-01  0.000000e+00  0.000000e+00  4.590288e-01  0.000000e+00  0.000000e+00  -3.901972e-01  0.000000e+00  0.000000e+00  4.590288e-01  2.033234e+00  1.256441e-04  9.710569e-01  0.000000e+00  0.000000e+00  4.590288e-01  0.000000e+00  0.000000e+00  -3.901972e-01  0.000000e+00  0.000000e+00  4.590288e-01  0.000000e+00  0.000000e+00  -3.901972e-01  0.000000e+00  0.000000e+00  4.590288e-01  
2.061842e+00  5.292759e-03  9.465625e-01  0.000000e+00  0.000000e+00  4.483137e-01  0.000000e+00  0.000000e+00  -3.905810e-01  0.000000e+00  0.000000e+00  4.483137e-01  0.000000e+00  0.000000e+00  -3.905810e-01  0.000000e+00  0.000000e+00  4.483137e-01  2.061842e+00  5.292759e-03  9.465625e-01  0.000000e+00  0.000000e+00  4.483137e-01  0.000000e+00  0.000000e+00  -3.905810e-01  0.000000e+00  0.000000e+00  4.483137e-01  0.000000e+00  0.000000e+00  -3.905810e-01  0.000000e+00  0.000000e+00  4.483137e-01  
2.088899e+00  9.787349e-04  9.751173e-01  0.000000e+00  0.000000e+00  4.605181e-01  0.000000e+00  0.000000e+00  -3.975801e-01  0.000000e+00  0.000000e+00  4.605181e-01  0.000000e+00  0.000000e+00  -3.975801e-01  0.000000e+00  0.000000e+00  4.605181e-01  2.088899e+00  9.787349e-04  9.751173e-01  0.000000e+00  0.000000e+00  4.605181e-01  0.000000e+00  0.000000e+00  -3.975801e-01  0.000000e+00  0.000000e+00  4.605181e-01  0.000000e+00  0.000000e+00  -3.975801e-01  0.000000e+00  0.000000e+00  4.605181e-01  
2.033783e+00  1.583883e-03  9.542076e-01  0.000000e+00  0.000000e+00  4.471009e-01  0.000000e+00  0.000000e+00  -3.885727e-01  0.000000e+00  0.000000e+00  4.471009e-01  0.000000e+00  0.000000e+00  -3.885727e-01  0.000000e+00  0.000000e+00  4.471009e-01  2.033783e+00  1.583883e-03  9.542076e-01  0.000000e+00  0.000000e+00  4.471009e-01  0.000000e+00  0.000000e+00  -3.885727e-01  0.000000e+00  0.000000e+00  4.471009e-01  0.000000e+00  0.000000e+00  -3.885727e-01  0.000000e+00  0.000000e+00  4.471009e-01  
2.063731e+00  2.039826e-03  9.711127e-01  0.000000e+00  0.000000e+00  4.683106e-01  0.000000e+00  0.000000e+00  -3.927653e-01  0.000000e+00  0.000000e+00  4.683106e-01  0.000000e+00  0.000000e+00  -3.927653e-01  0.000000e+00  0.000000e+00  4.683106e-01  2.063731e+00  2.039826e-03  9.711127e-01  0.000000e+00  0.000000e+00  4.683106e-01  0.000000e+00  0.000000e+00  -3.927653e-01  0.000000e+00  0.000000e+00  4.683106e-01  0.000000e+00  0.000000e+00  -3.927653e-01  0.000000e+00  0.000000e+00  4.683106e-01  
2.110858e+00  7.105561e-03  9.434702e-01  0.000000e+00  0.000000e+00  4.581489e-01  0.000000e+00  0.000000e+00  -3.985976e-01  0.000000e+00  0.000000e+00  4.581489e-01  0.000000e+00  0.000000e+00  -3.985976e-01  0.000000e+00  0.000000e+00  4.581489e-01  2.110858e+00  7.105561e-03  9.434702e-01  0.000000e+00  0.000000e+00  4.581489e-01  0.000000e+00  0.000000e+00  -3.985976e-01  0.000000e+00  0.000000e+00  4.581489e-01  0.000000e+00  0.000000e+00  -3.985976e-01  0.000000e+00  0.000000e+00  4.581489e-01  
2.080709e+00  1.581003e-02  9.155927e-01  0.000000e+00  0.000000e+00  4.695892e-01  0.000000e+00  0.000000e+00  -3.917781e-01  0.000000e+00  0.000000e+00  4.695892e-01  0.000000e+00  0.000000e+00  -3.917781e-01  0.000000e+00  0.000000e+00  4.695892e-01  2.080709e+00  1.581003e-02  9.155927e-01  0.000000e+00  0.000000e+00  4.695892e-01  0.000000e+00  0.000000e+00  -3.917781e-01  0.000000e+00  0.000000e+00  4.695892e-01  0.000000e+00  0.000000e+00  -3.917781e-01  0.000000e+00  0.000000e+00  4.695892e-01  
2.061088e+00  3.224791e-03  9.482860e-01  0.000000e+00  0.000000e+00  4.639384e-01  0.000000e+00  0.000000e+00  -3.968458e-01  0.000000e+00  0.000000e+00  4.639384e-01  0.000000e+00  0.000000e+00  -3.968458e-01  0.000000e+00  0.000000e+00  4.639384e-01  2.061088e+00  3.224791e-03  9.482860e-01  0.000000e+00  0.000000e+00  4.639384e-01  0.000000e+00  0.000000e+00  -3.968458e-01  0.000000e+00  0.000000e+00  4.639384e-01  0.000000e+00  0.000000e+00  -3.968458e-01  0.000000e+00  0.000000e+00  4.639384e-01  
2.007059e+00  1.541104e-03  8.952338e-01  0.000000e+00  0.000000e+00  1.919516e-01  0.000000e+00  0.000000e+00  -3.748724e-01  0.000000e+00  0.000000e+00  1.919516e-01  0.000000e+00  0.000000e+00  -3.748724e-01  0.000000e+00  0.000000e+00  1.919516e-01  2.007059e+00  1.541104e-03  8.952338e-01  0.000000e+00  0.000000e+00  1.919516e-01  0.000000e+00  0.000000e+00  -3.748724e-01  0.000000e+00  0.000000e+00  1.919516e-01  0.000000e+00  0.000000e+00  -3.748724e-01  0.000000e+00  0.000000e+00  1.919516e-01  
2.032841e+00  3.366205e-03  8.948956e-01  0.000000e+00  0.000000e+00  1.995245e-01  0.000000e+00  0.000000e+00  -3.738837e-01  0.000000e+00  0.000000e+00  1.995245e-01  0.000000e+00  0.000000e+00  -3.738837e-01  0.000000e+00  0.000000e+00  1.995245e-01  2.032841e+00  3.366205e-03  8.948956e-01  0.000000e+00  0.000000e+00  1.995245e-01  0.000000e+00  0.000000e+00  -3.738837e-01  0.000000e+00  0.000000e+00  1.995245e-01  0.000000e+00  0.000000e+00  -3.738837e-01  0.000000e+00  0.000000e+00  1.995245e-01  
2.025154e+00  3.866287e-03  8.950044e-01  0.000000e+00  0.000000e+00  1.935104e-01  0.000000e+00  0.000000e+00  -3.754250e-01  0.000000e+00  0.000000e+00  1.935104e-01  0.000000e+00  0.000000e+00  -3.754250e-01  0.000000e+00  0.000000e+00  1.935104e-01  2.025154e+00  3.866287e-03  8.950044e-01  0.000000e+00  0.000000e+00  1.935104e-01  0.000000e+00  0.000000e+00  -3.754250e-01  0.000000e+00  0.000000e+00  1.935104e-01  0.000000e+00  0.000000e+00  -3.754250e-01  0.000000e+00  0.000000e+00  1.935104e-01  
2.027474e+00  1.317866e-03  9.010249e-01  0.000000e+00  0.000000e+00  1.923314e-01  0.000000e+00  0.000000e+00  -3.760304e-01  0.000000e+00  0.000000e+00  1.923314e-01  0.000000e+00  0.000000e+00  -3.760304e-01  0.000000e+00  0.000000e+00  1.923314e-01  2.027474e+00  1.317866e-03  9.010249e-01  0.000000e+00  0.000000e+00  1.923314e-01  0.000000e+00  0.000000e+00  -3.760304e-01  0.000000e+00  0.000000e+00  1.923314e-01  0.000000e+00  0.000000e+00  -3.760304e-01  0.000000e+00  0.000000e+00  1.923314e-01  
2.007520e+00  2.384284e-03  8.946715e-01  0.000000e+00  0.000000e+00  1.896793e-01  0.000000e+00  0.000000e+00  -3.735655e-01  0.000000e+00  0.000000e+00  1.896793e-01  0.000000e+00  0.000000e+00  -3.735655e-01  0.000000e+00  0.000000e+00  1.896793e-01  2.007520e+00  2.384284e-03  8.946715e-01  0.000000e+00  0.000000e+00  1.896793e-01  0.000000e+00  0.000000e+00  -3.735655e-01  0.000000e+00  0.000000e+00  1.896793e-01  0.000000e+00  0.000000e+00  -3.735655e-01  0.000000e+00  0.000000e+00  1.896793e-01  
2.007849e+00  8.609457e-04  9.035555e-01  0.000000e+00  0.000000e+00  1.932910e-01  0.000000e+00  0.000000e+00  -3.749030e-01  0.000000e+00  0.000000e+00  1.932910e-01  0.000000e+00  0.000000e+00  -3.749030e-01  0.000000e+00  0.000000e+00  1.932910e-01  2.007849e+00  8.609457e-04  9.035555e-01  0.000000e+00  0.000000e+00  1.932910e-01  0.000000e+00  0.000000e+00  -3.749030e-01  0.000000e+00  0.000000e+00  1.932910e-01  0.000000e+00  0.000000e+00  -3.749030e-01  0.000000e+00  0.000000e+00  1.932910e-01  
2.029887e+00  2.651486e-03  8.978719e-01  0.000000e+00  0.000000e+00  1.912592e-01  0.000000e+00  0.000000e+00  -3.749365e-01  0.000000e+00  0.000000e+00  1.912592e-01  0.000000e+00  0.000000e+00  -3.749365e-01  0.000000e+00  0.000000e+00  1.912592e-01  2.029887e+00  2.651486e-03  8.978719e-01  0.000000e+00  0.000000e+00  1.912592e-01  0.000000e+00  0.000000e+00  -3.749365e-01  0.000000e+00  0.000000e+00  1.912592e-01  0.000000e+00  0.000000e+00  -3.749365e-01  0.000000e+00  0.000000e+00  1.912592e-01  
2.009021e+00  1.048929e-04  8.999838e-01  0.000000e+00  0.000000e+00  1.919683e-01  0.000000e+00  0.000000e+00  -3.753837e-01  0.000000e+00  0.000000e+00  1.919683e-01  0.000000e+00  0.000000e+00  -3.753837e-01  0.000000e+00  0.000000e+00  1.919683e-01  2.009021e+00  1.048929e-04  8.999838e-01  0.000000e+00  0.000000e+00  1.919683e-01  0.000000e+00  0.000000e+00  -3.753837e-01  0.000000e+00  0.000000e+00  1.919683e-01  0.000000e+00  0.000000e+00  -3.753837e-01  0.000000e+00  0.000000e+00  1.919683e-01  
2.021677e+00  2.845071e-03  8.937916e-01  0.000000e+00  0.000000e+00  1.872215e-01  0.000000e+00  0.000000e+00  -3.748155e-01  0.000000e+00  0.000000e+00  1.872215e-01  0.000000e+00  0.000000e+00  -3.748155e-01  0.000000e+00  0.000000e+00  1.872215e-01  2.021677e+00  2.845071e-03  8.937916e-01  0.000000e+00  0.000000e+00  1.872215e-01  0.000000e+00  0.000000e+00  -3.748155e-01  0.000000e+00  0.000000e+00  1.872215e-01  0.000000e+00  0.000000e+00  -3.748155e-01  0.000000e+00  0.000000e+00  1.872215e-01  
2.015040e+00  7.799569e-04  8.962522e-01  0.000000e+00  0.000000e+00  1.861610e-01  0.000000e+00  0.000000e+00  -3.756841e-01  0.000000e+00  0.000000e+00  1.861610e-01  0.000000e+00  0.000000e+00  -3.756841e-01  0.000000e+00  0.000000e+00  1.861610e-01  2.015040e+00  7.799569e-04  8.962522e-01  0.000000e+00  0.000000e+00  1.861610e-01  0.000000e+00  0.000000e+00  -3.756841e-01  0.000000e+00  0.000000e+00  1.861610e-01  0.000000e+00  0.000000e+00  -3.756841e-01  0.000000e+00  0.000000e+00  1.861610e-01  
2.007143e+00  7.647146e-04  8.978716e-01  0.000000e+00  0.000000e+00  1.868781e-01  0.000000e+00  0.000000e+00  -3.753243e-01  0.000000e+00  0.000000e+00  1.868781e-01  0.000000e+00  0.000000e+00  -3.753243e-01  0.000000e+00  0.000000e+00  1.868781e-01  2.007143e+00  7.647146e-04  8.978716e-01  0.000000e+00  0.000000e+00  1.868781e-01  0.000000e+00  0.000000e+00  -3.753243e-01  0.000000e+00  0.000000e+00  1.868781e-01  0.000000e+00  0.000000e+00  -3.753243e-01  0.000000e+00  0.000000e+00  1.868781e-01  
2.020360e+00  1.903637e-03  8.971975e-01  0.000000e+00  0.000000e+00  1.883270e-01  0.000000e+00  0.000000e+00  -3.708329e-01  0.000000e+00  0.000000e+00  1.883270e-01  0.000000e+00  0.000000e+00  -3.708329e-01  0.000000e+00  0.000000e+00  1.883270e-01  2.020360e+00  1.903637e-03  8.971975e-01  0.000000e+00  0.000000e+00  1.883270e-01  0.000000e+00  0.000000e+00  -3.708329e-01  0.000000e+00  0.000000e+00  1.883270e-01  0.000000e+00  0.000000e+00  -3.708329e-01  0.000000e+00  0.000000e+00  1.883270e-01  
2.023787e+00  2.265542e-03  9.033312e-01  0.000000e+00  0.000000e+00  1.934588e-01  0.000000e+00  0.000000e+00  -3.740194e-01  0.000000e+00  0.000000e+00  1.934588e-01  0.000000e+00  0.000000e+00  -3.740194e-01  0.000000e+00  0.000000e+00  1.934588e-01  2.023787e+00  2.265542e-03  9.033312e-01  0.000000e+00  0.000000e+00  1.934588e-01  0.000000e+00  0.000000e+00  -3.740194e-01  0.000000e+00  0.000000e+00  1.934588e-01  0.000000e+00  0.000000e+00  -3.740194e-01  0.000000e+00  0.000000e+00  1.934588e-01  
2.013911e+00  2.609892e-04  9.025682e-01  0.000000e+00  0.000000e+00  2.037922e-01  0.000000e+00  0.000000e+00  -3.709143e-01  0.000000e+00  0.000000e+00  2.037922e-01  0.000000e+00  0.000000e+00  -3.709143e-01  0.000000e+00  0.000000e+00  2.037922e-01  2.013911e+00  2.609892e-04  9.025682e-01  0.000000e+00  0.000000e+00  2.037922e-01  0.000000e+00  0.000000e+00  -3.709143e-01  0.000000e+00  0.000000e+00  2.037922e-01  0.000000e+00  0.000000e+00  -3.709143e-01  0.000000e+00  0.000000e+00  2.037922e-01  
2.023398e+00  6.269776e-04  8.840187e-01  0.000000e+00  0.000000e+00  1.886625e-01  0.000000e+00  0.000000e+00  -3.765652e-01  0.000000e+00  0.000000e+00  1.886625e-01  0.000000e+00  0.000000e+00  -3.765652e-01  0.000000e+00  0.000000e+00  1.886625e-01  2.023398e+00  6.269776e-04  8.840187e-01  0.000000e+00  0.000000e+00  1.886625e-01  0.000000e+00  0.000000e+00  -3.765652e-01  0.000000e+00  0.000000e+00  1.886625e-01  0.000000e+00  0.000000e+00  -3.765652e-01  0.000000e+00  0.000000e+00  1.886625e-01  
2.028009e+00  1.930840e-03  8.876371e-01  0.000000e+00  0.000000e+00  2.004986e-01  0.000000e+00  0.000000e+00  -3.711193e-01  0.000000e+00  0.000000e+00  2.004986e-01  0.000000e+00  0.000000e+00  -3.711193e-01  0.000000e+00  0.000000e+00  2.004986e-01  2.028009e+00  1.930840e-03  8.876371e-01  0.000000e+00  0.000000e+00  2.004986e-01  0.000000e+00  0.000000e+00  -3.711193e-01  0.000000e+00  0.000000e+00  2.004986e-01  0.000000e+00  0.000000e+00  -3.711193e-01  0.000000e+00  0.000000e+00  2.004986e-01  
2.018875e+00  6.171800e-04  8.976112e-01  0.000000e+00  0.000000e+00  1.869826e-01  0.000000e+00  0.000000e+00  -3.760770e-01  0.000000e+00  0.000000e+00  1.869826e-01  0.000000e+00  0.000000e+00  -3.760770e-01  0.000000e+00  0.000000e+00  1.869826e-01  2.018875e+00  6.171800e-04  8.976112e-01  0.000000e+00  0.000000e+00  1.869826e-01  0.000000e+00  0.000000e+00  -3.760770e-01  0.000000e+00  0.000000e+00  1.869826e-01  0.000000e+00  0.000000e+00  -3.760770e-01  0.000000e+00  0.000000e+00  1.869826e-01  
2.038524e+00  2.438797e-03  8.979421e-01  0.000000e+00  0.000000e+00  1.956799e-01  0.000000e+00  0.000000e+00  -3.739187e-01  0.000000e+00  0.000000e+00  1.956799e-01  0.000000e+00  0.000000e+00  -3.739187e-01  0.000000e+00  0.000000e+00  1.956799e-01  2.038524e+00  2.438797e-03  8.979421e-01  0.000000e+00  0.000000e+00  1.956799e-01  0.000000e+00  0.000000e+00  -3.739187e-01  0.000000e+00  0.000000e+00  1.956799e-01  0.000000e+00  0.000000e+00  -3.739187e-01  0.000000e+00  0.000000e+00  1.956799e-01  
2.048969e+00  2.399926e-03  8.941329e-01  0.000000e+00  0.000000e+00  1.860602e-01  0.000000e+00  0.000000e+00  -3.764937e-01  0.000000e+00  0.000000e+00  1.860602e-01  0.000000e+00  0.000000e+00  -3.764937e-01  0.000000e+00  0.000000e+00  1.860602e-01  2.048969e+00  2.399926e-03  8.941329e-01  0.000000e+00  0.000000e+00  1.860602e-01  0.000000e+00  0.000000e+00  -3.764937e-01  0.000000e+00  0.000000e+00  1.860602e-01  0.000000e+00  0.000000e+00  -3.764937e-01  0.000000e+00  0.000000e+00  1.860602e-01  
2.015831e+00  6.086729e-03  8.881484e-01  0.000000e+00  0.000000e+00  1.998206e-01  0.000000e+00  0.000000e+00  -3.731083e-01  0.000000e+00  0.000000e+00  1.998206e-01  0.000000e+00  0.000000e+00  -3.731083e-01  0.000000e+00  0.000000e+00  1.998206e-01  2.015831e+00  6.086729e-03  8.881484e-01  0.000000e+00  0.000000e+00  1.998206e-01  0.000000e+00  0.000000e+00  -3.731083e-01  0.000000e+00  0.000000e+00  1.998206e-01  0.000000e+00  0.000000e+00  -3.731083e-01  0.000000e+00  0.000000e+00  1.998206e-01  
2.110367e+00  1.391628e-02  8.539345e-01  0.000000e+00  0.000000e+00  2.221011e-01  0.000000e+00  0.000000e+00  -3.721918e-01  0.000000e+00  0.000000e+00  2.221011e-01  0.000000e+00  0.000000e+00  -3.721918e-01  0.000000e+00  0.000000e+00  2.221011e-01  2.110367e+00  1.391628e-02  8.539345e-01  0.000000e+00  0.000000e+00  2.221011e-01  0.000000e+00  0.000000e+00  -3.721918e-01  0.000000e+00  0.000000e+00  2.221011e-01  0.000000e+00  0.000000e+00  -3.721918e-01  0.000000e+00  0.000000e+00  2.221011e-01  
1.960359e+00  3.947352e-03  8.334319e-01  0.000000e+00  0.000000e+00  2.152563e-01  0.000000e+00  0.000000e+00  -3.716461e-01  0.000000e+00  0.000000e+00  2.152563e-01  0.000000e+00  0.000000e+00  -3.716461e-01  0.000000e+00  0.000000e+00  2.152563e-01  1.960359e+00  3.947352e-03  8.334319e-01  0.000000e+00  0.000000e+00  2.152563e-01  0.000000e+00  0.000000e+00  -3.716461e-01  0.000000e+00  0.000000e+00  2.152563e-01  0.000000e+00  0.000000e+00  -3.716461e-01  0.000000e+00  0.000000e+00  2.152563e-01  
2.059138e+00  7.233071e-03  8.765374e-01  0.000000e+00  0.000000e+00  2.365847e-01  0.000000e+00  0.000000e+00  -3.766913e-01  0.000000e+00  0.000000e+00  2.365847e-01  0.000000e+00  0.000000e+00  -3.766913e-01  0.000000e+00  0.000000e+00  2.365847e-01  2.059138e+00  7.233071e-03  8.765374e-01  0.000000e+00  0.000000e+00  2.365847e-01  0.000000e+00  0.000000e+00  -3.766913e-01  0.000000e+00  0.000000e+00  2.365847e-01  0.000000e+00  0.000000e+00  -3.766913e-01  0.000000e+00  0.000000e+00  2.365847e-01  
1.988918e+00  5.104383e-03  8.401571e-01  0.000000e+00  0.000000e+00  2.190239e-01  0.000000e+00  0.000000e+00  -3.771474e-01  0.000000e+00  0.000000e+00  2.190239e-01  0.000000e+00  0.000000e+00  -3.771474e-01  0.000000e+00  0.000000e+00  2.190239e-01  1.988918e+00  5.104383e-03  8.401571e-01  0.000000e+00  0.000000e+00  2.190239e-01  0.000000e+00  0.000000e+00  -3.771474e-01  0.000000e+00  0.000000e+00  2.190239e-01  0.000000e+00  0.000000e+00  -3.771474e-01  0.000000e+00  0.000000e+00  2.190239e-01  
2.003871e+00  3.122443e-03  8.655365e-01  0.000000e+00  0.000000e+00  1.969865e-01  0.000000e+00  0.000000e+00  -3.779108e-01  0.000000e+00  0.000000e+00  1.969865e-01  0.000000e+00  0.000000e+00  -3.779108e-01  0.000000e+00  0.000000e+00  1.969865e-01  2.003871e+00  3.122443e-03  8.655365e-01  0.000000e+00  0.000000e+00  1.969865e-01  0.000000e+00  0.000000e+00  -3.779108e-01  0.000000e+00  0.000000e+00  1.969865e-01  0.000000e+00  0.000000e+00  -3.779108e-01  0.000000e+00  0.000000e+00  1.969865e-01  
2.153924e+00  7.068726e-03  8.594581e-01  0.000000e+00  0.000000e+00  2.175973e-01  0.000000e+00  0.000000e+00  -3.839787e-01  0.000000e+00  0.000000e+00  2.175973e-01  0.000000e+00  0.000000e+00  -3.839787e-01  0.000000e+00  0.000000e+00  2.175973e-01  2.153924e+00  7.068726e-03  8.594581e-01  0.000000e+00  0.000000e+00  2.175973e-01  0.000000e+00  0.000000e+00  -3.839787e-01  0.000000e+00  0.000000e+00  2.175973e-01  0.000000e+00  0.000000e+00  -3.839787e-01  0.000000e+00  0.000000e+00  2.175973e-01  
2.003700e+00  2.904574e-03  8.737347e-01  0.000000e+00  0.000000e+00  2.251525e-01  0.000000e+00  0.000000e+00  -3.703572e-01  0.000000e+00  0.000000e+00  2.251525e-01  0.000000e+00  0.000000e+00  -3.703572e-01  0.000000e+00  0.000000e+00  2.251525e-01  2.003700e+00  2.904574e-03  8.737347e-01  0.000000e+00  0.000000e+00  2.251525e-01  0.000000e+00  0.000000e+00  -3.703572e-01  0.000000e+00  0.000000e+00  2.251525e-01  0.000000e+00  0.000000e+00  -3.703572e-01  0.000000e+00  0.000000e+00  2.251525e-01  
2.068354e+00  2.511853e-03  8.813706e-01  0.000000e+00  0.000000e+00  2.148315e-01  0.000000e+00  0.000000e+00  -3.754261e-01  0.000000e+00  0.000000e+00  2.148315e-01  0.000000e+00  0.000000e+00  -3.754261e-01  0.000000e+00  0.000000e+00  2.148315e-01  2.068354e+00  2.511853e-03  8.813706e-01  0.000000e+00  0.000000e+00  2.148315e-01  0.000000e+00  0.000000e+00  -3.754261e-01  0.000000e+00  0.000000e+00  2.148315e-01  0.000000e+00  0.000000e+00  -3.754261e-01  0.000000e+00  0.000000e+00  2.148315e-01  
2.024250e+00  1.887924e-03  8.918930e-01  0.000000e+00  0.000000e+00  2.258310e-01  0.000000e+00  0.000000e+00  -3.684991e-01  0.000000e+00  0.000000e+00  2.258310e-01  0.000000e+00  0.000000e+00  -3.684991e-01  0.000000e+00  0.000000e+00  2.258310e-01  2.024250e+00  1.887924e-03  8.918930e-01  0.000000e+00  0.000000e+00  2.258310e-01  0.000000e+00  0.000000e+00  -3.684991e-01  0.000000e+00  0.000000e+00  2.258310e-01  0.000000e+00  0.000000e+00  -3.684991e-01  0.000000e+00  0.000000e+00  2.258310e-01  
2.074607e+00  9.466262e-05  9.115160e-01  0.000000e+00  0.000000e+00  1.868879e-01  0.000000e+00  0.000000e+00  -3.800253e-01  0.000000e+00  0.000000e+00  1.868879e-01  0.000000e+00  0.000000e+00  -3.800253e-01  0.000000e+00  0.000000e+00  1.868879e-01  2.074607e+00  9.466262e-05  9.115160e-01  0.000000e+00  0.000000e+00  1.868879e-01  0.000000e+00  0.000000e+00  -3.800253e-01  0.000000e+00  0.000000e+00  1.868879e-01  0.000000e+00  0.000000e+00  -3.800253e-01  0.000000e+00  0.000000e+00  1.868879e-01  
2.030529e+00  6.690348e-03  8.596034e-01  0.000000e+00  0.000000e+00  2.214244e-01  0.000000e+00  0.000000e+00  -3.729700e-01  0.000000e+00  0.000000e+00  2.214244e-01  0.000000e+00  0.000000e+00  -3.729700e-01  0.000000e+00  0.000000e+00  2.214244e-01  2.030529e+00  6.690348e-03  8.596034e-01  0.000000e+00  0.000000e+00  2.214244e-01  0.000000e+00  0.000000e+00  -3.729700e-01  0.000000e+00  0.000000e+00  2.214244e-01  0.000000e+00  0.000000e+00  -3.729700e-01  0.000000e+00  0.000000e+00  2.214244e-01  
2.064086e+00  1.131967e-02  8.777591e-01  0.000000e+00  0.000000e+00  2.212461e-01  0.000000e+00  0.000000e+00  -3.762451e-01  0.000000e+00  0.000000e+00  2.212461e-01  0.000000e+00  0.000000e+00  -3.762451e-01  0.000000e+00  0.000000e+00  2.212461e-01  2.064086e+00  1.131967e-02  8.777591e-01  0.000000e+00  0.000000e+00  2.212461e-01  0.000000e+00  0.000000e+00  -3.762451e-01  0.000000e+00  0.000000e+00  2.212461e-01  0.000000e+00  0.000000e+00  -3.762451e-01  0.000000e+00  0.000000e+00  2.212461e-01  
2.058432e+00  1.990845e-03  8.981392e-01  0.000000e+00  0.000000e+00  2.046516e-01  0.000000e+00  0.000000e+00  -3.728674e-01  0.000000e+00  0.000000e+00  2.046516e-01  0.000000e+00  0.000000e+00  -3.728674e-01  0.000000e+00  0.000000e+00  2.046516e-01  2.058432e+00  1.990845e-03  8.981392e-01  0.000000e+00  0.000000e+00  2.046516e-01  0.000000e+00  0.000000e+00  -3.728674e-01  0.000000e+00  0.000000e+00  2.046516e-01  0.000000e+00  0.000000e+00  -3.728674e-01  0.000000e+00  0.000000e+00  2.046516e-01  
2.093957e+00  4.044584e-03  9.130303e-01  0.000000e+00  0.000000e+00  1.937721e-01  0.000000e+00  0.000000e+00  -3.714767e-01  0.000000e+00  0.000000e+00  1.937721e-01  0.000000e+00  0.000000e+00  -3.714767e-01  0.000000e+00  0.000000e+00  1.937721e-01  2.093957e+00  4.044584e-03  9.130303e-01  0.000000e+00  0.000000e+00  1.937721e-01  0.000000e+00  0.000000e+00  -3.714767e-01  0.000000e+00  0.000000e+00  1.937721e-01  0.000000e+00  0.000000e+00  -3.714767e-01  0.000000e+00  0.000000e+00  1.937721e-01  
2.051945e+00  1.574171e-02  8.291472e-01  0.000000e+00  0.000000e+00  2.130371e-01  0.000000e+00  0.000000e+00  -3.746848e-01  0.000000e+00  0.000000e+00  2.130371e-01  0.000000e+00  0.000000e+00  -3.746848e-01  0.000000e+00  0.000000e+00  2.130371e-01  2.051945e+00  1.574171e-02  8.291472e-01  0.000000e+00  0.000000e+00  2.130371e-01  0.000000e+00  0.000000e+00  -3.746848e-01  0.000000e+00  0.000000e+00  2.130371e-01  0.000000e+00  0.000000e+00  -3.746848e-01  0.000000e+00  0.000000e+00  2.130371e-01  
2.068756e+00  1.371885e-02  8.820990e-01  0.000000e+00  0.000000e+00  2.013869e-01  0.000000e+00  0.000000e+00  -3.689610e-01  0.000000e+00  0.000000e+00  2.013869e-01  0.000000e+00  0.000000e+00  -3.689610e-01  0.000000e+00  0.000000e+00  2.013869e-01  2.068756e+00  1.371885e-02  8.820990e-01  0.000000e+00  0.000000e+00  2.013869e-01  0.000000e+00  0.000000e+00  -3.689610e-01  0.000000e+00  0.000000e+00  2.013869e-01  0.000000e+00  0.000000e+00  -3.689610e-01  0.000000e+00  0.000000e+00  2.013869e-01  
1.992006e+00  3.645914e-03  8.842868e-01  0.000000e+00  0.000000e+00  1.973068e-01  0.000000e+00  0.000000e+00  -3.689329e-01  0.000000e+00  0.000000e+00  1.973068e-01  0.000000e+00  0.000000e+00  -3.689329e-01  0.000000e+00  0.000000e+00  1.973068e-01  1.992006e+00  3.645914e-03  8.842868e-01  0.000000e+00  0.000000e+00  1.973068e-01  0.000000e+00  0.000000e+00  -3.689329e-01  0.000000e+00  0.000000e+00  1.973068e-01  0.000000e+00  0.000000e+00  -3.689329e-01  0.000000e+00  0.000000e+00  1.973068e-01  
2.025014e+00  8.693029e-05  8.893394e-01  0.000000e+00  0.000000e+00  2.497593e-01  0.000000e+00  0.000000e+00  -3.719189e-01  0.000000e+00  0.000000e+00  2.497593e-01  0.000000e+00  0.000000e+00  -3.719189e-01  0.000000e+00  0.000000e+00  2.497593e-01  2.025014e+00  8.693029e-05  8.893394e-01  0.000000e+00  0.000000e+00  2.497593e-01  0.000000e+00  0.000000e+00  -3.719189e-01  0.000000e+00  0.000000e+00  2.497593e-01  0.000000e+00  0.000000e+00  -3.719189e-01  0.000000e+00  0.000000e+00  2.497593e-01  
2.069420e+00  2.838415e-03  8.764548e-01  0.000000e+00  0.000000e+00  2.079826e-01  0.000000e+00  0.000000e+00  -3.750052e-01  0.000000e+00  0.000000e+00  2.079826e-01  0.000000e+00  0.000000e+00  -3.750052e-01  0.000000e+00  0.000000e+00  2.079826e-01  2.069420e+00  2.838415e-03  8.764548e-01  0.000000e+00  0.000000e+00  2.079826e-01  0.000000e+00  0.000000e+00  -3.750052e-01  0.000000e+00  0.000000e+00  2.079826e-01  0.000000e+00  0.000000e+00  -3.750052e-01  0.000000e+00  0.000000e+00  2.079826e-01  
2.063839e+00  4.370989e-03  8.528587e-01  0.000000e+00  0.000000e+00  2.278058e-01  0.000000e+00  0.000000e+00  -3.803290e-01  0.000000e+00  0.000000e+00  2.278058e-01  0.000000e+00  0.000000e+00  -3.803290e-01  0.000000e+00  0.000000e+00  2.278058e-01  2.063839e+00  4.370989e-03  8.528587e-01  0.000000e+00  0.000000e+00  2.278058e-01  0.000000e+00  0.000000e+00  -3.803290e-01  0.000000e+00  0.000000e+00  2.278058e-01  0.000000e+00  0.000000e+00  -3.803290e-01  0.000000e+00  0.000000e+00  2.278058e-01  
2.077720e+00  2.089200e-03  9.084817e-01  0.000000e+00  0.000000e+00  2.765481e-01  0.000000e+00  0.000000e+00  -3.761477e-01  0.000000e+00  0.000000e+00  2.765481e-01  0.000000e+00  0.000000e+00  -3.761477e-01  0.000000e+00  0.000000e+00  2.765481e-01  2.077720e+00  2.089200e-03  9.084817e-01  0.000000e+00  0.000000e+00  2.765481e-01  0.000000e+00  0.000000e+00  -3.761477e-01  0.000000e+00  0.000000e+00  2.765481e-01  0.000000e+00  0.000000e+00  -3.761477e-01  0.000000e+00  0.000000e+00  2.765481e-01  
2.065071e+00  1.069605e-04  9.064788e-01  0.000000e+00  0.000000e+00  2.828273e-01  0.000000e+00  0.000000e+00  -3.776087e-01  0.000000e+00  0.000000e+00  2.828273e-01  0.000000e+00  0.000000e+00  -3.776087e-01  0.000000e+00  0.000000e+00  2.828273e-01  2.065071e+00  1.069605e-04  9.064788e-01  0.000000e+00  0.000000e+00  2.828273e-01  0.000000e+00  0.000000e+00  -3.776087e-01  0.000000e+00  0.000000e+00  2.828273e-01  0.000000e+00  0.000000e+00  -3.776087e-01  0.000000e+00  0.000000e+00  2.828273e-01  
2.077728e+00  2.847139e-03  9.002866e-01  0.000000e+00  0.000000e+00  2.780805e-01  0.000000e+00  0.000000e+00  -3.770405e-01  0.000000e+00  0.000000e+00  2.780805e-01  0.000000e+00  0.000000e+00  -3.770405e-01  0.000000e+00  0.000000e+00  2.780805e-01  2.077728e+00  2.847139e-03  9.002866e-01  0.000000e+00  0.000000e+00  2.780805e-01  0.000000e+00  0.000000e+00  -3.770405e-01  0.000000e+00  0.000000e+00  2.780805e-01  0.000000e+00  0.000000e+00  -3.770405e-01  0.000000e+00  0.000000e+00  2.780805e-01  
2.080492e+00  3.889630e-03  9.003743e-01  0.000000e+00  0.000000e+00  2.762100e-01  0.000000e+00  0.000000e+00  -3.767470e-01  0.000000e+00  0.000000e+00  2.762100e-01  0.000000e+00  0.000000e+00  -3.767470e-01  0.000000e+00  0.000000e+00  2.762100e-01  2.080492e+00  3.889630e-03  9.003743e-01  0.000000e+00  0.000000e+00  2.762100e-01  0.000000e+00  0.000000e+00  -3.767470e-01  0.000000e+00  0.000000e+00  2.762100e-01  0.000000e+00  0.000000e+00  -3.767470e-01  0.000000e+00  0.000000e+00  2.762100e-01  
2.063668e+00  1.466681e-04  8.987908e-01  0.000000e+00  0.000000e+00  2.714494e-01  0.000000e+00  0.000000e+00  -3.773982e-01  0.000000e+00  0.000000e+00  2.714494e-01  0.000000e+00  0.000000e+00  -3.773982e-01  0.000000e+00  0.000000e+00  2.714494e-01  2.063668e+00  1.466681e-04  8.987908e-01  0.000000e+00  0.000000e+00  2.714494e-01  0.000000e+00  0.000000e+00  -3.773982e-01  0.000000e+00  0.000000e+00  2.714494e-01  0.000000e+00  0.000000e+00  -3.773982e-01  0.000000e+00  0.000000e+00  2.714494e-01  
2.057626e+00  4.149163e-04  8.998889e-01  0.000000e+00  0.000000e+00  2.696070e-01  0.000000e+00  0.000000e+00  -3.796277e-01  0.000000e+00  0.000000e+00  2.696070e-01  0.000000e+00  0.000000e+00  -3.796277e-01  0.000000e+00  0.000000e+00  2.696070e-01  2.057626e+00  4.149163e-04  8.998889e-01  0.000000e+00  0.000000e+00  2.696070e-01  0.000000e+00  0.000000e+00  -3.796277e-01  0.000000e+00  0.000000e+00  2.696070e-01  0.000000e+00  0.000000e+00  -3.796277e-01  0.000000e+00  0.000000e+00  2.696070e-01  
2.061378e+00  3.753698e-04  9.028571e-01  0.000000e+00  0.000000e+00  2.750864e-01  0.000000e+00  0.000000e+00  -3.772603e-01  0.000000e+00  0.000000e+00  2.750864e-01  0.000000e+00  0.000000e+00  -3.772603e-01  0.000000e+00  0.000000e+00  2.750864e-01  2.061378e+00  3.753698e-04  9.028571e-01  0.000000e+00  0.000000e+00  2.750864e-01  0.000000e+00  0.000000e+00  -3.772603e-01  0.000000e+00  0.000000e+00  2.750864e-01  0.000000e+00  0.000000e+00  -3.772603e-01  0.000000e+00  0.000000e+00  2.750864e-01  
2.089651e+00  2.119368e-03  9.031897e-01  0.000000e+00  0.000000e+00  2.669770e-01  0.000000e+00  0.000000e+00  -3.758809e-01  0.000000e+00  0.000000e+00  2.669770e-01  0.000000e+00  0.000000e+00  -3.758809e-01  0.000000e+00  0.000000e+00  2.669770e-01  2.089651e+00  2.119368e-03  9.031897e-01  0.000000e+00  0.000000e+00  2.669770e-01  0.000000e+00  0.000000e+00  -3.758809e-01  0.000000e+00  0.000000e+00  2.669770e-01  0.000000e+00  0.000000e+00  -3.758809e-01  0.000000e+00  0.000000e+00  2.669770e-01  
2.083791e+00  2.060805e-03  9.090071e-01  0.000000e+00  0.000000e+00  2.749670e-01  0.000000e+00  0.000000e+00  -3.775645e-01  0.000000e+00  0.000000e+00  2.749670e-01  0.000000e+00  0.000000e+00  -3.775645e-01  0.000000e+00  0.000000e+00  2.749670e-01  2.083791e+00  2.060805e-03  9.090071e-01  0.000000e+00  0.000000e+00  2.749670e-01  0.000000e+00  0.000000e+00  -3.775645e-01  0.000000e+00  0.000000e+00  2.749670e-01  0.000000e+00  0.000000e+00  -3.775645e-01  0.000000e+00  0.000000e+00  2.749670e-01  
2.057689e+00  1.109328e-03  8.975611e-01  0.000000e+00  0.000000e+00  2.728628e-01  0.000000e+00  0.000000e+00  -3.754915e-01  0.000000e+00  0.000000e+00  2.728628e-01  0.000000e+00  0.000000e+00  -3.754915e-01  0.000000e+00  0.000000e+00  2.728628e-01  2.057689e+00  1.109328e-03  8.975611e-01  0.000000e+00  0.000000e+00  2.728628e-01  0.000000e+00  0.000000e+00  -3.754915e-01  0.000000e+00  0.000000e+00  2.728628e-01  0.000000e+00  0.000000e+00  -3.754915e-01  0.000000e+00  0.000000e+00  2.728628e-01  
2.078209e+00  4.465555e-03  8.842436e-01  0.000000e+00  0.000000e+00  2.741848e-01  0.000000e+00  0.000000e+00  -3.777891e-01  0.000000e+00  0.000000e+00  2.741848e-01  0.000000e+00  0.000000e+00  -3.777891e-01  0.000000e+00  0.000000e+00  2.741848e-01  2.078209e+00  4.465555e-03  8.842436e-01  0.000000e+00  0.000000e+00  2.741848e-01  0.000000e+00  0.000000e+00  -3.777891e-01  0.000000e+00  0.000000e+00  2.741848e-01  0.000000e+00  0.000000e+00  -3.777891e-01  0.000000e+00  0.000000e+00  2.741848e-01  
2.082758e+00  3.872640e-03  8.891742e-01  0.000000e+00  0.000000e+00  2.680356e-01  0.000000e+00  0.000000e+00  -3.782921e-01  0.000000e+00  0.000000e+00  2.680356e-01  0.000000e+00  0.000000e+00  -3.782921e-01  0.000000e+00  0.000000e+00  2.680356e-01  2.082758e+00  3.872640e-03  8.891742e-01  0.000000e+00  0.000000e+00  2.680356e-01  0.000000e+00  0.000000e+00  -3.782921e-01  0.000000e+00  0.000000e+00  2.680356e-01  0.000000e+00  0.000000e+00  -3.782921e-01  0.000000e+00  0.000000e+00  2.680356e-01  
2.105019e+00  2.401994e-03  9.006279e-01  0.000000e+00  0.000000e+00  2.769192e-01  0.000000e+00  0.000000e+00  -3.787186e-01  0.000000e+00  0.000000e+00  2.769192e-01  0.000000e+00  0.000000e+00  -3.787186e-01  0.000000e+00  0.000000e+00  2.769192e-01  2.105019e+00  2.401994e-03  9.006279e-01  0.000000e+00  0.000000e+00  2.769192e-01  0.000000e+00  0.000000e+00  -3.787186e-01  0.000000e+00  0.000000e+00  2.769192e-01  0.000000e+00  0.000000e+00  -3.787186e-01  0.000000e+00  0.000000e+00  2.769192e-01  
2.090158e+00  2.552357e-03  8.960233e-01  0.000000e+00  0.000000e+00  2.751602e-01  0.000000e+00  0.000000e+00  -3.795326e-01  0.000000e+00  0.000000e+00  2.751602e-01  0.000000e+00  0.000000e+00  -3.795326e-01  0.000000e+00  0.000000e+00  2.751602e-01  2.090158e+00  2.552357e-03  8.960233e-01  0.000000e+00  0.000000e+00  2.751602e-01  0.000000e+00  0.000000e+00  -3.795326e-01  0.000000e+00  0.000000e+00  2.751602e-01  0.000000e+00  0.000000e+00  -3.795326e-01  0.000000e+00  0.000000e+00  2.751602e-01  
2.065050e+00  1.251183e-03  8.915120e-01  0.000000e+00  0.000000e+00  2.602174e-01  0.000000e+00  0.000000e+00  -3.782807e-01  0.000000e+00  0.000000e+00  2.602174e-01  0.000000e+00  0.000000e+00  -3.782807e-01  0.000000e+00  0.000000e+00  2.602174e-01  2.065050e+00  1.251183e-03  8.915120e-01  0.000000e+00  0.000000e+00  2.602174e-01  0.000000e+00  0.000000e+00  -3.782807e-01  0.000000e+00  0.000000e+00  2.602174e-01  0.000000e+00  0.000000e+00  -3.782807e-01  0.000000e+00  0.000000e+00  2.602174e-01  
2.081896e+00  2.147792e-03  9.007121e-01  0.000000e+00  0.000000e+00  2.824669e-01  0.000000e+00  0.000000e+00  -3.768231e-01  0.000000e+00  0.000000e+00  2.824669e-01  0.000000e+00  0.000000e+00  -3.768231e-01  0.000000e+00  0.000000e+00  2.824669e-01  2.081896e+00  2.147792e-03  9.007121e-01  0.000000e+00  0.000000e+00  2.824669e-01  0.000000e+00  0.000000e+00  -3.768231e-01  0.000000e+00  0.000000e+00  2.824669e-01  0.000000e+00  0.000000e+00  -3.768231e-01  0.000000e+00  0.000000e+00  2.824669e-01  
2.043761e+00  1.797928e-04  9.021471e-01  0.000000e+00  0.000000e+00  2.626984e-01  0.000000e+00  0.000000e+00  -3.725750e-01  0.000000e+00  0.000000e+00  2.626984e-01  0.000000e+00  0.000000e+00  -3.725750e-01  0.000000e+00  0.000000e+00  2.626984e-01  2.043761e+00  1.797928e-04  9.021471e-01  0.000000e+00  0.000000e+00  2.626984e-01  0.000000e+00  0.000000e+00  -3.725750e-01  0.000000e+00  0.000000e+00  2.626984e-01  0.000000e+00  0.000000e+00  -3.725750e-01  0.000000e+00  0.000000e+00  2.626984e-01  
2.103040e+00  3.778850e-03  8.955319e-01  0.000000e+00  0.000000e+00  2.761512e-01  0.000000e+00  0.000000e+00  -3.783669e-01  0.000000e+00  0.000000e+00  2.761512e-01  0.000000e+00  0.000000e+00  -3.783669e-01  0.000000e+00  0.000000e+00  2.761512e-01  2.103040e+00  3.778850e-03  8.955319e-01  0.000000e+00  0.000000e+00  2.761512e-01  0.000000e+00  0.000000e+00  -3.783669e-01  0.000000e+00  0.000000e+00  2.761512e-01  0.000000e+00  0.000000e+00  -3.783669e-01  0.000000e+00  0.000000e+00  2.761512e-01  
2.105300e+00  6.144305e-03  8.956856e-01  0.000000e+00  0.000000e+00  2.968600e-01  0.000000e+00  0.000000e+00  -3.816862e-01  0.000000e+00  0.000000e+00  2.968600e-01  0.000000e+00  0.000000e+00  -3.816862e-01  0.000000e+00  0.000000e+00  2.968600e-01  2.105300e+00  6.144305e-03  8.956856e-01  0.000000e+00  0.000000e+00  2.968600e-01  0.000000e+00  0.000000e+00  -3.816862e-01  0.000000e+00  0.000000e+00  2.968600e-01  0.000000e+00  0.000000e+00  -3.816862e-01  0.000000e+00  0.000000e+00  2.968600e-01  
2.045833e+00  1.938428e-03  9.009528e-01  0.000000e+00  0.000000e+00  2.883025e-01  0.000000e+00  0.000000e+00  -3.715222e-01  0.000000e+00  0.000000e+00  2.883025e-01  0.000000e+00  0.000000e+00  -3.715222e-01  0.000000e+00  0.000000e+00  2.883025e-01  2.045833e+00  1.938428e-03  9.009528e-01  0.000000e+00  0.000000e+00  2.883025e-01  0.000000e+00  0.000000e+00  -3.715222e-01  0.000000e+00  0.000000e+00  2.883025e-01  0.000000e+00  0.000000e+00  -3.715222e-01  0.000000e+00  0.000000e+00  2.883025e-01  
2.114213e+00  5.270440e-03  8.814175e-01  0.000000e+00  0.000000e+00  2.697973e-01  0.000000e+00  0.000000e+00  -3.857824e-01  0.000000e+00  0.000000e+00  2.697973e-01  0.000000e+00  0.000000e+00  -3.857824e-01  0.000000e+00  0.000000e+00  2.697973e-01  2.114213e+00  5.270440e-03  8.814175e-01  0.000000e+00  0.000000e+00  2.697973e-01  0.000000e+00  0.000000e+00  -3.857824e-01  0.000000e+00  0.000000e+00  2.697973e-01  0.000000e+00  0.000000e+00  -3.857824e-01  0.000000e+00  0.000000e+00  2.697973e-01  
2.062066e+00  8.074103e-04  9.059317e-01  0.000000e+00  0.000000e+00  3.063531e-01  0.000000e+00  0.000000e+00  -3.735079e-01  0.000000e+00  0.000000e+00  3.063531e-01  0.000000e+00  0.000000e+00  -3.735079e-01  0.000000e+00  0.000000e+00  3.063531e-01  2.062066e+00  8.074103e-04  9.059317e-01  0.000000e+00  0.000000e+00  3.063531e-01  0.000000e+00  0.000000e+00  -3.735079e-01  0.000000e+00  0.000000e+00  3.063531e-01  0.000000e+00  0.000000e+00  -3.735079e-01  0.000000e+00  0.000000e+00  3.063531e-01  
2.090479e+00  1.827560e-02  8.579231e-01  0.000000e+00  0.000000e+00  2.633073e-01  0.000000e+00  0.000000e+00  -3.713812e-01  0.000000e+00  0.000000e+00  2.633073e-01  0.000000e+00  0.000000e+00  -3.713812e-01  0.000000e+00  0.000000e+00  2.633073e-01  2.090479e+00  1.827560e-02  8.579231e-01  0.000000e+00  0.000000e+00  2.633073e-01  0.000000e+00  0.000000e+00  -3.713812e-01  0.000000e+00  0.000000e+00  2.633073e-01  0.000000e+00  0.000000e+00  -3.713812e-01  0.000000e+00  0.000000e+00  2.633073e-01  
2.086489e+00  3.756986e-03  9.014027e-01  0.000000e+00  0.000000e+00  2.857668e-01  0.000000e+00  0.000000e+00  -3.775732e-01  0.000000e+00  0.000000e+00  2.857668e-01  0.000000e+00  0.000000e+00  -3.775732e-01  0.000000e+00  0.000000e+00  2.857668e-01  2.086489e+00  3.756986e-03  9.014027e-01  0.000000e+00  0.000000e+00  2.857668e-01  0.000000e+00  0.000000e+00  -3.775732e-01  0.000000e+00  0.000000e+00  2.857668e-01  0.000000e+00  0.000000e+00  -3.775732e-01  0.000000e+00  0.000000e+00  2.857668e-01  
2.074716e+00  6.872192e-03  9.005674e-01  0.000000e+00  0.000000e+00  2.832479e-01  0.000000e+00  0.000000e+00  -3.753762e-01  0.000000e+00  0.000000e+00  2.832479e-01  0.000000e+00  0.000000e+00  -3.753762e-01  0.000000e+00  0.000000e+00  2.832479e-01  2.074716e+00  6.872192e-03  9.005674e-01  0.000000e+00  0.000000e+00  2.832479e-01  0.000000e+00  0.000000e+00  -3.753762e-01  0.000000e+00  0.000000e+00  2.832479e-01  0.000000e+00  0.000000e+00  -3.753762e-01  0.000000e+00  0.000000e+00  2.832479e-01  
2.209296e+00  1.129838e-02  9.197818e-01  0.000000e+00  0.000000e+00  3.003130e-01  0.000000e+00  0.000000e+00  -3.799606e-01  0.000000e+00  0.000000e+00  3.003130e-01  0.000000e+00  0.000000e+00  -3.799606e-01  0.000000e+00  0.000000e+00  3.003130e-01  2.209296e+00  1.129838e-02  9.197818e-01  0.000000e+00  0.000000e+00  3.003130e-01  0.000000e+00  0.000000e+00  -3.799606e-01  0.000000e+00  0.000000e+00  3.003130e-01  0.000000e+00  0.000000e+00  -3.799606e-01  0.000000e+00  0.000000e+00  3.003130e-01  
2.114839e+00  2.900905e-03  8.989319e-01  0.000000e+00  0.000000e+00  2.561075e-01  0.000000e+00  0.000000e+00  -3.742575e-01  0.000000e+00  0.000000e+00  2.561075e-01  0.000000e+00  0.000000e+00  -3.742575e-01  0.000000e+00  0.000000e+00  2.561075e-01  2.114839e+00  2.900905e-03  8.989319e-01  0.000000e+00  0.000000e+00  2.561075e-01  0.000000e+00  0.000000e+00  -3.742575e-01  0.000000e+00  0.000000e+00  2.561075e-01  0.000000e+00  0.000000e+00  -3.742575e-01  0.000000e+00  0.000000e+00  2.561075e-01  
2.064997e+00  3.064612e-03  8.842826e-01  0.000000e+00  0.000000e+00  2.564811e-01  0.000000e+00  0.000000e+00  -3.868029e-01  0.000000e+00  0.000000e+00  2.564811e-01  0.000000e+00  0.000000e+00  -3.868029e-01  0.000000e+00  0.000000e+00  2.564811e-01  2.064997e+00  3.064612e-03  8.842826e-01  0.000000e+00  0.000000e+00  2.564811e-01  0.000000e+00  0.000000e+00  -3.868029e-01  0.000000e+00  0.000000e+00  2.564811e-01  0.000000e+00  0.000000e+00  -3.868029e-01  0.000000e+00  0.000000e+00  2.564811e-01  
2.097404e+00  1.862782e-03  9.367525e-01  0.000000e+00  0.000000e+00  3.125647e-01  0.000000e+00  0.000000e+00  -3.765371e-01  0.000000e+00  0.000000e+00  3.125647e-01  0.000000e+00  0.000000e+00  -3.765371e-01  0.000000e+00  0.000000e+00  3.125647e-01  2.097404e+00  1.862782e-03  9.367525e-01  0.000000e+00  0.000000e+00  3.125647e-01  0.000000e+00  0.000000e+00  -3.765371e-01  0.000000e+00  0.000000e+00  3.125647e-01  0.000000e+00  0.000000e+00  -3.765371e-01  0.000000e+00  0.000000e+00  3.125647e-01  
2.075891e+00  1.383644e-02  8.461388e-01  0.000000e+00  0.000000e+00  2.964137e-01  0.000000e+00  0.000000e+00  -3.809402e-01  0.000000e+00  0.000000e+00  2.964137e-01  0.000000e+00  0.000000e+00  -3.809402e-01  0.000000e+00  0.000000e+00  2.964137e-01  2.075891e+00  1.383644e-02  8.461388e-01  0.000000e+00  0.000000e+00  2.964137e-01  0.000000e+00  0.000000e+00  -3.809402e-01  0.000000e+00  0.000000e+00  2.964137e-01  0.000000e+00  0.000000e+00  -3.809402e-01  0.000000e+00  0.000000e+00  2.964137e-01  
2.091836e+00  1.328822e-03  8.950500e-01  0.000000e+00  0.000000e+00  2.538931e-01  0.000000e+00  0.000000e+00  -3.792717e-01  0.000000e+00  0.000000e+00  2.538931e-01  0.000000e+00  0.000000e+00  -3.792717e-01  0.000000e+00  0.000000e+00  2.538931e-01  2.091836e+00  1.328822e-03  8.950500e-01  0.000000e+00  0.000000e+00  2.538931e-01  0.000000e+00  0.000000e+00  -3.792717e-01  0.000000e+00  0.000000e+00  2.538931e-01  0.000000e+00  0.000000e+00  -3.792717e-01  0.000000e+00  0.000000e+00  2.538931e-01  
2.094846e+00  8.437609e-03  8.806252e-01  0.000000e+00  0.000000e+00  2.935229e-01  0.000000e+00  0.000000e+00  -3.802568e-01  0.000000e+00  0.000000e+00  2.935229e-01  0.000000e+00  0.000000e+00  -3.802568e-01  0.000000e+00  0.000000e+00  2.935229e-01  2.094846e+00  8.437609e-03  8.806252e-01  0.000000e+00  0.000000e+00  2.935229e-01  0.000000e+00  0.000000e+00  -3.802568e-01  0.000000e+00  0.000000e+00  2.935229e-01  0.000000e+00  0.000000e+00  -3.802568e-01  0.000000e+00  0.000000e+00  2.935229e-01  
2.085155e+00  1.177151e-03  9.003698e-01  0.000000e+00  0.000000e+00  2.631745e-01  0.000000e+00  0.000000e+00  -3.731535e-01  0.000000e+00  0.000000e+00  2.631745e-01  0.000000e+00  0.000000e+00  -3.731535e-01  0.000000e+00  0.000000e+00  2.631745e-01  2.085155e+00  1.177151e-03  9.003698e-01  0.000000e+00  0.000000e+00  2.631745e-01  0.000000e+00  0.000000e+00  -3.731535e-01  0.000000e+00  0.000000e+00  2.631745e-01  0.000000e+00  0.000000e+00  -3.731535e-01  0.000000e+00  0.000000e+00  2.631745e-01  
2.155249e+00  1.418755e-03  9.495209e-01  0.000000e+00  0.000000e+00  2.781518e-01  0.000000e+00  0.000000e+00  -3.824539e-01  0.000000e+00  0.000000e+00  2.781518e-01  0.000000e+00  0.000000e+00  -3.824539e-01  0.000000e+00  0.000000e+00  2.781518e-01  2.155249e+00  1.418755e-03  9.495209e-01  0.000000e+00  0.000000e+00  2.781518e-01  0.000000e+00  0.000000e+00  -3.824539e-01  0.000000e+00  0.000000e+00  2.781518e-01  0.000000e+00  0.000000e+00  -3.824539e-01  0.000000e+00  0.000000e+00  2.781518e-01  
2.211721e+00  1.068382e-02  9.039298e-01  0.000000e+00  0.000000e+00  2.889821e-01  0.000000e+00  0.000000e+00  -3.842080e-01  0.000000e+00  0.000000e+00  2.889821e-01  0.000000e+00  0.000000e+00  -3.842080e-01  0.000000e+00  0.000000e+00  2.889821e-01  2.211721e+00  1.068382e-02  9.039298e-01  0.000000e+00  0.000000e+00  2.889821e-01  0.000000e+00  0.000000e+00  -3.842080e-01  0.000000e+00  0.000000e+00  2.889821e-01  0.000000e+00  0.000000e+00  -3.842080e-01  0.000000e+00  0.000000e+00  2.889821e-01  
2.181771e+00  1.317568e-02  8.938733e-01  0.000000e+00  0.000000e+00  2.946617e-01  0.000000e+00  0.000000e+00  -3.778109e-01  0.000000e+00  0.000000e+00  2.946617e-01  0.000000e+00  0.000000e+00  -3.778109e-01  0.000000e+00  0.000000e+00  2.946617e-01  2.181771e+00  1.317568e-02  8.938733e-01  0.000000e+00  0.000000e+00  2.946617e-01  0.000000e+00  0.000000e+00  -3.778109e-01  0.000000e+00  0.000000e+00  2.946617e-01  0.000000e+00  0.000000e+00  -3.778109e-01  0.000000e+00  0.000000e+00  2.946617e-01  
2.016255e+00  1.068117e-02  8.707943e-01  0.000000e+00  0.000000e+00  2.872671e-01  0.000000e+00  0.000000e+00  -3.702137e-01  0.000000e+00  0.000000e+00  2.872671e-01  0.000000e+00  0.000000e+00  -3.702137e-01  0.000000e+00  0.000000e+00  2.872671e-01  2.016255e+00  1.068117e-02  8.707943e-01  0.000000e+00  0.000000e+00  2.872671e-01  0.000000e+00  0.000000e+00  -3.702137e-01  0.000000e+00  0.000000e+00  2.872671e-01  0.000000e+00  0.000000e+00  -3.702137e-01  0.000000e+00  0.000000e+00  2.872671e-01  
2.179537e+00  1.154669e-02  9.217181e-01  0.000000e+00  0.000000e+00  2.720548e-01  0.000000e+00  0.000000e+00  -3.735616e-01  0.000000e+00  0.000000e+00  2.720548e-01  0.000000e+00  0.000000e+00  -3.735616e-01  0.000000e+00  0.000000e+00  2.720548e-01  2.179537e+00  1.154669e-02  9.217181e-01  0.000000e+00  0.000000e+00  2.720548e-01  0.000000e+00  0.000000e+00  -3.735616e-01  0.000000e+00  0.000000e+00  2.720548e-01  0.000000e+00  0.000000e+00  -3.735616e-01  0.000000e+00  0.000000e+00  2.720548e-01  
2.021587e+00  6.168672e-03  8.705397e-01  0.000000e+00  0.000000e+00  2.787209e-01  0.000000e+00  0.000000e+00  -3.766707e-01  0.000000e+00  0.000000e+00  2.787209e-01  0.000000e+00  0.000000e+00  -3.766707e-01  0.000000e+00  0.000000e+00  2.787209e-01  2.021587e+00  6.168672e-03  8.705397e-01  0.000000e+00  0.000000e+00  2.787209e-01  0.000000e+00  0.000000e+00  -3.766707e-01  0.000000e+00  0.000000e+00  2.787209e-01  0.000000e+00  0.000000e+00  -3.766707e-01  0.000000e+00  0.000000e+00  2.787209e-01  
2.140181e+00  1.437694e-02  8.963302e-01  0.000000e+00  0.000000e+00  2.882674e-01  0.000000e+00  0.000000e+00  -3.702004e-01  0.000000e+00  0.000000e+00  2.882674e-01  0.000000e+00  0.000000e+00  -3.702004e-01  0.000000e+00  0.000000e+00  2.882674e-01  2.140181e+00  1.437694e-02  8.963302e-01  0.000000e+00  0.000000e+00  2.882674e-01  0.000000e+00  0.000000e+00  -3.702004e-01  0.000000e+00  0.000000e+00  2.882674e-01  0.000000e+00  0.000000e+00  -3.702004e-01  0.000000e+00  0.000000e+00  2.882674e-01  
2.074372e+00  6.436501e-03  9.051014e-01  0.000000e+00  0.000000e+00  2.509150e-01  0.000000e+00  0.000000e+00  -3.685072e-01  0.000000e+00  0.000000e+00  2.509150e-01  0.000000e+00  0.000000e+00  -3.685072e-01  0.000000e+00  0.000000e+00  2.509150e-01  2.074372e+00  6.436501e-03  9.051014e-01  0.000000e+00  0.000000e+00  2.509150e-01  0.000000e+00  0.000000e+00  -3.685072e-01  0.000000e+00  0.000000e+00  2.509150e-01  0.000000e+00  0.000000e+00  -3.685072e-01  0.000000e+00  0.000000e+00  2.509150e-01  
2.094794e+00  8.924789e-03  9.089174e-01  0.000000e+00  0.000000e+00  2.763672e-01  0.000000e+00  0.000000e+00  -3.719357e-01  0.000000e+00  0.000000e+00  2.763672e-01  0.000000e+00  0.000000e+00  -3.719357e-01  0.000000e+00  0.000000e+00  2.763672e-01  2.094794e+00  8.924789e-03  9.089174e-01  0.000000e+00  0.000000e+00  2.763672e-01  0.000000e+00  0.000000e+00  -3.719357e-01  0.000000e+00  0.000000e+00  2.763672e-01  0.000000e+00  0.000000e+00  -3.719357e-01  0.000000e+00  0.000000e+00  2.763672e-01  
2.115994e+00  1.980280e-02  8.788649e-01  0.000000e+00  0.000000e+00  2.927883e-01  0.000000e+00  0.000000e+00  -3.732718e-01  0.000000e+00  0.000000e+00  2.927883e-01  0.000000e+00  0.000000e+00  -3.732718e-01  0.000000e+00  0.000000e+00  2.927883e-01  2.115994e+00  1.980280e-02  8.788649e-01  0.000000e+00  0.000000e+00  2.927883e-01  0.000000e+00  0.000000e+00  -3.732718e-01  0.000000e+00  0.000000e+00  2.927883e-01  0.000000e+00  0.000000e+00  -3.732718e-01  0.000000e+00  0.000000e+00  2.927883e-01  
2.042066e+00  3.677044e-03  8.719746e-01  0.000000e+00  0.000000e+00  3.072276e-01  0.000000e+00  0.000000e+00  -3.768212e-01  0.000000e+00  0.000000e+00  3.072276e-01  0.000000e+00  0.000000e+00  -3.768212e-01  0.000000e+00  0.000000e+00  3.072276e-01  2.042066e+00  3.677044e-03  8.719746e-01  0.000000e+00  0.000000e+00  3.072276e-01  0.000000e+00  0.000000e+00  -3.768212e-01  0.000000e+00  0.000000e+00  3.072276e-01  0.000000e+00  0.000000e+00  -3.768212e-01  0.000000e+00  0.000000e+00  3.072276e-01  
2.135500e+00  1.723490e-02  8.743684e-01  0.000000e+00  0.000000e+00  2.872444e-01  0.000000e+00  0.000000e+00  -3.777499e-01  0.000000e+00  0.000000e+00  2.872444e-01  0.000000e+00  0.000000e+00  -3.777499e-01  0.000000e+00  0.000000e+00  2.872444e-01  2.135500e+00  1.723490e-02  8.743684e-01  0.000000e+00  0.000000e+00  2.872444e-01  0.000000e+00  0.000000e+00  -3.777499e-01  0.000000e+00  0.000000e+00  2.872444e-01  0.000000e+00  0.000000e+00  -3.777499e-01  0.000000e+00  0.000000e+00  2.872444e-01  
2.034118e+00  4.323554e-03  8.957145e-01  0.000000e+00  0.000000e+00  2.772978e-01  0.000000e+00  0.000000e+00  -3.671768e-01  0.000000e+00  0.000000e+00  2.772978e-01  0.000000e+00  0.000000e+00  -3.671768e-01  0.000000e+00  0.000000e+00  2.772978e-01  2.034118e+00  4.323554e-03  8.957145e-01  0.000000e+00  0.000000e+00  2.772978e-01  0.000000e+00  0.000000e+00  -3.671768e-01  0.000000e+00  0.000000e+00  2.772978e-01  0.000000e+00  0.000000e+00  -3.671768e-01  0.000000e+00  0.000000e+00  2.772978e-01  
2.030803e+00  6.648763e-03  8.887802e-01  0.000000e+00  0.000000e+00  2.756644e-01  0.000000e+00  0.000000e+00  -3.685026e-01  0.000000e+00  0.000000e+00  2.756644e-01  0.000000e+00  0.000000e+00  -3.685026e-01  0.000000e+00  0.000000e+00  2.756644e-01  2.030803e+00  6.648763e-03  8.887802e-01  0.000000e+00  0.000000e+00  2.756644e-01  0.000000e+00  0.000000e+00  -3.685026e-01  0.000000e+00  0.000000e+00  2.756644e-01  0.000000e+00  0.000000e+00  -3.685026e-01  0.000000e+00  0.000000e+00  2.756644e-01  
2.031306e+00  1.396203e-03  8.867266e-01  0.000000e+00  0.000000e+00  2.826453e-01  0.000000e+00  0.000000e+00  -3.684510e-01  0.000000e+00  0.000000e+00  2.826453e-01  0.000000e+00  0.000000e+00  -3.684510e-01  0.000000e+00  0.000000e+00  2.826453e-01  2.031306e+00  1.396203e-03  8.867266e-01  0.000000e+00  0.000000e+00  2.826453e-01  0.000000e+00  0.000000e+00  -3.684510e-01  0.000000e+00  0.000000e+00  2.826453e-01  0.000000e+00  0.000000e+00  -3.684510e-01  0.000000e+00  0.000000e+00  2.826453e-01  
2.016085e+00  1.828610e-03  8.844481e-01  0.000000e+00  0.000000e+00  2.724945e-01  0.000000e+00  0.000000e+00  -3.693831e-01  0.000000e+00  0.000000e+00  2.724945e-01  0.000000e+00  0.000000e+00  -3.693831e-01  0.000000e+00  0.000000e+00  2.724945e-01  2.016085e+00  1.828610e-03  8.844481e-01  0.000000e+00  0.000000e+00  2.724945e-01  0.000000e+00  0.000000e+00  -3.693831e-01  0.000000e+00  0.000000e+00  2.724945e-01  0.000000e+00  0.000000e+00  -3.693831e-01  0.000000e+00  0.000000e+00  2.724945e-01  
2.011721e+00  1.376139e-03  8.965548e-01  0.000000e+00  0.000000e+00  2.761543e-01  0.000000e+00  0.000000e+00  -3.660896e-01  0.000000e+00  0.000000e+00  2.761543e-01  0.000000e+00  0.000000e+00  -3.660896e-01  0.000000e+00  0.000000e+00  2.761543e-01  2.011721e+00  1.376139e-03  8.965548e-01  0.000000e+00  0.000000e+00  2.761543e-01  0.000000e+00  0.000000e+00  -3.660896e-01  0.000000e+00  0.000000e+00  2.761543e-01  0.000000e+00  0.000000e+00  -3.660896e-01  0.000000e+00  0.000000e+00  2.761543e-01  
2.022139e+00  3.517102e-03  8.885526e-01  0.000000e+00  0.000000e+00  2.790625e-01  0.000000e+00  0.000000e+00  -3.682587e-01  0.000000e+00  0.000000e+00  2.790625e-01  0.000000e+00  0.000000e+00  -3.682587e-01  0.000000e+00  0.000000e+00  2.790625e-01  2.022139e+00  3.517102e-03  8.885526e-01  0.000000e+00  0.000000e+00  2.790625e-01  0.000000e+00  0.000000e+00  -3.682587e-01  0.000000e+00  0.000000e+00  2.790625e-01  0.000000e+00  0.000000e+00  -3.682587e-01  0.000000e+00  0.000000e+00  2.790625e-01  
2.000959e+00  7.552689e-04  8.993412e-01  0.000000e+00  0.000000e+00  2.730143e-01  0.000000e+00  0.000000e+00  -3.670900e-01  0.000000e+00  0.000000e+00  2.730143e-01  0.000000e+00  0.000000e+00  -3.670900e-01  0.000000e+00  0.000000e+00  2.730143e-01  2.000959e+00  7.552689e-04  8.993412e-01  0.000000e+00  0.000000e+00  2.730143e-01  0.000000e+00  0.000000e+00  -3.670900e-01  0.000000e+00  0.000000e+00  2.730143e-01  0.000000e+00  0.000000e+00  -3.670900e-01  0.000000e+00  0.000000e+00  2.730143e-01  
2.029232e+00  3.366400e-03  8.886896e-01  0.000000e+00  0.000000e+00  2.900525e-01  0.000000e+00  0.000000e+00  -3.672017e-01  0.000000e+00  0.000000e+00  2.900525e-01  0.000000e+00  0.000000e+00  -3.672017e-01  0.000000e+00  0.000000e+00  2.900525e-01  2.029232e+00  3.366400e-03  8.886896e-01  0.000000e+00  0.000000e+00  2.900525e-01  0.000000e+00  0.000000e+00  -3.672017e-01  0.000000e+00  0.000000e+00  2.900525e-01  0.000000e+00  0.000000e+00  -3.672017e-01  0.000000e+00  0.000000e+00  2.900525e-01  
2.016847e+00  4.995598e-03  8.896167e-01  0.000000e+00  0.000000e+00  2.700707e-01  0.000000e+00  0.000000e+00  -3.685914e-01  0.000000e+00  0.000000e+00  2.700707e-01  0.000000e+00  0.000000e+00  -3.685914e-01  0.000000e+00  0.000000e+00  2.700707e-01  2.016847e+00  4.995598e-03  8.896167e-01  0.000000e+00  0.000000e+00  2.700707e-01  0.000000e+00  0.000000e+00  -3.685914e-01  0.000000e+00  0.000000e+00  2.700707e-01  0.000000e+00  0.000000e+00  -3.685914e-01  0.000000e+00  0.000000e+00  2.700707e-01  
2.025075e+00  5.231631e-03  8.917453e-01  0.000000e+00  0.000000e+00  2.788682e-01  0.000000e+00  0.000000e+00  -3.676681e-01  0.000000e+00  0.000000e+00  2.788682e-01  0.000000e+00  0.000000e+00  -3.676681e-01  0.000000e+00  0.000000e+00  2.788682e-01  2.025075e+00  5.231631e-03  8.917453e-01  0.000000e+00  0.000000e+00  2.788682e-01  0.000000e+00  0.000000e+00  -3.676681e-01  0.000000e+00  0.000000e+00  2.788682e-01  0.000000e+00  0.000000e+00  -3.676681e-01  0.000000e+00  0.000000e+00  2.788682e-01  
2.004678e+00  1.721856e-03  8.911107e-01  0.000000e+00  0.000000e+00  2.921099e-01  0.000000e+00  0.000000e+00  -3.689106e-01  0.000000e+00  0.000000e+00  2.921099e-01  0.000000e+00  0.000000e+00  -3.689106e-01  0.000000e+00  0.000000e+00  2.921099e-01  2.004678e+00  1.721856e-03  8.911107e-01  0.000000e+00  0.000000e+00  2.921099e-01  0.000000e+00  0.000000e+00  -3.689106e-01  0.000000e+00  0.000000e+00  2.921099e-01  0.000000e+00  0.000000e+00  -3.689106e-01  0.000000e+00  0.000000e+00  2.921099e-01  
2.021142e+00  1.213170e-03  8.991314e-01  0.000000e+00  0.000000e+00  2.891205e-01  0.000000e+00  0.000000e+00  -3.665715e-01  0.000000e+00  0.000000e+00  2.891205e-01  0.000000e+00  0.000000e+00  -3.665715e-01  0.000000e+00  0.000000e+00  2.891205e-01  2.021142e+00  1.213170e-03  8.991314e-01  0.000000e+00  0.000000e+00  2.891205e-01  0.000000e+00  0.000000e+00  -3.665715e-01  0.000000e+00  0.000000e+00  2.891205e-01  0.000000e+00  0.000000e+00  -3.665715e-01  0.000000e+00  0.000000e+00  2.891205e-01  
2.008159e+00  1.737400e-03  9.030647e-01  0.000000e+00  0.000000e+00  2.746912e-01  0.000000e+00  0.000000e+00  -3.685103e-01  0.000000e+00  0.000000e+00  2.746912e-01  0.000000e+00  0.000000e+00  -3.685103e-01  0.000000e+00  0.000000e+00  2.746912e-01  2.008159e+00  1.737400e-03  9.030647e-01  0.000000e+00  0.000000e+00  2.746912e-01  0.000000e+00  0.000000e+00  -3.685103e-01  0.000000e+00  0.000000e+00  2.746912e-01  0.000000e+00  0.000000e+00  -3.685103e-01  0.000000e+00  0.000000e+00  2.746912e-01  
2.032854e+00  7.775089e-03  8.835486e-01  0.000000e+00  0.000000e+00  2.762300e-01  0.000000e+00  0.000000e+00  -3.675431e-01  0.000000e+00  0.000000e+00  2.762300e-01  0.000000e+00  0.000000e+00  -3.675431e-01  0.000000e+00  0.000000e+00  2.762300e-01  2.032854e+00  7.775089e-03  8.835486e-01  0.000000e+00  0.000000e+00  2.762300e-01  0.000000e+00  0.000000e+00  -3.675431e-01  0.000000e+00  0.000000e+00  2.762300e-01  0.000000e+00  0.000000e+00  -3.675431e-01  0.000000e+00  0.000000e+00  2.762300e-01  
2.029403e+00  6.774187e-03  8.846729e-01  0.000000e+00  0.000000e+00  2.784978e-01  0.000000e+00  0.000000e+00  -3.670801e-01  0.000000e+00  0.000000e+00  2.784978e-01  0.000000e+00  0.000000e+00  -3.670801e-01  0.000000e+00  0.000000e+00  2.784978e-01  2.029403e+00  6.774187e-03  8.846729e-01  0.000000e+00  0.000000e+00  2.784978e-01  0.000000e+00  0.000000e+00  -3.670801e-01  0.000000e+00  0.000000e+00  2.784978e-01  0.000000e+00  0.000000e+00  -3.670801e-01  0.000000e+00  0.000000e+00  2.784978e-01  
2.014986e+00  2.759134e-03  8.985478e-01  0.000000e+00  0.000000e+00  2.739578e-01  0.000000e+00  0.000000e+00  -3.692713e-01  0.000000e+00  0.000000e+00  2.739578e-01  0.000000e+00  0.000000e+00  -3.692713e-01  0.000000e+00  0.000000e+00  2.739578e-01  2.014986e+00  2.759134e-03  8.985478e-01  0.000000e+00  0.000000e+00  2.739578e-01  0.000000e+00  0.000000e+00  -3.692713e-01  0.000000e+00  0.000000e+00  2.739578e-01  0.000000e+00  0.000000e+00  -3.692713e-01  0.000000e+00  0.000000e+00  2.739578e-01  
2.052970e+00  1.074083e-02  8.815519e-01  0.000000e+00  0.000000e+00  2.683062e-01  0.000000e+00  0.000000e+00  -3.696150e-01  0.000000e+00  0.000000e+00  2.683062e-01  0.000000e+00  0.000000e+00  -3.696150e-01  0.000000e+00  0.000000e+00  2.683062e-01  2.052970e+00  1.074083e-02  8.815519e-01  0.000000e+00  0.000000e+00  2.683062e-01  0.000000e+00  0.000000e+00  -3.696150e-01  0.000000e+00  0.000000e+00  2.683062e-01  0.000000e+00  0.000000e+00  -3.696150e-01  0.000000e+00  0.000000e+00  2.683062e-01  
1.994626e+00  7.465688e-04  8.885142e-01  0.000000e+00  0.000000e+00  2.739828e-01  0.000000e+00  0.000000e+00  -3.685696e-01  0.000000e+00  0.000000e+00  2.739828e-01  0.000000e+00  0.000000e+00  -3.685696e-01  0.000000e+00  0.000000e+00  2.739828e-01  1.994626e+00  7.465688e-04  8.885142e-01  0.000000e+00  0.000000e+00  2.739828e-01  0.000000e+00  0.000000e+00  -3.685696e-01  0.000000e+00  0.000000e+00  2.739828e-01  0.000000e+00  0.000000e+00  -3.685696e-01  0.000000e+00  0.000000e+00  2.739828e-01  
2.007452e+00  1.315913e-03  8.987596e-01  0.000000e+00  0.000000e+00  2.591262e-01  0.000000e+00  0.000000e+00  -3.733955e-01  0.000000e+00  0.000000e+00  2.591262e-01  0.000000e+00  0.000000e+00  -3.733955e-01  0.000000e+00  0.000000e+00  2.591262e-01  2.007452e+00  1.315913e-03  8.987596e-01  0.000000e+00  0.000000e+00  2.591262e-01  0.000000e+00  0.000000e+00  -3.733955e-01  0.000000e+00  0.000000e+00  2.591262e-01  0.000000e+00  0.000000e+00  -3.733955e-01  0.000000e+00  0.000000e+00  2.591262e-01  
1.994823e+00  2.930784e-03  8.951534e-01  0.000000e+00  0.000000e+00  2.679809e-01  0.000000e+00  0.000000e+00  -3.647251e-01  0.000000e+00  0.000000e+00  2.679809e-01  0.000000e+00  0.000000e+00  -3.647251e-01  0.000000e+00  0.000000e+00  2.679809e-01  1.994823e+00  2.930784e-03  8.951534e-01  0.000000e+00  0.000000e+00  2.679809e-01  0.000000e+00  0.000000e+00  -3.647251e-01  0.000000e+00  0.000000e+00  2.679809e-01  0.000000e+00  0.000000e+00  -3.647251e-01  0.000000e+00  0.000000e+00  2.679809e-01  
1.989931e+00  1.232510e-03  8.972644e-01  0.000000e+00  0.000000e+00  2.829563e-01  0.000000e+00  0.000000e+00  -3.680231e-01  0.000000e+00  0.000000e+00  2.829563e-01  0.000000e+00  0.000000e+00  -3.680231e-01  0.000000e+00  0.000000e+00  2.829563e-01  1.989931e+00  1.232510e-03  8.972644e-01  0.000000e+00  0.000000e+00  2.829563e-01  0.000000e+00  0.000000e+00  -3.680231e-01  0.000000e+00  0.000000e+00  2.829563e-01  0.000000e+00  0.000000e+00  -3.680231e-01  0.000000e+00  0.000000e+00  2.829563e-01  
2.064652e+00  1.033870e-02  8.748604e-01  0.000000e+00  0.000000e+00  2.882796e-01  0.000000e+00  0.000000e+00  -3.748734e-01  0.000000e+00  0.000000e+00  2.882796e-01  0.000000e+00  0.000000e+00  -3.748734e-01  0.000000e+00  0.000000e+00  2.882796e-01  2.064652e+00  1.033870e-02  8.748604e-01  0.000000e+00  0.000000e+00  2.882796e-01  0.000000e+00  0.000000e+00  -3.748734e-01  0.000000e+00  0.000000e+00  2.882796e-01  0.000000e+00  0.000000e+00  -3.748734e-01  0.000000e+00  0.000000e+00  2.882796e-01  
2.013969e+00  1.286556e-02  8.828444e-01  0.000000e+00  0.000000e+00  2.870835e-01  0.000000e+00  0.000000e+00  -3.647906e-01  0.000000e+00  0.000000e+00  2.870835e-01  0.000000e+00  0.000000e+00  -3.647906e-01  0.000000e+00  0.000000e+00  2.870835e-01  2.013969e+00  1.286556e-02  8.828444e-01  0.000000e+00  0.000000e+00  2.870835e-01  0.000000e+00  0.000000e+00  -3.647906e-01  0.000000e+00  0.000000e+00  2.870835e-01  0.000000e+00  0.000000e+00  -3.647906e-01  0.000000e+00  0.000000e+00  2.870835e-01  
2.037228e+00  5.663704e-03  9.051161e-01  0.000000e+00  0.000000e+00  2.966750e-01  0.000000e+00  0.000000e+00  -3.661380e-01  0.000000e+00  0.000000e+00  2.966750e-01  0.000000e+00  0.000000e+00  -3.661380e-01  0.000000e+00  0.000000e+00  2.966750e-01  2.037228e+00  5.663704e-03  9.051161e-01  0.000000e+00  0.000000e+00  2.966750e-01  0.000000e+00  0.000000e+00  -3.661380e-01  0.000000e+00  0.000000e+00  2.966750e-01  0.000000e+00  0.000000e+00  -3.661380e-01  0.000000e+00  0.000000e+00  2.966750e-01  
2.061576e+00  6.496140e-03  9.083266e-01  0.000000e+00  0.000000e+00  2.801940e-01  0.000000e+00  0.000000e+00  -3.680352e-01  0.000000e+00  0.000000e+00  2.801940e-01  0.000000e+00  0.000000e+00  -3.680352e-01  0.000000e+00  0.000000e+00  2.801940e-01  2.061576e+00  6.496140e-03  9.083266e-01  0.000000e+00  0.000000e+00  2.801940e-01  0.000000e+00  0.000000e+00  -3.680352e-01  0.000000e+00  0.000000e+00  2.801940e-01  0.000000e+00  0.000000e+00  -3.680352e-01  0.000000e+00  0.000000e+00  2.801940e-01  
2.025525e+00  5.241772e-03  8.609594e-01  0.000000e+00  0.000000e+00  2.605143e-01  0.000000e+00  0.000000e+00  -3.734978e-01  0.000000e+00  0.000000e+00  2.605143e-01  0.000000e+00  0.000000e+00  -3.734978e-01  0.000000e+00  0.000000e+00  2.605143e-01  2.025525e+00  5.241772e-03  8.609594e-01  0.000000e+00  0.000000e+00  2.605143e-01  0.000000e+00  0.000000e+00  -3.734978e-01  0.000000e+00  0.000000e+00  2.605143e-01  0.000000e+00  0.000000e+00  -3.734978e-01  0.000000e+00  0.000000e+00  2.605143e-01  
2.042381e+00  1.209191e-02  8.739460e-01  0.000000e+00  0.000000e+00  2.563551e-01  0.000000e+00  0.000000e+00  -3.690512e-01  0.000000e+00  0.000000e+00  2.563551e-01  0.000000e+00  0.000000e+00  -3.690512e-01  0.000000e+00  0.000000e+00  2.563551e-01  2.042381e+00  1.209191e-02  8.739460e-01  0.000000e+00  0.000000e+00  2.563551e-01  0.000000e+00  0.000000e+00  -3.690512e-01  0.000000e+00  0.000000e+00  2.563551e-01  0.000000e+00  0.000000e+00  -3.690512e-01  0.000000e+00  0.000000e+00  2.563551e-01  
2.049605e+00  7.660314e-03  8.979336e-01  0.000000e+00  0.000000e+00  2.919196e-01  0.000000e+00  0.000000e+00  -3.675539e-01  0.000000e+00  0.000000e+00  2.919196e-01  0.000000e+00  0.000000e+00  -3.675539e-01  0.000000e+00  0.000000e+00  2.919196e-01  2.049605e+00  7.660314e-03  8.979336e-01  0.000000e+00  0.000000e+00  2.919196e-01  0.000000e+00  0.000000e+00  -3.675539e-01  0.000000e+00  0.000000e+00  2.919196e-01  0.000000e+00  0.000000e+00  -3.675539e-01  0.000000e+00  0.000000e+00  2.919196e-01  
2.107554e+00  1.441110e-02  8.840952e-01  0.000000e+00  0.000000e+00  3.161682e-01  0.000000e+00  0.000000e+00  -3.764655e-01  0.000000e+00  0.000000e+00  3.161682e-01  0.000000e+00  0.000000e+00  -3.764655e-01  0.000000e+00  0.000000e+00  3.161682e-01  2.107554e+00  1.441110e-02  8.840952e-01  0.000000e+00  0.000000e+00  3.161682e-01  0.000000e+00  0.000000e+00  -3.764655e-01  0.000000e+00  0.000000e+00  3.161682e-01  0.000000e+00  0.000000e+00  -3.764655e-01  0.000000e+00  0.000000e+00  3.161682e-01  
2.102280e+00  5.104578e-03  9.171587e-01  0.000000e+00  0.000000e+00  3.095520e-01  0.000000e+00  0.000000e+00  -3.643264e-01  0.000000e+00  0.000000e+00  3.095520e-01  0.000000e+00  0.000000e+00  -3.643264e-01  0.000000e+00  0.000000e+00  3.095520e-01  2.102280e+00  5.104578e-03  9.171587e-01  0.000000e+00  0.000000e+00  3.095520e-01  0.000000e+00  0.000000e+00  -3.643264e-01  0.000000e+00  0.000000e+00  3.095520e-01  0.000000e+00  0.000000e+00  -3.643264e-01  0.000000e+00  0.000000e+00  3.095520e-01  
1.958642e+00  5.068701e-03  8.594062e-01  0.000000e+00  0.000000e+00  2.994222e-01  0.000000e+00  0.000000e+00  -3.655812e-01  0.000000e+00  0.000000e+00  2.994222e-01  0.000000e+00  0.000000e+00  -3.655812e-01  0.000000e+00  0.000000e+00  2.994222e-01  1.958642e+00  5.068701e-03  8.594062e-01  0.000000e+00  0.000000e+00  2.994222e-01  0.000000e+00  0.000000e+00  -3.655812e-01  0.000000e+00  0.000000e+00  2.994222e-01  0.000000e+00  0.000000e+00  -3.655812e-01  0.000000e+00  0.000000e+00  2.994222e-01  
2.001558e+00  1.204574e-03  9.107107e-01  0.000000e+00  0.000000e+00  2.815927e-01  0.000000e+00  0.000000e+00  -3.652157e-01  0.000000e+00  0.000000e+00  2.815927e-01  0.000000e+00  0.000000e+00  -3.652157e-01  0.000000e+00  0.000000e+00  2.815927e-01  2.001558e+00  1.204574e-03  9.107107e-01  0.000000e+00  0.000000e+00  2.815927e-01  0.000000e+00  0.000000e+00  -3.652157e-01  0.000000e+00  0.000000e+00  2.815927e-01  0.000000e+00  0.000000e+00  -3.652157e-01  0.000000e+00  0.000000e+00  2.815927e-01  
1.942396e+00  1.053463e-03  8.600330e-01  0.000000e+00  0.000000e+00  2.647659e-01  0.000000e+00  0.000000e+00  -3.675353e-01  0.000000e+00  0.000000e+00  2.647659e-01  0.000000e+00  0.000000e+00  -3.675353e-01  0.000000e+00  0.000000e+00  2.647659e-01  1.942396e+00  1.053463e-03  8.600330e-01  0.000000e+00  0.000000e+00  2.647659e-01  0.000000e+00  0.000000e+00  -3.675353e-01  0.000000e+00  0.000000e+00  2.647659e-01  0.000000e+00  0.000000e+00  -3.675353e-01  0.000000e+00  0.000000e+00  2.647659e-01  
2.070997e+00  9.485697e-05  9.053100e-01  0.000000e+00  0.000000e+00  2.369161e-01  0.000000e+00  0.000000e+00  -3.733433e-01  0.000000e+00  0.000000e+00  2.369161e-01  0.000000e+00  0.000000e+00  -3.733433e-01  0.000000e+00  0.000000e+00  2.369161e-01  2.070997e+00  9.485697e-05  9.053100e-01  0.000000e+00  0.000000e+00  2.369161e-01  0.000000e+00  0.000000e+00  -3.733433e-01  0.000000e+00  0.000000e+00  2.369161e-01  0.000000e+00  0.000000e+00  -3.733433e-01  0.000000e+00  0.000000e+00  2.369161e-01  
2.087406e+00  4.286939e-03  9.170573e-01  0.000000e+00  0.000000e+00  2.886063e-01  0.000000e+00  0.000000e+00  -3.621744e-01  0.000000e+00  0.000000e+00  2.886063e-01  0.000000e+00  0.000000e+00  -3.621744e-01  0.000000e+00  0.000000e+00  2.886063e-01  2.087406e+00  4.286939e-03  9.170573e-01  0.000000e+00  0.000000e+00  2.886063e-01  0.000000e+00  0.000000e+00  -3.621744e-01  0.000000e+00  0.000000e+00  2.886063e-01  0.000000e+00  0.000000e+00  -3.621744e-01  0.000000e+00  0.000000e+00  2.886063e-01  
2.080053e+00  1.866423e-02  8.832977e-01  0.000000e+00  0.000000e+00  3.122947e-01  0.000000e+00  0.000000e+00  -3.673871e-01  0.000000e+00  0.000000e+00  3.122947e-01  0.000000e+00  0.000000e+00  -3.673871e-01  0.000000e+00  0.000000e+00  3.122947e-01  2.080053e+00  1.866423e-02  8.832977e-01  0.000000e+00  0.000000e+00  3.122947e-01  0.000000e+00  0.000000e+00  -3.673871e-01  0.000000e+00  0.000000e+00  3.122947e-01  0.000000e+00  0.000000e+00  -3.673871e-01  0.000000e+00  0.000000e+00  3.122947e-01  
2.026066e+00  2.749112e-03  8.962234e-01  0.000000e+00  0.000000e+00  2.829147e-01  0.000000e+00  0.000000e+00  -3.654354e-01  0.000000e+00  0.000000e+00  2.829147e-01  0.000000e+00  0.000000e+00  -3.654354e-01  0.000000e+00  0.000000e+00  2.829147e-01  2.026066e+00  2.749112e-03  8.962234e-01  0.000000e+00  0.000000e+00  2.829147e-01  0.000000e+00  0.000000e+00  -3.654354e-01  0.000000e+00  0.000000e+00  2.829147e-01  0.000000e+00  0.000000e+00  -3.654354e-01  0.000000e+00  0.000000e+00  2.829147e-01  
2.052741e+00  6.199182e-03  8.822588e-01  0.000000e+00  0.000000e+00  2.625687e-01  0.000000e+00  0.000000e+00  -3.662235e-01  0.000000e+00  0.000000e+00  2.625687e-01  0.000000e+00  0.000000e+00  -3.662235e-01  0.000000e+00  0.000000e+00  2.625687e-01  2.052741e+00  6.199182e-03  8.822588e-01  0.000000e+00  0.000000e+00  2.625687e-01  0.000000e+00  0.000000e+00  -3.662235e-01  0.000000e+00  0.000000e+00  2.625687e-01  0.000000e+00  0.000000e+00  -3.662235e-01  0.000000e+00  0.000000e+00  2.625687e-01  
2.062537e+00  1.441155e-02  8.421821e-01  0.000000e+00  0.000000e+00  3.048508e-01  0.000000e+00  0.000000e+00  -3.736044e-01  0.000000e+00  0.000000e+00  3.048508e-01  0.000000e+00  0.000000e+00  -3.736044e-01  0.000000e+00  0.000000e+00  3.048508e-01  2.062537e+00  1.441155e-02  8.421821e-01  0.000000e+00  0.000000e+00  3.048508e-01  0.000000e+00  0.000000e+00  -3.736044e-01  0.000000e+00  0.000000e+00  3.048508e-01  0.000000e+00  0.000000e+00  -3.736044e-01  0.000000e+00  0.000000e+00  3.048508e-01  
2.093840e+00  1.547118e-02  8.792406e-01  0.000000e+00  0.000000e+00  2.754345e-01  0.000000e+00  0.000000e+00  -3.703458e-01  0.000000e+00  0.000000e+00  2.754345e-01  0.000000e+00  0.000000e+00  -3.703458e-01  0.000000e+00  0.000000e+00  2.754345e-01  2.093840e+00  1.547118e-02  8.792406e-01  0.000000e+00  0.000000e+00  2.754345e-01  0.000000e+00  0.000000e+00  -3.703458e-01  0.000000e+00  0.000000e+00  2.754345e-01  0.000000e+00  0.000000e+00  -3.703458e-01  0.000000e+00  0.000000e+00  2.754345e-01  
1.976430e+00  1.217290e-03  9.279450e-01  0.000000e+00  0.000000e+00  3.549950e-01  0.000000e+00  0.000000e+00  -3.672068e-01  0.000000e+00  0.000000e+00  3.549950e-01  0.000000e+00  0.000000e+00  -3.672068e-01  0.000000e+00  0.000000e+00  3.549950e-01  1.976430e+00  1.217290e-03  9.279450e-01  0.000000e+00  0.000000e+00  3.549950e-01  0.000000e+00  0.000000e+00  -3.672068e-01  0.000000e+00  0.000000e+00  3.549950e-01  0.000000e+00  0.000000e+00  -3.672068e-01  0.000000e+00  0.000000e+00  3.549950e-01  
1.995565e+00  1.905893e-02  8.371825e-01  0.000000e+00  0.000000e+00  2.652623e-01  0.000000e+00  0.000000e+00  -3.701584e-01  0.000000e+00  0.000000e+00  2.652623e-01  0.000000e+00  0.000000e+00  -3.701584e-01  0.000000e+00  0.000000e+00  2.652623e-01  1.995565e+00  1.905893e-02  8.371825e-01  0.000000e+00  0.000000e+00  2.652623e-01  0.000000e+00  0.000000e+00  -3.701584e-01  0.000000e+00  0.000000e+00  2.652623e-01  0.000000e+00  0.000000e+00  -3.701584e-01  0.000000e+00  0.000000e+00  2.652623e-01  
2.035439e+00  2.259474e-02  8.432615e-01  0.000000e+00  0.000000e+00  3.306601e-01  0.000000e+00  0.000000e+00  -3.592966e-01  0.000000e+00  0.000000e+00  3.306601e-01  0.000000e+00  0.000000e+00  -3.592966e-01  0.000000e+00  0.000000e+00  3.306601e-01  2.035439e+00  2.259474e-02  8.432615e-01  0.000000e+00  0.000000e+00  3.306601e-01  0.000000e+00  0.000000e+00  -3.592966e-01  0.000000e+00  0.000000e+00  3.306601e-01  0.000000e+00  0.000000e+00  -3.592966e-01  0.000000e+00  0.000000e+00  3.306601e-01  
2.102772e+00  1.811888e-04  9.556420e-01  0.000000e+00  0.000000e+00  2.593641e-01  0.000000e+00  0.000000e+00  -3.705207e-01  0.000000e+00  0.000000e+00  2.593641e-01  0.000000e+00  0.000000e+00  -3.705207e-01  0.000000e+00  0.000000e+00  2.593641e-01  2.102772e+00  1.811888e-04  9.556420e-01  0.000000e+00  0.000000e+00  2.593641e-01  0.000000e+00  0.000000e+00  -3.705207e-01  0.000000e+00  0.000000e+00  2.593641e-01  0.000000e+00  0.000000e+00  -3.705207e-01  0.000000e+00  0.000000e+00  2.593641e-01  
2.032471e+00  7.803578e-03  8.413399e-01  0.000000e+00  0.000000e+00  2.587577e-01  0.000000e+00  0.000000e+00  -3.813267e-01  0.000000e+00  0.000000e+00  2.587577e-01  0.000000e+00  0.000000e+00  -3.813267e-01  0.000000e+00  0.000000e+00  2.587577e-01  2.032471e+00  7.803578e-03  8.413399e-01  0.000000e+00  0.000000e+00  2.587577e-01  0.000000e+00  0.000000e+00  -3.813267e-01  0.000000e+00  0.000000e+00  2.587577e-01  0.000000e+00  0.000000e+00  -3.813267e-01  0.000000e+00  0.000000e+00  2.587577e-01  
2.047805e+00  2.099121e-03  8.994926e-01  0.000000e+00  0.000000e+00  2.714311e-01  0.000000e+00  0.000000e+00  -3.722449e-01  0.000000e+00  0.000000e+00  2.714311e-01  0.000000e+00  0.000000e+00  -3.722449e-01  0.000000e+00  0.000000e+00  2.714311e-01  2.047805e+00  2.099121e-03  8.994926e-01  0.000000e+00  0.000000e+00  2.714311e-01  0.000000e+00  0.000000e+00  -3.722449e-01  0.000000e+00  0.000000e+00  2.714311e-01  0.000000e+00  0.000000e+00  -3.722449e-01  0.000000e+00  0.000000e+00  2.714311e-01  
2.056989e+00  1.609493e-05  9.080265e-01  0.000000e+00  0.000000e+00  2.738906e-01  0.000000e+00  0.000000e+00  -3.728902e-01  0.000000e+00  0.000000e+00  2.738906e-01  0.000000e+00  0.000000e+00  -3.728902e-01  0.000000e+00  0.000000e+00  2.738906e-01  2.056989e+00  1.609493e-05  9.080265e-01  0.000000e+00  0.000000e+00  2.738906e-01  0.000000e+00  0.000000e+00  -3.728902e-01  0.000000e+00  0.000000e+00  2.738906e-01  0.000000e+00  0.000000e+00  -3.728902e-01  0.000000e+00  0.000000e+00  2.738906e-01  
2.041026e+00  9.084012e-04  8.962472e-01  0.000000e+00  0.000000e+00  2.727275e-01  0.000000e+00  0.000000e+00  -3.717702e-01  0.000000e+00  0.000000e+00  2.727275e-01  0.000000e+00  0.000000e+00  -3.717702e-01  0.000000e+00  0.000000e+00  2.727275e-01  2.041026e+00  9.084012e-04  8.962472e-01  0.000000e+00  0.000000e+00  2.727275e-01  0.000000e+00  0.000000e+00  -3.717702e-01  0.000000e+00  0.000000e+00  2.727275e-01  0.000000e+00  0.000000e+00  -3.717702e-01  0.000000e+00  0.000000e+00  2.727275e-01  
2.046847e+00  1.467154e-03  9.034327e-01  0.000000e+00  0.000000e+00  2.665564e-01  0.000000e+00  0.000000e+00  -3.718140e-01  0.000000e+00  0.000000e+00  2.665564e-01  0.000000e+00  0.000000e+00  -3.718140e-01  0.000000e+00  0.000000e+00  2.665564e-01  2.046847e+00  1.467154e-03  9.034327e-01  0.000000e+00  0.000000e+00  2.665564e-01  0.000000e+00  0.000000e+00  -3.718140e-01  0.000000e+00  0.000000e+00  2.665564e-01  0.000000e+00  0.000000e+00  -3.718140e-01  0.000000e+00  0.000000e+00  2.665564e-01  
2.065008e+00  2.069630e-03  8.983675e-01  0.000000e+00  0.000000e+00  2.728803e-01  0.000000e+00  0.000000e+00  -3.748673e-01  0.000000e+00  0.000000e+00  2.728803e-01  0.000000e+00  0.000000e+00  -3.748673e-01  0.000000e+00  0.000000e+00  2.728803e-01  2.065008e+00  2.069630e-03  8.983675e-01  0.000000e+00  0.000000e+00  2.728803e-01  0.000000e+00  0.000000e+00  -3.748673e-01  0.000000e+00  0.000000e+00  2.728803e-01  0.000000e+00  0.000000e+00  -3.748673e-01  0.000000e+00  0.000000e+00  2.728803e-01  
2.050817e+00  2.417628e-04  9.008799e-01  0.000000e+00  0.000000e+00  2.659111e-01  0.000000e+00  0.000000e+00  -3.733980e-01  0.000000e+00  0.000000e+00  2.659111e-01  0.000000e+00  0.000000e+00  -3.733980e-01  0.000000e+00  0.000000e+00  2.659111e-01  2.050817e+00  2.417628e-04  9.008799e-01  0.000000e+00  0.000000e+00  2.659111e-01  0.000000e+00  0.000000e+00  -3.733980e-01  0.000000e+00  0.000000e+00  2.659111e-01  0.000000e+00  0.000000e+00  -3.733980e-01  0.000000e+00  0.000000e+00  2.659111e-01  
2.059523e+00  1.134630e-03  9.044186e-01  0.000000e+00  0.000000e+00  2.745594e-01  0.000000e+00  0.000000e+00  -3.731202e-01  0.000000e+00  0.000000e+00  2.745594e-01  0.000000e+00  0.000000e+00  -3.731202e-01  0.000000e+00  0.000000e+00  2.745594e-01  2.059523e+00  1.134630e-03  9.044186e-01  0.000000e+00  0.000000e+00  2.745594e-01  0.000000e+00  0.000000e+00  -3.731202e-01  0.000000e+00  0.000000e+00  2.745594e-01  0.000000e+00  0.000000e+00  -3.731202e-01  0.000000e+00  0.000000e+00  2.745594e-01  
2.084714e+00  2.060929e-03  9.009687e-01  0.000000e+00  0.000000e+00  2.660215e-01  0.000000e+00  0.000000e+00  -3.739251e-01  0.000000e+00  0.000000e+00  2.660215e-01  0.000000e+00  0.000000e+00  -3.739251e-01  0.000000e+00  0.000000e+00  2.660215e-01  2.084714e+00  2.060929e-03  9.009687e-01  0.000000e+00  0.000000e+00  2.660215e-01  0.000000e+00  0.000000e+00  -3.739251e-01  0.000000e+00  0.000000e+00  2.660215e-01  0.000000e+00  0.000000e+00  -3.739251e-01  0.000000e+00  0.000000e+00  2.660215e-01  
2.061365e+00  2.554587e-03  8.959479e-01  0.000000e+00  0.000000e+00  2.684110e-01  0.000000e+00  0.000000e+00  -3.726148e-01  0.000000e+00  0.000000e+00  2.684110e-01  0.000000e+00  0.000000e+00  -3.726148e-01  0.000000e+00  0.000000e+00  2.684110e-01  2.061365e+00  2.554587e-03  8.959479e-01  0.000000e+00  0.000000e+00  2.684110e-01  0.000000e+00  0.000000e+00  -3.726148e-01  0.000000e+00  0.000000e+00  2.684110e-01  0.000000e+00  0.000000e+00  -3.726148e-01  0.000000e+00  0.000000e+00  2.684110e-01  
2.055450e+00  1.608995e-03  9.024740e-01  0.000000e+00  0.000000e+00  2.723782e-01  0.000000e+00  0.000000e+00  -3.719811e-01  0.000000e+00  0.000000e+00  2.723782e-01  0.000000e+00  0.000000e+00  -3.719811e-01  0.000000e+00  0.000000e+00  2.723782e-01  2.055450e+00  1.608995e-03  9.024740e-01  0.000000e+00  0.000000e+00  2.723782e-01  0.000000e+00  0.000000e+00  -3.719811e-01  0.000000e+00  0.000000e+00  2.723782e-01  0.000000e+00  0.000000e+00  -3.719811e-01  0.000000e+00  0.000000e+00  2.723782e-01  
2.070158e+00  3.065930e-03  9.042092e-01  0.000000e+00  0.000000e+00  2.768867e-01  0.000000e+00  0.000000e+00  -3.732868e-01  0.000000e+00  0.000000e+00  2.768867e-01  0.000000e+00  0.000000e+00  -3.732868e-01  0.000000e+00  0.000000e+00  2.768867e-01  2.070158e+00  3.065930e-03  9.042092e-01  0.000000e+00  0.000000e+00  2.768867e-01  0.000000e+00  0.000000e+00  -3.732868e-01  0.000000e+00  0.000000e+00  2.768867e-01  0.000000e+00  0.000000e+00  -3.732868e-01  0.000000e+00  0.000000e+00  2.768867e-01  
2.056532e+00  5.127872e-04  9.086038e-01  0.000000e+00  0.000000e+00  2.632854e-01  0.000000e+00  0.000000e+00  -3.717043e-01  0.000000e+00  0.000000e+00  2.632854e-01  0.000000e+00  0.000000e+00  -3.717043e-01  0.000000e+00  0.000000e+00  2.632854e-01  2.056532e+00  5.127872e-04  9.086038e-01  0.000000e+00  0.000000e+00  2.632854e-01  0.000000e+00  0.000000e+00  -3.717043e-01  0.000000e+00  0.000000e+00  2.632854e-01  0.000000e+00  0.000000e+00  -3.717043e-01  0.000000e+00  0.000000e+00  2.632854e-01  
2.067121e+00  4.837046e-03  8.910848e-01  0.000000e+00  0.000000e+00  2.691099e-01  0.000000e+00  0.000000e+00  -3.782861e-01  0.000000e+00  0.000000e+00  2.691099e-01  0.000000e+00  0.000000e+00  -3.782861e-01  0.000000e+00  0.000000e+00  2.691099e-01  2.067121e+00  4.837046e-03  8.910848e-01  0.000000e+00  0.000000e+00  2.691099e-01  0.000000e+00  0.000000e+00  -3.782861e-01  0.000000e+00  0.000000e+00  2.691099e-01  0.000000e+00  0.000000e+00  -3.782861e-01  0.000000e+00  0.000000e+00  2.691099e-01  
2.073290e+00  2.850705e-03  9.134900e-01  0.000000e+00  0.000000e+00  2.844214e-01  0.000000e+00  0.000000e+00  -3.742971e-01  0.000000e+00  0.000000e+00  2.844214e-01  0.000000e+00  0.000000e+00  -3.742971e-01  0.000000e+00  0.000000e+00  2.844214e-01  2.073290e+00  2.850705e-03  9.134900e-01  0.000000e+00  0.000000e+00  2.844214e-01  0.000000e+00  0.000000e+00  -3.742971e-01  0.000000e+00  0.000000e+00  2.844214e-01  0.000000e+00  0.000000e+00  -3.742971e-01  0.000000e+00  0.000000e+00  2.844214e-01  
2.084818e+00  4.393366e-03  9.007558e-01  0.000000e+00  0.000000e+00  2.758166e-01  0.000000e+00  0.000000e+00  -3.714967e-01  0.000000e+00  0.000000e+00  2.758166e-01  0.000000e+00  0.000000e+00  -3.714967e-01  0.000000e+00  0.000000e+00  2.758166e-01  2.084818e+00  4.393366e-03  9.007558e-01  0.000000e+00  0.000000e+00  2.758166e-01  0.000000e+00  0.000000e+00  -3.714967e-01  0.000000e+00  0.000000e+00  2.758166e-01  0.000000e+00  0.000000e+00  -3.714967e-01  0.000000e+00  0.000000e+00  2.758166e-01  
2.050459e+00  7.344823e-04  8.961613e-01  0.000000e+00  0.000000e+00  2.796510e-01  0.000000e+00  0.000000e+00  -3.731818e-01  0.000000e+00  0.000000e+00  2.796510e-01  0.000000e+00  0.000000e+00  -3.731818e-01  0.000000e+00  0.000000e+00  2.796510e-01  2.050459e+00  7.344823e-04  8.961613e-01  0.000000e+00  0.000000e+00  2.796510e-01  0.000000e+00  0.000000e+00  -3.731818e-01  0.000000e+00  0.000000e+00  2.796510e-01  0.000000e+00  0.000000e+00  -3.731818e-01  0.000000e+00  0.000000e+00  2.796510e-01  
2.066554e+00  1.104241e-03  9.059669e-01  0.000000e+00  0.000000e+00  2.813257e-01  0.000000e+00  0.000000e+00  -3.743618e-01  0.000000e+00  0.000000e+00  2.813257e-01  0.000000e+00  0.000000e+00  -3.743618e-01  0.000000e+00  0.000000e+00  2.813257e-01  2.066554e+00  1.104241e-03  9.059669e-01  0.000000e+00  0.000000e+00  2.813257e-01  0.000000e+00  0.000000e+00  -3.743618e-01  0.000000e+00  0.000000e+00  2.813257e-01  0.000000e+00  0.000000e+00  -3.743618e-01  0.000000e+00  0.000000e+00  2.813257e-01  
2.072022e+00  3.826823e-03  9.059267e-01  0.000000e+00  0.000000e+00  2.664343e-01  0.000000e+00  0.000000e+00  -3.694890e-01  0.000000e+00  0.000000e+00  2.664343e-01  0.000000e+00  0.000000e+00  -3.694890e-01  0.000000e+00  0.000000e+00  2.664343e-01  2.072022e+00  3.826823e-03  9.059267e-01  0.000000e+00  0.000000e+00  2.664343e-01  0.000000e+00  0.000000e+00  -3.694890e-01  0.000000e+00  0.000000e+00  2.664343e-01  0.000000e+00  0.000000e+00  -3.694890e-01  0.000000e+00  0.000000e+00  2.664343e-01  
2.095133e+00  2.849386e-03  9.015625e-01  0.000000e+00  0.000000e+00  2.697152e-01  0.000000e+00  0.000000e+00  -3.730865e-01  0.000000e+00  0.000000e+00  2.697152e-01  0.000000e+00  0.000000e+00  -3.730865e-01  0.000000e+00  0.000000e+00  2.697152e-01  2.095133e+00  2.849386e-03  9.015625e-01  0.000000e+00  0.000000e+00  2.697152e-01  0.000000e+00  0.000000e+00  -3.730865e-01  0.000000e+00  0.000000e+00  2.697152e-01  0.000000e+00  0.000000e+00  -3.730865e-01  0.000000e+00  0.000000e+00  2.697152e-01  
2.031203e+00  1.938105e-03  8.982087e-01  0.000000e+00  0.000000e+00  2.827735e-01  0.000000e+00  0.000000e+00  -3.679982e-01  0.000000e+00  0.000000e+00  2.827735e-01  0.000000e+00  0.000000e+00  -3.679982e-01  0.000000e+00  0.000000e+00  2.827735e-01  2.031203e+00  1.938105e-03  8.982087e-01  0.000000e+00  0.000000e+00  2.827735e-01  0.000000e+00  0.000000e+00  -3.679982e-01  0.000000e+00  0.000000e+00  2.827735e-01  0.000000e+00  0.000000e+00  -3.679982e-01  0.000000e+00  0.000000e+00  2.827735e-01  
2.100166e+00  2.850648e-03  9.030108e-01  0.000000e+00  0.000000e+00  2.494874e-01  0.000000e+00  0.000000e+00  -3.842090e-01  0.000000e+00  0.000000e+00  2.494874e-01  0.000000e+00  0.000000e+00  -3.842090e-01  0.000000e+00  0.000000e+00  2.494874e-01  2.100166e+00  2.850648e-03  9.030108e-01  0.000000e+00  0.000000e+00  2.494874e-01  0.000000e+00  0.000000e+00  -3.842090e-01  0.000000e+00  0.000000e+00  2.494874e-01  0.000000e+00  0.000000e+00  -3.842090e-01  0.000000e+00  0.000000e+00  2.494874e-01  
2.044714e+00  3.614502e-03  8.589821e-01  0.000000e+00  0.000000e+00  2.595034e-01  0.000000e+00  0.000000e+00  -3.703744e-01  0.000000e+00  0.000000e+00  2.595034e-01  0.000000e+00  0.000000e+00  -3.703744e-01  0.000000e+00  0.000000e+00  2.595034e-01  2.044714e+00  3.614502e-03  8.589821e-01  0.000000e+00  0.000000e+00  2.595034e-01  0.000000e+00  0.000000e+00  -3.703744e-01  0.000000e+00  0.000000e+00  2.595034e-01  0.000000e+00  0.000000e+00  -3.703744e-01  0.000000e+00  0.000000e+00  2.595034e-01  
2.027359e+00  4.767227e-03  8.670042e-01  0.000000e+00  0.000000e+00  2.702199e-01  0.000000e+00  0.000000e+00  -3.731046e-01  0.000000e+00  0.000000e+00  2.702199e-01  0.000000e+00  0.000000e+00  -3.731046e-01  0.000000e+00  0.000000e+00  2.702199e-01  2.027359e+00  4.767227e-03  8.670042e-01  0.000000e+00  0.000000e+00  2.702199e-01  0.000000e+00  0.000000e+00  -3.731046e-01  0.000000e+00  0.000000e+00  2.702199e-01  0.000000e+00  0.000000e+00  -3.731046e-01  0.000000e+00  0.000000e+00  2.702199e-01  
2.091802e+00  4.000476e-03  9.198454e-01  0.000000e+00  0.000000e+00  2.945884e-01  0.000000e+00  0.000000e+00  -3.770293e-01  0.000000e+00  0.000000e+00  2.945884e-01  0.000000e+00  0.000000e+00  -3.770293e-01  0.000000e+00  0.000000e+00  2.945884e-01  2.091802e+00  4.000476e-03  9.198454e-01  0.000000e+00  0.000000e+00  2.945884e-01  0.000000e+00  0.000000e+00  -3.770293e-01  0.000000e+00  0.000000e+00  2.945884e-01  0.000000e+00  0.000000e+00  -3.770293e-01  0.000000e+00  0.000000e+00  2.945884e-01  
2.044815e+00  1.757343e-02  8.482109e-01  0.000000e+00  0.000000e+00  2.736783e-01  0.000000e+00  0.000000e+00  -3.590409e-01  0.000000e+00  0.000000e+00  2.736783e-01  0.000000e+00  0.000000e+00  -3.590409e-01  0.000000e+00  0.000000e+00  2.736783e-01  2.044815e+00  1.757343e-02  8.482109e-01  0.000000e+00  0.000000e+00  2.736783e-01  0.000000e+00  0.000000e+00  -3.590409e-01  0.000000e+00  0.000000e+00  2.736783e-01  0.000000e+00  0.000000e+00  -3.590409e-01  0.000000e+00  0.000000e+00  2.736783e-01  
2.131612e+00  4.219829e-03  9.055428e-01  0.000000e+00  0.000000e+00  2.717823e-01  0.000000e+00  0.000000e+00  -3.717925e-01  0.000000e+00  0.000000e+00  2.717823e-01  0.000000e+00  0.000000e+00  -3.717925e-01  0.000000e+00  0.000000e+00  2.717823e-01  2.131612e+00  4.219829e-03  9.055428e-01  0.000000e+00  0.000000e+00  2.717823e-01  0.000000e+00  0.000000e+00  -3.717925e-01  0.000000e+00  0.000000e+00  2.717823e-01  0.000000e+00  0.000000e+00  -3.717925e-01  0.000000e+00  0.000000e+00  2.717823e-01  
2.037409e+00  5.079404e-03  8.787825e-01  0.000000e+00  0.000000e+00  2.661552e-01  0.000000e+00  0.000000e+00  -3.705673e-01  0.000000e+00  0.000000e+00  2.661552e-01  0.000000e+00  0.000000e+00  -3.705673e-01  0.000000e+00  0.000000e+00  2.661552e-01  2.037409e+00  5.079404e-03  8.787825e-01  0.000000e+00  0.000000e+00  2.661552e-01  0.000000e+00  0.000000e+00  -3.705673e-01  0.000000e+00  0.000000e+00  2.661552e-01  0.000000e+00  0.000000e+00  -3.705673e-01  0.000000e+00  0.000000e+00  2.661552e-01  
2.166506e+00  1.291140e-02  8.920244e-01  0.000000e+00  0.000000e+00  2.770468e-01  0.000000e+00  0.000000e+00  -3.741403e-01  0.000000e+00  0.000000e+00  2.770468e-01  0.000000e+00  0.000000e+00  -3.741403e-01  0.000000e+00  0.000000e+00  2.770468e-01  2.166506e+00  1.291140e-02  8.920244e-01  0.000000e+00  0.000000e+00  2.770468e-01  0.000000e+00  0.000000e+00  -3.741403e-01  0.000000e+00  0.000000e+00  2.770468e-01  0.000000e+00  0.000000e+00  -3.741403e-01  0.000000e+00  0.000000e+00  2.770468e-01  
2.079064e+00  6.331598e-03  8.877870e-01  0.000000e+00  0.000000e+00  2.527478e-01  0.000000e+00  0.000000e+00  -3.717330e-01  0.000000e+00  0.000000e+00  2.527478e-01  0.000000e+00  0.000000e+00  -3.717330e-01  0.000000e+00  0.000000e+00  2.527478e-01  2.079064e+00  6.331598e-03  8.877870e-01  0.000000e+00  0.000000e+00  2.527478e-01  0.000000e+00  0.000000e+00  -3.717330e-01  0.000000e+00  0.000000e+00  2.527478e-01  0.000000e+00  0.000000e+00  -3.717330e-01  0.000000e+00  0.000000e+00  2.527478e-01  
2.077594e+00  4.896845e-03  9.061165e-01  0.000000e+00  0.000000e+00  2.687313e-01  0.000000e+00  0.000000e+00  -3.756615e-01  0.000000e+00  0.000000e+00  2.687313e-01  0.000000e+00  0.000000e+00  -3.756615e-01  0.000000e+00  0.000000e+00  2.687313e-01  2.077594e+00  4.896845e-03  9.061165e-01  0.000000e+00  0.000000e+00  2.687313e-01  0.000000e+00  0.000000e+00  -3.756615e-01  0.000000e+00  0.000000e+00  2.687313e-01  0.000000e+00  0.000000e+00  -3.756615e-01  0.000000e+00  0.000000e+00  2.687313e-01  
2.044468e+00  1.550031e-03  8.696968e-01  0.000000e+00  0.000000e+00  2.661564e-01  0.000000e+00  0.000000e+00  -3.732415e-01  0.000000e+00  0.000000e+00  2.661564e-01  0.000000e+00  0.000000e+00  -3.732415e-01  0.000000e+00  0.000000e+00  2.661564e-01  2.044468e+00  1.550031e-03  8.696968e-01  0.000000e+00  0.000000e+00  2.661564e-01  0.000000e+00  0.000000e+00  -3.732415e-01  0.000000e+00  0.000000e+00  2.661564e-01  0.000000e+00  0.000000e+00  -3.732415e-01  0.000000e+00  0.000000e+00  2.661564e-01  
2.049889e+00  1.455350e-03  9.197853e-01  0.000000e+00  0.000000e+00  2.482220e-01  0.000000e+00  0.000000e+00  -3.652317e-01  0.000000e+00  0.000000e+00  2.482220e-01  0.000000e+00  0.000000e+00  -3.652317e-01  0.000000e+00  0.000000e+00  2.482220e-01  2.049889e+00  1.455350e-03  9.197853e-01  0.000000e+00  0.000000e+00  2.482220e-01  0.000000e+00  0.000000e+00  -3.652317e-01  0.000000e+00  0.000000e+00  2.482220e-01  0.000000e+00  0.000000e+00  -3.652317e-01  0.000000e+00  0.000000e+00  2.482220e-01  
2.036703e+00  7.292723e-03  8.717353e-01  0.000000e+00  0.000000e+00  2.810797e-01  0.000000e+00  0.000000e+00  -3.686805e-01  0.000000e+00  0.000000e+00  2.810797e-01  0.000000e+00  0.000000e+00  -3.686805e-01  0.000000e+00  0.000000e+00  2.810797e-01  2.036703e+00  7.292723e-03  8.717353e-01  0.000000e+00  0.000000e+00  2.810797e-01  0.000000e+00  0.000000e+00  -3.686805e-01  0.000000e+00  0.000000e+00  2.810797e-01  0.000000e+00  0.000000e+00  -3.686805e-01  0.000000e+00  0.000000e+00  2.810797e-01  
2.127034e+00  1.097022e-02  9.180672e-01  0.000000e+00  0.000000e+00  2.912283e-01  0.000000e+00  0.000000e+00  -3.699231e-01  0.000000e+00  0.000000e+00  2.912283e-01  0.000000e+00  0.000000e+00  -3.699231e-01  0.000000e+00  0.000000e+00  2.912283e-01  2.127034e+00  1.097022e-02  9.180672e-01  0.000000e+00  0.000000e+00  2.912283e-01  0.000000e+00  0.000000e+00  -3.699231e-01  0.000000e+00  0.000000e+00  2.912283e-01  0.000000e+00  0.000000e+00  -3.699231e-01  0.000000e+00  0.000000e+00  2.912283e-01  
2.103442e+00  6.532367e-03  8.962696e-01  0.000000e+00  0.000000e+00  3.032341e-01  0.000000e+00  0.000000e+00  -3.778030e-01  0.000000e+00  0.000000e+00  3.032341e-01  0.000000e+00  0.000000e+00  -3.778030e-01  0.000000e+00  0.000000e+00  3.032341e-01  2.103442e+00  6.532367e-03  8.962696e-01  0.000000e+00  0.000000e+00  3.032341e-01  0.000000e+00  0.000000e+00  -3.778030e-01  0.000000e+00  0.000000e+00  3.032341e-01  0.000000e+00  0.000000e+00  -3.778030e-01  0.000000e+00  0.000000e+00  3.032341e-01  
2.085179e+00  3.640893e-03  8.953338e-01  0.000000e+00  0.000000e+00  2.811006e-01  0.000000e+00  0.000000e+00  -3.783138e-01  0.000000e+00  0.000000e+00  2.811006e-01  0.000000e+00  0.000000e+00  -3.783138e-01  0.000000e+00  0.000000e+00  2.811006e-01  2.085179e+00  3.640893e-03  8.953338e-01  0.000000e+00  0.000000e+00  2.811006e-01  0.000000e+00  0.000000e+00  -3.783138e-01  0.000000e+00  0.000000e+00  2.811006e-01  0.000000e+00  0.000000e+00  -3.783138e-01  0.000000e+00  0.000000e+00  2.811006e-01  
2.070877e+00  1.783499e-02  8.751956e-01  0.000000e+00  0.000000e+00  2.594925e-01  0.000000e+00  0.000000e+00  -3.622110e-01  0.000000e+00  0.000000e+00  2.594925e-01  0.000000e+00  0.000000e+00  -3.622110e-01  0.000000e+00  0.000000e+00  2.594925e-01  2.070877e+00  1.783499e-02  8.751956e-01  0.000000e+00  0.000000e+00  2.594925e-01  0.000000e+00  0.000000e+00  -3.622110e-01  0.000000e+00  0.000000e+00  2.594925e-01  0.000000e+00  0.000000e+00  -3.622110e-01  0.000000e+00  0.000000e+00  2.594925e-01  
2.125857e+00  4.497216e-03  8.984210e-01  0.000000e+00  0.000000e+00  2.637281e-01  0.000000e+00  0.000000e+00  -3.723656e-01  0.000000e+00  0.000000e+00  2.637281e-01  0.000000e+00  0.000000e+00  -3.723656e-01  0.000000e+00  0.000000e+00  2.637281e-01  2.125857e+00  4.497216e-03  8.984210e-01  0.000000e+00  0.000000e+00  2.637281e-01  0.000000e+00  0.000000e+00  -3.723656e-01  0.000000e+00  0.000000e+00  2.637281e-01  0.000000e+00  0.000000e+00  -3.723656e-01  0.000000e+00  0.000000e+00  2.637281e-01  
2.134837e+00  1.063066e-02  8.857279e-01  0.000000e+00  0.000000e+00  2.595774e-01  0.000000e+00  0.000000e+00  -3.727625e-01  0.000000e+00  0.000000e+00  2.595774e-01  0.000000e+00  0.000000e+00  -3.727625e-01  0.000000e+00  0.000000e+00  2.595774e-01  2.134837e+00  1.063066e-02  8.857279e-01  0.000000e+00  0.000000e+00  2.595774e-01  0.000000e+00  0.000000e+00  -3.727625e-01  0.000000e+00  0.000000e+00  2.595774e-01  0.000000e+00  0.000000e+00  -3.727625e-01  0.000000e+00  0.000000e+00  2.595774e-01  
2.075725e+00  1.819958e-03  9.089451e-01  0.000000e+00  0.000000e+00  2.459858e-01  0.000000e+00  0.000000e+00  -3.698268e-01  0.000000e+00  0.000000e+00  2.459858e-01  0.000000e+00  0.000000e+00  -3.698268e-01  0.000000e+00  0.000000e+00  2.459858e-01  2.075725e+00  1.819958e-03  9.089451e-01  0.000000e+00  0.000000e+00  2.459858e-01  0.000000e+00  0.000000e+00  -3.698268e-01  0.000000e+00  0.000000e+00  2.459858e-01  0.000000e+00  0.000000e+00  -3.698268e-01  0.000000e+00  0.000000e+00  2.459858e-01  
2.051716e+00  4.741380e-04  9.183736e-01  0.000000e+00  0.000000e+00  2.953087e-01  0.000000e+00  0.000000e+00  -3.588509e-01  0.000000e+00  0.000000e+00  2.953087e-01  0.000000e+00  0.000000e+00  -3.588509e-01  0.000000e+00  0.000000e+00  2.953087e-01  2.051716e+00  4.741380e-04  9.183736e-01  0.000000e+00  0.000000e+00  2.953087e-01  0.000000e+00  0.000000e+00  -3.588509e-01  0.000000e+00  0.000000e+00  2.953087e-01  0.000000e+00  0.000000e+00  -3.588509e-01  0.000000e+00  0.000000e+00  2.953087e-01  
2.126499e+00  2.147244e-02  8.837698e-01  0.000000e+00  0.000000e+00  3.055156e-01  0.000000e+00  0.000000e+00  -3.804653e-01  0.000000e+00  0.000000e+00  3.055156e-01  0.000000e+00  0.000000e+00  -3.804653e-01  0.000000e+00  0.000000e+00  3.055156e-01  2.126499e+00  2.147244e-02  8.837698e-01  0.000000e+00  0.000000e+00  3.055156e-01  0.000000e+00  0.000000e+00  -3.804653e-01  0.000000e+00  0.000000e+00  3.055156e-01  0.000000e+00  0.000000e+00  -3.804653e-01  0.000000e+00  0.000000e+00  3.055156e-01  
2.111132e+00  2.398753e-02  8.579404e-01  0.000000e+00  0.000000e+00  2.730297e-01  0.000000e+00  0.000000e+00  -3.738106e-01  0.000000e+00  0.000000e+00  2.730297e-01  0.000000e+00  0.000000e+00  -3.738106e-01  0.000000e+00  0.000000e+00  2.730297e-01  2.111132e+00  2.398753e-02  8.579404e-01  0.000000e+00  0.000000e+00  2.730297e-01  0.000000e+00  0.000000e+00  -3.738106e-01  0.000000e+00  0.000000e+00  2.730297e-01  0.000000e+00  0.000000e+00  -3.738106e-01  0.000000e+00  0.000000e+00  2.730297e-01  
1.974845e+00  8.102708e-03  8.768443e-01  0.000000e+00  0.000000e+00  2.856107e-01  0.000000e+00  0.000000e+00  -3.594800e-01  0.000000e+00  0.000000e+00  2.856107e-01  0.000000e+00  0.000000e+00  -3.594800e-01  0.000000e+00  0.000000e+00  2.856107e-01  1.974845e+00  8.102708e-03  8.768443e-01  0.000000e+00  0.000000e+00  2.856107e-01  0.000000e+00  0.000000e+00  -3.594800e-01  0.000000e+00  0.000000e+00  2.856107e-01  0.000000e+00  0.000000e+00  -3.594800e-01  0.000000e+00  0.000000e+00  2.856107e-01  
1.994020e+00  6.223058e-03  8.773338e-01  0.000000e+00  0.000000e+00  2.976994e-01  0.000000e+00  0.000000e+00  -3.697622e-01  0.000000e+00  0.000000e+00  2.976994e-01  0.000000e+00  0.000000e+00  -3.697622e-01  0.000000e+00  0.000000e+00  2.976994e-01  1.994020e+00  6.223058e-03  8.773338e-01  0.000000e+00  0.000000e+00  2.976994e-01  0.000000e+00  0.000000e+00  -3.697622e-01  0.000000e+00  0.000000e+00  2.976994e-01  0.000000e+00  0.000000e+00  -3.697622e-01  0.000000e+00  0.000000e+00  2.976994e-01  
2.010189e+00  1.543247e-03  8.924028e-01  0.000000e+00  0.000000e+00  2.909406e-01  0.000000e+00  0.000000e+00  -3.692664e-01  0.000000e+00  0.000000e+00  2.909406e-01  0.000000e+00  0.000000e+00  -3.692664e-01  0.000000e+00  0.000000e+00  2.909406e-01  2.010189e+00  1.543247e-03  8.924028e-01  0.000000e+00  0.000000e+00  2.909406e-01  0.000000e+00  0.000000e+00  -3.692664e-01  0.000000e+00  0.000000e+00  2.909406e-01  0.000000e+00  0.000000e+00  -3.692664e-01  0.000000e+00  0.000000e+00  2.909406e-01  
2.035971e+00  3.368348e-03  8.920646e-01  0.000000e+00  0.000000e+00  2.985135e-01  0.000000e+00  0.000000e+00  -3.682777e-01  0.000000e+00  0.000000e+00  2.985135e-01  0.000000e+00  0.000000e+00  -3.682777e-01  0.000000e+00  0.000000e+00  2.985135e-01  2.035971e+00  3.368348e-03  8.920646e-01  0.000000e+00  0.000000e+00  2.985135e-01  0.000000e+00  0.000000e+00  -3.682777e-01  0.000000e+00  0.000000e+00  2.985135e-01  0.000000e+00  0.000000e+00  -3.682777e-01  0.000000e+00  0.000000e+00  2.985135e-01  
2.030604e+00  1.320008e-03  8.981939e-01  0.000000e+00  0.000000e+00  2.913204e-01  0.000000e+00  0.000000e+00  -3.704244e-01  0.000000e+00  0.000000e+00  2.913204e-01  0.000000e+00  0.000000e+00  -3.704244e-01  0.000000e+00  0.000000e+00  2.913204e-01  2.030604e+00  1.320008e-03  8.981939e-01  0.000000e+00  0.000000e+00  2.913204e-01  0.000000e+00  0.000000e+00  -3.704244e-01  0.000000e+00  0.000000e+00  2.913204e-01  0.000000e+00  0.000000e+00  -3.704244e-01  0.000000e+00  0.000000e+00  2.913204e-01  
2.024800e+00  2.089274e-03  8.991557e-01  0.000000e+00  0.000000e+00  2.846781e-01  0.000000e+00  0.000000e+00  -3.683167e-01  0.000000e+00  0.000000e+00  2.846781e-01  0.000000e+00  0.000000e+00  -3.683167e-01  0.000000e+00  0.000000e+00  2.846781e-01  2.024800e+00  2.089274e-03  8.991557e-01  0.000000e+00  0.000000e+00  2.846781e-01  0.000000e+00  0.000000e+00  -3.683167e-01  0.000000e+00  0.000000e+00  2.846781e-01  0.000000e+00  0.000000e+00  -3.683167e-01  0.000000e+00  0.000000e+00  2.846781e-01  
2.028144e+00  2.734696e-03  8.891984e-01  0.000000e+00  0.000000e+00  2.820615e-01  0.000000e+00  0.000000e+00  -3.695957e-01  0.000000e+00  0.000000e+00  2.820615e-01  0.000000e+00  0.000000e+00  -3.695957e-01  0.000000e+00  0.000000e+00  2.820615e-01  2.028144e+00  2.734696e-03  8.891984e-01  0.000000e+00  0.000000e+00  2.820615e-01  0.000000e+00  0.000000e+00  -3.695957e-01  0.000000e+00  0.000000e+00  2.820615e-01  0.000000e+00  0.000000e+00  -3.695957e-01  0.000000e+00  0.000000e+00  2.820615e-01  
2.033017e+00  2.653629e-03  8.950409e-01  0.000000e+00  0.000000e+00  2.902482e-01  0.000000e+00  0.000000e+00  -3.693305e-01  0.000000e+00  0.000000e+00  2.902482e-01  0.000000e+00  0.000000e+00  -3.693305e-01  0.000000e+00  0.000000e+00  2.902482e-01  2.033017e+00  2.653629e-03  8.950409e-01  0.000000e+00  0.000000e+00  2.902482e-01  0.000000e+00  0.000000e+00  -3.693305e-01  0.000000e+00  0.000000e+00  2.902482e-01  0.000000e+00  0.000000e+00  -3.693305e-01  0.000000e+00  0.000000e+00  2.902482e-01  
2.012151e+00  1.070353e-04  8.971528e-01  0.000000e+00  0.000000e+00  2.909573e-01  0.000000e+00  0.000000e+00  -3.697777e-01  0.000000e+00  0.000000e+00  2.909573e-01  0.000000e+00  0.000000e+00  -3.697777e-01  0.000000e+00  0.000000e+00  2.909573e-01  2.012151e+00  1.070353e-04  8.971528e-01  0.000000e+00  0.000000e+00  2.909573e-01  0.000000e+00  0.000000e+00  -3.697777e-01  0.000000e+00  0.000000e+00  2.909573e-01  0.000000e+00  0.000000e+00  -3.697777e-01  0.000000e+00  0.000000e+00  2.909573e-01  
2.024842e+00  1.027050e-03  8.924436e-01  0.000000e+00  0.000000e+00  2.815032e-01  0.000000e+00  0.000000e+00  -3.700866e-01  0.000000e+00  0.000000e+00  2.815032e-01  0.000000e+00  0.000000e+00  -3.700866e-01  0.000000e+00  0.000000e+00  2.815032e-01  2.024842e+00  1.027050e-03  8.924436e-01  0.000000e+00  0.000000e+00  2.815032e-01  0.000000e+00  0.000000e+00  -3.700866e-01  0.000000e+00  0.000000e+00  2.815032e-01  0.000000e+00  0.000000e+00  -3.700866e-01  0.000000e+00  0.000000e+00  2.815032e-01  
2.010747e+00  1.467429e-04  8.894648e-01  0.000000e+00  0.000000e+00  2.795794e-01  0.000000e+00  0.000000e+00  -3.695672e-01  0.000000e+00  0.000000e+00  2.795794e-01  0.000000e+00  0.000000e+00  -3.695672e-01  0.000000e+00  0.000000e+00  2.795794e-01  2.010747e+00  1.467429e-04  8.894648e-01  0.000000e+00  0.000000e+00  2.795794e-01  0.000000e+00  0.000000e+00  -3.695672e-01  0.000000e+00  0.000000e+00  2.795794e-01  0.000000e+00  0.000000e+00  -3.695672e-01  0.000000e+00  0.000000e+00  2.795794e-01  
2.018170e+00  7.820993e-04  8.934212e-01  0.000000e+00  0.000000e+00  2.851501e-01  0.000000e+00  0.000000e+00  -3.700781e-01  0.000000e+00  0.000000e+00  2.851501e-01  0.000000e+00  0.000000e+00  -3.700781e-01  0.000000e+00  0.000000e+00  2.851501e-01  2.018170e+00  7.820993e-04  8.934212e-01  0.000000e+00  0.000000e+00  2.851501e-01  0.000000e+00  0.000000e+00  -3.700781e-01  0.000000e+00  0.000000e+00  2.851501e-01  0.000000e+00  0.000000e+00  -3.700781e-01  0.000000e+00  0.000000e+00  2.851501e-01  
2.010273e+00  7.668569e-04  8.950406e-01  0.000000e+00  0.000000e+00  2.858672e-01  0.000000e+00  0.000000e+00  -3.697183e-01  0.000000e+00  0.000000e+00  2.858672e-01  0.000000e+00  0.000000e+00  -3.697183e-01  0.000000e+00  0.000000e+00  2.858672e-01  2.010273e+00  7.668569e-04  8.950406e-01  0.000000e+00  0.000000e+00  2.858672e-01  0.000000e+00  0.000000e+00  -3.697183e-01  0.000000e+00  0.000000e+00  2.858672e-01  0.000000e+00  0.000000e+00  -3.697183e-01  0.000000e+00  0.000000e+00  2.858672e-01  
2.008847e+00  1.047525e-03  8.956279e-01  0.000000e+00  0.000000e+00  2.823988e-01  0.000000e+00  0.000000e+00  -3.683881e-01  0.000000e+00  0.000000e+00  2.823988e-01  0.000000e+00  0.000000e+00  -3.683881e-01  0.000000e+00  0.000000e+00  2.823988e-01  2.008847e+00  1.047525e-03  8.956279e-01  0.000000e+00  0.000000e+00  2.823988e-01  0.000000e+00  0.000000e+00  -3.683881e-01  0.000000e+00  0.000000e+00  2.823988e-01  0.000000e+00  0.000000e+00  -3.683881e-01  0.000000e+00  0.000000e+00  2.823988e-01  
2.001366e+00  7.485168e-04  8.918892e-01  0.000000e+00  0.000000e+00  2.824438e-01  0.000000e+00  0.000000e+00  -3.696456e-01  0.000000e+00  0.000000e+00  2.824438e-01  0.000000e+00  0.000000e+00  -3.696456e-01  0.000000e+00  0.000000e+00  2.824438e-01  2.001366e+00  7.485168e-04  8.918892e-01  0.000000e+00  0.000000e+00  2.824438e-01  0.000000e+00  0.000000e+00  -3.696456e-01  0.000000e+00  0.000000e+00  2.824438e-01  0.000000e+00  0.000000e+00  -3.696456e-01  0.000000e+00  0.000000e+00  2.824438e-01  
1.998048e+00  1.735069e-03  8.852000e-01  0.000000e+00  0.000000e+00  2.855205e-01  0.000000e+00  0.000000e+00  -3.682417e-01  0.000000e+00  0.000000e+00  2.855205e-01  0.000000e+00  0.000000e+00  -3.682417e-01  0.000000e+00  0.000000e+00  2.855205e-01  1.998048e+00  1.735069e-03  8.852000e-01  0.000000e+00  0.000000e+00  2.855205e-01  0.000000e+00  0.000000e+00  -3.682417e-01  0.000000e+00  0.000000e+00  2.855205e-01  0.000000e+00  0.000000e+00  -3.682417e-01  0.000000e+00  0.000000e+00  2.855205e-01  
2.023490e+00  1.905779e-03  8.943665e-01  0.000000e+00  0.000000e+00  2.873160e-01  0.000000e+00  0.000000e+00  -3.652269e-01  0.000000e+00  0.000000e+00  2.873160e-01  0.000000e+00  0.000000e+00  -3.652269e-01  0.000000e+00  0.000000e+00  2.873160e-01  2.023490e+00  1.905779e-03  8.943665e-01  0.000000e+00  0.000000e+00  2.873160e-01  0.000000e+00  0.000000e+00  -3.652269e-01  0.000000e+00  0.000000e+00  2.873160e-01  0.000000e+00  0.000000e+00  -3.652269e-01  0.000000e+00  0.000000e+00  2.873160e-01  
2.042819e+00  3.509592e-03  8.973464e-01  0.000000e+00  0.000000e+00  2.821740e-01  0.000000e+00  0.000000e+00  -3.702466e-01  0.000000e+00  0.000000e+00  2.821740e-01  0.000000e+00  0.000000e+00  -3.702466e-01  0.000000e+00  0.000000e+00  2.821740e-01  2.042819e+00  3.509592e-03  8.973464e-01  0.000000e+00  0.000000e+00  2.821740e-01  0.000000e+00  0.000000e+00  -3.702466e-01  0.000000e+00  0.000000e+00  2.821740e-01  0.000000e+00  0.000000e+00  -3.702466e-01  0.000000e+00  0.000000e+00  2.821740e-01  
2.059514e+00  3.346945e-04  9.027998e-01  0.000000e+00  0.000000e+00  2.837783e-01  0.000000e+00  0.000000e+00  -3.723707e-01  0.000000e+00  0.000000e+00  2.837783e-01  0.000000e+00  0.000000e+00  -3.723707e-01  0.000000e+00  0.000000e+00  2.837783e-01  2.059514e+00  3.346945e-04  9.027998e-01  0.000000e+00  0.000000e+00  2.837783e-01  0.000000e+00  0.000000e+00  -3.723707e-01  0.000000e+00  0.000000e+00  2.837783e-01  0.000000e+00  0.000000e+00  -3.723707e-01  0.000000e+00  0.000000e+00  2.837783e-01  
2.043039e+00  2.831590e-03  8.859115e-01  0.000000e+00  0.000000e+00  2.798394e-01  0.000000e+00  0.000000e+00  -3.694965e-01  0.000000e+00  0.000000e+00  2.798394e-01  0.000000e+00  0.000000e+00  -3.694965e-01  0.000000e+00  0.000000e+00  2.798394e-01  2.043039e+00  2.831590e-03  8.859115e-01  0.000000e+00  0.000000e+00  2.798394e-01  0.000000e+00  0.000000e+00  -3.694965e-01  0.000000e+00  0.000000e+00  2.798394e-01  0.000000e+00  0.000000e+00  -3.694965e-01  0.000000e+00  0.000000e+00  2.798394e-01  
2.022005e+00  6.193224e-04  8.947802e-01  0.000000e+00  0.000000e+00  2.859716e-01  0.000000e+00  0.000000e+00  -3.704710e-01  0.000000e+00  0.000000e+00  2.859716e-01  0.000000e+00  0.000000e+00  -3.704710e-01  0.000000e+00  0.000000e+00  2.859716e-01  2.022005e+00  6.193224e-04  8.947802e-01  0.000000e+00  0.000000e+00  2.859716e-01  0.000000e+00  0.000000e+00  -3.704710e-01  0.000000e+00  0.000000e+00  2.859716e-01  0.000000e+00  0.000000e+00  -3.704710e-01  0.000000e+00  0.000000e+00  2.859716e-01  
2.004599e+00  6.237501e-04  8.973838e-01  0.000000e+00  0.000000e+00  2.813820e-01  0.000000e+00  0.000000e+00  -3.681526e-01  0.000000e+00  0.000000e+00  2.813820e-01  0.000000e+00  0.000000e+00  -3.681526e-01  0.000000e+00  0.000000e+00  2.813820e-01  2.004599e+00  6.237501e-04  8.973838e-01  0.000000e+00  0.000000e+00  2.813820e-01  0.000000e+00  0.000000e+00  -3.681526e-01  0.000000e+00  0.000000e+00  2.813820e-01  0.000000e+00  0.000000e+00  -3.681526e-01  0.000000e+00  0.000000e+00  2.813820e-01  
2.007001e+00  3.124585e-03  8.627055e-01  0.000000e+00  0.000000e+00  2.448851e-01  0.000000e+00  0.000000e+00  -3.723048e-01  0.000000e+00  0.000000e+00  2.448851e-01  0.000000e+00  0.000000e+00  -3.723048e-01  0.000000e+00  0.000000e+00  2.448851e-01  2.007001e+00  3.124585e-03  8.627055e-01  0.000000e+00  0.000000e+00  2.448851e-01  0.000000e+00  0.000000e+00  -3.723048e-01  0.000000e+00  0.000000e+00  2.448851e-01  0.000000e+00  0.000000e+00  -3.723048e-01  0.000000e+00  0.000000e+00  2.448851e-01  
2.033638e+00  3.222171e-03  8.989135e-01  0.000000e+00  0.000000e+00  3.033595e-01  0.000000e+00  0.000000e+00  -3.665867e-01  0.000000e+00  0.000000e+00  3.033595e-01  0.000000e+00  0.000000e+00  -3.665867e-01  0.000000e+00  0.000000e+00  3.033595e-01  2.033638e+00  3.222171e-03  8.989135e-01  0.000000e+00  0.000000e+00  3.033595e-01  0.000000e+00  0.000000e+00  -3.665867e-01  0.000000e+00  0.000000e+00  3.033595e-01  0.000000e+00  0.000000e+00  -3.665867e-01  0.000000e+00  0.000000e+00  3.033595e-01  
2.068309e+00  1.691830e-03  8.959221e-01  0.000000e+00  0.000000e+00  2.924607e-01  0.000000e+00  0.000000e+00  -3.737789e-01  0.000000e+00  0.000000e+00  2.924607e-01  0.000000e+00  0.000000e+00  -3.737789e-01  0.000000e+00  0.000000e+00  2.924607e-01  2.068309e+00  1.691830e-03  8.959221e-01  0.000000e+00  0.000000e+00  2.924607e-01  0.000000e+00  0.000000e+00  -3.737789e-01  0.000000e+00  0.000000e+00  2.924607e-01  0.000000e+00  0.000000e+00  -3.737789e-01  0.000000e+00  0.000000e+00  2.924607e-01  
2.018453e+00  1.748730e-03  8.972598e-01  0.000000e+00  0.000000e+00  2.931837e-01  0.000000e+00  0.000000e+00  -3.631230e-01  0.000000e+00  0.000000e+00  2.931837e-01  0.000000e+00  0.000000e+00  -3.631230e-01  0.000000e+00  0.000000e+00  2.931837e-01  2.018453e+00  1.748730e-03  8.972598e-01  0.000000e+00  0.000000e+00  2.931837e-01  0.000000e+00  0.000000e+00  -3.631230e-01  0.000000e+00  0.000000e+00  2.931837e-01  0.000000e+00  0.000000e+00  -3.631230e-01  0.000000e+00  0.000000e+00  2.931837e-01  
2.046232e+00  3.486509e-03  8.833374e-01  0.000000e+00  0.000000e+00  2.830304e-01  0.000000e+00  0.000000e+00  -3.769429e-01  0.000000e+00  0.000000e+00  2.830304e-01  0.000000e+00  0.000000e+00  -3.769429e-01  0.000000e+00  0.000000e+00  2.830304e-01  2.046232e+00  3.486509e-03  8.833374e-01  0.000000e+00  0.000000e+00  2.830304e-01  0.000000e+00  0.000000e+00  -3.769429e-01  0.000000e+00  0.000000e+00  2.830304e-01  0.000000e+00  0.000000e+00  -3.769429e-01  0.000000e+00  0.000000e+00  2.830304e-01  
2.092659e+00  7.128631e-03  8.646613e-01  0.000000e+00  0.000000e+00  2.804205e-01  0.000000e+00  0.000000e+00  -3.786097e-01  0.000000e+00  0.000000e+00  2.804205e-01  0.000000e+00  0.000000e+00  -3.786097e-01  0.000000e+00  0.000000e+00  2.804205e-01  2.092659e+00  7.128631e-03  8.646613e-01  0.000000e+00  0.000000e+00  2.804205e-01  0.000000e+00  0.000000e+00  -3.786097e-01  0.000000e+00  0.000000e+00  2.804205e-01  0.000000e+00  0.000000e+00  -3.786097e-01  0.000000e+00  0.000000e+00  2.804205e-01  
1.985043e+00  7.298845e-04  8.752664e-01  0.000000e+00  0.000000e+00  2.862593e-01  0.000000e+00  0.000000e+00  -3.702666e-01  0.000000e+00  0.000000e+00  2.862593e-01  0.000000e+00  0.000000e+00  -3.702666e-01  0.000000e+00  0.000000e+00  2.862593e-01  1.985043e+00  7.298845e-04  8.752664e-01  0.000000e+00  0.000000e+00  2.862593e-01  0.000000e+00  0.000000e+00  -3.702666e-01  0.000000e+00  0.000000e+00  2.862593e-01  0.000000e+00  0.000000e+00  -3.702666e-01  0.000000e+00  0.000000e+00  2.862593e-01  
1.992418e+00  5.533477e-03  8.690771e-01  0.000000e+00  0.000000e+00  3.169041e-01  0.000000e+00  0.000000e+00  -3.687260e-01  0.000000e+00  0.000000e+00  3.169041e-01  0.000000e+00  0.000000e+00  -3.687260e-01  0.000000e+00  0.000000e+00  3.169041e-01  1.992418e+00  5.533477e-03  8.690771e-01  0.000000e+00  0.000000e+00  3.169041e-01  0.000000e+00  0.000000e+00  -3.687260e-01  0.000000e+00  0.000000e+00  3.169041e-01  0.000000e+00  0.000000e+00  -3.687260e-01  0.000000e+00  0.000000e+00  3.169041e-01  
2.017189e+00  3.277217e-03  8.707035e-01  0.000000e+00  0.000000e+00  3.113312e-01  0.000000e+00  0.000000e+00  -3.727368e-01  0.000000e+00  0.000000e+00  3.113312e-01  0.000000e+00  0.000000e+00  -3.727368e-01  0.000000e+00  0.000000e+00  3.113312e-01  2.017189e+00  3.277217e-03  8.707035e-01  0.000000e+00  0.000000e+00  3.113312e-01  0.000000e+00  0.000000e+00  -3.727368e-01  0.000000e+00  0.000000e+00  3.113312e-01  0.000000e+00  0.000000e+00  -3.727368e-01  0.000000e+00  0.000000e+00  3.113312e-01  
1.993578e+00  4.675923e-03  8.733105e-01  0.000000e+00  0.000000e+00  2.846864e-01  0.000000e+00  0.000000e+00  -3.646859e-01  0.000000e+00  0.000000e+00  2.846864e-01  0.000000e+00  0.000000e+00  -3.646859e-01  0.000000e+00  0.000000e+00  2.846864e-01  1.993578e+00  4.675923e-03  8.733105e-01  0.000000e+00  0.000000e+00  2.846864e-01  0.000000e+00  0.000000e+00  -3.646859e-01  0.000000e+00  0.000000e+00  2.846864e-01  0.000000e+00  0.000000e+00  -3.646859e-01  0.000000e+00  0.000000e+00  2.846864e-01  
2.016043e+00  2.078302e-03  8.746162e-01  0.000000e+00  0.000000e+00  2.797282e-01  0.000000e+00  0.000000e+00  -3.685869e-01  0.000000e+00  0.000000e+00  2.797282e-01  0.000000e+00  0.000000e+00  -3.685869e-01  0.000000e+00  0.000000e+00  2.797282e-01  2.016043e+00  2.078302e-03  8.746162e-01  0.000000e+00  0.000000e+00  2.797282e-01  0.000000e+00  0.000000e+00  -3.685869e-01  0.000000e+00  0.000000e+00  2.797282e-01  0.000000e+00  0.000000e+00  -3.685869e-01  0.000000e+00  0.000000e+00  2.797282e-01  
2.036402e+00  3.951124e-03  8.794062e-01  0.000000e+00  0.000000e+00  2.987173e-01  0.000000e+00  0.000000e+00  -3.758243e-01  0.000000e+00  0.000000e+00  2.987173e-01  0.000000e+00  0.000000e+00  -3.758243e-01  0.000000e+00  0.000000e+00  2.987173e-01  2.036402e+00  3.951124e-03  8.794062e-01  0.000000e+00  0.000000e+00  2.987173e-01  0.000000e+00  0.000000e+00  -3.758243e-01  0.000000e+00  0.000000e+00  2.987173e-01  0.000000e+00  0.000000e+00  -3.758243e-01  0.000000e+00  0.000000e+00  2.987173e-01  
2.041926e+00  8.437684e-03  8.712993e-01  0.000000e+00  0.000000e+00  3.016529e-01  0.000000e+00  0.000000e+00  -3.724258e-01  0.000000e+00  0.000000e+00  3.016529e-01  0.000000e+00  0.000000e+00  -3.724258e-01  0.000000e+00  0.000000e+00  3.016529e-01  2.041926e+00  8.437684e-03  8.712993e-01  0.000000e+00  0.000000e+00  3.016529e-01  0.000000e+00  0.000000e+00  -3.724258e-01  0.000000e+00  0.000000e+00  3.016529e-01  0.000000e+00  0.000000e+00  -3.724258e-01  0.000000e+00  0.000000e+00  3.016529e-01  
2.027324e+00  6.689308e-03  8.851429e-01  0.000000e+00  0.000000e+00  2.983271e-01  0.000000e+00  0.000000e+00  -3.675173e-01  0.000000e+00  0.000000e+00  2.983271e-01  0.000000e+00  0.000000e+00  -3.675173e-01  0.000000e+00  0.000000e+00  2.983271e-01  2.027324e+00  6.689308e-03  8.851429e-01  0.000000e+00  0.000000e+00  2.983271e-01  0.000000e+00  0.000000e+00  -3.675173e-01  0.000000e+00  0.000000e+00  2.983271e-01  0.000000e+00  0.000000e+00  -3.675173e-01  0.000000e+00  0.000000e+00  2.983271e-01  
2.067790e+00  9.615921e-04  8.927024e-01  0.000000e+00  0.000000e+00  2.893438e-01  0.000000e+00  0.000000e+00  -3.777582e-01  0.000000e+00  0.000000e+00  2.893438e-01  0.000000e+00  0.000000e+00  -3.777582e-01  0.000000e+00  0.000000e+00  2.893438e-01  2.067790e+00  9.615921e-04  8.927024e-01  0.000000e+00  0.000000e+00  2.893438e-01  0.000000e+00  0.000000e+00  -3.777582e-01  0.000000e+00  0.000000e+00  2.893438e-01  0.000000e+00  0.000000e+00  -3.777582e-01  0.000000e+00  0.000000e+00  2.893438e-01  
2.058040e+00  5.423696e-03  8.976060e-01  0.000000e+00  0.000000e+00  2.985889e-01  0.000000e+00  0.000000e+00  -3.689547e-01  0.000000e+00  0.000000e+00  2.985889e-01  0.000000e+00  0.000000e+00  -3.689547e-01  0.000000e+00  0.000000e+00  2.985889e-01  2.058040e+00  5.423696e-03  8.976060e-01  0.000000e+00  0.000000e+00  2.985889e-01  0.000000e+00  0.000000e+00  -3.689547e-01  0.000000e+00  0.000000e+00  2.985889e-01  0.000000e+00  0.000000e+00  -3.689547e-01  0.000000e+00  0.000000e+00  2.985889e-01  
2.030294e+00  4.819593e-03  8.848381e-01  0.000000e+00  0.000000e+00  3.164307e-01  0.000000e+00  0.000000e+00  -3.730046e-01  0.000000e+00  0.000000e+00  3.164307e-01  0.000000e+00  0.000000e+00  -3.730046e-01  0.000000e+00  0.000000e+00  3.164307e-01  2.030294e+00  4.819593e-03  8.848381e-01  0.000000e+00  0.000000e+00  3.164307e-01  0.000000e+00  0.000000e+00  -3.730046e-01  0.000000e+00  0.000000e+00  3.164307e-01  0.000000e+00  0.000000e+00  -3.730046e-01  0.000000e+00  0.000000e+00  3.164307e-01  
2.050846e+00  5.151724e-03  8.872229e-01  0.000000e+00  0.000000e+00  2.454728e-01  0.000000e+00  0.000000e+00  -3.698521e-01  0.000000e+00  0.000000e+00  2.454728e-01  0.000000e+00  0.000000e+00  -3.698521e-01  0.000000e+00  0.000000e+00  2.454728e-01  2.050846e+00  5.151724e-03  8.872229e-01  0.000000e+00  0.000000e+00  2.454728e-01  0.000000e+00  0.000000e+00  -3.698521e-01  0.000000e+00  0.000000e+00  2.454728e-01  0.000000e+00  0.000000e+00  -3.698521e-01  0.000000e+00  0.000000e+00  2.454728e-01  
2.019631e+00  1.235463e-03  8.641173e-01  0.000000e+00  0.000000e+00  2.669552e-01  0.000000e+00  0.000000e+00  -3.695192e-01  0.000000e+00  0.000000e+00  2.669552e-01  0.000000e+00  0.000000e+00  -3.695192e-01  0.000000e+00  0.000000e+00  2.669552e-01  2.019631e+00  1.235463e-03  8.641173e-01  0.000000e+00  0.000000e+00  2.669552e-01  0.000000e+00  0.000000e+00  -3.695192e-01  0.000000e+00  0.000000e+00  2.669552e-01  0.000000e+00  0.000000e+00  -3.695192e-01  0.000000e+00  0.000000e+00  2.669552e-01  
2.086044e+00  5.832627e-03  9.058992e-01  0.000000e+00  0.000000e+00  2.830822e-01  0.000000e+00  0.000000e+00  -3.718103e-01  0.000000e+00  0.000000e+00  2.830822e-01  0.000000e+00  0.000000e+00  -3.718103e-01  0.000000e+00  0.000000e+00  2.830822e-01  2.086044e+00  5.832627e-03  9.058992e-01  0.000000e+00  0.000000e+00  2.830822e-01  0.000000e+00  0.000000e+00  -3.718103e-01  0.000000e+00  0.000000e+00  2.830822e-01  0.000000e+00  0.000000e+00  -3.718103e-01  0.000000e+00  0.000000e+00  2.830822e-01  
1.932276e+00  2.813385e-03  8.533301e-01  0.000000e+00  0.000000e+00  3.300037e-01  0.000000e+00  0.000000e+00  -3.646208e-01  0.000000e+00  0.000000e+00  3.300037e-01  0.000000e+00  0.000000e+00  -3.646208e-01  0.000000e+00  0.000000e+00  3.300037e-01  1.932276e+00  2.813385e-03  8.533301e-01  0.000000e+00  0.000000e+00  3.300037e-01  0.000000e+00  0.000000e+00  -3.646208e-01  0.000000e+00  0.000000e+00  3.300037e-01  0.000000e+00  0.000000e+00  -3.646208e-01  0.000000e+00  0.000000e+00  3.300037e-01  
2.041942e+00  9.694335e-03  8.737827e-01  0.000000e+00  0.000000e+00  2.657162e-01  0.000000e+00  0.000000e+00  -3.630638e-01  0.000000e+00  0.000000e+00  2.657162e-01  0.000000e+00  0.000000e+00  -3.630638e-01  0.000000e+00  0.000000e+00  2.657162e-01  2.041942e+00  9.694335e-03  8.737827e-01  0.000000e+00  0.000000e+00  2.657162e-01  0.000000e+00  0.000000e+00  -3.630638e-01  0.000000e+00  0.000000e+00  2.657162e-01  0.000000e+00  0.000000e+00  -3.630638e-01  0.000000e+00  0.000000e+00  2.657162e-01  
1.967882e+00  6.095149e-03  8.417563e-01  0.000000e+00  0.000000e+00  2.747439e-01  0.000000e+00  0.000000e+00  -3.670976e-01  0.000000e+00  0.000000e+00  2.747439e-01  0.000000e+00  0.000000e+00  -3.670976e-01  0.000000e+00  0.000000e+00  2.747439e-01  1.967882e+00  6.095149e-03  8.417563e-01  0.000000e+00  0.000000e+00  2.747439e-01  0.000000e+00  0.000000e+00  -3.670976e-01  0.000000e+00  0.000000e+00  2.747439e-01  0.000000e+00  0.000000e+00  -3.670976e-01  0.000000e+00  0.000000e+00  2.747439e-01  
2.201581e+00  3.084586e-02  8.556033e-01  0.000000e+00  0.000000e+00  2.941689e-01  0.000000e+00  0.000000e+00  -3.777870e-01  0.000000e+00  0.000000e+00  2.941689e-01  0.000000e+00  0.000000e+00  -3.777870e-01  0.000000e+00  0.000000e+00  2.941689e-01  2.201581e+00  3.084586e-02  8.556033e-01  0.000000e+00  0.000000e+00  2.941689e-01  0.000000e+00  0.000000e+00  -3.777870e-01  0.000000e+00  0.000000e+00  2.941689e-01  0.000000e+00  0.000000e+00  -3.777870e-01  0.000000e+00  0.000000e+00  2.941689e-01  
1.991736e+00  2.019843e-03  8.691462e-01  0.000000e+00  0.000000e+00  2.865854e-01  0.000000e+00  0.000000e+00  -3.646370e-01  0.000000e+00  0.000000e+00  2.865854e-01  0.000000e+00  0.000000e+00  -3.646370e-01  0.000000e+00  0.000000e+00  2.865854e-01  1.991736e+00  2.019843e-03  8.691462e-01  0.000000e+00  0.000000e+00  2.865854e-01  0.000000e+00  0.000000e+00  -3.646370e-01  0.000000e+00  0.000000e+00  2.865854e-01  0.000000e+00  0.000000e+00  -3.646370e-01  0.000000e+00  0.000000e+00  2.865854e-01  
2.015255e+00  1.316547e-02  8.369402e-01  0.000000e+00  0.000000e+00  2.843367e-01  0.000000e+00  0.000000e+00  -3.739353e-01  0.000000e+00  0.000000e+00  2.843367e-01  0.000000e+00  0.000000e+00  -3.739353e-01  0.000000e+00  0.000000e+00  2.843367e-01  2.015255e+00  1.316547e-02  8.369402e-01  0.000000e+00  0.000000e+00  2.843367e-01  0.000000e+00  0.000000e+00  -3.739353e-01  0.000000e+00  0.000000e+00  2.843367e-01  0.000000e+00  0.000000e+00  -3.739353e-01  0.000000e+00  0.000000e+00  2.843367e-01  
2.061818e+00  5.521926e-03  8.698075e-01  0.000000e+00  0.000000e+00  3.138257e-01  0.000000e+00  0.000000e+00  -3.836488e-01  0.000000e+00  0.000000e+00  3.138257e-01  0.000000e+00  0.000000e+00  -3.836488e-01  0.000000e+00  0.000000e+00  3.138257e-01  2.061818e+00  5.521926e-03  8.698075e-01  0.000000e+00  0.000000e+00  3.138257e-01  0.000000e+00  0.000000e+00  -3.836488e-01  0.000000e+00  0.000000e+00  3.138257e-01  0.000000e+00  0.000000e+00  -3.836488e-01  0.000000e+00  0.000000e+00  3.138257e-01  
2.037764e+00  2.733425e-03  8.912314e-01  0.000000e+00  0.000000e+00  2.820355e-01  0.000000e+00  0.000000e+00  -3.708887e-01  0.000000e+00  0.000000e+00  2.820355e-01  0.000000e+00  0.000000e+00  -3.708887e-01  0.000000e+00  0.000000e+00  2.820355e-01  2.037764e+00  2.733425e-03  8.912314e-01  0.000000e+00  0.000000e+00  2.820355e-01  0.000000e+00  0.000000e+00  -3.708887e-01  0.000000e+00  0.000000e+00  2.820355e-01  0.000000e+00  0.000000e+00  -3.708887e-01  0.000000e+00  0.000000e+00  2.820355e-01  
2.042637e+00  2.652358e-03  8.970739e-01  0.000000e+00  0.000000e+00  2.902222e-01  0.000000e+00  0.000000e+00  -3.706234e-01  0.000000e+00  0.000000e+00  2.902222e-01  0.000000e+00  0.000000e+00  -3.706234e-01  0.000000e+00  0.000000e+00  2.902222e-01  2.042637e+00  2.652358e-03  8.970739e-01  0.000000e+00  0.000000e+00  2.902222e-01  0.000000e+00  0.000000e+00  -3.706234e-01  0.000000e+00  0.000000e+00  2.902222e-01  0.000000e+00  0.000000e+00  -3.706234e-01  0.000000e+00  0.000000e+00  2.902222e-01  
2.021771e+00  1.057643e-04  8.991858e-01  0.000000e+00  0.000000e+00  2.909313e-01  0.000000e+00  0.000000e+00  -3.710707e-01  0.000000e+00  0.000000e+00  2.909313e-01  0.000000e+00  0.000000e+00  -3.710707e-01  0.000000e+00  0.000000e+00  2.909313e-01  2.021771e+00  1.057643e-04  8.991858e-01  0.000000e+00  0.000000e+00  2.909313e-01  0.000000e+00  0.000000e+00  -3.710707e-01  0.000000e+00  0.000000e+00  2.909313e-01  0.000000e+00  0.000000e+00  -3.710707e-01  0.000000e+00  0.000000e+00  2.909313e-01  
2.034462e+00  1.025779e-03  8.944766e-01  0.000000e+00  0.000000e+00  2.814772e-01  0.000000e+00  0.000000e+00  -3.713796e-01  0.000000e+00  0.000000e+00  2.814772e-01  0.000000e+00  0.000000e+00  -3.713796e-01  0.000000e+00  0.000000e+00  2.814772e-01  2.034462e+00  1.025779e-03  8.944766e-01  0.000000e+00  0.000000e+00  2.814772e-01  0.000000e+00  0.000000e+00  -3.713796e-01  0.000000e+00  0.000000e+00  2.814772e-01  0.000000e+00  0.000000e+00  -3.713796e-01  0.000000e+00  0.000000e+00  2.814772e-01  
2.020368e+00  1.454718e-04  8.914978e-01  0.000000e+00  0.000000e+00  2.795534e-01  0.000000e+00  0.000000e+00  -3.708602e-01  0.000000e+00  0.000000e+00  2.795534e-01  0.000000e+00  0.000000e+00  -3.708602e-01  0.000000e+00  0.000000e+00  2.795534e-01  2.020368e+00  1.454718e-04  8.914978e-01  0.000000e+00  0.000000e+00  2.795534e-01  0.000000e+00  0.000000e+00  -3.708602e-01  0.000000e+00  0.000000e+00  2.795534e-01  0.000000e+00  0.000000e+00  -3.708602e-01  0.000000e+00  0.000000e+00  2.795534e-01  
2.019893e+00  7.655859e-04  8.970736e-01  0.000000e+00  0.000000e+00  2.858411e-01  0.000000e+00  0.000000e+00  -3.710113e-01  0.000000e+00  0.000000e+00  2.858411e-01  0.000000e+00  0.000000e+00  -3.710113e-01  0.000000e+00  0.000000e+00  2.858411e-01  2.019893e+00  7.655859e-04  8.970736e-01  0.000000e+00  0.000000e+00  2.858411e-01  0.000000e+00  0.000000e+00  -3.710113e-01  0.000000e+00  0.000000e+00  2.858411e-01  0.000000e+00  0.000000e+00  -3.710113e-01  0.000000e+00  0.000000e+00  2.858411e-01  
2.018467e+00  1.046253e-03  8.976609e-01  0.000000e+00  0.000000e+00  2.823728e-01  0.000000e+00  0.000000e+00  -3.696810e-01  0.000000e+00  0.000000e+00  2.823728e-01  0.000000e+00  0.000000e+00  -3.696810e-01  0.000000e+00  0.000000e+00  2.823728e-01  2.018467e+00  1.046253e-03  8.976609e-01  0.000000e+00  0.000000e+00  2.823728e-01  0.000000e+00  0.000000e+00  -3.696810e-01  0.000000e+00  0.000000e+00  2.823728e-01  0.000000e+00  0.000000e+00  -3.696810e-01  0.000000e+00  0.000000e+00  2.823728e-01  
2.018078e+00  3.741735e-04  8.955641e-01  0.000000e+00  0.000000e+00  2.831904e-01  0.000000e+00  0.000000e+00  -3.707223e-01  0.000000e+00  0.000000e+00  2.831904e-01  0.000000e+00  0.000000e+00  -3.707223e-01  0.000000e+00  0.000000e+00  2.831904e-01  2.018078e+00  3.741735e-04  8.955641e-01  0.000000e+00  0.000000e+00  2.831904e-01  0.000000e+00  0.000000e+00  -3.707223e-01  0.000000e+00  0.000000e+00  2.831904e-01  0.000000e+00  0.000000e+00  -3.707223e-01  0.000000e+00  0.000000e+00  2.831904e-01  
2.012356e+00  9.075281e-04  8.916982e-01  0.000000e+00  0.000000e+00  2.863604e-01  0.000000e+00  0.000000e+00  -3.687562e-01  0.000000e+00  0.000000e+00  2.863604e-01  0.000000e+00  0.000000e+00  -3.687562e-01  0.000000e+00  0.000000e+00  2.863604e-01  2.012356e+00  9.075281e-04  8.916982e-01  0.000000e+00  0.000000e+00  2.863604e-01  0.000000e+00  0.000000e+00  -3.687562e-01  0.000000e+00  0.000000e+00  2.863604e-01  0.000000e+00  0.000000e+00  -3.687562e-01  0.000000e+00  0.000000e+00  2.863604e-01  
2.022147e+00  2.408898e-04  8.963310e-01  0.000000e+00  0.000000e+00  2.795441e-01  0.000000e+00  0.000000e+00  -3.703840e-01  0.000000e+00  0.000000e+00  2.795441e-01  0.000000e+00  0.000000e+00  -3.703840e-01  0.000000e+00  0.000000e+00  2.795441e-01  2.022147e+00  2.408898e-04  8.963310e-01  0.000000e+00  0.000000e+00  2.795441e-01  0.000000e+00  0.000000e+00  -3.703840e-01  0.000000e+00  0.000000e+00  2.795441e-01  0.000000e+00  0.000000e+00  -3.703840e-01  0.000000e+00  0.000000e+00  2.795441e-01  
2.039458e+00  3.871443e-03  8.818812e-01  0.000000e+00  0.000000e+00  2.761396e-01  0.000000e+00  0.000000e+00  -3.717541e-01  0.000000e+00  0.000000e+00  2.761396e-01  0.000000e+00  0.000000e+00  -3.717541e-01  0.000000e+00  0.000000e+00  2.761396e-01  2.039458e+00  3.871443e-03  8.818812e-01  0.000000e+00  0.000000e+00  2.761396e-01  0.000000e+00  0.000000e+00  -3.717541e-01  0.000000e+00  0.000000e+00  2.761396e-01  0.000000e+00  0.000000e+00  -3.717541e-01  0.000000e+00  0.000000e+00  2.761396e-01  
2.004345e+00  1.579950e-03  8.713772e-01  0.000000e+00  0.000000e+00  2.960655e-01  0.000000e+00  0.000000e+00  -3.692368e-01  0.000000e+00  0.000000e+00  2.960655e-01  0.000000e+00  0.000000e+00  -3.692368e-01  0.000000e+00  0.000000e+00  2.960655e-01  2.004345e+00  1.579950e-03  8.713772e-01  0.000000e+00  0.000000e+00  2.960655e-01  0.000000e+00  0.000000e+00  -3.692368e-01  0.000000e+00  0.000000e+00  2.960655e-01  0.000000e+00  0.000000e+00  -3.692368e-01  0.000000e+00  0.000000e+00  2.960655e-01  
2.046858e+00  2.551161e-03  8.887303e-01  0.000000e+00  0.000000e+00  2.832642e-01  0.000000e+00  0.000000e+00  -3.729946e-01  0.000000e+00  0.000000e+00  2.832642e-01  0.000000e+00  0.000000e+00  -3.729946e-01  0.000000e+00  0.000000e+00  2.832642e-01  2.046858e+00  2.551161e-03  8.887303e-01  0.000000e+00  0.000000e+00  2.832642e-01  0.000000e+00  0.000000e+00  -3.729946e-01  0.000000e+00  0.000000e+00  2.832642e-01  0.000000e+00  0.000000e+00  -3.729946e-01  0.000000e+00  0.000000e+00  2.832642e-01  
2.021750e+00  1.249986e-03  8.842190e-01  0.000000e+00  0.000000e+00  2.683214e-01  0.000000e+00  0.000000e+00  -3.717427e-01  0.000000e+00  0.000000e+00  2.683214e-01  0.000000e+00  0.000000e+00  -3.717427e-01  0.000000e+00  0.000000e+00  2.683214e-01  2.021750e+00  1.249986e-03  8.842190e-01  0.000000e+00  0.000000e+00  2.683214e-01  0.000000e+00  0.000000e+00  -3.717427e-01  0.000000e+00  0.000000e+00  2.683214e-01  0.000000e+00  0.000000e+00  -3.717427e-01  0.000000e+00  0.000000e+00  2.683214e-01  
2.050045e+00  3.887431e-05  9.026108e-01  0.000000e+00  0.000000e+00  2.685182e-01  0.000000e+00  0.000000e+00  -3.725885e-01  0.000000e+00  0.000000e+00  2.685182e-01  0.000000e+00  0.000000e+00  -3.725885e-01  0.000000e+00  0.000000e+00  2.685182e-01  2.050045e+00  3.887431e-05  9.026108e-01  0.000000e+00  0.000000e+00  2.685182e-01  0.000000e+00  0.000000e+00  -3.725885e-01  0.000000e+00  0.000000e+00  2.685182e-01  0.000000e+00  0.000000e+00  -3.725885e-01  0.000000e+00  0.000000e+00  2.685182e-01  
2.046274e+00  6.768844e-04  8.975056e-01  0.000000e+00  0.000000e+00  2.873517e-01  0.000000e+00  0.000000e+00  -3.723323e-01  0.000000e+00  0.000000e+00  2.873517e-01  0.000000e+00  0.000000e+00  -3.723323e-01  0.000000e+00  0.000000e+00  2.873517e-01  2.046274e+00  6.768844e-04  8.975056e-01  0.000000e+00  0.000000e+00  2.873517e-01  0.000000e+00  0.000000e+00  -3.723323e-01  0.000000e+00  0.000000e+00  2.873517e-01  0.000000e+00  0.000000e+00  -3.723323e-01  0.000000e+00  0.000000e+00  2.873517e-01  
2.040355e+00  1.600502e-03  9.044422e-01  0.000000e+00  0.000000e+00  2.936664e-01  0.000000e+00  0.000000e+00  -3.719097e-01  0.000000e+00  0.000000e+00  2.936664e-01  0.000000e+00  0.000000e+00  -3.719097e-01  0.000000e+00  0.000000e+00  2.936664e-01  2.040355e+00  1.600502e-03  9.044422e-01  0.000000e+00  0.000000e+00  2.936664e-01  0.000000e+00  0.000000e+00  -3.719097e-01  0.000000e+00  0.000000e+00  2.936664e-01  0.000000e+00  0.000000e+00  -3.719097e-01  0.000000e+00  0.000000e+00  2.936664e-01  
2.041886e+00  3.231463e-04  9.082485e-01  0.000000e+00  0.000000e+00  2.961606e-01  0.000000e+00  0.000000e+00  -3.703659e-01  0.000000e+00  0.000000e+00  2.961606e-01  0.000000e+00  0.000000e+00  -3.703659e-01  0.000000e+00  0.000000e+00  2.961606e-01  2.041886e+00  3.231463e-04  9.082485e-01  0.000000e+00  0.000000e+00  2.961606e-01  0.000000e+00  0.000000e+00  -3.703659e-01  0.000000e+00  0.000000e+00  2.961606e-01  0.000000e+00  0.000000e+00  -3.703659e-01  0.000000e+00  0.000000e+00  2.961606e-01  
2.026118e+00  2.445548e-04  8.904229e-01  0.000000e+00  0.000000e+00  2.760484e-01  0.000000e+00  0.000000e+00  -3.700795e-01  0.000000e+00  0.000000e+00  2.760484e-01  0.000000e+00  0.000000e+00  -3.700795e-01  0.000000e+00  0.000000e+00  2.760484e-01  2.026118e+00  2.445548e-04  8.904229e-01  0.000000e+00  0.000000e+00  2.760484e-01  0.000000e+00  0.000000e+00  -3.700795e-01  0.000000e+00  0.000000e+00  2.760484e-01  0.000000e+00  0.000000e+00  -3.700795e-01  0.000000e+00  0.000000e+00  2.760484e-01  
2.057785e+00  1.618843e-03  9.032165e-01  0.000000e+00  0.000000e+00  2.874718e-01  0.000000e+00  0.000000e+00  -3.691691e-01  0.000000e+00  0.000000e+00  2.874718e-01  0.000000e+00  0.000000e+00  -3.691691e-01  0.000000e+00  0.000000e+00  2.874718e-01  2.057785e+00  1.618843e-03  9.032165e-01  0.000000e+00  0.000000e+00  2.874718e-01  0.000000e+00  0.000000e+00  -3.691691e-01  0.000000e+00  0.000000e+00  2.874718e-01  0.000000e+00  0.000000e+00  -3.691691e-01  0.000000e+00  0.000000e+00  2.874718e-01  
1.994663e+00  7.286134e-04  8.772994e-01  0.000000e+00  0.000000e+00  2.862333e-01  0.000000e+00  0.000000e+00  -3.715596e-01  0.000000e+00  0.000000e+00  2.862333e-01  0.000000e+00  0.000000e+00  -3.715596e-01  0.000000e+00  0.000000e+00  2.862333e-01  1.994663e+00  7.286134e-04  8.772994e-01  0.000000e+00  0.000000e+00  2.862333e-01  0.000000e+00  0.000000e+00  -3.715596e-01  0.000000e+00  0.000000e+00  2.862333e-01  0.000000e+00  0.000000e+00  -3.715596e-01  0.000000e+00  0.000000e+00  2.862333e-01  
1.972565e+00  5.925878e-03  8.513580e-01  0.000000e+00  0.000000e+00  3.041276e-01  0.000000e+00  0.000000e+00  -3.696513e-01  0.000000e+00  0.000000e+00  3.041276e-01  0.000000e+00  0.000000e+00  -3.696513e-01  0.000000e+00  0.000000e+00  3.041276e-01  1.972565e+00  5.925878e-03  8.513580e-01  0.000000e+00  0.000000e+00  3.041276e-01  0.000000e+00  0.000000e+00  -3.696513e-01  0.000000e+00  0.000000e+00  3.041276e-01  0.000000e+00  0.000000e+00  -3.696513e-01  0.000000e+00  0.000000e+00  3.041276e-01  
2.025663e+00  2.077031e-03  8.766492e-01  0.000000e+00  0.000000e+00  2.797022e-01  0.000000e+00  0.000000e+00  -3.698798e-01  0.000000e+00  0.000000e+00  2.797022e-01  0.000000e+00  0.000000e+00  -3.698798e-01  0.000000e+00  0.000000e+00  2.797022e-01  2.025663e+00  2.077031e-03  8.766492e-01  0.000000e+00  0.000000e+00  2.797022e-01  0.000000e+00  0.000000e+00  -3.698798e-01  0.000000e+00  0.000000e+00  2.797022e-01  0.000000e+00  0.000000e+00  -3.698798e-01  0.000000e+00  0.000000e+00  2.797022e-01  
1.998629e+00  5.510123e-03  8.539070e-01  0.000000e+00  0.000000e+00  2.960125e-01  0.000000e+00  0.000000e+00  -3.712421e-01  0.000000e+00  0.000000e+00  2.960125e-01  0.000000e+00  0.000000e+00  -3.712421e-01  0.000000e+00  0.000000e+00  2.960125e-01  1.998629e+00  5.510123e-03  8.539070e-01  0.000000e+00  0.000000e+00  2.960125e-01  0.000000e+00  0.000000e+00  -3.712421e-01  0.000000e+00  0.000000e+00  2.960125e-01  0.000000e+00  0.000000e+00  -3.712421e-01  0.000000e+00  0.000000e+00  2.960125e-01  
2.077410e+00  9.603210e-04  8.947354e-01  0.000000e+00  0.000000e+00  2.893178e-01  0.000000e+00  0.000000e+00  -3.790511e-01  0.000000e+00  0.000000e+00  2.893178e-01  0.000000e+00  0.000000e+00  -3.790511e-01  0.000000e+00  0.000000e+00  2.893178e-01  2.077410e+00  9.603210e-04  8.947354e-01  0.000000e+00  0.000000e+00  2.893178e-01  0.000000e+00  0.000000e+00  -3.790511e-01  0.000000e+00  0.000000e+00  2.893178e-01  0.000000e+00  0.000000e+00  -3.790511e-01  0.000000e+00  0.000000e+00  2.893178e-01  
2.128078e+00  8.440324e-03  9.086565e-01  0.000000e+00  0.000000e+00  2.939548e-01  0.000000e+00  0.000000e+00  -3.749073e-01  0.000000e+00  0.000000e+00  2.939548e-01  0.000000e+00  0.000000e+00  -3.749073e-01  0.000000e+00  0.000000e+00  2.939548e-01  2.128078e+00  8.440324e-03  9.086565e-01  0.000000e+00  0.000000e+00  2.939548e-01  0.000000e+00  0.000000e+00  -3.749073e-01  0.000000e+00  0.000000e+00  2.939548e-01  0.000000e+00  0.000000e+00  -3.749073e-01  0.000000e+00  0.000000e+00  2.939548e-01  
2.042040e+00  1.296704e-03  9.102400e-01  0.000000e+00  0.000000e+00  2.919590e-01  0.000000e+00  0.000000e+00  -3.701870e-01  0.000000e+00  0.000000e+00  2.919590e-01  0.000000e+00  0.000000e+00  -3.701870e-01  0.000000e+00  0.000000e+00  2.919590e-01  2.042040e+00  1.296704e-03  9.102400e-01  0.000000e+00  0.000000e+00  2.919590e-01  0.000000e+00  0.000000e+00  -3.701870e-01  0.000000e+00  0.000000e+00  2.919590e-01  0.000000e+00  0.000000e+00  -3.701870e-01  0.000000e+00  0.000000e+00  2.919590e-01  
2.037108e+00  4.325005e-03  8.965355e-01  0.000000e+00  0.000000e+00  2.774768e-01  0.000000e+00  0.000000e+00  -3.674678e-01  0.000000e+00  0.000000e+00  2.774768e-01  0.000000e+00  0.000000e+00  -3.674678e-01  0.000000e+00  0.000000e+00  2.774768e-01  2.037108e+00  4.325005e-03  8.965355e-01  0.000000e+00  0.000000e+00  2.774768e-01  0.000000e+00  0.000000e+00  -3.674678e-01  0.000000e+00  0.000000e+00  2.774768e-01  0.000000e+00  0.000000e+00  -3.674678e-01  0.000000e+00  0.000000e+00  2.774768e-01  
1.975075e+00  6.281676e-05  8.967496e-01  0.000000e+00  0.000000e+00  2.759750e-01  0.000000e+00  0.000000e+00  -3.676190e-01  0.000000e+00  0.000000e+00  2.759750e-01  0.000000e+00  0.000000e+00  -3.676190e-01  0.000000e+00  0.000000e+00  2.759750e-01  1.975075e+00  6.281676e-05  8.967496e-01  0.000000e+00  0.000000e+00  2.759750e-01  0.000000e+00  0.000000e+00  -3.676190e-01  0.000000e+00  0.000000e+00  2.759750e-01  0.000000e+00  0.000000e+00  -3.676190e-01  0.000000e+00  0.000000e+00  2.759750e-01  
2.023664e+00  7.615967e-03  8.962770e-01  0.000000e+00  0.000000e+00  2.772931e-01  0.000000e+00  0.000000e+00  -3.661432e-01  0.000000e+00  0.000000e+00  2.772931e-01  0.000000e+00  0.000000e+00  -3.661432e-01  0.000000e+00  0.000000e+00  2.772931e-01  2.023664e+00  7.615967e-03  8.962770e-01  0.000000e+00  0.000000e+00  2.772931e-01  0.000000e+00  0.000000e+00  -3.661432e-01  0.000000e+00  0.000000e+00  2.772931e-01  0.000000e+00  0.000000e+00  -3.661432e-01  0.000000e+00  0.000000e+00  2.772931e-01  
2.006439e+00  1.542749e-03  8.898488e-01  0.000000e+00  0.000000e+00  2.826586e-01  0.000000e+00  0.000000e+00  -3.684813e-01  0.000000e+00  0.000000e+00  2.826586e-01  0.000000e+00  0.000000e+00  -3.684813e-01  0.000000e+00  0.000000e+00  2.826586e-01  2.006439e+00  1.542749e-03  8.898488e-01  0.000000e+00  0.000000e+00  2.826586e-01  0.000000e+00  0.000000e+00  -3.684813e-01  0.000000e+00  0.000000e+00  2.826586e-01  0.000000e+00  0.000000e+00  -3.684813e-01  0.000000e+00  0.000000e+00  2.826586e-01  
2.032534e+00  9.176360e-03  8.798972e-01  0.000000e+00  0.000000e+00  2.675404e-01  0.000000e+00  0.000000e+00  -3.697254e-01  0.000000e+00  0.000000e+00  2.675404e-01  0.000000e+00  0.000000e+00  -3.697254e-01  0.000000e+00  0.000000e+00  2.675404e-01  2.032534e+00  9.176360e-03  8.798972e-01  0.000000e+00  0.000000e+00  2.675404e-01  0.000000e+00  0.000000e+00  -3.697254e-01  0.000000e+00  0.000000e+00  2.675404e-01  0.000000e+00  0.000000e+00  -3.697254e-01  0.000000e+00  0.000000e+00  2.675404e-01  
2.005341e+00  4.897126e-03  8.898889e-01  0.000000e+00  0.000000e+00  2.826535e-01  0.000000e+00  0.000000e+00  -3.677626e-01  0.000000e+00  0.000000e+00  2.826535e-01  0.000000e+00  0.000000e+00  -3.677626e-01  0.000000e+00  0.000000e+00  2.826535e-01  2.005341e+00  4.897126e-03  8.898889e-01  0.000000e+00  0.000000e+00  2.826535e-01  0.000000e+00  0.000000e+00  -3.677626e-01  0.000000e+00  0.000000e+00  2.826535e-01  0.000000e+00  0.000000e+00  -3.677626e-01  0.000000e+00  0.000000e+00  2.826535e-01  
1.996098e+00  1.511564e-03  9.077053e-01  0.000000e+00  0.000000e+00  2.706796e-01  0.000000e+00  0.000000e+00  -3.663340e-01  0.000000e+00  0.000000e+00  2.706796e-01  0.000000e+00  0.000000e+00  -3.663340e-01  0.000000e+00  0.000000e+00  2.706796e-01  1.996098e+00  1.511564e-03  9.077053e-01  0.000000e+00  0.000000e+00  2.706796e-01  0.000000e+00  0.000000e+00  -3.663340e-01  0.000000e+00  0.000000e+00  2.706796e-01  0.000000e+00  0.000000e+00  -3.663340e-01  0.000000e+00  0.000000e+00  2.706796e-01  
2.052643e+00  6.733826e-03  8.864022e-01  0.000000e+00  0.000000e+00  3.047560e-01  0.000000e+00  0.000000e+00  -3.665574e-01  0.000000e+00  0.000000e+00  3.047560e-01  0.000000e+00  0.000000e+00  -3.665574e-01  0.000000e+00  0.000000e+00  3.047560e-01  2.052643e+00  6.733826e-03  8.864022e-01  0.000000e+00  0.000000e+00  3.047560e-01  0.000000e+00  0.000000e+00  -3.665574e-01  0.000000e+00  0.000000e+00  3.047560e-01  0.000000e+00  0.000000e+00  -3.665574e-01  0.000000e+00  0.000000e+00  3.047560e-01  
2.027874e+00  9.992222e-03  8.882563e-01  0.000000e+00  0.000000e+00  2.647923e-01  0.000000e+00  0.000000e+00  -3.693368e-01  0.000000e+00  0.000000e+00  2.647923e-01  0.000000e+00  0.000000e+00  -3.693368e-01  0.000000e+00  0.000000e+00  2.647923e-01  2.027874e+00  9.992222e-03  8.882563e-01  0.000000e+00  0.000000e+00  2.647923e-01  0.000000e+00  0.000000e+00  -3.693368e-01  0.000000e+00  0.000000e+00  2.647923e-01  0.000000e+00  0.000000e+00  -3.693368e-01  0.000000e+00  0.000000e+00  2.647923e-01  
2.044331e+00  1.046429e-02  8.925135e-01  0.000000e+00  0.000000e+00  2.823874e-01  0.000000e+00  0.000000e+00  -3.674901e-01  0.000000e+00  0.000000e+00  2.823874e-01  0.000000e+00  0.000000e+00  -3.674901e-01  0.000000e+00  0.000000e+00  2.823874e-01  2.044331e+00  1.046429e-02  8.925135e-01  0.000000e+00  0.000000e+00  2.823874e-01  0.000000e+00  0.000000e+00  -3.674901e-01  0.000000e+00  0.000000e+00  2.823874e-01  0.000000e+00  0.000000e+00  -3.674901e-01  0.000000e+00  0.000000e+00  2.823874e-01  
2.025963e+00  8.579842e-03  8.875561e-01  0.000000e+00  0.000000e+00  2.529770e-01  0.000000e+00  0.000000e+00  -3.700093e-01  0.000000e+00  0.000000e+00  2.529770e-01  0.000000e+00  0.000000e+00  -3.700093e-01  0.000000e+00  0.000000e+00  2.529770e-01  2.025963e+00  8.579842e-03  8.875561e-01  0.000000e+00  0.000000e+00  2.529770e-01  0.000000e+00  0.000000e+00  -3.700093e-01  0.000000e+00  0.000000e+00  2.529770e-01  0.000000e+00  0.000000e+00  -3.700093e-01  0.000000e+00  0.000000e+00  2.529770e-01  
1.987018e+00  4.305454e-03  8.890428e-01  0.000000e+00  0.000000e+00  3.171618e-01  0.000000e+00  0.000000e+00  -3.748206e-01  0.000000e+00  0.000000e+00  3.171618e-01  0.000000e+00  0.000000e+00  -3.748206e-01  0.000000e+00  0.000000e+00  3.171618e-01  1.987018e+00  4.305454e-03  8.890428e-01  0.000000e+00  0.000000e+00  3.171618e-01  0.000000e+00  0.000000e+00  -3.748206e-01  0.000000e+00  0.000000e+00  3.171618e-01  0.000000e+00  0.000000e+00  -3.748206e-01  0.000000e+00  0.000000e+00  3.171618e-01  
2.102388e+00  1.259746e-02  8.590786e-01  0.000000e+00  0.000000e+00  2.817628e-01  0.000000e+00  0.000000e+00  -3.682972e-01  0.000000e+00  0.000000e+00  2.817628e-01  0.000000e+00  0.000000e+00  -3.682972e-01  0.000000e+00  0.000000e+00  2.817628e-01  2.102388e+00  1.259746e-02  8.590786e-01  0.000000e+00  0.000000e+00  2.817628e-01  0.000000e+00  0.000000e+00  -3.682972e-01  0.000000e+00  0.000000e+00  2.817628e-01  0.000000e+00  0.000000e+00  -3.682972e-01  0.000000e+00  0.000000e+00  2.817628e-01  
2.061029e+00  6.988063e-03  8.941985e-01  0.000000e+00  0.000000e+00  2.901121e-01  0.000000e+00  0.000000e+00  -3.631891e-01  0.000000e+00  0.000000e+00  2.901121e-01  0.000000e+00  0.000000e+00  -3.631891e-01  0.000000e+00  0.000000e+00  2.901121e-01  2.061029e+00  6.988063e-03  8.941985e-01  0.000000e+00  0.000000e+00  2.901121e-01  0.000000e+00  0.000000e+00  -3.631891e-01  0.000000e+00  0.000000e+00  2.901121e-01  0.000000e+00  0.000000e+00  -3.631891e-01  0.000000e+00  0.000000e+00  2.901121e-01  
1.998950e+00  2.433355e-04  8.877127e-01  0.000000e+00  0.000000e+00  2.684334e-01  0.000000e+00  0.000000e+00  -3.611415e-01  0.000000e+00  0.000000e+00  2.684334e-01  0.000000e+00  0.000000e+00  -3.611415e-01  0.000000e+00  0.000000e+00  2.684334e-01  1.998950e+00  2.433355e-04  8.877127e-01  0.000000e+00  0.000000e+00  2.684334e-01  0.000000e+00  0.000000e+00  -3.611415e-01  0.000000e+00  0.000000e+00  2.684334e-01  0.000000e+00  0.000000e+00  -3.611415e-01  0.000000e+00  0.000000e+00  2.684334e-01  
2.038564e+00  8.408221e-03  8.806694e-01  0.000000e+00  0.000000e+00  2.451084e-01  0.000000e+00  0.000000e+00  -3.618011e-01  0.000000e+00  0.000000e+00  2.451084e-01  0.000000e+00  0.000000e+00  -3.618011e-01  0.000000e+00  0.000000e+00  2.451084e-01  2.038564e+00  8.408221e-03  8.806694e-01  0.000000e+00  0.000000e+00  2.451084e-01  0.000000e+00  0.000000e+00  -3.618011e-01  0.000000e+00  0.000000e+00  2.451084e-01  0.000000e+00  0.000000e+00  -3.618011e-01  0.000000e+00  0.000000e+00  2.451084e-01  
2.070245e+00  1.007380e-02  8.863792e-01  0.000000e+00  0.000000e+00  2.929346e-01  0.000000e+00  0.000000e+00  -3.692144e-01  0.000000e+00  0.000000e+00  2.929346e-01  0.000000e+00  0.000000e+00  -3.692144e-01  0.000000e+00  0.000000e+00  2.929346e-01  2.070245e+00  1.007380e-02  8.863792e-01  0.000000e+00  0.000000e+00  2.929346e-01  0.000000e+00  0.000000e+00  -3.692144e-01  0.000000e+00  0.000000e+00  2.929346e-01  0.000000e+00  0.000000e+00  -3.692144e-01  0.000000e+00  0.000000e+00  2.929346e-01  
2.040218e+00  5.665155e-03  9.059371e-01  0.000000e+00  0.000000e+00  2.968540e-01  0.000000e+00  0.000000e+00  -3.664290e-01  0.000000e+00  0.000000e+00  2.968540e-01  0.000000e+00  0.000000e+00  -3.664290e-01  0.000000e+00  0.000000e+00  2.968540e-01  2.040218e+00  5.665155e-03  9.059371e-01  0.000000e+00  0.000000e+00  2.968540e-01  0.000000e+00  0.000000e+00  -3.664290e-01  0.000000e+00  0.000000e+00  2.968540e-01  0.000000e+00  0.000000e+00  -3.664290e-01  0.000000e+00  0.000000e+00  2.968540e-01  
2.166169e+00  1.029665e-02  8.886877e-01  0.000000e+00  0.000000e+00  2.541645e-01  0.000000e+00  0.000000e+00  -3.704537e-01  0.000000e+00  0.000000e+00  2.541645e-01  0.000000e+00  0.000000e+00  -3.704537e-01  0.000000e+00  0.000000e+00  2.541645e-01  2.166169e+00  1.029665e-02  8.886877e-01  0.000000e+00  0.000000e+00  2.541645e-01  0.000000e+00  0.000000e+00  -3.704537e-01  0.000000e+00  0.000000e+00  2.541645e-01  0.000000e+00  0.000000e+00  -3.704537e-01  0.000000e+00  0.000000e+00  2.541645e-01  
2.049426e+00  1.276494e-02  8.635834e-01  0.000000e+00  0.000000e+00  2.661121e-01  0.000000e+00  0.000000e+00  -3.639022e-01  0.000000e+00  0.000000e+00  2.661121e-01  0.000000e+00  0.000000e+00  -3.639022e-01  0.000000e+00  0.000000e+00  2.661121e-01  2.049426e+00  1.276494e-02  8.635834e-01  0.000000e+00  0.000000e+00  2.661121e-01  0.000000e+00  0.000000e+00  -3.639022e-01  0.000000e+00  0.000000e+00  2.661121e-01  0.000000e+00  0.000000e+00  -3.639022e-01  0.000000e+00  0.000000e+00  2.661121e-01  
2.111806e+00  1.527681e-02  8.981318e-01  0.000000e+00  0.000000e+00  2.485730e-01  0.000000e+00  0.000000e+00  -3.649772e-01  0.000000e+00  0.000000e+00  2.485730e-01  0.000000e+00  0.000000e+00  -3.649772e-01  0.000000e+00  0.000000e+00  2.485730e-01  2.111806e+00  1.527681e-02  8.981318e-01  0.000000e+00  0.000000e+00  2.485730e-01  0.000000e+00  0.000000e+00  -3.649772e-01  0.000000e+00  0.000000e+00  2.485730e-01  0.000000e+00  0.000000e+00  -3.649772e-01  0.000000e+00  0.000000e+00  2.485730e-01  
2.021463e+00  9.643999e-03  8.969330e-01  0.000000e+00  0.000000e+00  2.879963e-01  0.000000e+00  0.000000e+00  -3.591944e-01  0.000000e+00  0.000000e+00  2.879963e-01  0.000000e+00  0.000000e+00  -3.591944e-01  0.000000e+00  0.000000e+00  2.879963e-01  2.021463e+00  9.643999e-03  8.969330e-01  0.000000e+00  0.000000e+00  2.879963e-01  0.000000e+00  0.000000e+00  -3.591944e-01  0.000000e+00  0.000000e+00  2.879963e-01  0.000000e+00  0.000000e+00  -3.591944e-01  0.000000e+00  0.000000e+00  2.879963e-01  
2.049176e+00  1.992231e-03  9.144927e-01  0.000000e+00  0.000000e+00  2.648780e-01  0.000000e+00  0.000000e+00  -3.701704e-01  0.000000e+00  0.000000e+00  2.648780e-01  0.000000e+00  0.000000e+00  -3.701704e-01  0.000000e+00  0.000000e+00  2.648780e-01  2.049176e+00  1.992231e-03  9.144927e-01  0.000000e+00  0.000000e+00  2.648780e-01  0.000000e+00  0.000000e+00  -3.701704e-01  0.000000e+00  0.000000e+00  2.648780e-01  0.000000e+00  0.000000e+00  -3.701704e-01  0.000000e+00  0.000000e+00  2.648780e-01  
2.052085e+00  1.451166e-02  8.711965e-01  0.000000e+00  0.000000e+00  2.526995e-01  0.000000e+00  0.000000e+00  -3.695250e-01  0.000000e+00  0.000000e+00  2.526995e-01  0.000000e+00  0.000000e+00  -3.695250e-01  0.000000e+00  0.000000e+00  2.526995e-01  2.052085e+00  1.451166e-02  8.711965e-01  0.000000e+00  0.000000e+00  2.526995e-01  0.000000e+00  0.000000e+00  -3.695250e-01  0.000000e+00  0.000000e+00  2.526995e-01  0.000000e+00  0.000000e+00  -3.695250e-01  0.000000e+00  0.000000e+00  2.526995e-01  
2.048247e+00  3.650796e-03  9.003786e-01  0.000000e+00  0.000000e+00  2.800536e-01  0.000000e+00  0.000000e+00  -3.702780e-01  0.000000e+00  0.000000e+00  2.800536e-01  0.000000e+00  0.000000e+00  -3.702780e-01  0.000000e+00  0.000000e+00  2.800536e-01  2.048247e+00  3.650796e-03  9.003786e-01  0.000000e+00  0.000000e+00  2.800536e-01  0.000000e+00  0.000000e+00  -3.702780e-01  0.000000e+00  0.000000e+00  2.800536e-01  0.000000e+00  0.000000e+00  -3.702780e-01  0.000000e+00  0.000000e+00  2.800536e-01  
2.048856e+00  8.938800e-05  8.926189e-01  0.000000e+00  0.000000e+00  2.645206e-01  0.000000e+00  0.000000e+00  -3.629074e-01  0.000000e+00  0.000000e+00  2.645206e-01  0.000000e+00  0.000000e+00  -3.629074e-01  0.000000e+00  0.000000e+00  2.645206e-01  2.048856e+00  8.938800e-05  8.926189e-01  0.000000e+00  0.000000e+00  2.645206e-01  0.000000e+00  0.000000e+00  -3.629074e-01  0.000000e+00  0.000000e+00  2.645206e-01  0.000000e+00  0.000000e+00  -3.629074e-01  0.000000e+00  0.000000e+00  2.645206e-01  
2.074801e+00  6.779570e-04  9.091481e-01  0.000000e+00  0.000000e+00  2.605804e-01  0.000000e+00  0.000000e+00  -3.668293e-01  0.000000e+00  0.000000e+00  2.605804e-01  0.000000e+00  0.000000e+00  -3.668293e-01  0.000000e+00  0.000000e+00  2.605804e-01  2.074801e+00  6.779570e-04  9.091481e-01  0.000000e+00  0.000000e+00  2.605804e-01  0.000000e+00  0.000000e+00  -3.668293e-01  0.000000e+00  0.000000e+00  2.605804e-01  0.000000e+00  0.000000e+00  -3.668293e-01  0.000000e+00  0.000000e+00  2.605804e-01  
2.102250e+00  1.454214e-02  8.917337e-01  0.000000e+00  0.000000e+00  2.653579e-01  0.000000e+00  0.000000e+00  -3.609881e-01  0.000000e+00  0.000000e+00  2.653579e-01  0.000000e+00  0.000000e+00  -3.609881e-01  0.000000e+00  0.000000e+00  2.653579e-01  2.102250e+00  1.454214e-02  8.917337e-01  0.000000e+00  0.000000e+00  2.653579e-01  0.000000e+00  0.000000e+00  -3.609881e-01  0.000000e+00  0.000000e+00  2.653579e-01  0.000000e+00  0.000000e+00  -3.609881e-01  0.000000e+00  0.000000e+00  2.653579e-01  
1.973648e+00  4.711475e-03  8.435861e-01  0.000000e+00  0.000000e+00  2.669474e-01  0.000000e+00  0.000000e+00  -3.686819e-01  0.000000e+00  0.000000e+00  2.669474e-01  0.000000e+00  0.000000e+00  -3.686819e-01  0.000000e+00  0.000000e+00  2.669474e-01  1.973648e+00  4.711475e-03  8.435861e-01  0.000000e+00  0.000000e+00  2.669474e-01  0.000000e+00  0.000000e+00  -3.686819e-01  0.000000e+00  0.000000e+00  2.669474e-01  0.000000e+00  0.000000e+00  -3.686819e-01  0.000000e+00  0.000000e+00  2.669474e-01  
1.965228e+00  6.835942e-04  8.755427e-01  0.000000e+00  0.000000e+00  2.931331e-01  0.000000e+00  0.000000e+00  -3.573016e-01  0.000000e+00  0.000000e+00  2.931331e-01  0.000000e+00  0.000000e+00  -3.573016e-01  0.000000e+00  0.000000e+00  2.931331e-01  1.965228e+00  6.835942e-04  8.755427e-01  0.000000e+00  0.000000e+00  2.931331e-01  0.000000e+00  0.000000e+00  -3.573016e-01  0.000000e+00  0.000000e+00  2.931331e-01  0.000000e+00  0.000000e+00  -3.573016e-01  0.000000e+00  0.000000e+00  2.931331e-01  
2.076587e+00  1.563844e-02  8.478184e-01  0.000000e+00  0.000000e+00  2.567903e-01  0.000000e+00  0.000000e+00  -3.717023e-01  0.000000e+00  0.000000e+00  2.567903e-01  0.000000e+00  0.000000e+00  -3.717023e-01  0.000000e+00  0.000000e+00  2.567903e-01  2.076587e+00  1.563844e-02  8.478184e-01  0.000000e+00  0.000000e+00  2.567903e-01  0.000000e+00  0.000000e+00  -3.717023e-01  0.000000e+00  0.000000e+00  2.567903e-01  0.000000e+00  0.000000e+00  -3.717023e-01  0.000000e+00  0.000000e+00  2.567903e-01  
2.012135e+00  1.995531e-03  8.685105e-01  0.000000e+00  0.000000e+00  2.634849e-01  0.000000e+00  0.000000e+00  -3.685498e-01  0.000000e+00  0.000000e+00  2.634849e-01  0.000000e+00  0.000000e+00  -3.685498e-01  0.000000e+00  0.000000e+00  2.634849e-01  2.012135e+00  1.995531e-03  8.685105e-01  0.000000e+00  0.000000e+00  2.634849e-01  0.000000e+00  0.000000e+00  -3.685498e-01  0.000000e+00  0.000000e+00  2.634849e-01  0.000000e+00  0.000000e+00  -3.685498e-01  0.000000e+00  0.000000e+00  2.634849e-01  
2.106115e+00  5.145693e-03  9.229302e-01  0.000000e+00  0.000000e+00  2.914009e-01  0.000000e+00  0.000000e+00  -3.612728e-01  0.000000e+00  0.000000e+00  2.914009e-01  0.000000e+00  0.000000e+00  -3.612728e-01  0.000000e+00  0.000000e+00  2.914009e-01  2.106115e+00  5.145693e-03  9.229302e-01  0.000000e+00  0.000000e+00  2.914009e-01  0.000000e+00  0.000000e+00  -3.612728e-01  0.000000e+00  0.000000e+00  2.914009e-01  0.000000e+00  0.000000e+00  -3.612728e-01  0.000000e+00  0.000000e+00  2.914009e-01  
1.949729e+00  9.693200e-04  8.383830e-01  0.000000e+00  0.000000e+00  2.489498e-01  0.000000e+00  0.000000e+00  -3.717381e-01  0.000000e+00  0.000000e+00  2.489498e-01  0.000000e+00  0.000000e+00  -3.717381e-01  0.000000e+00  0.000000e+00  2.489498e-01  1.949729e+00  9.693200e-04  8.383830e-01  0.000000e+00  0.000000e+00  2.489498e-01  0.000000e+00  0.000000e+00  -3.717381e-01  0.000000e+00  0.000000e+00  2.489498e-01  0.000000e+00  0.000000e+00  -3.717381e-01  0.000000e+00  0.000000e+00  2.489498e-01  
2.000887e+00  1.736183e-02  8.438471e-01  0.000000e+00  0.000000e+00  3.164580e-01  0.000000e+00  0.000000e+00  -3.627839e-01  0.000000e+00  0.000000e+00  3.164580e-01  0.000000e+00  0.000000e+00  -3.627839e-01  0.000000e+00  0.000000e+00  3.164580e-01  2.000887e+00  1.736183e-02  8.438471e-01  0.000000e+00  0.000000e+00  3.164580e-01  0.000000e+00  0.000000e+00  -3.627839e-01  0.000000e+00  0.000000e+00  3.164580e-01  0.000000e+00  0.000000e+00  -3.627839e-01  0.000000e+00  0.000000e+00  3.164580e-01  
2.033531e+00  8.030016e-03  8.465383e-01  0.000000e+00  0.000000e+00  3.194163e-01  0.000000e+00  0.000000e+00  -3.662092e-01  0.000000e+00  0.000000e+00  3.194163e-01  0.000000e+00  0.000000e+00  -3.662092e-01  0.000000e+00  0.000000e+00  3.194163e-01  2.033531e+00  8.030016e-03  8.465383e-01  0.000000e+00  0.000000e+00  3.194163e-01  0.000000e+00  0.000000e+00  -3.662092e-01  0.000000e+00  0.000000e+00  3.194163e-01  0.000000e+00  0.000000e+00  -3.662092e-01  0.000000e+00  0.000000e+00  3.194163e-01  
2.034847e+00  3.868054e-03  8.997869e-01  0.000000e+00  0.000000e+00  2.805740e-01  0.000000e+00  0.000000e+00  -3.676034e-01  0.000000e+00  0.000000e+00  2.805740e-01  0.000000e+00  0.000000e+00  -3.676034e-01  0.000000e+00  0.000000e+00  2.805740e-01  2.034847e+00  3.868054e-03  8.997869e-01  0.000000e+00  0.000000e+00  2.805740e-01  0.000000e+00  0.000000e+00  -3.676034e-01  0.000000e+00  0.000000e+00  2.805740e-01  0.000000e+00  0.000000e+00  -3.676034e-01  0.000000e+00  0.000000e+00  2.805740e-01  
1.944738e+00  5.751590e-03  8.694025e-01  0.000000e+00  0.000000e+00  2.921571e-01  0.000000e+00  0.000000e+00  -3.603989e-01  0.000000e+00  0.000000e+00  2.921571e-01  0.000000e+00  0.000000e+00  -3.603989e-01  0.000000e+00  0.000000e+00  2.921571e-01  1.944738e+00  5.751590e-03  8.694025e-01  0.000000e+00  0.000000e+00  2.921571e-01  0.000000e+00  0.000000e+00  -3.603989e-01  0.000000e+00  0.000000e+00  2.921571e-01  0.000000e+00  0.000000e+00  -3.603989e-01  0.000000e+00  0.000000e+00  2.921571e-01  
2.085347e+00  2.050615e-02  8.579431e-01  0.000000e+00  0.000000e+00  2.235373e-01  0.000000e+00  0.000000e+00  -3.569242e-01  0.000000e+00  0.000000e+00  2.235373e-01  0.000000e+00  0.000000e+00  -3.569242e-01  0.000000e+00  0.000000e+00  2.235373e-01  2.085347e+00  2.050615e-02  8.579431e-01  0.000000e+00  0.000000e+00  2.235373e-01  0.000000e+00  0.000000e+00  -3.569242e-01  0.000000e+00  0.000000e+00  2.235373e-01  0.000000e+00  0.000000e+00  -3.569242e-01  0.000000e+00  0.000000e+00  2.235373e-01  
1.981929e+00  4.466496e-03  8.924103e-01  0.000000e+00  0.000000e+00  2.731120e-01  0.000000e+00  0.000000e+00  -3.580427e-01  0.000000e+00  0.000000e+00  2.731120e-01  0.000000e+00  0.000000e+00  -3.580427e-01  0.000000e+00  0.000000e+00  2.731120e-01  1.981929e+00  4.466496e-03  8.924103e-01  0.000000e+00  0.000000e+00  2.731120e-01  0.000000e+00  0.000000e+00  -3.580427e-01  0.000000e+00  0.000000e+00  2.731120e-01  0.000000e+00  0.000000e+00  -3.580427e-01  0.000000e+00  0.000000e+00  2.731120e-01  
2.026284e+00  7.306387e-03  8.700665e-01  0.000000e+00  0.000000e+00  2.354038e-01  0.000000e+00  0.000000e+00  -3.752269e-01  0.000000e+00  0.000000e+00  2.354038e-01  0.000000e+00  0.000000e+00  -3.752269e-01  0.000000e+00  0.000000e+00  2.354038e-01  2.026284e+00  7.306387e-03  8.700665e-01  0.000000e+00  0.000000e+00  2.354038e-01  0.000000e+00  0.000000e+00  -3.752269e-01  0.000000e+00  0.000000e+00  2.354038e-01  0.000000e+00  0.000000e+00  -3.752269e-01  0.000000e+00  0.000000e+00  2.354038e-01  
2.080703e+00  3.257537e-02  8.442121e-01  0.000000e+00  0.000000e+00  2.944386e-01  0.000000e+00  0.000000e+00  -3.688679e-01  0.000000e+00  0.000000e+00  2.944386e-01  0.000000e+00  0.000000e+00  -3.688679e-01  0.000000e+00  0.000000e+00  2.944386e-01  2.080703e+00  3.257537e-02  8.442121e-01  0.000000e+00  0.000000e+00  2.944386e-01  0.000000e+00  0.000000e+00  -3.688679e-01  0.000000e+00  0.000000e+00  2.944386e-01  0.000000e+00  0.000000e+00  -3.688679e-01  0.000000e+00  0.000000e+00  2.944386e-01  
2.081743e+00  6.681016e-03  8.545316e-01  0.000000e+00  0.000000e+00  2.698835e-01  0.000000e+00  0.000000e+00  -3.800594e-01  0.000000e+00  0.000000e+00  2.698835e-01  0.000000e+00  0.000000e+00  -3.800594e-01  0.000000e+00  0.000000e+00  2.698835e-01  2.081743e+00  6.681016e-03  8.545316e-01  0.000000e+00  0.000000e+00  2.698835e-01  0.000000e+00  0.000000e+00  -3.800594e-01  0.000000e+00  0.000000e+00  2.698835e-01  0.000000e+00  0.000000e+00  -3.800594e-01  0.000000e+00  0.000000e+00  2.698835e-01  
2.062248e+00  1.266112e-02  8.646832e-01  0.000000e+00  0.000000e+00  2.405426e-01  0.000000e+00  0.000000e+00  -3.648541e-01  0.000000e+00  0.000000e+00  2.405426e-01  0.000000e+00  0.000000e+00  -3.648541e-01  0.000000e+00  0.000000e+00  2.405426e-01  2.062248e+00  1.266112e-02  8.646832e-01  0.000000e+00  0.000000e+00  2.405426e-01  0.000000e+00  0.000000e+00  -3.648541e-01  0.000000e+00  0.000000e+00  2.405426e-01  0.000000e+00  0.000000e+00  -3.648541e-01  0.000000e+00  0.000000e+00  2.405426e-01  
2.038429e+00  2.259618e-02  8.440825e-01  0.000000e+00  0.000000e+00  3.308391e-01  0.000000e+00  0.000000e+00  -3.595876e-01  0.000000e+00  0.000000e+00  3.308391e-01  0.000000e+00  0.000000e+00  -3.595876e-01  0.000000e+00  0.000000e+00  3.308391e-01  2.038429e+00  2.259618e-02  8.440825e-01  0.000000e+00  0.000000e+00  3.308391e-01  0.000000e+00  0.000000e+00  -3.595876e-01  0.000000e+00  0.000000e+00  3.308391e-01  0.000000e+00  0.000000e+00  -3.595876e-01  0.000000e+00  0.000000e+00  3.308391e-01  
2.126629e+00  4.016205e-02  8.210943e-01  0.000000e+00  0.000000e+00  2.467631e-01  0.000000e+00  0.000000e+00  -3.726240e-01  0.000000e+00  0.000000e+00  2.467631e-01  0.000000e+00  0.000000e+00  -3.726240e-01  0.000000e+00  0.000000e+00  2.467631e-01  2.126629e+00  4.016205e-02  8.210943e-01  0.000000e+00  0.000000e+00  2.467631e-01  0.000000e+00  0.000000e+00  -3.726240e-01  0.000000e+00  0.000000e+00  2.467631e-01  0.000000e+00  0.000000e+00  -3.726240e-01  0.000000e+00  0.000000e+00  2.467631e-01  
2.074477e+00  7.279713e-03  8.797767e-01  0.000000e+00  0.000000e+00  2.972482e-01  0.000000e+00  0.000000e+00  -3.780155e-01  0.000000e+00  0.000000e+00  2.972482e-01  0.000000e+00  0.000000e+00  -3.780155e-01  0.000000e+00  0.000000e+00  2.972482e-01  2.074477e+00  7.279713e-03  8.797767e-01  0.000000e+00  0.000000e+00  2.972482e-01  0.000000e+00  0.000000e+00  -3.780155e-01  0.000000e+00  0.000000e+00  2.972482e-01  0.000000e+00  0.000000e+00  -3.780155e-01  0.000000e+00  0.000000e+00  2.972482e-01  
2.050853e+00  9.216009e-03  9.012868e-01  0.000000e+00  0.000000e+00  3.181840e-01  0.000000e+00  0.000000e+00  -3.574989e-01  0.000000e+00  0.000000e+00  3.181840e-01  0.000000e+00  0.000000e+00  -3.574989e-01  0.000000e+00  0.000000e+00  3.181840e-01  2.050853e+00  9.216009e-03  9.012868e-01  0.000000e+00  0.000000e+00  3.181840e-01  0.000000e+00  0.000000e+00  -3.574989e-01  0.000000e+00  0.000000e+00  3.181840e-01  0.000000e+00  0.000000e+00  -3.574989e-01  0.000000e+00  0.000000e+00  3.181840e-01  
1.969839e+00  5.631580e-03  8.601998e-01  0.000000e+00  0.000000e+00  2.886475e-01  0.000000e+00  0.000000e+00  -3.548000e-01  0.000000e+00  0.000000e+00  2.886475e-01  0.000000e+00  0.000000e+00  -3.548000e-01  0.000000e+00  0.000000e+00  2.886475e-01  1.969839e+00  5.631580e-03  8.601998e-01  0.000000e+00  0.000000e+00  2.886475e-01  0.000000e+00  0.000000e+00  -3.548000e-01  0.000000e+00  0.000000e+00  2.886475e-01  0.000000e+00  0.000000e+00  -3.548000e-01  0.000000e+00  0.000000e+00  2.886475e-01  
1.953725e+00  1.626809e-03  9.163285e-01  0.000000e+00  0.000000e+00  3.305440e-01  0.000000e+00  0.000000e+00  -3.634990e-01  0.000000e+00  0.000000e+00  3.305440e-01  0.000000e+00  0.000000e+00  -3.634990e-01  0.000000e+00  0.000000e+00  3.305440e-01  1.953725e+00  1.626809e-03  9.163285e-01  0.000000e+00  0.000000e+00  3.305440e-01  0.000000e+00  0.000000e+00  -3.634990e-01  0.000000e+00  0.000000e+00  3.305440e-01  0.000000e+00  0.000000e+00  -3.634990e-01  0.000000e+00  0.000000e+00  3.305440e-01  
1.960714e+00  1.589094e-03  8.722315e-01  0.000000e+00  0.000000e+00  2.705010e-01  0.000000e+00  0.000000e+00  -3.631181e-01  0.000000e+00  0.000000e+00  2.705010e-01  0.000000e+00  0.000000e+00  -3.631181e-01  0.000000e+00  0.000000e+00  2.705010e-01  1.960714e+00  1.589094e-03  8.722315e-01  0.000000e+00  0.000000e+00  2.705010e-01  0.000000e+00  0.000000e+00  -3.631181e-01  0.000000e+00  0.000000e+00  2.705010e-01  0.000000e+00  0.000000e+00  -3.631181e-01  0.000000e+00  0.000000e+00  2.705010e-01  
