5.882579e-02  7.772401e-01  3.408923e-01  0.000000e+00  0.000000e+00  4.458648e-01  7.658962e-01  2.095673e+00  -9.999998e-01  0.000000e+00  0.000000e+00  4.458648e-01  0.000000e+00  0.000000e+00  3.205144e-03  0.000000e+00  0.000000e+00  4.458648e-01  0.000000e+00  0.000000e+00  -1.496566e-01  0.000000e+00  0.000000e+00  4.458648e-01  0.000000e+00  0.000000e+00  0.000000e+00  0.000000e+00  0.000000e+00  4.458648e-01  0.000000e+00  0.000000e+00  0.000000e+00  0.000000e+00  0.000000e+00  4.458648e-01  
6.153880e-08  0.000000e+00  3.125963e-01  0.000000e+00  0.000000e+00  5.755480e-01  1.739541e-01  0.000000e+00  -1.000000e+00  0.000000e+00  0.000000e+00  5.755480e-01  0.000000e+00  0.000000e+00  7.138989e-03  0.000000e+00  0.000000e+00  5.755480e-01  0.000000e+00  0.000000e+00  -7.729538e-02  0.000000e+00  0.000000e+00  5.755480e-01  0.000000e+00  0.000000e+00  0.000000e+00  0.000000e+00  0.000000e+00  5.755480e-01  0.000000e+00  0.000000e+00  0.000000e+00  0.000000e+00  0.000000e+00  5.755480e-01  
7.788330e-09  0.000000e+00  3.178409e-01  0.000000e+00  0.000000e+00  5.706858e-01  3.310742e-01  2.500000e-01  -1.000000e+00  0.000000e+00  0.000000e+00  5.706858e-01  0.000000e+00  0.000000e+00  5.893633e-03  0.000000e+00  0.000000e+00  5.706858e-01  0.000000e+00  0.000000e+00  -1.031742e-01  0.000000e+00  0.000000e+00  5.706858e-01  0.000000e+00  0.000000e+00  0.000000e+00  0.000000e+00  0.000000e+00  5.706858e-01  0.000000e+00  0.000000e+00  0.000000e+00  0.000000e+00  0.000000e+00  5.706858e-01  
7.454308e-07  0.000000e+00  3.201702e-01  0.000000e+00  0.000000e+00  5.663534e-01  4.206125e-01  5.000000e-01  -9.999987e-01  0.000000e+00  0.000000e+00  5.663534e-01  0.000000e+00  0.000000e+00  5.594924e-03  0.000000e+00  0.000000e+00  5.663534e-01  0.000000e+00  0.000000e+00  -1.152744e-01  0.000000e+00  0.000000e+00  5.663534e-01  0.000000e+00  0.000000e+00  0.000000e+00  0.000000e+00  0.000000e+00  5.663534e-01  0.000000e+00  0.000000e+00  0.000000e+00  0.000000e+00  0.000000e+00  5.663534e-01  
1.887290e-09  0.000000e+00  3.219886e-01  0.000000e+00  0.000000e+00  5.590866e-01  4.944458e-01  7.500000e-01  -1.000000e+00  0.000000e+00  0.000000e+00  5.590866e-01  0.000000e+00  0.000000e+00  5.838959e-03  0.000000e+00  0.000000e+00  5.590866e-01  0.000000e+00  0.000000e+00  -1.245186e-01  0.000000e+00  0.000000e+00  5.590866e-01  0.000000e+00  0.000000e+00  0.000000e+00  0.000000e+00  0.000000e+00  5.590866e-01  0.000000e+00  0.000000e+00  0.000000e+00  0.000000e+00  0.000000e+00  5.590866e-01  
1.014688e-07  0.000000e+00  3.235433e-01  0.000000e+00  0.000000e+00  5.512873e-01  5.595085e-01  1.000000e+00  -9.999997e-01  0.000000e+00  0.000000e+00  5.512873e-01  0.000000e+00  0.000000e+00  6.167439e-03  0.000000e+00  0.000000e+00  5.512873e-01  0.000000e+00  0.000000e+00  -1.319205e-01  0.000000e+00  0.000000e+00  5.512873e-01  0.000000e+00  0.000000e+00  0.000000e+00  0.000000e+00  0.000000e+00  5.512873e-01  0.000000e+00  0.000000e+00  0.000000e+00  0.000000e+00  0.000000e+00  5.512873e-01  
4.527450e-07  0.000000e+00  3.248841e-01  0.000000e+00  0.000000e+00  5.439142e-01  6.194922e-01  1.250000e+00  -9.999989e-01  0.000000e+00  0.000000e+00  5.439142e-01  0.000000e+00  0.000000e+00  6.466473e-03  0.000000e+00  0.000000e+00  5.439142e-01  0.000000e+00  0.000000e+00  -1.382798e-01  0.000000e+00  0.000000e+00  5.439142e-01  0.000000e+00  0.000000e+00  0.000000e+00  0.000000e+00  0.000000e+00  5.439142e-01  0.000000e+00  0.000000e+00  0.000000e+00  0.000000e+00  0.000000e+00  5.439142e-01  
3.374788e-10  0.000000e+00  3.259667e-01  0.000000e+00  0.000000e+00  5.368002e-01  6.751666e-01  1.500000e+00  -1.000000e+00  0.000000e+00  0.000000e+00  5.368002e-01  0.000000e+00  0.000000e+00  7.294469e-03  0.000000e+00  0.000000e+00  5.368002e-01  0.000000e+00  0.000000e+00  -1.441254e-01  0.000000e+00  0.000000e+00  5.368002e-01  0.000000e+00  0.000000e+00  0.000000e+00  0.000000e+00  0.000000e+00  5.368002e-01  0.000000e+00  0.000000e+00  0.000000e+00  0.000000e+00  0.000000e+00  5.368002e-01  
4.122357e-07  0.000000e+00  3.271058e-01  0.000000e+00  0.000000e+00  5.282555e-01  7.275884e-01  1.750000e+00  -9.999998e-01  0.000000e+00  0.000000e+00  5.282555e-01  0.000000e+00  0.000000e+00  7.956415e-03  0.000000e+00  0.000000e+00  5.282555e-01  0.000000e+00  0.000000e+00  -1.492871e-01  0.000000e+00  0.000000e+00  5.282555e-01  0.000000e+00  0.000000e+00  0.000000e+00  0.000000e+00  0.000000e+00  5.282555e-01  0.000000e+00  0.000000e+00  0.000000e+00  0.000000e+00  0.000000e+00  5.282555e-01  
2.477797e-07  0.000000e+00  3.281078e-01  0.000000e+00  0.000000e+00  5.201618e-01  7.775091e-01  2.000000e+00  -9.999999e-01  0.000000e+00  0.000000e+00  5.201618e-01  0.000000e+00  0.000000e+00  8.827906e-03  0.000000e+00  0.000000e+00  5.201618e-01  0.000000e+00  0.000000e+00  -1.541333e-01  0.000000e+00  0.000000e+00  5.201618e-01  0.000000e+00  0.000000e+00  0.000000e+00  0.000000e+00  0.000000e+00  5.201618e-01  0.000000e+00  0.000000e+00  0.000000e+00  0.000000e+00  0.000000e+00  5.201618e-01  
6.267577e-07  0.000000e+00  3.291172e-01  0.000000e+00  0.000000e+00  5.115209e-01  8.252443e-01  2.250000e+00  -9.999991e-01  0.000000e+00  0.000000e+00  5.115209e-01  0.000000e+00  0.000000e+00  9.713784e-03  0.000000e+00  0.000000e+00  5.115209e-01  0.000000e+00  0.000000e+00  -1.586595e-01  0.000000e+00  0.000000e+00  5.115209e-01  0.000000e+00  0.000000e+00  0.000000e+00  0.000000e+00  0.000000e+00  5.115209e-01  0.000000e+00  0.000000e+00  0.000000e+00  0.000000e+00  0.000000e+00  5.115209e-01  
7.483127e-07  0.000000e+00  3.300399e-01  0.000000e+00  0.000000e+00  5.034972e-01  8.716638e-01  2.500000e+00  -1.000000e+00  0.000000e+00  0.000000e+00  5.034972e-01  0.000000e+00  0.000000e+00  1.066447e-02  0.000000e+00  0.000000e+00  5.034972e-01  0.000000e+00  0.000000e+00  -1.630076e-01  0.000000e+00  0.000000e+00  5.034972e-01  0.000000e+00  0.000000e+00  0.000000e+00  0.000000e+00  0.000000e+00  5.034972e-01  0.000000e+00  0.000000e+00  0.000000e+00  0.000000e+00  0.000000e+00  5.034972e-01  
3.465860e-08  0.000000e+00  3.309265e-01  0.000000e+00  0.000000e+00  4.956149e-01  9.166693e-01  2.750000e+00  -1.000000e+00  0.000000e+00  0.000000e+00  4.956149e-01  0.000000e+00  0.000000e+00  1.163617e-02  0.000000e+00  0.000000e+00  4.956149e-01  0.000000e+00  0.000000e+00  -1.671368e-01  0.000000e+00  0.000000e+00  4.956149e-01  0.000000e+00  0.000000e+00  0.000000e+00  0.000000e+00  0.000000e+00  4.956149e-01  0.000000e+00  0.000000e+00  0.000000e+00  0.000000e+00  0.000000e+00  4.956149e-01  
1.083029e-07  0.000000e+00  3.319441e-01  0.000000e+00  0.000000e+00  4.874923e-01  9.601057e-01  3.000000e+00  -9.999990e-01  0.000000e+00  0.000000e+00  4.874923e-01  0.000000e+00  0.000000e+00  1.224369e-02  0.000000e+00  0.000000e+00  4.874923e-01  0.000000e+00  0.000000e+00  -1.707497e-01  0.000000e+00  0.000000e+00  4.874923e-01  0.000000e+00  0.000000e+00  0.000000e+00  0.000000e+00  0.000000e+00  4.874923e-01  0.000000e+00  0.000000e+00  0.000000e+00  0.000000e+00  0.000000e+00  4.874923e-01  
6.835043e-08  0.000000e+00  3.325848e-01  0.000000e+00  0.000000e+00  4.811264e-01  1.002784e+00  3.250000e+00  -9.999999e-01  0.000000e+00  0.000000e+00  4.811264e-01  0.000000e+00  0.000000e+00  1.359474e-02  0.000000e+00  0.000000e+00  4.811264e-01  0.000000e+00  0.000000e+00  -1.747351e-01  0.000000e+00  0.000000e+00  4.811264e-01  0.000000e+00  0.000000e+00  0.000000e+00  0.000000e+00  0.000000e+00  4.811264e-01  0.000000e+00  0.000000e+00  0.000000e+00  0.000000e+00  0.000000e+00  4.811264e-01  
1.035916e-06  0.000000e+00  3.333186e-01  0.000000e+00  0.000000e+00  4.754904e-01  1.045197e+00  3.500000e+00  -9.999993e-01  0.000000e+00  0.000000e+00  4.754904e-01  0.000000e+00  0.000000e+00  1.423554e-02  0.000000e+00  0.000000e+00  4.754904e-01  0.000000e+00  0.000000e+00  -1.780529e-01  0.000000e+00  0.000000e+00  4.754904e-01  0.000000e+00  0.000000e+00  0.000000e+00  0.000000e+00  0.000000e+00  4.754904e-01  0.000000e+00  0.000000e+00  0.000000e+00  0.000000e+00  0.000000e+00  4.754904e-01  
7.074069e-07  0.000000e+00  3.340582e-01  0.000000e+00  0.000000e+00  4.680694e-01  1.085630e+00  3.750000e+00  -1.000000e+00  0.000000e+00  0.000000e+00  4.680694e-01  0.000000e+00  0.000000e+00  1.559859e-02  0.000000e+00  0.000000e+00  4.680694e-01  0.000000e+00  0.000000e+00  -1.818088e-01  0.000000e+00  0.000000e+00  4.680694e-01  0.000000e+00  0.000000e+00  0.000000e+00  0.000000e+00  0.000000e+00  4.680694e-01  0.000000e+00  0.000000e+00  0.000000e+00  0.000000e+00  0.000000e+00  4.680694e-01  
1.850375e-08  0.000000e+00  3.347198e-01  0.000000e+00  0.000000e+00  4.621465e-01  1.125966e+00  4.000000e+00  -1.000000e+00  0.000000e+00  0.000000e+00  4.621465e-01  0.000000e+00  0.000000e+00  1.664589e-02  0.000000e+00  0.000000e+00  4.621465e-01  0.000000e+00  0.000000e+00  -1.851954e-01  0.000000e+00  0.000000e+00  4.621465e-01  0.000000e+00  0.000000e+00  0.000000e+00  0.000000e+00  0.000000e+00  4.621465e-01  0.000000e+00  0.000000e+00  0.000000e+00  0.000000e+00  0.000000e+00  4.621465e-01  
4.141316e-07  2.500000e-01  3.250221e-01  0.000000e+00  0.000000e+00  5.563601e-01  1.734510e-01  0.000000e+00  -9.999991e-01  0.000000e+00  0.000000e+00  5.563601e-01  0.000000e+00  0.000000e+00  4.236574e-04  0.000000e+00  0.000000e+00  5.563601e-01  0.000000e+00  0.000000e+00  -7.710906e-02  0.000000e+00  0.000000e+00  5.563601e-01  0.000000e+00  0.000000e+00  0.000000e+00  0.000000e+00  0.000000e+00  5.563601e-01  0.000000e+00  0.000000e+00  0.000000e+00  0.000000e+00  0.000000e+00  5.563601e-01  
4.265839e-07  2.500000e-01  3.304761e-01  0.000000e+00  0.000000e+00  5.479689e-01  3.296705e-01  2.500000e-01  -9.999998e-01  0.000000e+00  0.000000e+00  5.479689e-01  0.000000e+00  0.000000e+00  -4.305272e-04  0.000000e+00  0.000000e+00  5.479689e-01  0.000000e+00  0.000000e+00  -1.031540e-01  0.000000e+00  0.000000e+00  5.479689e-01  0.000000e+00  0.000000e+00  0.000000e+00  0.000000e+00  0.000000e+00  5.479689e-01  0.000000e+00  0.000000e+00  0.000000e+00  0.000000e+00  0.000000e+00  5.479689e-01  
4.906550e-07  2.500000e-01  3.331967e-01  0.000000e+00  0.000000e+00  5.389838e-01  4.181063e-01  5.000000e-01  -9.999998e-01  0.000000e+00  0.000000e+00  5.389838e-01  0.000000e+00  0.000000e+00  -6.639335e-04  0.000000e+00  0.000000e+00  5.389838e-01  0.000000e+00  0.000000e+00  -1.152480e-01  0.000000e+00  0.000000e+00  5.389838e-01  0.000000e+00  0.000000e+00  0.000000e+00  0.000000e+00  0.000000e+00  5.389838e-01  0.000000e+00  0.000000e+00  0.000000e+00  0.000000e+00  0.000000e+00  5.389838e-01  
1.422927e-07  2.500000e-01  3.353150e-01  0.000000e+00  0.000000e+00  5.286075e-01  4.904646e-01  7.500000e-01  -9.999999e-01  0.000000e+00  0.000000e+00  5.286075e-01  0.000000e+00  0.000000e+00  -2.652937e-04  0.000000e+00  0.000000e+00  5.286075e-01  0.000000e+00  0.000000e+00  -1.244188e-01  0.000000e+00  0.000000e+00  5.286075e-01  0.000000e+00  0.000000e+00  0.000000e+00  0.000000e+00  0.000000e+00  5.286075e-01  0.000000e+00  0.000000e+00  0.000000e+00  0.000000e+00  0.000000e+00  5.286075e-01  
2.734450e-07  2.500000e-01  3.373159e-01  0.000000e+00  0.000000e+00  5.171924e-01  5.541059e-01  1.000000e+00  -9.999999e-01  0.000000e+00  0.000000e+00  5.171924e-01  0.000000e+00  0.000000e+00  3.167382e-06  0.000000e+00  0.000000e+00  5.171924e-01  0.000000e+00  0.000000e+00  -1.317539e-01  0.000000e+00  0.000000e+00  5.171924e-01  0.000000e+00  0.000000e+00  0.000000e+00  0.000000e+00  0.000000e+00  5.171924e-01  0.000000e+00  0.000000e+00  0.000000e+00  0.000000e+00  0.000000e+00  5.171924e-01  
4.613154e-08  2.500000e-01  3.390465e-01  0.000000e+00  0.000000e+00  5.056886e-01  6.119886e-01  1.250000e+00  -1.000000e+00  0.000000e+00  0.000000e+00  5.056886e-01  0.000000e+00  0.000000e+00  7.531775e-04  0.000000e+00  0.000000e+00  5.056886e-01  0.000000e+00  0.000000e+00  -1.383334e-01  0.000000e+00  0.000000e+00  5.056886e-01  0.000000e+00  0.000000e+00  0.000000e+00  0.000000e+00  0.000000e+00  5.056886e-01  0.000000e+00  0.000000e+00  0.000000e+00  0.000000e+00  0.000000e+00  5.056886e-01  
5.933781e-07  2.500000e-01  3.406606e-01  0.000000e+00  0.000000e+00  4.943721e-01  6.657179e-01  1.500000e+00  -1.000000e+00  0.000000e+00  0.000000e+00  4.943721e-01  0.000000e+00  0.000000e+00  1.709499e-03  0.000000e+00  0.000000e+00  4.943721e-01  0.000000e+00  0.000000e+00  -1.443174e-01  0.000000e+00  0.000000e+00  4.943721e-01  0.000000e+00  0.000000e+00  0.000000e+00  0.000000e+00  0.000000e+00  4.943721e-01  0.000000e+00  0.000000e+00  0.000000e+00  0.000000e+00  0.000000e+00  4.943721e-01  
7.100989e-07  2.500000e-01  3.423306e-01  0.000000e+00  0.000000e+00  4.825662e-01  7.161023e-01  1.750000e+00  -1.000000e+00  0.000000e+00  0.000000e+00  4.825662e-01  0.000000e+00  0.000000e+00  2.535401e-03  0.000000e+00  0.000000e+00  4.825662e-01  0.000000e+00  0.000000e+00  -1.496466e-01  0.000000e+00  0.000000e+00  4.825662e-01  0.000000e+00  0.000000e+00  0.000000e+00  0.000000e+00  0.000000e+00  4.825662e-01  0.000000e+00  0.000000e+00  0.000000e+00  0.000000e+00  0.000000e+00  4.825662e-01  
5.457697e-07  2.500000e-01  3.437374e-01  0.000000e+00  0.000000e+00  4.721878e-01  7.639351e-01  2.000000e+00  -9.999997e-01  0.000000e+00  0.000000e+00  4.721878e-01  0.000000e+00  0.000000e+00  3.764328e-03  0.000000e+00  0.000000e+00  4.721878e-01  0.000000e+00  0.000000e+00  -1.548335e-01  0.000000e+00  0.000000e+00  4.721878e-01  0.000000e+00  0.000000e+00  0.000000e+00  0.000000e+00  0.000000e+00  4.721878e-01  0.000000e+00  0.000000e+00  0.000000e+00  0.000000e+00  0.000000e+00  4.721878e-01  
7.316352e-08  2.500000e-01  3.453851e-01  0.000000e+00  0.000000e+00  4.606191e-01  8.090962e-01  2.250000e+00  -9.999992e-01  0.000000e+00  0.000000e+00  4.606191e-01  0.000000e+00  0.000000e+00  4.835441e-03  0.000000e+00  0.000000e+00  4.606191e-01  0.000000e+00  0.000000e+00  -1.595539e-01  0.000000e+00  0.000000e+00  4.606191e-01  0.000000e+00  0.000000e+00  0.000000e+00  0.000000e+00  0.000000e+00  4.606191e-01  0.000000e+00  0.000000e+00  0.000000e+00  0.000000e+00  0.000000e+00  4.606191e-01  
6.616364e-04  2.500000e-01  3.454042e-01  0.000000e+00  0.000000e+00  4.543701e-01  8.543557e-01  2.500000e+00  -9.999972e-01  0.000000e+00  0.000000e+00  4.543701e-01  0.000000e+00  0.000000e+00  5.755816e-03  0.000000e+00  0.000000e+00  4.543701e-01  0.000000e+00  0.000000e+00  -1.637033e-01  0.000000e+00  0.000000e+00  4.543701e-01  0.000000e+00  0.000000e+00  0.000000e+00  0.000000e+00  0.000000e+00  4.543701e-01  0.000000e+00  0.000000e+00  0.000000e+00  0.000000e+00  0.000000e+00  4.543701e-01  
1.859042e-03  2.500000e-01  3.452590e-01  0.000000e+00  0.000000e+00  4.466689e-01  8.974695e-01  2.750000e+00  -9.999993e-01  0.000000e+00  0.000000e+00  4.466689e-01  0.000000e+00  0.000000e+00  6.982492e-03  0.000000e+00  0.000000e+00  4.466689e-01  0.000000e+00  0.000000e+00  -1.677264e-01  0.000000e+00  0.000000e+00  4.466689e-01  0.000000e+00  0.000000e+00  0.000000e+00  0.000000e+00  0.000000e+00  4.466689e-01  0.000000e+00  0.000000e+00  0.000000e+00  0.000000e+00  0.000000e+00  4.466689e-01  
2.406353e-03  2.500000e-01  3.461097e-01  0.000000e+00  0.000000e+00  4.379663e-01  9.385030e-01  3.000000e+00  -1.000000e+00  0.000000e+00  0.000000e+00  4.379663e-01  0.000000e+00  0.000000e+00  8.200028e-03  0.000000e+00  0.000000e+00  4.379663e-01  0.000000e+00  0.000000e+00  -1.716848e-01  0.000000e+00  0.000000e+00  4.379663e-01  0.000000e+00  0.000000e+00  0.000000e+00  0.000000e+00  0.000000e+00  4.379663e-01  0.000000e+00  0.000000e+00  0.000000e+00  0.000000e+00  0.000000e+00  4.379663e-01  
7.642723e-03  2.500000e-01  3.426375e-01  0.000000e+00  0.000000e+00  4.395036e-01  9.831431e-01  3.250000e+00  -9.999969e-01  0.000000e+00  0.000000e+00  4.395036e-01  0.000000e+00  0.000000e+00  1.018441e-02  0.000000e+00  0.000000e+00  4.395036e-01  0.000000e+00  0.000000e+00  -1.748063e-01  0.000000e+00  0.000000e+00  4.395036e-01  0.000000e+00  0.000000e+00  0.000000e+00  0.000000e+00  0.000000e+00  4.395036e-01  0.000000e+00  0.000000e+00  0.000000e+00  0.000000e+00  0.000000e+00  4.395036e-01  
8.511185e-03  2.500000e-01  3.433414e-01  0.000000e+00  0.000000e+00  4.324046e-01  1.022637e+00  3.500000e+00  -9.999973e-01  0.000000e+00  0.000000e+00  4.324046e-01  0.000000e+00  0.000000e+00  1.131049e-02  0.000000e+00  0.000000e+00  4.324046e-01  0.000000e+00  0.000000e+00  -1.782464e-01  0.000000e+00  0.000000e+00  4.324046e-01  0.000000e+00  0.000000e+00  0.000000e+00  0.000000e+00  0.000000e+00  4.324046e-01  0.000000e+00  0.000000e+00  0.000000e+00  0.000000e+00  0.000000e+00  4.324046e-01  
1.267024e-02  2.500000e-01  3.415923e-01  0.000000e+00  0.000000e+00  4.339703e-01  1.065800e+00  3.750000e+00  -1.000000e+00  0.000000e+00  0.000000e+00  4.339703e-01  0.000000e+00  0.000000e+00  1.303262e-02  0.000000e+00  0.000000e+00  4.339703e-01  0.000000e+00  0.000000e+00  -1.810854e-01  0.000000e+00  0.000000e+00  4.339703e-01  0.000000e+00  0.000000e+00  0.000000e+00  0.000000e+00  0.000000e+00  4.339703e-01  0.000000e+00  0.000000e+00  0.000000e+00  0.000000e+00  0.000000e+00  4.339703e-01  
1.304369e-02  2.500000e-01  3.424438e-01  0.000000e+00  0.000000e+00  4.279525e-01  1.104650e+00  4.000000e+00  -9.999956e-01  0.000000e+00  0.000000e+00  4.279525e-01  0.000000e+00  0.000000e+00  1.393586e-02  0.000000e+00  0.000000e+00  4.279525e-01  0.000000e+00  0.000000e+00  -1.842872e-01  0.000000e+00  0.000000e+00  4.279525e-01  0.000000e+00  0.000000e+00  0.000000e+00  0.000000e+00  0.000000e+00  4.279525e-01  0.000000e+00  0.000000e+00  0.000000e+00  0.000000e+00  0.000000e+00  4.279525e-01  
2.043242e-07  5.000000e-01  3.379098e-01  0.000000e+00  0.000000e+00  5.359400e-01  1.729259e-01  0.000000e+00  -1.000000e+00  0.000000e+00  0.000000e+00  5.359400e-01  0.000000e+00  0.000000e+00  -6.141457e-03  0.000000e+00  0.000000e+00  5.359400e-01  0.000000e+00  0.000000e+00  -7.723156e-02  0.000000e+00  0.000000e+00  5.359400e-01  0.000000e+00  0.000000e+00  0.000000e+00  0.000000e+00  0.000000e+00  5.359400e-01  0.000000e+00  0.000000e+00  0.000000e+00  0.000000e+00  0.000000e+00  5.359400e-01  
9.946364e-08  5.000000e-01  3.440724e-01  0.000000e+00  0.000000e+00  5.207956e-01  3.275831e-01  2.500000e-01  -1.000000e+00  0.000000e+00  0.000000e+00  5.207956e-01  0.000000e+00  0.000000e+00  -7.019506e-03  0.000000e+00  0.000000e+00  5.207956e-01  0.000000e+00  0.000000e+00  -1.030905e-01  0.000000e+00  0.000000e+00  5.207956e-01  0.000000e+00  0.000000e+00  0.000000e+00  0.000000e+00  0.000000e+00  5.207956e-01  0.000000e+00  0.000000e+00  0.000000e+00  0.000000e+00  0.000000e+00  5.207956e-01  
1.634567e-08  5.000000e-01  3.472994e-01  0.000000e+00  0.000000e+00  5.064668e-01  4.142203e-01  5.000000e-01  -9.999999e-01  0.000000e+00  0.000000e+00  5.064668e-01  0.000000e+00  0.000000e+00  -6.755173e-03  0.000000e+00  0.000000e+00  5.064668e-01  0.000000e+00  0.000000e+00  -1.154655e-01  0.000000e+00  0.000000e+00  5.064668e-01  0.000000e+00  0.000000e+00  0.000000e+00  0.000000e+00  0.000000e+00  5.064668e-01  0.000000e+00  0.000000e+00  0.000000e+00  0.000000e+00  0.000000e+00  5.064668e-01  
1.971366e-06  5.000000e-01  3.500126e-01  0.000000e+00  0.000000e+00  4.913936e-01  4.845167e-01  7.500000e-01  -9.999997e-01  0.000000e+00  0.000000e+00  4.913936e-01  0.000000e+00  0.000000e+00  -6.088924e-03  0.000000e+00  0.000000e+00  4.913936e-01  0.000000e+00  0.000000e+00  -1.247928e-01  0.000000e+00  0.000000e+00  4.913936e-01  0.000000e+00  0.000000e+00  0.000000e+00  0.000000e+00  0.000000e+00  4.913936e-01  0.000000e+00  0.000000e+00  0.000000e+00  0.000000e+00  0.000000e+00  4.913936e-01  
9.717460e-05  5.000000e-01  3.524118e-01  0.000000e+00  0.000000e+00  4.757905e-01  5.457628e-01  1.000000e+00  -9.999966e-01  0.000000e+00  0.000000e+00  4.757905e-01  0.000000e+00  0.000000e+00  -5.313753e-03  0.000000e+00  0.000000e+00  4.757905e-01  0.000000e+00  0.000000e+00  -1.324855e-01  0.000000e+00  0.000000e+00  4.757905e-01  0.000000e+00  0.000000e+00  0.000000e+00  0.000000e+00  0.000000e+00  4.757905e-01  0.000000e+00  0.000000e+00  0.000000e+00  0.000000e+00  0.000000e+00  4.757905e-01  
1.103387e-03  5.000000e-01  3.529236e-01  0.000000e+00  0.000000e+00  4.632141e-01  6.015389e-01  1.250000e+00  -9.999962e-01  0.000000e+00  0.000000e+00  4.632141e-01  0.000000e+00  0.000000e+00  -4.228605e-03  0.000000e+00  0.000000e+00  4.632141e-01  0.000000e+00  0.000000e+00  -1.389974e-01  0.000000e+00  0.000000e+00  4.632141e-01  0.000000e+00  0.000000e+00  0.000000e+00  0.000000e+00  0.000000e+00  4.632141e-01  0.000000e+00  0.000000e+00  0.000000e+00  0.000000e+00  0.000000e+00  4.632141e-01  
3.779415e-03  5.000000e-01  3.521177e-01  0.000000e+00  0.000000e+00  4.505179e-01  6.527818e-01  1.500000e+00  -9.999999e-01  0.000000e+00  0.000000e+00  4.505179e-01  0.000000e+00  0.000000e+00  -2.901248e-03  0.000000e+00  0.000000e+00  4.505179e-01  0.000000e+00  0.000000e+00  -1.445959e-01  0.000000e+00  0.000000e+00  4.505179e-01  0.000000e+00  0.000000e+00  0.000000e+00  0.000000e+00  0.000000e+00  4.505179e-01  0.000000e+00  0.000000e+00  0.000000e+00  0.000000e+00  0.000000e+00  4.505179e-01  
1.277442e-02  5.000000e-01  3.461339e-01  0.000000e+00  0.000000e+00  4.512551e-01  7.044570e-01  1.750000e+00  -1.000000e+00  0.000000e+00  0.000000e+00  4.512551e-01  0.000000e+00  0.000000e+00  -4.631126e-04  0.000000e+00  0.000000e+00  4.512551e-01  0.000000e+00  0.000000e+00  -1.485831e-01  0.000000e+00  0.000000e+00  4.512551e-01  0.000000e+00  0.000000e+00  0.000000e+00  0.000000e+00  0.000000e+00  4.512551e-01  0.000000e+00  0.000000e+00  0.000000e+00  0.000000e+00  0.000000e+00  4.512551e-01  
1.918358e-02  5.000000e-01  3.438488e-01  0.000000e+00  0.000000e+00  4.478167e-01  7.529926e-01  2.000000e+00  -9.999978e-01  0.000000e+00  0.000000e+00  4.478167e-01  0.000000e+00  0.000000e+00  1.976029e-03  0.000000e+00  0.000000e+00  4.478167e-01  0.000000e+00  0.000000e+00  -1.529552e-01  0.000000e+00  0.000000e+00  4.478167e-01  0.000000e+00  0.000000e+00  0.000000e+00  0.000000e+00  0.000000e+00  4.478167e-01  0.000000e+00  0.000000e+00  0.000000e+00  0.000000e+00  0.000000e+00  4.478167e-01  
2.504516e-02  5.000000e-01  3.423413e-01  0.000000e+00  0.000000e+00  4.464425e-01  8.001003e-01  2.250000e+00  -1.000000e+00  0.000000e+00  0.000000e+00  4.464425e-01  0.000000e+00  0.000000e+00  3.752544e-03  0.000000e+00  0.000000e+00  4.464425e-01  0.000000e+00  0.000000e+00  -1.565011e-01  0.000000e+00  0.000000e+00  4.464425e-01  0.000000e+00  0.000000e+00  0.000000e+00  0.000000e+00  0.000000e+00  4.464425e-01  0.000000e+00  0.000000e+00  0.000000e+00  0.000000e+00  0.000000e+00  4.464425e-01  
2.944079e-02  5.000000e-01  3.418245e-01  0.000000e+00  0.000000e+00  4.422259e-01  8.451850e-01  2.500000e+00  -9.999949e-01  0.000000e+00  0.000000e+00  4.422259e-01  0.000000e+00  0.000000e+00  5.795390e-03  0.000000e+00  0.000000e+00  4.422259e-01  0.000000e+00  0.000000e+00  -1.605449e-01  0.000000e+00  0.000000e+00  4.422259e-01  0.000000e+00  0.000000e+00  0.000000e+00  0.000000e+00  0.000000e+00  4.422259e-01  0.000000e+00  0.000000e+00  0.000000e+00  0.000000e+00  0.000000e+00  4.422259e-01  
3.359482e-02  5.000000e-01  3.414192e-01  0.000000e+00  0.000000e+00  4.394283e-01  8.892403e-01  2.750000e+00  -9.999982e-01  0.000000e+00  0.000000e+00  4.394283e-01  0.000000e+00  0.000000e+00  7.558114e-03  0.000000e+00  0.000000e+00  4.394283e-01  0.000000e+00  0.000000e+00  -1.640891e-01  0.000000e+00  0.000000e+00  4.394283e-01  0.000000e+00  0.000000e+00  0.000000e+00  0.000000e+00  0.000000e+00  4.394283e-01  0.000000e+00  0.000000e+00  0.000000e+00  0.000000e+00  0.000000e+00  4.394283e-01  
3.734396e-02  5.000000e-01  3.411656e-01  0.000000e+00  0.000000e+00  4.370672e-01  9.324764e-01  3.000000e+00  -9.999983e-01  0.000000e+00  0.000000e+00  4.370672e-01  0.000000e+00  0.000000e+00  9.203167e-03  0.000000e+00  0.000000e+00  4.370672e-01  0.000000e+00  0.000000e+00  -1.674843e-01  0.000000e+00  0.000000e+00  4.370672e-01  0.000000e+00  0.000000e+00  0.000000e+00  0.000000e+00  0.000000e+00  4.370672e-01  0.000000e+00  0.000000e+00  0.000000e+00  0.000000e+00  0.000000e+00  4.370672e-01  
4.059960e-02  5.000000e-01  3.410676e-01  0.000000e+00  0.000000e+00  4.346909e-01  9.747323e-01  3.250000e+00  -9.999987e-01  0.000000e+00  0.000000e+00  4.346909e-01  0.000000e+00  0.000000e+00  1.079512e-02  0.000000e+00  0.000000e+00  4.346909e-01  0.000000e+00  0.000000e+00  -1.707808e-01  0.000000e+00  0.000000e+00  4.346909e-01  0.000000e+00  0.000000e+00  0.000000e+00  0.000000e+00  0.000000e+00  4.346909e-01  0.000000e+00  0.000000e+00  0.000000e+00  0.000000e+00  0.000000e+00  4.346909e-01  
4.321181e-02  5.000000e-01  3.411223e-01  0.000000e+00  0.000000e+00  4.322871e-01  1.016205e+00  3.500000e+00  -1.000000e+00  0.000000e+00  0.000000e+00  4.322871e-01  0.000000e+00  0.000000e+00  1.221920e-02  0.000000e+00  0.000000e+00  4.322871e-01  0.000000e+00  0.000000e+00  -1.739532e-01  0.000000e+00  0.000000e+00  4.322871e-01  0.000000e+00  0.000000e+00  0.000000e+00  0.000000e+00  0.000000e+00  4.322871e-01  0.000000e+00  0.000000e+00  0.000000e+00  0.000000e+00  0.000000e+00  4.322871e-01  
4.570359e-02  5.000000e-01  3.413208e-01  0.000000e+00  0.000000e+00  4.291927e-01  1.056700e+00  3.750000e+00  -9.999999e-01  0.000000e+00  0.000000e+00  4.291927e-01  0.000000e+00  0.000000e+00  1.360681e-02  0.000000e+00  0.000000e+00  4.291927e-01  0.000000e+00  0.000000e+00  -1.770157e-01  0.000000e+00  0.000000e+00  4.291927e-01  0.000000e+00  0.000000e+00  0.000000e+00  0.000000e+00  0.000000e+00  4.291927e-01  0.000000e+00  0.000000e+00  0.000000e+00  0.000000e+00  0.000000e+00  4.291927e-01  
4.762924e-02  5.000000e-01  3.414247e-01  0.000000e+00  0.000000e+00  4.272302e-01  1.097109e+00  4.000000e+00  -1.000000e+00  0.000000e+00  0.000000e+00  4.272302e-01  0.000000e+00  0.000000e+00  1.497437e-02  0.000000e+00  0.000000e+00  4.272302e-01  0.000000e+00  0.000000e+00  -1.801163e-01  0.000000e+00  0.000000e+00  4.272302e-01  0.000000e+00  0.000000e+00  0.000000e+00  0.000000e+00  0.000000e+00  4.272302e-01  0.000000e+00  0.000000e+00  0.000000e+00  0.000000e+00  0.000000e+00  4.272302e-01  
1.727620e-09  7.500000e-01  3.513094e-01  0.000000e+00  0.000000e+00  5.140949e-01  1.719520e-01  0.000000e+00  -1.000000e+00  0.000000e+00  0.000000e+00  5.140949e-01  0.000000e+00  0.000000e+00  -1.221230e-02  0.000000e+00  0.000000e+00  5.140949e-01  0.000000e+00  0.000000e+00  -7.773415e-02  0.000000e+00  0.000000e+00  5.140949e-01  0.000000e+00  0.000000e+00  0.000000e+00  0.000000e+00  0.000000e+00  5.140949e-01  0.000000e+00  0.000000e+00  0.000000e+00  0.000000e+00  0.000000e+00  5.140949e-01  
4.506249e-07  7.500000e-01  3.586551e-01  0.000000e+00  0.000000e+00  4.889206e-01  3.242397e-01  2.500000e-01  -9.999994e-01  0.000000e+00  0.000000e+00  4.889206e-01  0.000000e+00  0.000000e+00  -1.281250e-02  0.000000e+00  0.000000e+00  4.889206e-01  0.000000e+00  0.000000e+00  -1.038165e-01  0.000000e+00  0.000000e+00  4.889206e-01  0.000000e+00  0.000000e+00  0.000000e+00  0.000000e+00  0.000000e+00  4.889206e-01  0.000000e+00  0.000000e+00  0.000000e+00  0.000000e+00  0.000000e+00  4.889206e-01  
6.950885e-05  7.500000e-01  3.625652e-01  0.000000e+00  0.000000e+00  4.692467e-01  4.083326e-01  5.000000e-01  -9.999998e-01  0.000000e+00  0.000000e+00  4.692467e-01  0.000000e+00  0.000000e+00  -1.209085e-02  0.000000e+00  0.000000e+00  4.692467e-01  0.000000e+00  0.000000e+00  -1.164825e-01  0.000000e+00  0.000000e+00  4.692467e-01  0.000000e+00  0.000000e+00  0.000000e+00  0.000000e+00  0.000000e+00  4.692467e-01  0.000000e+00  0.000000e+00  0.000000e+00  0.000000e+00  0.000000e+00  4.692467e-01  
2.647743e-03  7.500000e-01  3.620950e-01  0.000000e+00  0.000000e+00  4.512088e-01  4.755545e-01  7.500000e-01  -9.999999e-01  0.000000e+00  0.000000e+00  4.512088e-01  0.000000e+00  0.000000e+00  -1.100579e-02  0.000000e+00  0.000000e+00  4.512088e-01  0.000000e+00  0.000000e+00  -1.253067e-01  0.000000e+00  0.000000e+00  4.512088e-01  0.000000e+00  0.000000e+00  0.000000e+00  0.000000e+00  0.000000e+00  4.512088e-01  0.000000e+00  0.000000e+00  0.000000e+00  0.000000e+00  0.000000e+00  4.512088e-01  
1.689072e-02  7.500000e-01  3.510804e-01  0.000000e+00  0.000000e+00  4.523702e-01  5.383676e-01  1.000000e+00  -1.000000e+00  0.000000e+00  0.000000e+00  4.523702e-01  0.000000e+00  0.000000e+00  -7.696449e-03  0.000000e+00  0.000000e+00  4.523702e-01  0.000000e+00  0.000000e+00  -1.308521e-01  0.000000e+00  0.000000e+00  4.523702e-01  0.000000e+00  0.000000e+00  0.000000e+00  0.000000e+00  0.000000e+00  4.523702e-01  0.000000e+00  0.000000e+00  0.000000e+00  0.000000e+00  0.000000e+00  4.523702e-01  
2.820776e-02  7.500000e-01  3.464971e-01  0.000000e+00  0.000000e+00  4.512409e-01  5.950756e-01  1.250000e+00  -9.999951e-01  0.000000e+00  0.000000e+00  4.512409e-01  0.000000e+00  0.000000e+00  -5.072541e-03  0.000000e+00  0.000000e+00  4.512409e-01  0.000000e+00  0.000000e+00  -1.355267e-01  0.000000e+00  0.000000e+00  4.512409e-01  0.000000e+00  0.000000e+00  0.000000e+00  0.000000e+00  0.000000e+00  4.512409e-01  0.000000e+00  0.000000e+00  0.000000e+00  0.000000e+00  0.000000e+00  4.512409e-01  
3.749476e-02  7.500000e-01  3.439073e-01  0.000000e+00  0.000000e+00  4.494407e-01  6.487824e-01  1.500000e+00  -1.000000e+00  0.000000e+00  0.000000e+00  4.494407e-01  0.000000e+00  0.000000e+00  -2.327788e-03  0.000000e+00  0.000000e+00  4.494407e-01  0.000000e+00  0.000000e+00  -1.403766e-01  0.000000e+00  0.000000e+00  4.494407e-01  0.000000e+00  0.000000e+00  0.000000e+00  0.000000e+00  0.000000e+00  4.494407e-01  0.000000e+00  0.000000e+00  0.000000e+00  0.000000e+00  0.000000e+00  4.494407e-01  
4.523664e-02  7.500000e-01  3.424431e-01  0.000000e+00  0.000000e+00  4.468485e-01  6.994039e-01  1.750000e+00  -9.999985e-01  0.000000e+00  0.000000e+00  4.468485e-01  0.000000e+00  0.000000e+00  3.501431e-04  0.000000e+00  0.000000e+00  4.468485e-01  0.000000e+00  0.000000e+00  -1.450222e-01  0.000000e+00  0.000000e+00  4.468485e-01  0.000000e+00  0.000000e+00  0.000000e+00  0.000000e+00  0.000000e+00  4.468485e-01  0.000000e+00  0.000000e+00  0.000000e+00  0.000000e+00  0.000000e+00  4.468485e-01  
5.156617e-02  7.500000e-01  3.419164e-01  0.000000e+00  0.000000e+00  4.428783e-01  7.471493e-01  2.000000e+00  -9.999978e-01  0.000000e+00  0.000000e+00  4.428783e-01  0.000000e+00  0.000000e+00  2.439514e-03  0.000000e+00  0.000000e+00  4.428783e-01  0.000000e+00  0.000000e+00  -1.491263e-01  0.000000e+00  0.000000e+00  4.428783e-01  0.000000e+00  0.000000e+00  0.000000e+00  0.000000e+00  0.000000e+00  4.428783e-01  0.000000e+00  0.000000e+00  0.000000e+00  0.000000e+00  0.000000e+00  4.428783e-01  
5.754302e-02  7.500000e-01  3.413229e-01  0.000000e+00  0.000000e+00  4.413294e-01  7.939445e-01  2.250000e+00  -9.999983e-01  0.000000e+00  0.000000e+00  4.413294e-01  0.000000e+00  0.000000e+00  4.443135e-03  0.000000e+00  0.000000e+00  4.413294e-01  0.000000e+00  0.000000e+00  -1.528615e-01  0.000000e+00  0.000000e+00  4.413294e-01  0.000000e+00  0.000000e+00  0.000000e+00  0.000000e+00  0.000000e+00  4.413294e-01  0.000000e+00  0.000000e+00  0.000000e+00  0.000000e+00  0.000000e+00  4.413294e-01  
6.247475e-02  7.500000e-01  3.411593e-01  0.000000e+00  0.000000e+00  4.389898e-01  8.390362e-01  2.500000e+00  -9.999998e-01  0.000000e+00  0.000000e+00  4.389898e-01  0.000000e+00  0.000000e+00  6.216853e-03  0.000000e+00  0.000000e+00  4.389898e-01  0.000000e+00  0.000000e+00  -1.564563e-01  0.000000e+00  0.000000e+00  4.389898e-01  0.000000e+00  0.000000e+00  0.000000e+00  0.000000e+00  0.000000e+00  4.389898e-01  0.000000e+00  0.000000e+00  0.000000e+00  0.000000e+00  0.000000e+00  4.389898e-01  
6.720370e-02  7.500000e-01  3.409454e-01  0.000000e+00  0.000000e+00  4.376263e-01  8.832706e-01  2.750000e+00  -9.999999e-01  0.000000e+00  0.000000e+00  4.376263e-01  0.000000e+00  0.000000e+00  7.902595e-03  0.000000e+00  0.000000e+00  4.376263e-01  0.000000e+00  0.000000e+00  -1.597679e-01  0.000000e+00  0.000000e+00  4.376263e-01  0.000000e+00  0.000000e+00  0.000000e+00  0.000000e+00  0.000000e+00  4.376263e-01  0.000000e+00  0.000000e+00  0.000000e+00  0.000000e+00  0.000000e+00  4.376263e-01  
7.083641e-02  7.500000e-01  3.410448e-01  0.000000e+00  0.000000e+00  4.349184e-01  9.260222e-01  3.000000e+00  -9.999999e-01  0.000000e+00  0.000000e+00  4.349184e-01  0.000000e+00  0.000000e+00  9.658840e-03  0.000000e+00  0.000000e+00  4.349184e-01  0.000000e+00  0.000000e+00  -1.632748e-01  0.000000e+00  0.000000e+00  4.349184e-01  0.000000e+00  0.000000e+00  0.000000e+00  0.000000e+00  0.000000e+00  4.349184e-01  0.000000e+00  0.000000e+00  0.000000e+00  0.000000e+00  0.000000e+00  4.349184e-01  
7.415883e-02  7.500000e-01  3.411505e-01  0.000000e+00  0.000000e+00  4.327541e-01  9.680945e-01  3.250000e+00  -1.000000e+00  0.000000e+00  0.000000e+00  4.327541e-01  0.000000e+00  0.000000e+00  1.124296e-02  0.000000e+00  0.000000e+00  4.327541e-01  0.000000e+00  0.000000e+00  -1.665507e-01  0.000000e+00  0.000000e+00  4.327541e-01  0.000000e+00  0.000000e+00  0.000000e+00  0.000000e+00  0.000000e+00  4.327541e-01  0.000000e+00  0.000000e+00  0.000000e+00  0.000000e+00  0.000000e+00  4.327541e-01  
7.693984e-02  7.500000e-01  3.413125e-01  0.000000e+00  0.000000e+00  4.304693e-01  1.009337e+00  3.500000e+00  -1.000000e+00  0.000000e+00  0.000000e+00  4.304693e-01  0.000000e+00  0.000000e+00  1.280828e-02  0.000000e+00  0.000000e+00  4.304693e-01  0.000000e+00  0.000000e+00  -1.698092e-01  0.000000e+00  0.000000e+00  4.304693e-01  0.000000e+00  0.000000e+00  0.000000e+00  0.000000e+00  0.000000e+00  4.304693e-01  0.000000e+00  0.000000e+00  0.000000e+00  0.000000e+00  0.000000e+00  4.304693e-01  
7.895687e-02  7.500000e-01  3.416391e-01  0.000000e+00  0.000000e+00  4.279290e-01  1.049789e+00  3.750000e+00  -9.999946e-01  0.000000e+00  0.000000e+00  4.279290e-01  0.000000e+00  0.000000e+00  1.400639e-02  0.000000e+00  0.000000e+00  4.279290e-01  0.000000e+00  0.000000e+00  -1.728761e-01  0.000000e+00  0.000000e+00  4.279290e-01  0.000000e+00  0.000000e+00  0.000000e+00  0.000000e+00  0.000000e+00  4.279290e-01  0.000000e+00  0.000000e+00  0.000000e+00  0.000000e+00  0.000000e+00  4.279290e-01  
8.167092e-02  7.500000e-01  3.418276e-01  0.000000e+00  0.000000e+00  4.257300e-01  1.089474e+00  4.000000e+00  -9.999995e-01  0.000000e+00  0.000000e+00  4.257300e-01  0.000000e+00  0.000000e+00  1.552173e-02  0.000000e+00  0.000000e+00  4.257300e-01  0.000000e+00  0.000000e+00  -1.757827e-01  0.000000e+00  0.000000e+00  4.257300e-01  0.000000e+00  0.000000e+00  0.000000e+00  0.000000e+00  0.000000e+00  4.257300e-01  0.000000e+00  0.000000e+00  0.000000e+00  0.000000e+00  0.000000e+00  4.257300e-01  
1.102860e-07  1.000000e+00  3.657867e-01  0.000000e+00  0.000000e+00  4.865170e-01  1.700642e-01  0.000000e+00  -1.000000e+00  0.000000e+00  0.000000e+00  4.865170e-01  0.000000e+00  0.000000e+00  -1.780571e-02  0.000000e+00  0.000000e+00  4.865170e-01  0.000000e+00  0.000000e+00  -7.875526e-02  0.000000e+00  0.000000e+00  4.865170e-01  0.000000e+00  0.000000e+00  0.000000e+00  0.000000e+00  0.000000e+00  4.865170e-01  0.000000e+00  0.000000e+00  0.000000e+00  0.000000e+00  0.000000e+00  4.865170e-01  
3.390603e-04  1.000000e+00  3.735524e-01  0.000000e+00  0.000000e+00  4.563314e-01  3.194327e-01  2.500000e-01  -1.000000e+00  0.000000e+00  0.000000e+00  4.563314e-01  0.000000e+00  0.000000e+00  -1.807776e-02  0.000000e+00  0.000000e+00  4.563314e-01  0.000000e+00  0.000000e+00  -1.049353e-01  0.000000e+00  0.000000e+00  4.563314e-01  0.000000e+00  0.000000e+00  0.000000e+00  0.000000e+00  0.000000e+00  4.563314e-01  0.000000e+00  0.000000e+00  0.000000e+00  0.000000e+00  0.000000e+00  4.563314e-01  
1.639686e-02  1.000000e+00  3.595212e-01  0.000000e+00  0.000000e+00  4.477243e-01  4.027537e-01  5.000000e-01  -9.999999e-01  0.000000e+00  0.000000e+00  4.477243e-01  0.000000e+00  0.000000e+00  -1.453646e-02  0.000000e+00  0.000000e+00  4.477243e-01  0.000000e+00  0.000000e+00  -1.150224e-01  0.000000e+00  0.000000e+00  4.477243e-01  0.000000e+00  0.000000e+00  0.000000e+00  0.000000e+00  0.000000e+00  4.477243e-01  0.000000e+00  0.000000e+00  0.000000e+00  0.000000e+00  0.000000e+00  4.477243e-01  
3.507781e-02  1.000000e+00  3.500881e-01  0.000000e+00  0.000000e+00  4.498992e-01  4.730643e-01  7.500000e-01  -9.999994e-01  0.000000e+00  0.000000e+00  4.498992e-01  0.000000e+00  0.000000e+00  -1.052079e-02  0.000000e+00  0.000000e+00  4.498992e-01  0.000000e+00  0.000000e+00  -1.215080e-01  0.000000e+00  0.000000e+00  4.498992e-01  0.000000e+00  0.000000e+00  0.000000e+00  0.000000e+00  0.000000e+00  4.498992e-01  0.000000e+00  0.000000e+00  0.000000e+00  0.000000e+00  0.000000e+00  4.498992e-01  
4.905789e-02  1.000000e+00  3.458784e-01  0.000000e+00  0.000000e+00  4.492354e-01  5.349385e-01  1.000000e+00  -9.999999e-01  0.000000e+00  0.000000e+00  4.492354e-01  0.000000e+00  0.000000e+00  -7.262307e-03  0.000000e+00  0.000000e+00  4.492354e-01  0.000000e+00  0.000000e+00  -1.271076e-01  0.000000e+00  0.000000e+00  4.492354e-01  0.000000e+00  0.000000e+00  0.000000e+00  0.000000e+00  0.000000e+00  4.492354e-01  0.000000e+00  0.000000e+00  0.000000e+00  0.000000e+00  0.000000e+00  4.492354e-01  
6.073155e-02  1.000000e+00  3.434446e-01  0.000000e+00  0.000000e+00  4.479519e-01  5.916651e-01  1.250000e+00  -9.999999e-01  0.000000e+00  0.000000e+00  4.479519e-01  0.000000e+00  0.000000e+00  -4.253161e-03  0.000000e+00  0.000000e+00  4.479519e-01  0.000000e+00  0.000000e+00  -1.321408e-01  0.000000e+00  0.000000e+00  4.479519e-01  0.000000e+00  0.000000e+00  0.000000e+00  0.000000e+00  0.000000e+00  4.479519e-01  0.000000e+00  0.000000e+00  0.000000e+00  0.000000e+00  0.000000e+00  4.479519e-01  
6.998876e-02  1.000000e+00  3.422663e-01  0.000000e+00  0.000000e+00  4.453721e-01  6.444792e-01  1.500000e+00  -9.999981e-01  0.000000e+00  0.000000e+00  4.453721e-01  0.000000e+00  0.000000e+00  -1.524105e-03  0.000000e+00  0.000000e+00  4.453721e-01  0.000000e+00  0.000000e+00  -1.369410e-01  0.000000e+00  0.000000e+00  4.453721e-01  0.000000e+00  0.000000e+00  0.000000e+00  0.000000e+00  0.000000e+00  4.453721e-01  0.000000e+00  0.000000e+00  0.000000e+00  0.000000e+00  0.000000e+00  4.453721e-01  
7.791828e-02  1.000000e+00  3.416572e-01  0.000000e+00  0.000000e+00  4.427207e-01  6.944720e-01  1.750000e+00  -9.999987e-01  0.000000e+00  0.000000e+00  4.427207e-01  0.000000e+00  0.000000e+00  7.783291e-04  0.000000e+00  0.000000e+00  4.427207e-01  0.000000e+00  0.000000e+00  -1.411735e-01  0.000000e+00  0.000000e+00  4.427207e-01  0.000000e+00  0.000000e+00  0.000000e+00  0.000000e+00  0.000000e+00  4.427207e-01  0.000000e+00  0.000000e+00  0.000000e+00  0.000000e+00  0.000000e+00  4.427207e-01  
8.472484e-02  1.000000e+00  3.413161e-01  0.000000e+00  0.000000e+00  4.407023e-01  7.424414e-01  2.000000e+00  -9.999994e-01  0.000000e+00  0.000000e+00  4.407023e-01  0.000000e+00  0.000000e+00  2.887309e-03  0.000000e+00  0.000000e+00  4.407023e-01  0.000000e+00  0.000000e+00  -1.451083e-01  0.000000e+00  0.000000e+00  4.407023e-01  0.000000e+00  0.000000e+00  0.000000e+00  0.000000e+00  0.000000e+00  4.407023e-01  0.000000e+00  0.000000e+00  0.000000e+00  0.000000e+00  0.000000e+00  4.407023e-01  
9.080049e-02  1.000000e+00  3.411375e-01  0.000000e+00  0.000000e+00  4.386777e-01  7.887783e-01  2.250000e+00  -9.999998e-01  0.000000e+00  0.000000e+00  4.386777e-01  0.000000e+00  0.000000e+00  4.937247e-03  0.000000e+00  0.000000e+00  4.386777e-01  0.000000e+00  0.000000e+00  -1.489062e-01  0.000000e+00  0.000000e+00  4.386777e-01  0.000000e+00  0.000000e+00  0.000000e+00  0.000000e+00  0.000000e+00  4.386777e-01  0.000000e+00  0.000000e+00  0.000000e+00  0.000000e+00  0.000000e+00  4.386777e-01  
9.576973e-02  1.000000e+00  3.411788e-01  0.000000e+00  0.000000e+00  4.367373e-01  8.336444e-01  2.500000e+00  -9.999999e-01  0.000000e+00  0.000000e+00  4.367373e-01  0.000000e+00  0.000000e+00  6.712291e-03  0.000000e+00  0.000000e+00  4.367373e-01  0.000000e+00  0.000000e+00  -1.524631e-01  0.000000e+00  0.000000e+00  4.367373e-01  0.000000e+00  0.000000e+00  0.000000e+00  0.000000e+00  0.000000e+00  4.367373e-01  0.000000e+00  0.000000e+00  0.000000e+00  0.000000e+00  0.000000e+00  4.367373e-01  
1.006211e-01  1.000000e+00  3.410971e-01  0.000000e+00  0.000000e+00  4.357109e-01  8.777354e-01  2.750000e+00  -9.999999e-01  0.000000e+00  0.000000e+00  4.357109e-01  0.000000e+00  0.000000e+00  8.447529e-03  0.000000e+00  0.000000e+00  4.357109e-01  0.000000e+00  0.000000e+00  -1.557769e-01  0.000000e+00  0.000000e+00  4.357109e-01  0.000000e+00  0.000000e+00  0.000000e+00  0.000000e+00  0.000000e+00  4.357109e-01  0.000000e+00  0.000000e+00  0.000000e+00  0.000000e+00  0.000000e+00  4.357109e-01  
1.043534e-01  1.000000e+00  3.413602e-01  0.000000e+00  0.000000e+00  4.330612e-01  9.200966e-01  3.000000e+00  -9.999998e-01  0.000000e+00  0.000000e+00  4.330612e-01  0.000000e+00  0.000000e+00  1.015505e-02  0.000000e+00  0.000000e+00  4.330612e-01  0.000000e+00  0.000000e+00  -1.592569e-01  0.000000e+00  0.000000e+00  4.330612e-01  0.000000e+00  0.000000e+00  0.000000e+00  0.000000e+00  0.000000e+00  4.330612e-01  0.000000e+00  0.000000e+00  0.000000e+00  0.000000e+00  0.000000e+00  4.330612e-01  
1.076171e-01  1.000000e+00  3.417748e-01  0.000000e+00  0.000000e+00  4.301959e-01  9.614253e-01  3.250000e+00  -9.999979e-01  0.000000e+00  0.000000e+00  4.301959e-01  0.000000e+00  0.000000e+00  1.139728e-02  0.000000e+00  0.000000e+00  4.301959e-01  0.000000e+00  0.000000e+00  -1.622226e-01  0.000000e+00  0.000000e+00  4.301959e-01  0.000000e+00  0.000000e+00  0.000000e+00  0.000000e+00  0.000000e+00  4.301959e-01  0.000000e+00  0.000000e+00  0.000000e+00  0.000000e+00  0.000000e+00  4.301959e-01  
1.097813e-01  1.000000e+00  3.421709e-01  0.000000e+00  0.000000e+00  4.270101e-01  1.001943e+00  3.500000e+00  -9.999930e-01  0.000000e+00  0.000000e+00  4.270101e-01  0.000000e+00  0.000000e+00  1.295022e-02  0.000000e+00  0.000000e+00  4.270101e-01  0.000000e+00  0.000000e+00  -1.656520e-01  0.000000e+00  0.000000e+00  4.270101e-01  0.000000e+00  0.000000e+00  0.000000e+00  0.000000e+00  0.000000e+00  4.270101e-01  0.000000e+00  0.000000e+00  0.000000e+00  0.000000e+00  0.000000e+00  4.270101e-01  
1.124518e-01  1.000000e+00  3.423351e-01  0.000000e+00  0.000000e+00  4.254861e-01  1.042386e+00  3.750000e+00  -9.999918e-01  0.000000e+00  0.000000e+00  4.254861e-01  0.000000e+00  0.000000e+00  1.444375e-02  0.000000e+00  0.000000e+00  4.254861e-01  0.000000e+00  0.000000e+00  -1.687063e-01  0.000000e+00  0.000000e+00  4.254861e-01  0.000000e+00  0.000000e+00  0.000000e+00  0.000000e+00  0.000000e+00  4.254861e-01  0.000000e+00  0.000000e+00  0.000000e+00  0.000000e+00  0.000000e+00  4.254861e-01  
1.150822e-01  1.000000e+00  3.424199e-01  0.000000e+00  0.000000e+00  4.242801e-01  1.082701e+00  4.000000e+00  -9.999942e-01  0.000000e+00  0.000000e+00  4.242801e-01  0.000000e+00  0.000000e+00  1.589667e-02  0.000000e+00  0.000000e+00  4.242801e-01  0.000000e+00  0.000000e+00  -1.717118e-01  0.000000e+00  0.000000e+00  4.242801e-01  0.000000e+00  0.000000e+00  0.000000e+00  0.000000e+00  0.000000e+00  4.242801e-01  0.000000e+00  0.000000e+00  0.000000e+00  0.000000e+00  0.000000e+00  4.242801e-01  
1.877188e-06  1.250000e+00  3.811299e-01  0.000000e+00  0.000000e+00  4.594144e-01  1.676020e-01  0.000000e+00  -9.999981e-01  0.000000e+00  0.000000e+00  4.594144e-01  0.000000e+00  0.000000e+00  -2.308194e-02  0.000000e+00  0.000000e+00  4.594144e-01  0.000000e+00  0.000000e+00  -8.018126e-02  0.000000e+00  0.000000e+00  4.594144e-01  0.000000e+00  0.000000e+00  0.000000e+00  0.000000e+00  0.000000e+00  4.594144e-01  0.000000e+00  0.000000e+00  0.000000e+00  0.000000e+00  0.000000e+00  4.594144e-01  
5.078754e-05  1.250000e+00  3.929852e-01  0.000000e+00  0.000000e+00  4.152392e-01  3.110436e-01  2.500000e-01  -9.999999e-01  0.000000e+00  0.000000e+00  4.152392e-01  0.000000e+00  0.000000e+00  -2.288406e-02  0.000000e+00  0.000000e+00  4.152392e-01  0.000000e+00  0.000000e+00  -1.070753e-01  0.000000e+00  0.000000e+00  4.152392e-01  0.000000e+00  0.000000e+00  0.000000e+00  0.000000e+00  0.000000e+00  4.152392e-01  0.000000e+00  0.000000e+00  0.000000e+00  0.000000e+00  0.000000e+00  4.152392e-01  
4.834735e-02  1.250000e+00  3.517121e-01  0.000000e+00  0.000000e+00  4.468736e-01  4.007115e-01  5.000000e-01  -9.999977e-01  0.000000e+00  0.000000e+00  4.468736e-01  0.000000e+00  0.000000e+00  -1.407069e-02  0.000000e+00  0.000000e+00  4.468736e-01  0.000000e+00  0.000000e+00  -1.113164e-01  0.000000e+00  0.000000e+00  4.468736e-01  0.000000e+00  0.000000e+00  0.000000e+00  0.000000e+00  0.000000e+00  4.468736e-01  0.000000e+00  0.000000e+00  0.000000e+00  0.000000e+00  0.000000e+00  4.468736e-01  
6.696995e-02  1.250000e+00  3.464364e-01  0.000000e+00  0.000000e+00  4.475632e-01  4.704330e-01  7.500000e-01  -1.000000e+00  0.000000e+00  0.000000e+00  4.475632e-01  0.000000e+00  0.000000e+00  -1.012014e-02  0.000000e+00  0.000000e+00  4.475632e-01  0.000000e+00  0.000000e+00  -1.178683e-01  0.000000e+00  0.000000e+00  4.475632e-01  0.000000e+00  0.000000e+00  0.000000e+00  0.000000e+00  0.000000e+00  4.475632e-01  0.000000e+00  0.000000e+00  0.000000e+00  0.000000e+00  0.000000e+00  4.475632e-01  
8.137677e-02  1.250000e+00  3.437928e-01  0.000000e+00  0.000000e+00  4.463825e-01  5.318304e-01  1.000000e+00  -9.999989e-01  0.000000e+00  0.000000e+00  4.463825e-01  0.000000e+00  0.000000e+00  -6.636709e-03  0.000000e+00  0.000000e+00  4.463825e-01  0.000000e+00  0.000000e+00  -1.235834e-01  0.000000e+00  0.000000e+00  4.463825e-01  0.000000e+00  0.000000e+00  0.000000e+00  0.000000e+00  0.000000e+00  4.463825e-01  0.000000e+00  0.000000e+00  0.000000e+00  0.000000e+00  0.000000e+00  4.463825e-01  
9.303726e-02  1.250000e+00  3.423762e-01  0.000000e+00  0.000000e+00  4.449620e-01  5.881373e-01  1.250000e+00  -9.999993e-01  0.000000e+00  0.000000e+00  4.449620e-01  0.000000e+00  0.000000e+00  -3.762494e-03  0.000000e+00  0.000000e+00  4.449620e-01  0.000000e+00  0.000000e+00  -1.285254e-01  0.000000e+00  0.000000e+00  4.449620e-01  0.000000e+00  0.000000e+00  0.000000e+00  0.000000e+00  0.000000e+00  4.449620e-01  0.000000e+00  0.000000e+00  0.000000e+00  0.000000e+00  0.000000e+00  4.449620e-01  
1.026936e-01  1.250000e+00  3.416834e-01  0.000000e+00  0.000000e+00  4.425932e-01  6.406575e-01  1.500000e+00  -9.999980e-01  0.000000e+00  0.000000e+00  4.425932e-01  0.000000e+00  0.000000e+00  -1.077621e-03  0.000000e+00  0.000000e+00  4.425932e-01  0.000000e+00  0.000000e+00  -1.331754e-01  0.000000e+00  0.000000e+00  4.425932e-01  0.000000e+00  0.000000e+00  0.000000e+00  0.000000e+00  0.000000e+00  4.425932e-01  0.000000e+00  0.000000e+00  0.000000e+00  0.000000e+00  0.000000e+00  4.425932e-01  
1.107225e-01  1.250000e+00  3.414746e-01  0.000000e+00  0.000000e+00  4.396515e-01  6.902050e-01  1.750000e+00  -9.999994e-01  0.000000e+00  0.000000e+00  4.396515e-01  0.000000e+00  0.000000e+00  1.225292e-03  0.000000e+00  0.000000e+00  4.396515e-01  0.000000e+00  0.000000e+00  -1.373975e-01  0.000000e+00  0.000000e+00  4.396515e-01  0.000000e+00  0.000000e+00  0.000000e+00  0.000000e+00  0.000000e+00  4.396515e-01  0.000000e+00  0.000000e+00  0.000000e+00  0.000000e+00  0.000000e+00  4.396515e-01  
1.179624e-01  1.250000e+00  3.412560e-01  0.000000e+00  0.000000e+00  4.383088e-01  7.380721e-01  2.000000e+00  -9.999997e-01  0.000000e+00  0.000000e+00  4.383088e-01  0.000000e+00  0.000000e+00  3.487074e-03  0.000000e+00  0.000000e+00  4.383088e-01  0.000000e+00  0.000000e+00  -1.413774e-01  0.000000e+00  0.000000e+00  4.383088e-01  0.000000e+00  0.000000e+00  0.000000e+00  0.000000e+00  0.000000e+00  4.383088e-01  0.000000e+00  0.000000e+00  0.000000e+00  0.000000e+00  0.000000e+00  4.383088e-01  
1.239509e-01  1.250000e+00  3.413533e-01  0.000000e+00  0.000000e+00  4.362441e-01  7.840122e-01  2.250000e+00  -9.999995e-01  0.000000e+00  0.000000e+00  4.362441e-01  0.000000e+00  0.000000e+00  5.379356e-03  0.000000e+00  0.000000e+00  4.362441e-01  0.000000e+00  0.000000e+00  -1.450763e-01  0.000000e+00  0.000000e+00  4.362441e-01  0.000000e+00  0.000000e+00  0.000000e+00  0.000000e+00  0.000000e+00  4.362441e-01  0.000000e+00  0.000000e+00  0.000000e+00  0.000000e+00  0.000000e+00  4.362441e-01  
1.288330e-01  1.250000e+00  3.417173e-01  0.000000e+00  0.000000e+00  4.336674e-01  8.280679e-01  2.500000e+00  -9.999958e-01  0.000000e+00  0.000000e+00  4.336674e-01  0.000000e+00  0.000000e+00  6.796049e-03  0.000000e+00  0.000000e+00  4.336674e-01  0.000000e+00  0.000000e+00  -1.482703e-01  0.000000e+00  0.000000e+00  4.336674e-01  0.000000e+00  0.000000e+00  0.000000e+00  0.000000e+00  0.000000e+00  4.336674e-01  0.000000e+00  0.000000e+00  0.000000e+00  0.000000e+00  0.000000e+00  4.336674e-01  
1.341361e-01  1.250000e+00  3.415600e-01  0.000000e+00  0.000000e+00  4.339433e-01  8.723993e-01  2.750000e+00  -9.999954e-01  0.000000e+00  0.000000e+00  4.339433e-01  0.000000e+00  0.000000e+00  8.643787e-03  0.000000e+00  0.000000e+00  4.339433e-01  0.000000e+00  0.000000e+00  -1.515904e-01  0.000000e+00  0.000000e+00  4.339433e-01  0.000000e+00  0.000000e+00  0.000000e+00  0.000000e+00  0.000000e+00  4.339433e-01  0.000000e+00  0.000000e+00  0.000000e+00  0.000000e+00  0.000000e+00  4.339433e-01  
1.378129e-01  1.250000e+00  3.419725e-01  0.000000e+00  0.000000e+00  4.305266e-01  9.143080e-01  3.000000e+00  -9.999988e-01  0.000000e+00  0.000000e+00  4.305266e-01  0.000000e+00  0.000000e+00  1.042216e-02  0.000000e+00  0.000000e+00  4.305266e-01  0.000000e+00  0.000000e+00  -1.551279e-01  0.000000e+00  0.000000e+00  4.305266e-01  0.000000e+00  0.000000e+00  0.000000e+00  0.000000e+00  0.000000e+00  4.305266e-01  0.000000e+00  0.000000e+00  0.000000e+00  0.000000e+00  0.000000e+00  4.305266e-01  
1.409420e-01  1.250000e+00  3.421734e-01  0.000000e+00  0.000000e+00  4.285975e-01  9.559610e-01  3.250000e+00  -9.999870e-01  0.000000e+00  0.000000e+00  4.285975e-01  0.000000e+00  0.000000e+00  1.212269e-02  0.000000e+00  0.000000e+00  4.285975e-01  0.000000e+00  0.000000e+00  -1.585662e-01  0.000000e+00  0.000000e+00  4.285975e-01  0.000000e+00  0.000000e+00  0.000000e+00  0.000000e+00  0.000000e+00  4.285975e-01  0.000000e+00  0.000000e+00  0.000000e+00  0.000000e+00  0.000000e+00  4.285975e-01  
1.437193e-01  1.250000e+00  3.426034e-01  0.000000e+00  0.000000e+00  4.257070e-01  9.962856e-01  3.500000e+00  -9.999915e-01  0.000000e+00  0.000000e+00  4.257070e-01  0.000000e+00  0.000000e+00  1.364731e-02  0.000000e+00  0.000000e+00  4.257070e-01  0.000000e+00  0.000000e+00  -1.618023e-01  0.000000e+00  0.000000e+00  4.257070e-01  0.000000e+00  0.000000e+00  0.000000e+00  0.000000e+00  0.000000e+00  4.257070e-01  0.000000e+00  0.000000e+00  0.000000e+00  0.000000e+00  0.000000e+00  4.257070e-01  
1.465127e-01  1.250000e+00  3.427736e-01  0.000000e+00  0.000000e+00  4.242937e-01  1.036512e+00  3.750000e+00  -9.999952e-01  0.000000e+00  0.000000e+00  4.242937e-01  0.000000e+00  0.000000e+00  1.516383e-02  0.000000e+00  0.000000e+00  4.242937e-01  0.000000e+00  0.000000e+00  -1.648693e-01  0.000000e+00  0.000000e+00  4.242937e-01  0.000000e+00  0.000000e+00  0.000000e+00  0.000000e+00  0.000000e+00  4.242937e-01  0.000000e+00  0.000000e+00  0.000000e+00  0.000000e+00  0.000000e+00  4.242937e-01  
1.490322e-01  1.250000e+00  3.429087e-01  0.000000e+00  0.000000e+00  4.231626e-01  1.076368e+00  4.000000e+00  -9.999984e-01  0.000000e+00  0.000000e+00  4.231626e-01  0.000000e+00  0.000000e+00  1.661134e-02  0.000000e+00  0.000000e+00  4.231626e-01  0.000000e+00  0.000000e+00  -1.678165e-01  0.000000e+00  0.000000e+00  4.231626e-01  0.000000e+00  0.000000e+00  0.000000e+00  0.000000e+00  0.000000e+00  4.231626e-01  0.000000e+00  0.000000e+00  0.000000e+00  0.000000e+00  0.000000e+00  4.231626e-01  
2.418838e-06  1.500000e+00  3.982170e-01  0.000000e+00  0.000000e+00  4.285694e-01  1.636586e-01  0.000000e+00  -9.999998e-01  0.000000e+00  0.000000e+00  4.285694e-01  0.000000e+00  0.000000e+00  -2.804732e-02  0.000000e+00  0.000000e+00  4.285694e-01  0.000000e+00  0.000000e+00  -8.200916e-02  0.000000e+00  0.000000e+00  4.285694e-01  0.000000e+00  0.000000e+00  0.000000e+00  0.000000e+00  0.000000e+00  4.285694e-01  0.000000e+00  0.000000e+00  0.000000e+00  0.000000e+00  0.000000e+00  4.285694e-01  
5.228300e-02  1.500000e+00  3.573247e-01  0.000000e+00  0.000000e+00  4.380887e-01  3.138353e-01  2.500000e-01  -9.999998e-01  0.000000e+00  0.000000e+00  4.380887e-01  0.000000e+00  0.000000e+00  -1.886441e-02  0.000000e+00  0.000000e+00  4.380887e-01  0.000000e+00  0.000000e+00  -9.981378e-02  0.000000e+00  0.000000e+00  4.380887e-01  0.000000e+00  0.000000e+00  0.000000e+00  0.000000e+00  0.000000e+00  4.380887e-01  0.000000e+00  0.000000e+00  0.000000e+00  0.000000e+00  0.000000e+00  4.380887e-01  
7.963320e-02  1.500000e+00  3.484895e-01  0.000000e+00  0.000000e+00  4.434206e-01  3.985320e-01  5.000000e-01  -1.000000e+00  0.000000e+00  0.000000e+00  4.434206e-01  0.000000e+00  0.000000e+00  -1.360993e-02  0.000000e+00  0.000000e+00  4.434206e-01  0.000000e+00  0.000000e+00  -1.079926e-01  0.000000e+00  0.000000e+00  4.434206e-01  0.000000e+00  0.000000e+00  0.000000e+00  0.000000e+00  0.000000e+00  4.434206e-01  0.000000e+00  0.000000e+00  0.000000e+00  0.000000e+00  0.000000e+00  4.434206e-01  
9.878538e-02  1.500000e+00  3.447641e-01  0.000000e+00  0.000000e+00  4.448556e-01  4.677336e-01  7.500000e-01  -9.999974e-01  0.000000e+00  0.000000e+00  4.448556e-01  0.000000e+00  0.000000e+00  -9.913906e-03  0.000000e+00  0.000000e+00  4.448556e-01  0.000000e+00  0.000000e+00  -1.141339e-01  0.000000e+00  0.000000e+00  4.448556e-01  0.000000e+00  0.000000e+00  0.000000e+00  0.000000e+00  0.000000e+00  4.448556e-01  0.000000e+00  0.000000e+00  0.000000e+00  0.000000e+00  0.000000e+00  4.448556e-01  
1.137237e-01  1.500000e+00  3.427701e-01  0.000000e+00  0.000000e+00  4.440828e-01  5.290779e-01  1.000000e+00  -9.999996e-01  0.000000e+00  0.000000e+00  4.440828e-01  0.000000e+00  0.000000e+00  -6.198000e-03  0.000000e+00  0.000000e+00  4.440828e-01  0.000000e+00  0.000000e+00  -1.199916e-01  0.000000e+00  0.000000e+00  4.440828e-01  0.000000e+00  0.000000e+00  0.000000e+00  0.000000e+00  0.000000e+00  4.440828e-01  0.000000e+00  0.000000e+00  0.000000e+00  0.000000e+00  0.000000e+00  4.440828e-01  
1.256198e-01  1.500000e+00  3.418581e-01  0.000000e+00  0.000000e+00  4.424557e-01  5.850248e-01  1.250000e+00  -9.999991e-01  0.000000e+00  0.000000e+00  4.424557e-01  0.000000e+00  0.000000e+00  -3.235500e-03  0.000000e+00  0.000000e+00  4.424557e-01  0.000000e+00  0.000000e+00  -1.249821e-01  0.000000e+00  0.000000e+00  4.424557e-01  0.000000e+00  0.000000e+00  0.000000e+00  0.000000e+00  0.000000e+00  4.424557e-01  0.000000e+00  0.000000e+00  0.000000e+00  0.000000e+00  0.000000e+00  4.424557e-01  
1.353602e-01  1.500000e+00  3.415557e-01  0.000000e+00  0.000000e+00  4.398114e-01  6.370365e-01  1.500000e+00  -9.999987e-01  0.000000e+00  0.000000e+00  4.398114e-01  0.000000e+00  0.000000e+00  -5.593593e-04  0.000000e+00  0.000000e+00  4.398114e-01  0.000000e+00  0.000000e+00  -1.296095e-01  0.000000e+00  0.000000e+00  4.398114e-01  0.000000e+00  0.000000e+00  0.000000e+00  0.000000e+00  0.000000e+00  4.398114e-01  0.000000e+00  0.000000e+00  0.000000e+00  0.000000e+00  0.000000e+00  4.398114e-01  
1.436781e-01  1.500000e+00  3.414774e-01  0.000000e+00  0.000000e+00  4.377045e-01  6.864622e-01  1.750000e+00  -9.999999e-01  0.000000e+00  0.000000e+00  4.377045e-01  0.000000e+00  0.000000e+00  1.746226e-03  0.000000e+00  0.000000e+00  4.377045e-01  0.000000e+00  0.000000e+00  -1.337465e-01  0.000000e+00  0.000000e+00  4.377045e-01  0.000000e+00  0.000000e+00  0.000000e+00  0.000000e+00  0.000000e+00  4.377045e-01  0.000000e+00  0.000000e+00  0.000000e+00  0.000000e+00  0.000000e+00  4.377045e-01  
1.509066e-01  1.500000e+00  3.414922e-01  0.000000e+00  0.000000e+00  4.357419e-01  7.339339e-01  2.000000e+00  -9.999997e-01  0.000000e+00  0.000000e+00  4.357419e-01  0.000000e+00  0.000000e+00  4.027455e-03  0.000000e+00  0.000000e+00  4.357419e-01  0.000000e+00  0.000000e+00  -1.377647e-01  0.000000e+00  0.000000e+00  4.357419e-01  0.000000e+00  0.000000e+00  0.000000e+00  0.000000e+00  0.000000e+00  4.357419e-01  0.000000e+00  0.000000e+00  0.000000e+00  0.000000e+00  0.000000e+00  4.357419e-01  
1.571128e-01  1.500000e+00  3.416410e-01  0.000000e+00  0.000000e+00  4.339900e-01  7.796920e-01  2.250000e+00  -1.000000e+00  0.000000e+00  0.000000e+00  4.339900e-01  0.000000e+00  0.000000e+00  5.989762e-03  0.000000e+00  0.000000e+00  4.339900e-01  0.000000e+00  0.000000e+00  -1.414439e-01  0.000000e+00  0.000000e+00  4.339900e-01  0.000000e+00  0.000000e+00  0.000000e+00  0.000000e+00  0.000000e+00  4.339900e-01  0.000000e+00  0.000000e+00  0.000000e+00  0.000000e+00  0.000000e+00  4.339900e-01  
1.625927e-01  1.500000e+00  3.417985e-01  0.000000e+00  0.000000e+00  4.324679e-01  8.241574e-01  2.500000e+00  -1.000000e+00  0.000000e+00  0.000000e+00  4.324679e-01  0.000000e+00  0.000000e+00  7.887839e-03  0.000000e+00  0.000000e+00  4.324679e-01  0.000000e+00  0.000000e+00  -1.449895e-01  0.000000e+00  0.000000e+00  4.324679e-01  0.000000e+00  0.000000e+00  0.000000e+00  0.000000e+00  0.000000e+00  4.324679e-01  0.000000e+00  0.000000e+00  0.000000e+00  0.000000e+00  0.000000e+00  4.324679e-01  
1.671701e-01  1.500000e+00  3.422212e-01  0.000000e+00  0.000000e+00  4.302031e-01  8.668856e-01  2.750000e+00  -1.000000e+00  0.000000e+00  0.000000e+00  4.302031e-01  0.000000e+00  0.000000e+00  9.370024e-03  0.000000e+00  0.000000e+00  4.302031e-01  0.000000e+00  0.000000e+00  -1.481338e-01  0.000000e+00  0.000000e+00  4.302031e-01  0.000000e+00  0.000000e+00  0.000000e+00  0.000000e+00  0.000000e+00  4.302031e-01  0.000000e+00  0.000000e+00  0.000000e+00  0.000000e+00  0.000000e+00  4.302031e-01  
1.711761e-01  1.500000e+00  3.423525e-01  0.000000e+00  0.000000e+00  4.290173e-01  9.095414e-01  3.000000e+00  -9.999896e-01  0.000000e+00  0.000000e+00  4.290173e-01  0.000000e+00  0.000000e+00  1.112852e-02  0.000000e+00  0.000000e+00  4.290173e-01  0.000000e+00  0.000000e+00  -1.515990e-01  0.000000e+00  0.000000e+00  4.290173e-01  0.000000e+00  0.000000e+00  0.000000e+00  0.000000e+00  0.000000e+00  4.290173e-01  0.000000e+00  0.000000e+00  0.000000e+00  0.000000e+00  0.000000e+00  4.290173e-01  
1.747811e-01  1.500000e+00  3.426060e-01  0.000000e+00  0.000000e+00  4.273220e-01  9.508622e-01  3.250000e+00  -9.999962e-01  0.000000e+00  0.000000e+00  4.273220e-01  0.000000e+00  0.000000e+00  1.278890e-02  0.000000e+00  0.000000e+00  4.273220e-01  0.000000e+00  0.000000e+00  -1.548401e-01  0.000000e+00  0.000000e+00  4.273220e-01  0.000000e+00  0.000000e+00  0.000000e+00  0.000000e+00  0.000000e+00  4.273220e-01  0.000000e+00  0.000000e+00  0.000000e+00  0.000000e+00  0.000000e+00  4.273220e-01  
1.774155e-01  1.500000e+00  3.430676e-01  0.000000e+00  0.000000e+00  4.243887e-01  9.907798e-01  3.500000e+00  -9.999964e-01  0.000000e+00  0.000000e+00  4.243887e-01  0.000000e+00  0.000000e+00  1.434696e-02  0.000000e+00  0.000000e+00  4.243887e-01  0.000000e+00  0.000000e+00  -1.581110e-01  0.000000e+00  0.000000e+00  4.243887e-01  0.000000e+00  0.000000e+00  0.000000e+00  0.000000e+00  0.000000e+00  4.243887e-01  0.000000e+00  0.000000e+00  0.000000e+00  0.000000e+00  0.000000e+00  4.243887e-01  
1.803302e-01  1.500000e+00  3.432693e-01  0.000000e+00  0.000000e+00  4.231113e-01  1.030891e+00  3.750000e+00  -9.999963e-01  0.000000e+00  0.000000e+00  4.231113e-01  0.000000e+00  0.000000e+00  1.585670e-02  0.000000e+00  0.000000e+00  4.231113e-01  0.000000e+00  0.000000e+00  -1.611547e-01  0.000000e+00  0.000000e+00  4.231113e-01  0.000000e+00  0.000000e+00  0.000000e+00  0.000000e+00  0.000000e+00  4.231113e-01  0.000000e+00  0.000000e+00  0.000000e+00  0.000000e+00  0.000000e+00  4.231113e-01  
1.829822e-01  1.500000e+00  3.433890e-01  0.000000e+00  0.000000e+00  4.222369e-01  1.070663e+00  4.000000e+00  -9.999997e-01  0.000000e+00  0.000000e+00  4.222369e-01  0.000000e+00  0.000000e+00  1.729476e-02  0.000000e+00  0.000000e+00  4.222369e-01  0.000000e+00  0.000000e+00  -1.640638e-01  0.000000e+00  0.000000e+00  4.222369e-01  0.000000e+00  0.000000e+00  0.000000e+00  0.000000e+00  0.000000e+00  4.222369e-01  0.000000e+00  0.000000e+00  0.000000e+00  0.000000e+00  0.000000e+00  4.222369e-01  
2.093614e-02  1.750000e+00  3.852043e-01  0.000000e+00  0.000000e+00  4.185520e-01  1.615732e-01  0.000000e+00  -9.999976e-01  0.000000e+00  0.000000e+00  4.185520e-01  0.000000e+00  0.000000e+00  -2.914980e-02  0.000000e+00  0.000000e+00  4.185520e-01  0.000000e+00  0.000000e+00  -8.033960e-02  0.000000e+00  0.000000e+00  4.185520e-01  0.000000e+00  0.000000e+00  0.000000e+00  0.000000e+00  0.000000e+00  4.185520e-01  0.000000e+00  0.000000e+00  0.000000e+00  0.000000e+00  0.000000e+00  4.185520e-01  
8.350038e-02  1.750000e+00  3.530114e-01  0.000000e+00  0.000000e+00  4.371002e-01  3.125182e-01  2.500000e-01  -1.000000e+00  0.000000e+00  0.000000e+00  4.371002e-01  0.000000e+00  0.000000e+00  -1.840626e-02  0.000000e+00  0.000000e+00  4.371002e-01  0.000000e+00  0.000000e+00  -9.644194e-02  0.000000e+00  0.000000e+00  4.371002e-01  0.000000e+00  0.000000e+00  0.000000e+00  0.000000e+00  0.000000e+00  4.371002e-01  0.000000e+00  0.000000e+00  0.000000e+00  0.000000e+00  0.000000e+00  4.371002e-01  
1.114696e-01  1.750000e+00  3.463720e-01  0.000000e+00  0.000000e+00  4.419897e-01  3.968239e-01  5.000000e-01  -9.999999e-01  0.000000e+00  0.000000e+00  4.419897e-01  0.000000e+00  0.000000e+00  -1.312137e-02  0.000000e+00  0.000000e+00  4.419897e-01  0.000000e+00  0.000000e+00  -1.045846e-01  0.000000e+00  0.000000e+00  4.419897e-01  0.000000e+00  0.000000e+00  0.000000e+00  0.000000e+00  0.000000e+00  4.419897e-01  0.000000e+00  0.000000e+00  0.000000e+00  0.000000e+00  0.000000e+00  4.419897e-01  
1.308271e-01  1.750000e+00  3.436945e-01  0.000000e+00  0.000000e+00  4.425021e-01  4.655177e-01  7.500000e-01  -9.999982e-01  0.000000e+00  0.000000e+00  4.425021e-01  0.000000e+00  0.000000e+00  -9.364831e-03  0.000000e+00  0.000000e+00  4.425021e-01  0.000000e+00  0.000000e+00  -1.107999e-01  0.000000e+00  0.000000e+00  4.425021e-01  0.000000e+00  0.000000e+00  0.000000e+00  0.000000e+00  0.000000e+00  4.425021e-01  0.000000e+00  0.000000e+00  0.000000e+00  0.000000e+00  0.000000e+00  4.425021e-01  
1.460589e-01  1.750000e+00  3.422078e-01  0.000000e+00  0.000000e+00  4.419640e-01  5.264982e-01  1.000000e+00  -9.999999e-01  0.000000e+00  0.000000e+00  4.419640e-01  0.000000e+00  0.000000e+00  -5.686161e-03  0.000000e+00  0.000000e+00  4.419640e-01  0.000000e+00  0.000000e+00  -1.165494e-01  0.000000e+00  0.000000e+00  4.419640e-01  0.000000e+00  0.000000e+00  0.000000e+00  0.000000e+00  0.000000e+00  4.419640e-01  0.000000e+00  0.000000e+00  0.000000e+00  0.000000e+00  0.000000e+00  4.419640e-01  
1.579672e-01  1.750000e+00  3.417814e-01  0.000000e+00  0.000000e+00  4.391655e-01  5.818688e-01  1.250000e+00  -9.999984e-01  0.000000e+00  0.000000e+00  4.391655e-01  0.000000e+00  0.000000e+00  -2.613019e-03  0.000000e+00  0.000000e+00  4.391655e-01  0.000000e+00  0.000000e+00  -1.217023e-01  0.000000e+00  0.000000e+00  4.391655e-01  0.000000e+00  0.000000e+00  0.000000e+00  0.000000e+00  0.000000e+00  4.391655e-01  0.000000e+00  0.000000e+00  0.000000e+00  0.000000e+00  0.000000e+00  4.391655e-01  
1.681327e-01  1.750000e+00  3.415726e-01  0.000000e+00  0.000000e+00  4.374326e-01  6.338587e-01  1.500000e+00  -9.999989e-01  0.000000e+00  0.000000e+00  4.374326e-01  0.000000e+00  0.000000e+00  2.667103e-05  0.000000e+00  0.000000e+00  4.374326e-01  0.000000e+00  0.000000e+00  -1.261901e-01  0.000000e+00  0.000000e+00  4.374326e-01  0.000000e+00  0.000000e+00  0.000000e+00  0.000000e+00  0.000000e+00  4.374326e-01  0.000000e+00  0.000000e+00  0.000000e+00  0.000000e+00  0.000000e+00  4.374326e-01  
1.761011e-01  1.750000e+00  3.419703e-01  0.000000e+00  0.000000e+00  4.344046e-01  6.822802e-01  1.750000e+00  -9.999925e-01  0.000000e+00  0.000000e+00  4.344046e-01  0.000000e+00  0.000000e+00  1.833804e-03  0.000000e+00  0.000000e+00  4.344046e-01  0.000000e+00  0.000000e+00  -1.299107e-01  0.000000e+00  0.000000e+00  4.344046e-01  0.000000e+00  0.000000e+00  0.000000e+00  0.000000e+00  0.000000e+00  4.344046e-01  0.000000e+00  0.000000e+00  0.000000e+00  0.000000e+00  0.000000e+00  4.344046e-01  
1.839517e-01  1.750000e+00  3.417857e-01  0.000000e+00  0.000000e+00  4.335188e-01  7.301793e-01  2.000000e+00  -9.999999e-01  0.000000e+00  0.000000e+00  4.335188e-01  0.000000e+00  0.000000e+00  4.555571e-03  0.000000e+00  0.000000e+00  4.335188e-01  0.000000e+00  0.000000e+00  -1.342400e-01  0.000000e+00  0.000000e+00  4.335188e-01  0.000000e+00  0.000000e+00  0.000000e+00  0.000000e+00  0.000000e+00  4.335188e-01  0.000000e+00  0.000000e+00  0.000000e+00  0.000000e+00  0.000000e+00  4.335188e-01  
1.900731e-01  1.750000e+00  3.422138e-01  0.000000e+00  0.000000e+00  4.314193e-01  7.752628e-01  2.250000e+00  -9.999925e-01  0.000000e+00  0.000000e+00  4.314193e-01  0.000000e+00  0.000000e+00  6.118429e-03  0.000000e+00  0.000000e+00  4.314193e-01  0.000000e+00  0.000000e+00  -1.375411e-01  0.000000e+00  0.000000e+00  4.314193e-01  0.000000e+00  0.000000e+00  0.000000e+00  0.000000e+00  0.000000e+00  4.314193e-01  0.000000e+00  0.000000e+00  0.000000e+00  0.000000e+00  0.000000e+00  4.314193e-01  
1.957260e-01  1.750000e+00  3.423923e-01  0.000000e+00  0.000000e+00  4.298627e-01  8.194529e-01  2.500000e+00  -9.999986e-01  0.000000e+00  0.000000e+00  4.298627e-01  0.000000e+00  0.000000e+00  8.158061e-03  0.000000e+00  0.000000e+00  4.298627e-01  0.000000e+00  0.000000e+00  -1.411704e-01  0.000000e+00  0.000000e+00  4.298627e-01  0.000000e+00  0.000000e+00  0.000000e+00  0.000000e+00  0.000000e+00  4.298627e-01  0.000000e+00  0.000000e+00  0.000000e+00  0.000000e+00  0.000000e+00  4.298627e-01  
2.003208e-01  1.750000e+00  3.426144e-01  0.000000e+00  0.000000e+00  4.284492e-01  8.626425e-01  2.750000e+00  -9.999925e-01  0.000000e+00  0.000000e+00  4.284492e-01  0.000000e+00  0.000000e+00  1.007164e-02  0.000000e+00  0.000000e+00  4.284492e-01  0.000000e+00  0.000000e+00  -1.447890e-01  0.000000e+00  0.000000e+00  4.284492e-01  0.000000e+00  0.000000e+00  0.000000e+00  0.000000e+00  0.000000e+00  4.284492e-01  0.000000e+00  0.000000e+00  0.000000e+00  0.000000e+00  0.000000e+00  4.284492e-01  
2.049030e-01  1.750000e+00  3.427398e-01  0.000000e+00  0.000000e+00  4.277217e-01  9.048874e-01  3.000000e+00  -9.999966e-01  0.000000e+00  0.000000e+00  4.277217e-01  0.000000e+00  0.000000e+00  1.184164e-02  0.000000e+00  0.000000e+00  4.277217e-01  0.000000e+00  0.000000e+00  -1.480098e-01  0.000000e+00  0.000000e+00  4.277217e-01  0.000000e+00  0.000000e+00  0.000000e+00  0.000000e+00  0.000000e+00  4.277217e-01  0.000000e+00  0.000000e+00  0.000000e+00  0.000000e+00  0.000000e+00  4.277217e-01  
2.085382e-01  1.750000e+00  3.430076e-01  0.000000e+00  0.000000e+00  4.261734e-01  9.462674e-01  3.250000e+00  -1.000000e+00  0.000000e+00  0.000000e+00  4.261734e-01  0.000000e+00  0.000000e+00  1.350814e-02  0.000000e+00  0.000000e+00  4.261734e-01  0.000000e+00  0.000000e+00  -1.512937e-01  0.000000e+00  0.000000e+00  4.261734e-01  0.000000e+00  0.000000e+00  0.000000e+00  0.000000e+00  0.000000e+00  4.261734e-01  0.000000e+00  0.000000e+00  0.000000e+00  0.000000e+00  0.000000e+00  4.261734e-01  
2.112005e-01  1.750000e+00  3.435271e-01  0.000000e+00  0.000000e+00  4.230926e-01  9.859118e-01  3.500000e+00  -9.999983e-01  0.000000e+00  0.000000e+00  4.230926e-01  0.000000e+00  0.000000e+00  1.502647e-02  0.000000e+00  0.000000e+00  4.230926e-01  0.000000e+00  0.000000e+00  -1.545362e-01  0.000000e+00  0.000000e+00  4.230926e-01  0.000000e+00  0.000000e+00  0.000000e+00  0.000000e+00  0.000000e+00  4.230926e-01  0.000000e+00  0.000000e+00  0.000000e+00  0.000000e+00  0.000000e+00  4.230926e-01  
2.144656e-01  1.750000e+00  3.435682e-01  0.000000e+00  0.000000e+00  4.230116e-01  1.026292e+00  3.750000e+00  -9.999984e-01  0.000000e+00  0.000000e+00  4.230116e-01  0.000000e+00  0.000000e+00  1.658243e-02  0.000000e+00  0.000000e+00  4.230116e-01  0.000000e+00  0.000000e+00  -1.574951e-01  0.000000e+00  0.000000e+00  4.230116e-01  0.000000e+00  0.000000e+00  0.000000e+00  0.000000e+00  0.000000e+00  4.230116e-01  0.000000e+00  0.000000e+00  0.000000e+00  0.000000e+00  0.000000e+00  4.230116e-01  
2.170023e-01  1.750000e+00  3.437932e-01  0.000000e+00  0.000000e+00  4.217651e-01  1.065555e+00  4.000000e+00  -1.000000e+00  0.000000e+00  0.000000e+00  4.217651e-01  0.000000e+00  0.000000e+00  1.799811e-02  0.000000e+00  0.000000e+00  4.217651e-01  0.000000e+00  0.000000e+00  -1.604312e-01  0.000000e+00  0.000000e+00  4.217651e-01  0.000000e+00  0.000000e+00  0.000000e+00  0.000000e+00  0.000000e+00  4.217651e-01  0.000000e+00  0.000000e+00  0.000000e+00  0.000000e+00  0.000000e+00  4.217651e-01  
5.039602e-02  2.000000e+00  3.745578e-01  0.000000e+00  0.000000e+00  4.172179e-01  1.607184e-01  0.000000e+00  -1.000000e+00  0.000000e+00  0.000000e+00  4.172179e-01  0.000000e+00  0.000000e+00  -2.883716e-02  0.000000e+00  0.000000e+00  4.172179e-01  0.000000e+00  0.000000e+00  -7.717683e-02  0.000000e+00  0.000000e+00  4.172179e-01  0.000000e+00  0.000000e+00  0.000000e+00  0.000000e+00  0.000000e+00  4.172179e-01  0.000000e+00  0.000000e+00  0.000000e+00  0.000000e+00  0.000000e+00  4.172179e-01  
1.142766e-01  2.000000e+00  3.504908e-01  0.000000e+00  0.000000e+00  4.352475e-01  3.111374e-01  2.500000e-01  -9.999997e-01  0.000000e+00  0.000000e+00  4.352475e-01  0.000000e+00  0.000000e+00  -1.793779e-02  0.000000e+00  0.000000e+00  4.352475e-01  0.000000e+00  0.000000e+00  -9.328937e-02  0.000000e+00  0.000000e+00  4.352475e-01  0.000000e+00  0.000000e+00  0.000000e+00  0.000000e+00  0.000000e+00  4.352475e-01  0.000000e+00  0.000000e+00  0.000000e+00  0.000000e+00  0.000000e+00  4.352475e-01  
1.428792e-01  2.000000e+00  3.451781e-01  0.000000e+00  0.000000e+00  4.399585e-01  3.950033e-01  5.000000e-01  -9.999999e-01  0.000000e+00  0.000000e+00  4.399585e-01  0.000000e+00  0.000000e+00  -1.260967e-02  0.000000e+00  0.000000e+00  4.399585e-01  0.000000e+00  0.000000e+00  -1.014146e-01  0.000000e+00  0.000000e+00  4.399585e-01  0.000000e+00  0.000000e+00  0.000000e+00  0.000000e+00  0.000000e+00  4.399585e-01  0.000000e+00  0.000000e+00  0.000000e+00  0.000000e+00  0.000000e+00  4.399585e-01  
1.629390e-01  2.000000e+00  3.429808e-01  0.000000e+00  0.000000e+00  4.404243e-01  4.635300e-01  7.500000e-01  -9.999991e-01  0.000000e+00  0.000000e+00  4.404243e-01  0.000000e+00  0.000000e+00  -8.649434e-03  0.000000e+00  0.000000e+00  4.404243e-01  0.000000e+00  0.000000e+00  -1.076871e-01  0.000000e+00  0.000000e+00  4.404243e-01  0.000000e+00  0.000000e+00  0.000000e+00  0.000000e+00  0.000000e+00  4.404243e-01  0.000000e+00  0.000000e+00  0.000000e+00  0.000000e+00  0.000000e+00  4.404243e-01  
1.782614e-01  2.000000e+00  3.419888e-01  0.000000e+00  0.000000e+00  4.394273e-01  5.240933e-01  1.000000e+00  -9.999997e-01  0.000000e+00  0.000000e+00  4.394273e-01  0.000000e+00  0.000000e+00  -5.125000e-03  0.000000e+00  0.000000e+00  4.394273e-01  0.000000e+00  0.000000e+00  -1.133471e-01  0.000000e+00  0.000000e+00  4.394273e-01  0.000000e+00  0.000000e+00  0.000000e+00  0.000000e+00  0.000000e+00  4.394273e-01  0.000000e+00  0.000000e+00  0.000000e+00  0.000000e+00  0.000000e+00  4.394273e-01  
1.906048e-01  2.000000e+00  3.417052e-01  0.000000e+00  0.000000e+00  4.371040e-01  5.793067e-01  1.250000e+00  -9.999988e-01  0.000000e+00  0.000000e+00  4.371040e-01  0.000000e+00  0.000000e+00  -2.042532e-03  0.000000e+00  0.000000e+00  4.371040e-01  0.000000e+00  0.000000e+00  -1.184083e-01  0.000000e+00  0.000000e+00  4.371040e-01  0.000000e+00  0.000000e+00  0.000000e+00  0.000000e+00  0.000000e+00  4.371040e-01  0.000000e+00  0.000000e+00  0.000000e+00  0.000000e+00  0.000000e+00  4.371040e-01  
2.007203e-01  2.000000e+00  3.417790e-01  0.000000e+00  0.000000e+00  4.346144e-01  6.307836e-01  1.500000e+00  -9.999991e-01  0.000000e+00  0.000000e+00  4.346144e-01  0.000000e+00  0.000000e+00  5.938900e-04  0.000000e+00  0.000000e+00  4.346144e-01  0.000000e+00  0.000000e+00  -1.229252e-01  0.000000e+00  0.000000e+00  4.346144e-01  0.000000e+00  0.000000e+00  0.000000e+00  0.000000e+00  0.000000e+00  4.346144e-01  0.000000e+00  0.000000e+00  0.000000e+00  0.000000e+00  0.000000e+00  4.346144e-01  
2.091079e-01  2.000000e+00  3.421726e-01  0.000000e+00  0.000000e+00  4.322412e-01  6.791939e-01  1.750000e+00  -9.999924e-01  0.000000e+00  0.000000e+00  4.322412e-01  0.000000e+00  0.000000e+00  2.459124e-03  0.000000e+00  0.000000e+00  4.322412e-01  0.000000e+00  0.000000e+00  -1.266058e-01  0.000000e+00  0.000000e+00  4.322412e-01  0.000000e+00  0.000000e+00  0.000000e+00  0.000000e+00  0.000000e+00  4.322412e-01  0.000000e+00  0.000000e+00  0.000000e+00  0.000000e+00  0.000000e+00  4.322412e-01  
2.160975e-01  2.000000e+00  3.426409e-01  0.000000e+00  0.000000e+00  4.289321e-01  7.255325e-01  2.000000e+00  -9.999946e-01  0.000000e+00  0.000000e+00  4.289321e-01  0.000000e+00  0.000000e+00  4.696030e-03  0.000000e+00  0.000000e+00  4.289321e-01  0.000000e+00  0.000000e+00  -1.306728e-01  0.000000e+00  0.000000e+00  4.289321e-01  0.000000e+00  0.000000e+00  0.000000e+00  0.000000e+00  0.000000e+00  4.289321e-01  0.000000e+00  0.000000e+00  0.000000e+00  0.000000e+00  0.000000e+00  4.289321e-01  
2.233147e-01  2.000000e+00  3.424347e-01  0.000000e+00  0.000000e+00  4.295009e-01  7.719036e-01  2.250000e+00  -9.999995e-01  0.000000e+00  0.000000e+00  4.295009e-01  0.000000e+00  0.000000e+00  7.207359e-03  0.000000e+00  0.000000e+00  4.295009e-01  0.000000e+00  0.000000e+00  -1.346372e-01  0.000000e+00  0.000000e+00  4.295009e-01  0.000000e+00  0.000000e+00  0.000000e+00  0.000000e+00  0.000000e+00  4.295009e-01  0.000000e+00  0.000000e+00  0.000000e+00  0.000000e+00  0.000000e+00  4.295009e-01  
2.289398e-01  2.000000e+00  3.426329e-01  0.000000e+00  0.000000e+00  4.287687e-01  8.162460e-01  2.500000e+00  -9.999853e-01  0.000000e+00  0.000000e+00  4.287687e-01  0.000000e+00  0.000000e+00  8.961845e-03  0.000000e+00  0.000000e+00  4.287687e-01  0.000000e+00  0.000000e+00  -1.380651e-01  0.000000e+00  0.000000e+00  4.287687e-01  0.000000e+00  0.000000e+00  0.000000e+00  0.000000e+00  0.000000e+00  4.287687e-01  0.000000e+00  0.000000e+00  0.000000e+00  0.000000e+00  0.000000e+00  4.287687e-01  
2.339097e-01  2.000000e+00  3.429634e-01  0.000000e+00  0.000000e+00  4.271665e-01  8.588655e-01  2.750000e+00  -9.999983e-01  0.000000e+00  0.000000e+00  4.271665e-01  0.000000e+00  0.000000e+00  1.074608e-02  0.000000e+00  0.000000e+00  4.271665e-01  0.000000e+00  0.000000e+00  -1.413903e-01  0.000000e+00  0.000000e+00  4.271665e-01  0.000000e+00  0.000000e+00  0.000000e+00  0.000000e+00  0.000000e+00  4.271665e-01  0.000000e+00  0.000000e+00  0.000000e+00  0.000000e+00  0.000000e+00  4.271665e-01  
2.386422e-01  2.000000e+00  3.430349e-01  0.000000e+00  0.000000e+00  4.271335e-01  9.013009e-01  3.000000e+00  -9.999993e-01  0.000000e+00  0.000000e+00  4.271335e-01  0.000000e+00  0.000000e+00  1.255553e-02  0.000000e+00  0.000000e+00  4.271335e-01  0.000000e+00  0.000000e+00  -1.446221e-01  0.000000e+00  0.000000e+00  4.271335e-01  0.000000e+00  0.000000e+00  0.000000e+00  0.000000e+00  0.000000e+00  4.271335e-01  0.000000e+00  0.000000e+00  0.000000e+00  0.000000e+00  0.000000e+00  4.271335e-01  
2.421368e-01  2.000000e+00  3.434688e-01  0.000000e+00  0.000000e+00  4.246100e-01  9.418038e-01  3.250000e+00  -9.999989e-01  0.000000e+00  0.000000e+00  4.246100e-01  0.000000e+00  0.000000e+00  1.426176e-02  0.000000e+00  0.000000e+00  4.246100e-01  0.000000e+00  0.000000e+00  -1.479636e-01  0.000000e+00  0.000000e+00  4.246100e-01  0.000000e+00  0.000000e+00  0.000000e+00  0.000000e+00  0.000000e+00  4.246100e-01  0.000000e+00  0.000000e+00  0.000000e+00  0.000000e+00  0.000000e+00  4.246100e-01  
2.448769e-01  2.000000e+00  3.439695e-01  0.000000e+00  0.000000e+00  4.219889e-01  9.813600e-01  3.500000e+00  -9.999974e-01  0.000000e+00  0.000000e+00  4.219889e-01  0.000000e+00  0.000000e+00  1.571937e-02  0.000000e+00  0.000000e+00  4.219889e-01  0.000000e+00  0.000000e+00  -1.511154e-01  0.000000e+00  0.000000e+00  4.219889e-01  0.000000e+00  0.000000e+00  0.000000e+00  0.000000e+00  0.000000e+00  4.219889e-01  0.000000e+00  0.000000e+00  0.000000e+00  0.000000e+00  0.000000e+00  4.219889e-01  
2.483756e-01  2.000000e+00  3.439621e-01  0.000000e+00  0.000000e+00  4.224410e-01  1.021741e+00  3.750000e+00  -9.999999e-01  0.000000e+00  0.000000e+00  4.224410e-01  0.000000e+00  0.000000e+00  1.726514e-02  0.000000e+00  0.000000e+00  4.224410e-01  0.000000e+00  0.000000e+00  -1.540007e-01  0.000000e+00  0.000000e+00  4.224410e-01  0.000000e+00  0.000000e+00  0.000000e+00  0.000000e+00  0.000000e+00  4.224410e-01  0.000000e+00  0.000000e+00  0.000000e+00  0.000000e+00  0.000000e+00  4.224410e-01  
2.509703e-01  2.000000e+00  3.442025e-01  0.000000e+00  0.000000e+00  4.211876e-01  1.060788e+00  4.000000e+00  -9.999999e-01  0.000000e+00  0.000000e+00  4.211876e-01  0.000000e+00  0.000000e+00  1.871087e-02  0.000000e+00  0.000000e+00  4.211876e-01  0.000000e+00  0.000000e+00  -1.569445e-01  0.000000e+00  0.000000e+00  4.211876e-01  0.000000e+00  0.000000e+00  0.000000e+00  0.000000e+00  0.000000e+00  4.211876e-01  0.000000e+00  0.000000e+00  0.000000e+00  0.000000e+00  0.000000e+00  4.211876e-01  
7.979986e-02  2.250000e+00  3.682924e-01  0.000000e+00  0.000000e+00  4.159908e-01  1.599970e-01  0.000000e+00  -9.999995e-01  0.000000e+00  0.000000e+00  4.159908e-01  0.000000e+00  0.000000e+00  -2.829869e-02  0.000000e+00  0.000000e+00  4.159908e-01  0.000000e+00  0.000000e+00  -7.427539e-02  0.000000e+00  0.000000e+00  4.159908e-01  0.000000e+00  0.000000e+00  0.000000e+00  0.000000e+00  0.000000e+00  4.159908e-01  0.000000e+00  0.000000e+00  0.000000e+00  0.000000e+00  0.000000e+00  4.159908e-01  
1.455213e-01  2.250000e+00  3.486120e-01  0.000000e+00  0.000000e+00  4.338460e-01  3.100618e-01  2.500000e-01  -1.000000e+00  0.000000e+00  0.000000e+00  4.338460e-01  0.000000e+00  0.000000e+00  -1.735290e-02  0.000000e+00  0.000000e+00  4.338460e-01  0.000000e+00  0.000000e+00  -9.024879e-02  0.000000e+00  0.000000e+00  4.338460e-01  0.000000e+00  0.000000e+00  0.000000e+00  0.000000e+00  0.000000e+00  4.338460e-01  0.000000e+00  0.000000e+00  0.000000e+00  0.000000e+00  0.000000e+00  4.338460e-01  
1.745577e-01  2.250000e+00  3.442871e-01  0.000000e+00  0.000000e+00  4.378487e-01  3.935860e-01  5.000000e-01  -1.000000e+00  0.000000e+00  0.000000e+00  4.378487e-01  0.000000e+00  0.000000e+00  -1.203389e-02  0.000000e+00  0.000000e+00  4.378487e-01  0.000000e+00  0.000000e+00  -9.838295e-02  0.000000e+00  0.000000e+00  4.378487e-01  0.000000e+00  0.000000e+00  0.000000e+00  0.000000e+00  0.000000e+00  4.378487e-01  0.000000e+00  0.000000e+00  0.000000e+00  0.000000e+00  0.000000e+00  4.378487e-01  
1.949186e-01  2.250000e+00  3.425702e-01  0.000000e+00  0.000000e+00  4.385490e-01  4.617412e-01  7.500000e-01  -9.999977e-01  0.000000e+00  0.000000e+00  4.385490e-01  0.000000e+00  0.000000e+00  -8.123898e-03  0.000000e+00  0.000000e+00  4.385490e-01  0.000000e+00  0.000000e+00  -1.045614e-01  0.000000e+00  0.000000e+00  4.385490e-01  0.000000e+00  0.000000e+00  0.000000e+00  0.000000e+00  0.000000e+00  4.385490e-01  0.000000e+00  0.000000e+00  0.000000e+00  0.000000e+00  0.000000e+00  4.385490e-01  
2.105227e-01  2.250000e+00  3.418570e-01  0.000000e+00  0.000000e+00  4.372646e-01  5.219614e-01  1.000000e+00  -9.999994e-01  0.000000e+00  0.000000e+00  4.372646e-01  0.000000e+00  0.000000e+00  -4.531695e-03  0.000000e+00  0.000000e+00  4.372646e-01  0.000000e+00  0.000000e+00  -1.102346e-01  0.000000e+00  0.000000e+00  4.372646e-01  0.000000e+00  0.000000e+00  0.000000e+00  0.000000e+00  0.000000e+00  4.372646e-01  0.000000e+00  0.000000e+00  0.000000e+00  0.000000e+00  0.000000e+00  4.372646e-01  
2.231239e-01  2.250000e+00  3.417676e-01  0.000000e+00  0.000000e+00  4.348290e-01  5.768519e-01  1.250000e+00  -9.999991e-01  0.000000e+00  0.000000e+00  4.348290e-01  0.000000e+00  0.000000e+00  -1.425395e-03  0.000000e+00  0.000000e+00  4.348290e-01  0.000000e+00  0.000000e+00  -1.152740e-01  0.000000e+00  0.000000e+00  4.348290e-01  0.000000e+00  0.000000e+00  0.000000e+00  0.000000e+00  0.000000e+00  4.348290e-01  0.000000e+00  0.000000e+00  0.000000e+00  0.000000e+00  0.000000e+00  4.348290e-01  
2.331993e-01  2.250000e+00  3.420546e-01  0.000000e+00  0.000000e+00  4.318512e-01  6.279005e-01  1.500000e+00  -9.999994e-01  0.000000e+00  0.000000e+00  4.318512e-01  0.000000e+00  0.000000e+00  1.189723e-03  0.000000e+00  0.000000e+00  4.318512e-01  0.000000e+00  0.000000e+00  -1.198029e-01  0.000000e+00  0.000000e+00  4.318512e-01  0.000000e+00  0.000000e+00  0.000000e+00  0.000000e+00  0.000000e+00  4.318512e-01  0.000000e+00  0.000000e+00  0.000000e+00  0.000000e+00  0.000000e+00  4.318512e-01  
2.420247e-01  2.250000e+00  3.423959e-01  0.000000e+00  0.000000e+00  4.303706e-01  6.763460e-01  1.750000e+00  -9.999890e-01  0.000000e+00  0.000000e+00  4.303706e-01  0.000000e+00  0.000000e+00  3.134043e-03  0.000000e+00  0.000000e+00  4.303706e-01  0.000000e+00  0.000000e+00  -1.234364e-01  0.000000e+00  0.000000e+00  4.303706e-01  0.000000e+00  0.000000e+00  0.000000e+00  0.000000e+00  0.000000e+00  4.303706e-01  0.000000e+00  0.000000e+00  0.000000e+00  0.000000e+00  0.000000e+00  4.303706e-01  
2.497075e-01  2.250000e+00  3.427506e-01  0.000000e+00  0.000000e+00  4.275393e-01  7.227620e-01  2.000000e+00  -9.999983e-01  0.000000e+00  0.000000e+00  4.275393e-01  0.000000e+00  0.000000e+00  5.649691e-03  0.000000e+00  0.000000e+00  4.275393e-01  0.000000e+00  0.000000e+00  -1.275998e-01  0.000000e+00  0.000000e+00  4.275393e-01  0.000000e+00  0.000000e+00  0.000000e+00  0.000000e+00  0.000000e+00  4.275393e-01  0.000000e+00  0.000000e+00  0.000000e+00  0.000000e+00  0.000000e+00  4.275393e-01  
2.563544e-01  2.250000e+00  3.428062e-01  0.000000e+00  0.000000e+00  4.279175e-01  7.686938e-01  2.250000e+00  -9.999828e-01  0.000000e+00  0.000000e+00  4.279175e-01  0.000000e+00  0.000000e+00  7.634428e-03  0.000000e+00  0.000000e+00  4.279175e-01  0.000000e+00  0.000000e+00  -1.312746e-01  0.000000e+00  0.000000e+00  4.279175e-01  0.000000e+00  0.000000e+00  0.000000e+00  0.000000e+00  0.000000e+00  4.279175e-01  0.000000e+00  0.000000e+00  0.000000e+00  0.000000e+00  0.000000e+00  4.279175e-01  
2.623985e-01  2.250000e+00  3.430212e-01  0.000000e+00  0.000000e+00  4.269967e-01  8.125708e-01  2.500000e+00  -9.999954e-01  0.000000e+00  0.000000e+00  4.269967e-01  0.000000e+00  0.000000e+00  9.623337e-03  0.000000e+00  0.000000e+00  4.269967e-01  0.000000e+00  0.000000e+00  -1.347390e-01  0.000000e+00  0.000000e+00  4.269967e-01  0.000000e+00  0.000000e+00  0.000000e+00  0.000000e+00  0.000000e+00  4.269967e-01  0.000000e+00  0.000000e+00  0.000000e+00  0.000000e+00  0.000000e+00  4.269967e-01  
2.674671e-01  2.250000e+00  3.433000e-01  0.000000e+00  0.000000e+00  4.256717e-01  8.553308e-01  2.750000e+00  -9.999996e-01  0.000000e+00  0.000000e+00  4.256717e-01  0.000000e+00  0.000000e+00  1.160146e-02  0.000000e+00  0.000000e+00  4.256717e-01  0.000000e+00  0.000000e+00  -1.382650e-01  0.000000e+00  0.000000e+00  4.256717e-01  0.000000e+00  0.000000e+00  0.000000e+00  0.000000e+00  0.000000e+00  4.256717e-01  0.000000e+00  0.000000e+00  0.000000e+00  0.000000e+00  0.000000e+00  4.256717e-01  
2.720905e-01  2.250000e+00  3.435031e-01  0.000000e+00  0.000000e+00  4.251256e-01  8.972675e-01  3.000000e+00  -9.999994e-01  0.000000e+00  0.000000e+00  4.251256e-01  0.000000e+00  0.000000e+00  1.333451e-02  0.000000e+00  0.000000e+00  4.251256e-01  0.000000e+00  0.000000e+00  -1.414791e-01  0.000000e+00  0.000000e+00  4.251256e-01  0.000000e+00  0.000000e+00  0.000000e+00  0.000000e+00  0.000000e+00  4.251256e-01  0.000000e+00  0.000000e+00  0.000000e+00  0.000000e+00  0.000000e+00  4.251256e-01  
2.757409e-01  2.250000e+00  3.438536e-01  0.000000e+00  0.000000e+00  4.237436e-01  9.378655e-01  3.250000e+00  -1.000000e+00  0.000000e+00  0.000000e+00  4.237436e-01  0.000000e+00  0.000000e+00  1.491183e-02  0.000000e+00  0.000000e+00  4.237436e-01  0.000000e+00  0.000000e+00  -1.446193e-01  0.000000e+00  0.000000e+00  4.237436e-01  0.000000e+00  0.000000e+00  0.000000e+00  0.000000e+00  0.000000e+00  4.237436e-01  0.000000e+00  0.000000e+00  0.000000e+00  0.000000e+00  0.000000e+00  4.237436e-01  
2.786077e-01  2.250000e+00  3.443704e-01  0.000000e+00  0.000000e+00  4.210918e-01  9.772792e-01  3.500000e+00  -9.999992e-01  0.000000e+00  0.000000e+00  4.210918e-01  0.000000e+00  0.000000e+00  1.641500e-02  0.000000e+00  0.000000e+00  4.210918e-01  0.000000e+00  0.000000e+00  -1.478009e-01  0.000000e+00  0.000000e+00  4.210918e-01  0.000000e+00  0.000000e+00  0.000000e+00  0.000000e+00  0.000000e+00  4.210918e-01  0.000000e+00  0.000000e+00  0.000000e+00  0.000000e+00  0.000000e+00  4.210918e-01  
2.818978e-01  2.250000e+00  3.445449e-01  0.000000e+00  0.000000e+00  4.205211e-01  1.017012e+00  3.750000e+00  -9.999997e-01  0.000000e+00  0.000000e+00  4.205211e-01  0.000000e+00  0.000000e+00  1.793089e-02  0.000000e+00  0.000000e+00  4.205211e-01  0.000000e+00  0.000000e+00  -1.507403e-01  0.000000e+00  0.000000e+00  4.205211e-01  0.000000e+00  0.000000e+00  0.000000e+00  0.000000e+00  0.000000e+00  4.205211e-01  0.000000e+00  0.000000e+00  0.000000e+00  0.000000e+00  0.000000e+00  4.205211e-01  
2.849337e-01  2.250000e+00  3.445959e-01  0.000000e+00  0.000000e+00  4.205589e-01  1.056633e+00  4.000000e+00  -9.999989e-01  0.000000e+00  0.000000e+00  4.205589e-01  0.000000e+00  0.000000e+00  1.939425e-02  0.000000e+00  0.000000e+00  4.205589e-01  0.000000e+00  0.000000e+00  -1.536048e-01  0.000000e+00  0.000000e+00  4.205589e-01  0.000000e+00  0.000000e+00  0.000000e+00  0.000000e+00  0.000000e+00  4.205589e-01  0.000000e+00  0.000000e+00  0.000000e+00  0.000000e+00  0.000000e+00  4.205589e-01  
1.093702e-01  2.500000e+00  3.640407e-01  0.000000e+00  0.000000e+00  4.150461e-01  1.593297e-01  0.000000e+00  -9.999951e-01  0.000000e+00  0.000000e+00  4.150461e-01  0.000000e+00  0.000000e+00  -2.793992e-02  0.000000e+00  0.000000e+00  4.150461e-01  0.000000e+00  0.000000e+00  -7.123046e-02  0.000000e+00  0.000000e+00  4.150461e-01  0.000000e+00  0.000000e+00  0.000000e+00  0.000000e+00  0.000000e+00  4.150461e-01  0.000000e+00  0.000000e+00  0.000000e+00  0.000000e+00  0.000000e+00  4.150461e-01  
1.764798e-01  2.500000e+00  3.473513e-01  0.000000e+00  0.000000e+00  4.321128e-01  3.090323e-01  2.500000e-01  -1.000000e+00  0.000000e+00  0.000000e+00  4.321128e-01  0.000000e+00  0.000000e+00  -1.683070e-02  0.000000e+00  0.000000e+00  4.321128e-01  0.000000e+00  0.000000e+00  -8.733146e-02  0.000000e+00  0.000000e+00  4.321128e-01  0.000000e+00  0.000000e+00  0.000000e+00  0.000000e+00  0.000000e+00  4.321128e-01  0.000000e+00  0.000000e+00  0.000000e+00  0.000000e+00  0.000000e+00  4.321128e-01  
2.061684e-01  2.500000e+00  3.436316e-01  0.000000e+00  0.000000e+00  4.362079e-01  3.923314e-01  5.000000e-01  -9.999999e-01  0.000000e+00  0.000000e+00  4.362079e-01  0.000000e+00  0.000000e+00  -1.145526e-02  0.000000e+00  0.000000e+00  4.362079e-01  0.000000e+00  0.000000e+00  -9.544379e-02  0.000000e+00  0.000000e+00  4.362079e-01  0.000000e+00  0.000000e+00  0.000000e+00  0.000000e+00  0.000000e+00  4.362079e-01  0.000000e+00  0.000000e+00  0.000000e+00  0.000000e+00  0.000000e+00  4.362079e-01  
2.268494e-01  2.500000e+00  3.423148e-01  0.000000e+00  0.000000e+00  4.364164e-01  4.600978e-01  7.500000e-01  -9.999979e-01  0.000000e+00  0.000000e+00  4.364164e-01  0.000000e+00  0.000000e+00  -7.490869e-03  0.000000e+00  0.000000e+00  4.364164e-01  0.000000e+00  0.000000e+00  -1.016503e-01  0.000000e+00  0.000000e+00  4.364164e-01  0.000000e+00  0.000000e+00  0.000000e+00  0.000000e+00  0.000000e+00  4.364164e-01  0.000000e+00  0.000000e+00  0.000000e+00  0.000000e+00  0.000000e+00  4.364164e-01  
2.428242e-01  2.500000e+00  3.418402e-01  0.000000e+00  0.000000e+00  4.348138e-01  5.200268e-01  1.000000e+00  -1.000000e+00  0.000000e+00  0.000000e+00  4.348138e-01  0.000000e+00  0.000000e+00  -3.865510e-03  0.000000e+00  0.000000e+00  4.348138e-01  0.000000e+00  0.000000e+00  -1.073112e-01  0.000000e+00  0.000000e+00  4.348138e-01  0.000000e+00  0.000000e+00  0.000000e+00  0.000000e+00  0.000000e+00  4.348138e-01  0.000000e+00  0.000000e+00  0.000000e+00  0.000000e+00  0.000000e+00  4.348138e-01  
2.553209e-01  2.500000e+00  3.419630e-01  0.000000e+00  0.000000e+00  4.321492e-01  5.744705e-01  1.250000e+00  -9.999955e-01  0.000000e+00  0.000000e+00  4.321492e-01  0.000000e+00  0.000000e+00  -8.003432e-04  0.000000e+00  0.000000e+00  4.321492e-01  0.000000e+00  0.000000e+00  -1.123363e-01  0.000000e+00  0.000000e+00  4.321492e-01  0.000000e+00  0.000000e+00  0.000000e+00  0.000000e+00  0.000000e+00  4.321492e-01  0.000000e+00  0.000000e+00  0.000000e+00  0.000000e+00  0.000000e+00  4.321492e-01  
2.657303e-01  2.500000e+00  3.423166e-01  0.000000e+00  0.000000e+00  4.293784e-01  6.253028e-01  1.500000e+00  -9.999999e-01  0.000000e+00  0.000000e+00  4.293784e-01  0.000000e+00  0.000000e+00  1.827684e-03  0.000000e+00  0.000000e+00  4.293784e-01  0.000000e+00  0.000000e+00  -1.168046e-01  0.000000e+00  0.000000e+00  4.293784e-01  0.000000e+00  0.000000e+00  0.000000e+00  0.000000e+00  0.000000e+00  4.293784e-01  0.000000e+00  0.000000e+00  0.000000e+00  0.000000e+00  0.000000e+00  4.293784e-01  
2.747621e-01  2.500000e+00  3.426627e-01  0.000000e+00  0.000000e+00  4.284150e-01  6.736769e-01  1.750000e+00  -9.999934e-01  0.000000e+00  0.000000e+00  4.284150e-01  0.000000e+00  0.000000e+00  3.775880e-03  0.000000e+00  0.000000e+00  4.284150e-01  0.000000e+00  0.000000e+00  -1.204039e-01  0.000000e+00  0.000000e+00  4.284150e-01  0.000000e+00  0.000000e+00  0.000000e+00  0.000000e+00  0.000000e+00  4.284150e-01  0.000000e+00  0.000000e+00  0.000000e+00  0.000000e+00  0.000000e+00  4.284150e-01  
2.820307e-01  2.500000e+00  3.431589e-01  0.000000e+00  0.000000e+00  4.252510e-01  7.198822e-01  2.000000e+00  -9.999930e-01  0.000000e+00  0.000000e+00  4.252510e-01  0.000000e+00  0.000000e+00  6.236791e-03  0.000000e+00  0.000000e+00  4.252510e-01  0.000000e+00  0.000000e+00  -1.246886e-01  0.000000e+00  0.000000e+00  4.252510e-01  0.000000e+00  0.000000e+00  0.000000e+00  0.000000e+00  0.000000e+00  4.252510e-01  0.000000e+00  0.000000e+00  0.000000e+00  0.000000e+00  0.000000e+00  4.252510e-01  
2.895871e-01  2.500000e+00  3.431425e-01  0.000000e+00  0.000000e+00  4.259565e-01  7.656293e-01  2.250000e+00  -9.999928e-01  0.000000e+00  0.000000e+00  4.259565e-01  0.000000e+00  0.000000e+00  8.377083e-03  0.000000e+00  0.000000e+00  4.259565e-01  0.000000e+00  0.000000e+00  -1.282117e-01  0.000000e+00  0.000000e+00  4.259565e-01  0.000000e+00  0.000000e+00  0.000000e+00  0.000000e+00  0.000000e+00  4.259565e-01  0.000000e+00  0.000000e+00  0.000000e+00  0.000000e+00  0.000000e+00  4.259565e-01  
2.957530e-01  2.500000e+00  3.433131e-01  0.000000e+00  0.000000e+00  4.255100e-01  8.096553e-01  2.500000e+00  -1.000000e+00  0.000000e+00  0.000000e+00  4.255100e-01  0.000000e+00  0.000000e+00  1.048794e-02  0.000000e+00  0.000000e+00  4.255100e-01  0.000000e+00  0.000000e+00  -1.318053e-01  0.000000e+00  0.000000e+00  4.255100e-01  0.000000e+00  0.000000e+00  0.000000e+00  0.000000e+00  0.000000e+00  4.255100e-01  0.000000e+00  0.000000e+00  0.000000e+00  0.000000e+00  0.000000e+00  4.255100e-01  
3.008765e-01  2.500000e+00  3.436469e-01  0.000000e+00  0.000000e+00  4.244131e-01  8.520668e-01  2.750000e+00  -9.999999e-01  0.000000e+00  0.000000e+00  4.244131e-01  0.000000e+00  0.000000e+00  1.230535e-02  0.000000e+00  0.000000e+00  4.244131e-01  0.000000e+00  0.000000e+00  -1.351519e-01  0.000000e+00  0.000000e+00  4.244131e-01  0.000000e+00  0.000000e+00  0.000000e+00  0.000000e+00  0.000000e+00  4.244131e-01  0.000000e+00  0.000000e+00  0.000000e+00  0.000000e+00  0.000000e+00  4.244131e-01  
3.057172e-01  2.500000e+00  3.438405e-01  0.000000e+00  0.000000e+00  4.241580e-01  8.939073e-01  3.000000e+00  -9.999998e-01  0.000000e+00  0.000000e+00  4.241580e-01  0.000000e+00  0.000000e+00  1.404477e-02  0.000000e+00  0.000000e+00  4.241580e-01  0.000000e+00  0.000000e+00  -1.383238e-01  0.000000e+00  0.000000e+00  4.241580e-01  0.000000e+00  0.000000e+00  0.000000e+00  0.000000e+00  0.000000e+00  4.241580e-01  0.000000e+00  0.000000e+00  0.000000e+00  0.000000e+00  0.000000e+00  4.241580e-01  
3.095735e-01  2.500000e+00  3.441585e-01  0.000000e+00  0.000000e+00  4.230329e-01  9.344987e-01  3.250000e+00  -9.999999e-01  0.000000e+00  0.000000e+00  4.230329e-01  0.000000e+00  0.000000e+00  1.564464e-02  0.000000e+00  0.000000e+00  4.230329e-01  0.000000e+00  0.000000e+00  -1.414604e-01  0.000000e+00  0.000000e+00  4.230329e-01  0.000000e+00  0.000000e+00  0.000000e+00  0.000000e+00  0.000000e+00  4.230329e-01  0.000000e+00  0.000000e+00  0.000000e+00  0.000000e+00  0.000000e+00  4.230329e-01  
3.133625e-01  2.500000e+00  3.443194e-01  0.000000e+00  0.000000e+00  4.228121e-01  9.749704e-01  3.500000e+00  -9.999995e-01  0.000000e+00  0.000000e+00  4.228121e-01  0.000000e+00  0.000000e+00  1.717865e-02  0.000000e+00  0.000000e+00  4.228121e-01  0.000000e+00  0.000000e+00  -1.444316e-01  0.000000e+00  0.000000e+00  4.228121e-01  0.000000e+00  0.000000e+00  0.000000e+00  0.000000e+00  0.000000e+00  4.228121e-01  0.000000e+00  0.000000e+00  0.000000e+00  0.000000e+00  0.000000e+00  4.228121e-01  
3.158762e-01  2.500000e+00  3.447674e-01  0.000000e+00  0.000000e+00  4.205912e-01  1.013618e+00  3.750000e+00  -9.999992e-01  0.000000e+00  0.000000e+00  4.205912e-01  0.000000e+00  0.000000e+00  1.867600e-02  0.000000e+00  0.000000e+00  4.205912e-01  0.000000e+00  0.000000e+00  -1.475285e-01  0.000000e+00  0.000000e+00  4.205912e-01  0.000000e+00  0.000000e+00  0.000000e+00  0.000000e+00  0.000000e+00  4.205912e-01  0.000000e+00  0.000000e+00  0.000000e+00  0.000000e+00  0.000000e+00  4.205912e-01  
3.189997e-01  2.500000e+00  3.448765e-01  0.000000e+00  0.000000e+00  4.206123e-01  1.052903e+00  4.000000e+00  -9.999991e-01  0.000000e+00  0.000000e+00  4.206123e-01  0.000000e+00  0.000000e+00  2.012586e-02  0.000000e+00  0.000000e+00  4.206123e-01  0.000000e+00  0.000000e+00  -1.503507e-01  0.000000e+00  0.000000e+00  4.206123e-01  0.000000e+00  0.000000e+00  0.000000e+00  0.000000e+00  0.000000e+00  4.206123e-01  0.000000e+00  0.000000e+00  0.000000e+00  0.000000e+00  0.000000e+00  4.206123e-01  
1.389802e-01  2.750000e+00  3.608478e-01  0.000000e+00  0.000000e+00  4.141858e-01  1.588448e-01  0.000000e+00  -9.999946e-01  0.000000e+00  0.000000e+00  4.141858e-01  0.000000e+00  0.000000e+00  -2.743588e-02  0.000000e+00  0.000000e+00  4.141858e-01  0.000000e+00  0.000000e+00  -6.843682e-02  0.000000e+00  0.000000e+00  4.141858e-01  0.000000e+00  0.000000e+00  0.000000e+00  0.000000e+00  0.000000e+00  4.141858e-01  0.000000e+00  0.000000e+00  0.000000e+00  0.000000e+00  0.000000e+00  4.141858e-01  
2.073918e-01  2.750000e+00  3.463465e-01  0.000000e+00  0.000000e+00  4.307360e-01  3.081473e-01  2.500000e-01  -1.000000e+00  0.000000e+00  0.000000e+00  4.307360e-01  0.000000e+00  0.000000e+00  -1.624492e-02  0.000000e+00  0.000000e+00  4.307360e-01  0.000000e+00  0.000000e+00  -8.456709e-02  0.000000e+00  0.000000e+00  4.307360e-01  0.000000e+00  0.000000e+00  0.000000e+00  0.000000e+00  0.000000e+00  4.307360e-01  0.000000e+00  0.000000e+00  0.000000e+00  0.000000e+00  0.000000e+00  4.307360e-01  
2.375815e-01  2.750000e+00  3.432427e-01  0.000000e+00  0.000000e+00  4.340055e-01  3.910322e-01  5.000000e-01  -1.000000e+00  0.000000e+00  0.000000e+00  4.340055e-01  0.000000e+00  0.000000e+00  -1.083413e-02  0.000000e+00  0.000000e+00  4.340055e-01  0.000000e+00  0.000000e+00  -9.268939e-02  0.000000e+00  0.000000e+00  4.340055e-01  0.000000e+00  0.000000e+00  0.000000e+00  0.000000e+00  0.000000e+00  4.340055e-01  0.000000e+00  0.000000e+00  0.000000e+00  0.000000e+00  0.000000e+00  4.340055e-01  
2.585259e-01  2.750000e+00  3.422556e-01  0.000000e+00  0.000000e+00  4.337803e-01  4.584833e-01  7.500000e-01  -9.999979e-01  0.000000e+00  0.000000e+00  4.337803e-01  0.000000e+00  0.000000e+00  -6.875102e-03  0.000000e+00  0.000000e+00  4.337803e-01  0.000000e+00  0.000000e+00  -9.888980e-02  0.000000e+00  0.000000e+00  4.337803e-01  0.000000e+00  0.000000e+00  0.000000e+00  0.000000e+00  0.000000e+00  4.337803e-01  0.000000e+00  0.000000e+00  0.000000e+00  0.000000e+00  0.000000e+00  4.337803e-01  
2.748033e-01  2.750000e+00  3.419457e-01  0.000000e+00  0.000000e+00  4.322497e-01  5.181488e-01  1.000000e+00  -9.999994e-01  0.000000e+00  0.000000e+00  4.322497e-01  0.000000e+00  0.000000e+00  -3.224339e-03  0.000000e+00  0.000000e+00  4.322497e-01  0.000000e+00  0.000000e+00  -1.045285e-01  0.000000e+00  0.000000e+00  4.322497e-01  0.000000e+00  0.000000e+00  0.000000e+00  0.000000e+00  0.000000e+00  4.322497e-01  0.000000e+00  0.000000e+00  0.000000e+00  0.000000e+00  0.000000e+00  4.322497e-01  
2.864149e-01  2.750000e+00  3.428584e-01  0.000000e+00  0.000000e+00  4.264714e-01  5.709272e-01  1.250000e+00  -9.999915e-01  0.000000e+00  0.000000e+00  4.264714e-01  0.000000e+00  0.000000e+00  -6.923469e-04  0.000000e+00  0.000000e+00  4.264714e-01  0.000000e+00  0.000000e+00  -1.092135e-01  0.000000e+00  0.000000e+00  4.264714e-01  0.000000e+00  0.000000e+00  0.000000e+00  0.000000e+00  0.000000e+00  4.264714e-01  0.000000e+00  0.000000e+00  0.000000e+00  0.000000e+00  0.000000e+00  4.264714e-01  
2.981266e-01  2.750000e+00  3.426218e-01  0.000000e+00  0.000000e+00  4.267829e-01  6.229193e-01  1.500000e+00  -1.000000e+00  0.000000e+00  0.000000e+00  4.267829e-01  0.000000e+00  0.000000e+00  2.484805e-03  0.000000e+00  0.000000e+00  4.267829e-01  0.000000e+00  0.000000e+00  -1.139736e-01  0.000000e+00  0.000000e+00  4.267829e-01  0.000000e+00  0.000000e+00  0.000000e+00  0.000000e+00  0.000000e+00  4.267829e-01  0.000000e+00  0.000000e+00  0.000000e+00  0.000000e+00  0.000000e+00  4.267829e-01  
3.076313e-01  2.750000e+00  3.429303e-01  0.000000e+00  0.000000e+00  4.263597e-01  6.713390e-01  1.750000e+00  -9.999945e-01  0.000000e+00  0.000000e+00  4.263597e-01  0.000000e+00  0.000000e+00  4.522369e-03  0.000000e+00  0.000000e+00  4.263597e-01  0.000000e+00  0.000000e+00  -1.175669e-01  0.000000e+00  0.000000e+00  4.263597e-01  0.000000e+00  0.000000e+00  0.000000e+00  0.000000e+00  0.000000e+00  4.263597e-01  0.000000e+00  0.000000e+00  0.000000e+00  0.000000e+00  0.000000e+00  4.263597e-01  
3.149488e-01  2.750000e+00  3.434568e-01  0.000000e+00  0.000000e+00  4.231900e-01  7.172974e-01  2.000000e+00  -9.999985e-01  0.000000e+00  0.000000e+00  4.231900e-01  0.000000e+00  0.000000e+00  7.030761e-03  0.000000e+00  0.000000e+00  4.231900e-01  0.000000e+00  0.000000e+00  -1.218634e-01  0.000000e+00  0.000000e+00  4.231900e-01  0.000000e+00  0.000000e+00  0.000000e+00  0.000000e+00  0.000000e+00  4.231900e-01  0.000000e+00  0.000000e+00  0.000000e+00  0.000000e+00  0.000000e+00  4.231900e-01  
3.228420e-01  2.750000e+00  3.433561e-01  0.000000e+00  0.000000e+00  4.249154e-01  7.632150e-01  2.250000e+00  -9.999993e-01  0.000000e+00  0.000000e+00  4.249154e-01  0.000000e+00  0.000000e+00  9.152984e-03  0.000000e+00  0.000000e+00  4.249154e-01  0.000000e+00  0.000000e+00  -1.253070e-01  0.000000e+00  0.000000e+00  4.249154e-01  0.000000e+00  0.000000e+00  0.000000e+00  0.000000e+00  0.000000e+00  4.249154e-01  0.000000e+00  0.000000e+00  0.000000e+00  0.000000e+00  0.000000e+00  4.249154e-01  
3.290798e-01  2.750000e+00  3.436161e-01  0.000000e+00  0.000000e+00  4.241678e-01  8.068684e-01  2.500000e+00  -9.999995e-01  0.000000e+00  0.000000e+00  4.241678e-01  0.000000e+00  0.000000e+00  1.125311e-02  0.000000e+00  0.000000e+00  4.241678e-01  0.000000e+00  0.000000e+00  -1.288655e-01  0.000000e+00  0.000000e+00  4.241678e-01  0.000000e+00  0.000000e+00  0.000000e+00  0.000000e+00  0.000000e+00  4.241678e-01  0.000000e+00  0.000000e+00  0.000000e+00  0.000000e+00  0.000000e+00  4.241678e-01  
3.346754e-01  2.750000e+00  3.438458e-01  0.000000e+00  0.000000e+00  4.240153e-01  8.494531e-01  2.750000e+00  -1.000000e+00  0.000000e+00  0.000000e+00  4.240153e-01  0.000000e+00  0.000000e+00  1.306065e-02  0.000000e+00  0.000000e+00  4.240153e-01  0.000000e+00  0.000000e+00  -1.320920e-01  0.000000e+00  0.000000e+00  4.240153e-01  0.000000e+00  0.000000e+00  0.000000e+00  0.000000e+00  0.000000e+00  4.240153e-01  0.000000e+00  0.000000e+00  0.000000e+00  0.000000e+00  0.000000e+00  4.240153e-01  
3.384043e-01  2.750000e+00  3.444341e-01  0.000000e+00  0.000000e+00  4.208425e-01  8.899834e-01  3.000000e+00  -9.999882e-01  0.000000e+00  0.000000e+00  4.208425e-01  0.000000e+00  0.000000e+00  1.497009e-02  0.000000e+00  0.000000e+00  4.208425e-01  0.000000e+00  0.000000e+00  -1.357241e-01  0.000000e+00  0.000000e+00  4.208425e-01  0.000000e+00  0.000000e+00  0.000000e+00  0.000000e+00  0.000000e+00  4.208425e-01  0.000000e+00  0.000000e+00  0.000000e+00  0.000000e+00  0.000000e+00  4.208425e-01  
3.429203e-01  2.750000e+00  3.445664e-01  0.000000e+00  0.000000e+00  4.217600e-01  9.310899e-01  3.250000e+00  -9.999990e-01  0.000000e+00  0.000000e+00  4.217600e-01  0.000000e+00  0.000000e+00  1.626062e-02  0.000000e+00  0.000000e+00  4.217600e-01  0.000000e+00  0.000000e+00  -1.383963e-01  0.000000e+00  0.000000e+00  4.217600e-01  0.000000e+00  0.000000e+00  0.000000e+00  0.000000e+00  0.000000e+00  4.217600e-01  0.000000e+00  0.000000e+00  0.000000e+00  0.000000e+00  0.000000e+00  4.217600e-01  
3.471887e-01  2.750000e+00  3.445969e-01  0.000000e+00  0.000000e+00  4.224368e-01  9.717408e-01  3.500000e+00  -9.999991e-01  0.000000e+00  0.000000e+00  4.224368e-01  0.000000e+00  0.000000e+00  1.793418e-02  0.000000e+00  0.000000e+00  4.224368e-01  0.000000e+00  0.000000e+00  -1.413874e-01  0.000000e+00  0.000000e+00  4.224368e-01  0.000000e+00  0.000000e+00  0.000000e+00  0.000000e+00  0.000000e+00  4.224368e-01  0.000000e+00  0.000000e+00  0.000000e+00  0.000000e+00  0.000000e+00  4.224368e-01  
3.497488e-01  2.750000e+00  3.450557e-01  0.000000e+00  0.000000e+00  4.202125e-01  1.010284e+00  3.750000e+00  -9.999943e-01  0.000000e+00  0.000000e+00  4.202125e-01  0.000000e+00  0.000000e+00  1.943008e-02  0.000000e+00  0.000000e+00  4.202125e-01  0.000000e+00  0.000000e+00  -1.444645e-01  0.000000e+00  0.000000e+00  4.202125e-01  0.000000e+00  0.000000e+00  0.000000e+00  0.000000e+00  0.000000e+00  4.202125e-01  0.000000e+00  0.000000e+00  0.000000e+00  0.000000e+00  0.000000e+00  4.202125e-01  
3.530566e-01  2.750000e+00  3.451090e-01  0.000000e+00  0.000000e+00  4.206037e-01  1.049546e+00  4.000000e+00  -9.999995e-01  0.000000e+00  0.000000e+00  4.206037e-01  0.000000e+00  0.000000e+00  2.090625e-02  0.000000e+00  0.000000e+00  4.206037e-01  0.000000e+00  0.000000e+00  -1.472488e-01  0.000000e+00  0.000000e+00  4.206037e-01  0.000000e+00  0.000000e+00  0.000000e+00  0.000000e+00  0.000000e+00  4.206037e-01  0.000000e+00  0.000000e+00  0.000000e+00  0.000000e+00  0.000000e+00  4.206037e-01  
1.684223e-01  3.000000e+00  3.584547e-01  0.000000e+00  0.000000e+00  4.130830e-01  1.583230e-01  0.000000e+00  -1.000000e+00  0.000000e+00  0.000000e+00  4.130830e-01  0.000000e+00  0.000000e+00  -2.683410e-02  0.000000e+00  0.000000e+00  4.130830e-01  0.000000e+00  0.000000e+00  -6.581198e-02  0.000000e+00  0.000000e+00  4.130830e-01  0.000000e+00  0.000000e+00  0.000000e+00  0.000000e+00  0.000000e+00  4.130830e-01  0.000000e+00  0.000000e+00  0.000000e+00  0.000000e+00  0.000000e+00  4.130830e-01  
2.382845e-01  3.000000e+00  3.455970e-01  0.000000e+00  0.000000e+00  4.290624e-01  3.073926e-01  2.500000e-01  -1.000000e+00  0.000000e+00  0.000000e+00  4.290624e-01  0.000000e+00  0.000000e+00  -1.563530e-02  0.000000e+00  0.000000e+00  4.290624e-01  0.000000e+00  0.000000e+00  -8.194776e-02  0.000000e+00  0.000000e+00  4.290624e-01  0.000000e+00  0.000000e+00  0.000000e+00  0.000000e+00  0.000000e+00  4.290624e-01  0.000000e+00  0.000000e+00  0.000000e+00  0.000000e+00  0.000000e+00  4.290624e-01  
2.689703e-01  3.000000e+00  3.429380e-01  0.000000e+00  0.000000e+00  4.320294e-01  3.899099e-01  5.000000e-01  -1.000000e+00  0.000000e+00  0.000000e+00  4.320294e-01  0.000000e+00  0.000000e+00  -1.020183e-02  0.000000e+00  0.000000e+00  4.320294e-01  0.000000e+00  0.000000e+00  -9.003910e-02  0.000000e+00  0.000000e+00  4.320294e-01  0.000000e+00  0.000000e+00  0.000000e+00  0.000000e+00  0.000000e+00  4.320294e-01  0.000000e+00  0.000000e+00  0.000000e+00  0.000000e+00  0.000000e+00  4.320294e-01  
2.901784e-01  3.000000e+00  3.422769e-01  0.000000e+00  0.000000e+00  4.313170e-01  4.569564e-01  7.500000e-01  -9.999935e-01  0.000000e+00  0.000000e+00  4.313170e-01  0.000000e+00  0.000000e+00  -6.325347e-03  0.000000e+00  0.000000e+00  4.313170e-01  0.000000e+00  0.000000e+00  -9.615464e-02  0.000000e+00  0.000000e+00  4.313170e-01  0.000000e+00  0.000000e+00  0.000000e+00  0.000000e+00  0.000000e+00  4.313170e-01  0.000000e+00  0.000000e+00  0.000000e+00  0.000000e+00  0.000000e+00  4.313170e-01  
3.050871e-01  3.000000e+00  3.430189e-01  0.000000e+00  0.000000e+00  4.246586e-01  5.146072e-01  1.000000e+00  -9.999952e-01  0.000000e+00  0.000000e+00  4.246586e-01  0.000000e+00  0.000000e+00  -2.910163e-03  0.000000e+00  0.000000e+00  4.246586e-01  0.000000e+00  0.000000e+00  -1.019007e-01  0.000000e+00  0.000000e+00  4.246586e-01  0.000000e+00  0.000000e+00  0.000000e+00  0.000000e+00  0.000000e+00  4.246586e-01  0.000000e+00  0.000000e+00  0.000000e+00  0.000000e+00  0.000000e+00  4.246586e-01  
3.186285e-01  3.000000e+00  3.430393e-01  0.000000e+00  0.000000e+00  4.241585e-01  5.691095e-01  1.250000e+00  -9.999909e-01  0.000000e+00  0.000000e+00  4.241585e-01  0.000000e+00  0.000000e+00  6.282855e-06  0.000000e+00  0.000000e+00  4.241585e-01  0.000000e+00  0.000000e+00  -1.065572e-01  0.000000e+00  0.000000e+00  4.241585e-01  0.000000e+00  0.000000e+00  0.000000e+00  0.000000e+00  0.000000e+00  4.241585e-01  0.000000e+00  0.000000e+00  0.000000e+00  0.000000e+00  0.000000e+00  4.241585e-01  
3.299326e-01  3.000000e+00  3.432526e-01  0.000000e+00  0.000000e+00  4.232212e-01  6.200600e-01  1.500000e+00  -9.999911e-01  0.000000e+00  0.000000e+00  4.232212e-01  0.000000e+00  0.000000e+00  2.695511e-03  0.000000e+00  0.000000e+00  4.232212e-01  0.000000e+00  0.000000e+00  -1.108924e-01  0.000000e+00  0.000000e+00  4.232212e-01  0.000000e+00  0.000000e+00  0.000000e+00  0.000000e+00  0.000000e+00  4.232212e-01  0.000000e+00  0.000000e+00  0.000000e+00  0.000000e+00  0.000000e+00  4.232212e-01  
3.403493e-01  3.000000e+00  3.431931e-01  0.000000e+00  0.000000e+00  4.240611e-01  6.691862e-01  1.750000e+00  -1.000000e+00  0.000000e+00  0.000000e+00  4.240611e-01  0.000000e+00  0.000000e+00  5.331508e-03  0.000000e+00  0.000000e+00  4.240611e-01  0.000000e+00  0.000000e+00  -1.149287e-01  0.000000e+00  0.000000e+00  4.240611e-01  0.000000e+00  0.000000e+00  0.000000e+00  0.000000e+00  0.000000e+00  4.240611e-01  0.000000e+00  0.000000e+00  0.000000e+00  0.000000e+00  0.000000e+00  4.240611e-01  
3.484763e-01  3.000000e+00  3.434492e-01  0.000000e+00  0.000000e+00  4.231333e-01  7.157754e-01  2.000000e+00  -9.999965e-01  0.000000e+00  0.000000e+00  4.231333e-01  0.000000e+00  0.000000e+00  7.836424e-03  0.000000e+00  0.000000e+00  4.231333e-01  0.000000e+00  0.000000e+00  -1.190376e-01  0.000000e+00  0.000000e+00  4.231333e-01  0.000000e+00  0.000000e+00  0.000000e+00  0.000000e+00  0.000000e+00  4.231333e-01  0.000000e+00  0.000000e+00  0.000000e+00  0.000000e+00  0.000000e+00  4.231333e-01  
3.560172e-01  3.000000e+00  3.435971e-01  0.000000e+00  0.000000e+00  4.233832e-01  7.608202e-01  2.250000e+00  -9.999949e-01  0.000000e+00  0.000000e+00  4.233832e-01  0.000000e+00  0.000000e+00  1.005710e-02  0.000000e+00  0.000000e+00  4.233832e-01  0.000000e+00  0.000000e+00  -1.226458e-01  0.000000e+00  0.000000e+00  4.233832e-01  0.000000e+00  0.000000e+00  0.000000e+00  0.000000e+00  0.000000e+00  4.233832e-01  0.000000e+00  0.000000e+00  0.000000e+00  0.000000e+00  0.000000e+00  4.233832e-01  
3.622180e-01  3.000000e+00  3.439187e-01  0.000000e+00  0.000000e+00  4.228775e-01  8.042728e-01  2.500000e+00  -9.999986e-01  0.000000e+00  0.000000e+00  4.228775e-01  0.000000e+00  0.000000e+00  1.192756e-02  0.000000e+00  0.000000e+00  4.228775e-01  0.000000e+00  0.000000e+00  -1.260171e-01  0.000000e+00  0.000000e+00  4.228775e-01  0.000000e+00  0.000000e+00  0.000000e+00  0.000000e+00  0.000000e+00  4.228775e-01  0.000000e+00  0.000000e+00  0.000000e+00  0.000000e+00  0.000000e+00  4.228775e-01  
3.677481e-01  3.000000e+00  3.441647e-01  0.000000e+00  0.000000e+00  4.225899e-01  8.466253e-01  2.750000e+00  -9.999999e-01  0.000000e+00  0.000000e+00  4.225899e-01  0.000000e+00  0.000000e+00  1.378916e-02  0.000000e+00  0.000000e+00  4.225899e-01  0.000000e+00  0.000000e+00  -1.292931e-01  0.000000e+00  0.000000e+00  4.225899e-01  0.000000e+00  0.000000e+00  0.000000e+00  0.000000e+00  0.000000e+00  4.225899e-01  0.000000e+00  0.000000e+00  0.000000e+00  0.000000e+00  0.000000e+00  4.225899e-01  
3.712805e-01  3.000000e+00  3.449453e-01  0.000000e+00  0.000000e+00  4.185107e-01  8.865480e-01  3.000000e+00  -9.999683e-01  0.000000e+00  0.000000e+00  4.185107e-01  0.000000e+00  0.000000e+00  1.566587e-02  0.000000e+00  0.000000e+00  4.185107e-01  0.000000e+00  0.000000e+00  -1.329345e-01  0.000000e+00  0.000000e+00  4.185107e-01  0.000000e+00  0.000000e+00  0.000000e+00  0.000000e+00  0.000000e+00  4.185107e-01  0.000000e+00  0.000000e+00  0.000000e+00  0.000000e+00  0.000000e+00  4.185107e-01  
3.756963e-01  3.000000e+00  3.451539e-01  0.000000e+00  0.000000e+00  4.184961e-01  9.272175e-01  3.250000e+00  -9.999891e-01  0.000000e+00  0.000000e+00  4.184961e-01  0.000000e+00  0.000000e+00  1.724743e-02  0.000000e+00  0.000000e+00  4.184961e-01  0.000000e+00  0.000000e+00  -1.359141e-01  0.000000e+00  0.000000e+00  4.184961e-01  0.000000e+00  0.000000e+00  0.000000e+00  0.000000e+00  0.000000e+00  4.184961e-01  0.000000e+00  0.000000e+00  0.000000e+00  0.000000e+00  0.000000e+00  4.184961e-01  
3.796035e-01  3.000000e+00  3.453659e-01  0.000000e+00  0.000000e+00  4.188119e-01  9.672675e-01  3.500000e+00  -9.999898e-01  0.000000e+00  0.000000e+00  4.188119e-01  0.000000e+00  0.000000e+00  1.855278e-02  0.000000e+00  0.000000e+00  4.188119e-01  0.000000e+00  0.000000e+00  -1.386240e-01  0.000000e+00  0.000000e+00  4.188119e-01  0.000000e+00  0.000000e+00  0.000000e+00  0.000000e+00  0.000000e+00  4.188119e-01  0.000000e+00  0.000000e+00  0.000000e+00  0.000000e+00  0.000000e+00  4.188119e-01  
3.833311e-01  3.000000e+00  3.453491e-01  0.000000e+00  0.000000e+00  4.195632e-01  1.006983e+00  3.750000e+00  -9.999999e-01  0.000000e+00  0.000000e+00  4.195632e-01  0.000000e+00  0.000000e+00  2.019116e-02  0.000000e+00  0.000000e+00  4.195632e-01  0.000000e+00  0.000000e+00  -1.415401e-01  0.000000e+00  0.000000e+00  4.195632e-01  0.000000e+00  0.000000e+00  0.000000e+00  0.000000e+00  0.000000e+00  4.195632e-01  0.000000e+00  0.000000e+00  0.000000e+00  0.000000e+00  0.000000e+00  4.195632e-01  
3.858445e-01  3.000000e+00  3.456697e-01  0.000000e+00  0.000000e+00  4.179118e-01  1.045104e+00  4.000000e+00  -9.999608e-01  0.000000e+00  0.000000e+00  4.179118e-01  0.000000e+00  0.000000e+00  2.184849e-02  0.000000e+00  0.000000e+00  4.179118e-01  0.000000e+00  0.000000e+00  -1.447025e-01  0.000000e+00  0.000000e+00  4.179118e-01  0.000000e+00  0.000000e+00  0.000000e+00  0.000000e+00  0.000000e+00  4.179118e-01  0.000000e+00  0.000000e+00  0.000000e+00  0.000000e+00  0.000000e+00  4.179118e-01  
1.980540e-01  3.250000e+00  3.564655e-01  0.000000e+00  0.000000e+00  4.123075e-01  1.580543e-01  0.000000e+00  -9.999998e-01  0.000000e+00  0.000000e+00  4.123075e-01  0.000000e+00  0.000000e+00  -2.632421e-02  0.000000e+00  0.000000e+00  4.123075e-01  0.000000e+00  0.000000e+00  -6.322359e-02  0.000000e+00  0.000000e+00  4.123075e-01  0.000000e+00  0.000000e+00  0.000000e+00  0.000000e+00  0.000000e+00  4.123075e-01  0.000000e+00  0.000000e+00  0.000000e+00  0.000000e+00  0.000000e+00  4.123075e-01  
2.689850e-01  3.250000e+00  3.450074e-01  0.000000e+00  0.000000e+00  4.274076e-01  3.066411e-01  2.500000e-01  -1.000000e+00  0.000000e+00  0.000000e+00  4.274076e-01  0.000000e+00  0.000000e+00  -1.501859e-02  0.000000e+00  0.000000e+00  4.274076e-01  0.000000e+00  0.000000e+00  -7.941876e-02  0.000000e+00  0.000000e+00  4.274076e-01  0.000000e+00  0.000000e+00  0.000000e+00  0.000000e+00  0.000000e+00  4.274076e-01  0.000000e+00  0.000000e+00  0.000000e+00  0.000000e+00  0.000000e+00  4.274076e-01  
3.001306e-01  3.250000e+00  3.427367e-01  0.000000e+00  0.000000e+00  4.300675e-01  3.889107e-01  5.000000e-01  -9.999999e-01  0.000000e+00  0.000000e+00  4.300675e-01  0.000000e+00  0.000000e+00  -9.556455e-03  0.000000e+00  0.000000e+00  4.300675e-01  0.000000e+00  0.000000e+00  -8.753060e-02  0.000000e+00  0.000000e+00  4.300675e-01  0.000000e+00  0.000000e+00  0.000000e+00  0.000000e+00  0.000000e+00  4.300675e-01  0.000000e+00  0.000000e+00  0.000000e+00  0.000000e+00  0.000000e+00  4.300675e-01  
3.216138e-01  3.250000e+00  3.423691e-01  0.000000e+00  0.000000e+00  4.284968e-01  4.554811e-01  7.500000e-01  -9.999948e-01  0.000000e+00  0.000000e+00  4.284968e-01  0.000000e+00  0.000000e+00  -5.703157e-03  0.000000e+00  0.000000e+00  4.284968e-01  0.000000e+00  0.000000e+00  -9.358417e-02  0.000000e+00  0.000000e+00  4.284968e-01  0.000000e+00  0.000000e+00  0.000000e+00  0.000000e+00  0.000000e+00  4.284968e-01  0.000000e+00  0.000000e+00  0.000000e+00  0.000000e+00  0.000000e+00  4.284968e-01  
3.370108e-01  3.250000e+00  3.430751e-01  0.000000e+00  0.000000e+00  4.225981e-01  5.130541e-01  1.000000e+00  -9.999943e-01  0.000000e+00  0.000000e+00  4.225981e-01  0.000000e+00  0.000000e+00  -2.147271e-03  0.000000e+00  0.000000e+00  4.225981e-01  0.000000e+00  0.000000e+00  -9.934706e-02  0.000000e+00  0.000000e+00  4.225981e-01  0.000000e+00  0.000000e+00  0.000000e+00  0.000000e+00  0.000000e+00  4.225981e-01  0.000000e+00  0.000000e+00  0.000000e+00  0.000000e+00  0.000000e+00  4.225981e-01  
3.508755e-01  3.250000e+00  3.432166e-01  0.000000e+00  0.000000e+00  4.220498e-01  5.674654e-01  1.250000e+00  -9.999865e-01  0.000000e+00  0.000000e+00  4.220498e-01  0.000000e+00  0.000000e+00  6.844384e-04  0.000000e+00  0.000000e+00  4.220498e-01  0.000000e+00  0.000000e+00  -1.039455e-01  0.000000e+00  0.000000e+00  4.220498e-01  0.000000e+00  0.000000e+00  0.000000e+00  0.000000e+00  0.000000e+00  4.220498e-01  0.000000e+00  0.000000e+00  0.000000e+00  0.000000e+00  0.000000e+00  4.220498e-01  
3.622541e-01  3.250000e+00  3.434982e-01  0.000000e+00  0.000000e+00  4.210305e-01  6.181493e-01  1.500000e+00  -9.999933e-01  0.000000e+00  0.000000e+00  4.210305e-01  0.000000e+00  0.000000e+00  3.426709e-03  0.000000e+00  0.000000e+00  4.210305e-01  0.000000e+00  0.000000e+00  -1.083262e-01  0.000000e+00  0.000000e+00  4.210305e-01  0.000000e+00  0.000000e+00  0.000000e+00  0.000000e+00  0.000000e+00  4.210305e-01  0.000000e+00  0.000000e+00  0.000000e+00  0.000000e+00  0.000000e+00  4.210305e-01  
3.727810e-01  3.250000e+00  3.434014e-01  0.000000e+00  0.000000e+00  4.222797e-01  6.673424e-01  1.750000e+00  -9.999944e-01  0.000000e+00  0.000000e+00  4.222797e-01  0.000000e+00  0.000000e+00  6.174170e-03  0.000000e+00  0.000000e+00  4.222797e-01  0.000000e+00  0.000000e+00  -1.124808e-01  0.000000e+00  0.000000e+00  4.222797e-01  0.000000e+00  0.000000e+00  0.000000e+00  0.000000e+00  0.000000e+00  4.222797e-01  0.000000e+00  0.000000e+00  0.000000e+00  0.000000e+00  0.000000e+00  4.222797e-01  
3.812411e-01  3.250000e+00  3.437276e-01  0.000000e+00  0.000000e+00  4.211923e-01  7.135164e-01  2.000000e+00  -9.999892e-01  0.000000e+00  0.000000e+00  4.211923e-01  0.000000e+00  0.000000e+00  8.689371e-03  0.000000e+00  0.000000e+00  4.211923e-01  0.000000e+00  0.000000e+00  -1.164879e-01  0.000000e+00  0.000000e+00  4.211923e-01  0.000000e+00  0.000000e+00  0.000000e+00  0.000000e+00  0.000000e+00  4.211923e-01  0.000000e+00  0.000000e+00  0.000000e+00  0.000000e+00  0.000000e+00  4.211923e-01  
3.888999e-01  3.250000e+00  3.439199e-01  0.000000e+00  0.000000e+00  4.215436e-01  7.584959e-01  2.250000e+00  -9.999860e-01  0.000000e+00  0.000000e+00  4.215436e-01  0.000000e+00  0.000000e+00  1.077975e-02  0.000000e+00  0.000000e+00  4.215436e-01  0.000000e+00  0.000000e+00  -1.199823e-01  0.000000e+00  0.000000e+00  4.215436e-01  0.000000e+00  0.000000e+00  0.000000e+00  0.000000e+00  0.000000e+00  4.215436e-01  0.000000e+00  0.000000e+00  0.000000e+00  0.000000e+00  0.000000e+00  4.215436e-01  
3.952221e-01  3.250000e+00  3.442409e-01  0.000000e+00  0.000000e+00  4.210961e-01  8.017468e-01  2.500000e+00  -1.000000e+00  0.000000e+00  0.000000e+00  4.210961e-01  0.000000e+00  0.000000e+00  1.272213e-02  0.000000e+00  0.000000e+00  4.210961e-01  0.000000e+00  0.000000e+00  -1.233632e-01  0.000000e+00  0.000000e+00  4.210961e-01  0.000000e+00  0.000000e+00  0.000000e+00  0.000000e+00  0.000000e+00  4.210961e-01  0.000000e+00  0.000000e+00  0.000000e+00  0.000000e+00  0.000000e+00  4.210961e-01  
4.003269e-01  3.250000e+00  3.447325e-01  0.000000e+00  0.000000e+00  4.198115e-01  8.435923e-01  2.750000e+00  -9.999957e-01  0.000000e+00  0.000000e+00  4.198115e-01  0.000000e+00  0.000000e+00  1.439856e-02  0.000000e+00  0.000000e+00  4.198115e-01  0.000000e+00  0.000000e+00  -1.266436e-01  0.000000e+00  0.000000e+00  4.198115e-01  0.000000e+00  0.000000e+00  0.000000e+00  0.000000e+00  0.000000e+00  4.198115e-01  0.000000e+00  0.000000e+00  0.000000e+00  0.000000e+00  0.000000e+00  4.198115e-01  
4.040642e-01  3.250000e+00  3.454140e-01  0.000000e+00  0.000000e+00  4.161361e-01  8.833511e-01  3.000000e+00  -9.999404e-01  0.000000e+00  0.000000e+00  4.161361e-01  0.000000e+00  0.000000e+00  1.647296e-02  0.000000e+00  0.000000e+00  4.161361e-01  0.000000e+00  0.000000e+00  -1.303483e-01  0.000000e+00  0.000000e+00  4.161361e-01  0.000000e+00  0.000000e+00  0.000000e+00  0.000000e+00  0.000000e+00  4.161361e-01  0.000000e+00  0.000000e+00  0.000000e+00  0.000000e+00  0.000000e+00  4.161361e-01  
4.089733e-01  3.250000e+00  3.454838e-01  0.000000e+00  0.000000e+00  4.170787e-01  9.242481e-01  3.250000e+00  -9.999489e-01  0.000000e+00  0.000000e+00  4.170787e-01  0.000000e+00  0.000000e+00  1.809868e-02  0.000000e+00  0.000000e+00  4.170787e-01  0.000000e+00  0.000000e+00  -1.332498e-01  0.000000e+00  0.000000e+00  4.170787e-01  0.000000e+00  0.000000e+00  0.000000e+00  0.000000e+00  0.000000e+00  4.170787e-01  0.000000e+00  0.000000e+00  0.000000e+00  0.000000e+00  0.000000e+00  4.170787e-01  
4.122916e-01  3.250000e+00  3.459134e-01  0.000000e+00  0.000000e+00  4.157719e-01  9.633990e-01  3.500000e+00  -9.999721e-01  0.000000e+00  0.000000e+00  4.157719e-01  0.000000e+00  0.000000e+00  1.953856e-02  0.000000e+00  0.000000e+00  4.157719e-01  0.000000e+00  0.000000e+00  -1.362294e-01  0.000000e+00  0.000000e+00  4.157719e-01  0.000000e+00  0.000000e+00  0.000000e+00  0.000000e+00  0.000000e+00  4.157719e-01  0.000000e+00  0.000000e+00  0.000000e+00  0.000000e+00  0.000000e+00  4.157719e-01  
4.159502e-01  3.250000e+00  3.460347e-01  0.000000e+00  0.000000e+00  4.157149e-01  1.002624e+00  3.750000e+00  -9.999777e-01  0.000000e+00  0.000000e+00  4.157149e-01  0.000000e+00  0.000000e+00  2.118186e-02  0.000000e+00  0.000000e+00  4.157149e-01  0.000000e+00  0.000000e+00  -1.391773e-01  0.000000e+00  0.000000e+00  4.157149e-01  0.000000e+00  0.000000e+00  0.000000e+00  0.000000e+00  0.000000e+00  4.157149e-01  0.000000e+00  0.000000e+00  0.000000e+00  0.000000e+00  0.000000e+00  4.157149e-01  
4.190215e-01  3.250000e+00  3.461765e-01  0.000000e+00  0.000000e+00  4.159172e-01  1.041269e+00  4.000000e+00  -9.999077e-01  0.000000e+00  0.000000e+00  4.159172e-01  0.000000e+00  0.000000e+00  2.259424e-02  0.000000e+00  0.000000e+00  4.159172e-01  0.000000e+00  0.000000e+00  -1.419699e-01  0.000000e+00  0.000000e+00  4.159172e-01  0.000000e+00  0.000000e+00  0.000000e+00  0.000000e+00  0.000000e+00  4.159172e-01  0.000000e+00  0.000000e+00  0.000000e+00  0.000000e+00  0.000000e+00  4.159172e-01  
2.263357e-01  3.500000e+00  3.557468e-01  0.000000e+00  0.000000e+00  4.079674e-01  1.570229e-01  0.000000e+00  -9.999872e-01  0.000000e+00  0.000000e+00  4.079674e-01  0.000000e+00  0.000000e+00  -2.583771e-02  0.000000e+00  0.000000e+00  4.079674e-01  0.000000e+00  0.000000e+00  -6.100770e-02  0.000000e+00  0.000000e+00  4.079674e-01  0.000000e+00  0.000000e+00  0.000000e+00  0.000000e+00  0.000000e+00  4.079674e-01  0.000000e+00  0.000000e+00  0.000000e+00  0.000000e+00  0.000000e+00  4.079674e-01  
2.995670e-01  3.500000e+00  3.445400e-01  0.000000e+00  0.000000e+00  4.257377e-01  3.060433e-01  2.500000e-01  -1.000000e+00  0.000000e+00  0.000000e+00  4.257377e-01  0.000000e+00  0.000000e+00  -1.440361e-02  0.000000e+00  0.000000e+00  4.257377e-01  0.000000e+00  0.000000e+00  -7.703306e-02  0.000000e+00  0.000000e+00  4.257377e-01  0.000000e+00  0.000000e+00  0.000000e+00  0.000000e+00  0.000000e+00  4.257377e-01  0.000000e+00  0.000000e+00  0.000000e+00  0.000000e+00  0.000000e+00  4.257377e-01  
3.313713e-01  3.500000e+00  3.426171e-01  0.000000e+00  0.000000e+00  4.277283e-01  3.879881e-01  5.000000e-01  -9.999999e-01  0.000000e+00  0.000000e+00  4.277283e-01  0.000000e+00  0.000000e+00  -8.908447e-03  0.000000e+00  0.000000e+00  4.277283e-01  0.000000e+00  0.000000e+00  -8.513447e-02  0.000000e+00  0.000000e+00  4.277283e-01  0.000000e+00  0.000000e+00  0.000000e+00  0.000000e+00  0.000000e+00  4.277283e-01  0.000000e+00  0.000000e+00  0.000000e+00  0.000000e+00  0.000000e+00  4.277283e-01  
3.530993e-01  3.500000e+00  3.424171e-01  0.000000e+00  0.000000e+00  4.261703e-01  4.543698e-01  7.500000e-01  -9.999923e-01  0.000000e+00  0.000000e+00  4.261703e-01  0.000000e+00  0.000000e+00  -4.997940e-03  0.000000e+00  0.000000e+00  4.261703e-01  0.000000e+00  0.000000e+00  -9.125588e-02  0.000000e+00  0.000000e+00  4.261703e-01  0.000000e+00  0.000000e+00  0.000000e+00  0.000000e+00  0.000000e+00  4.261703e-01  0.000000e+00  0.000000e+00  0.000000e+00  0.000000e+00  0.000000e+00  4.261703e-01  
3.687933e-01  3.500000e+00  3.432043e-01  0.000000e+00  0.000000e+00  4.204828e-01  5.117993e-01  1.000000e+00  -9.999969e-01  0.000000e+00  0.000000e+00  4.204828e-01  0.000000e+00  0.000000e+00  -1.455044e-03  0.000000e+00  0.000000e+00  4.204828e-01  0.000000e+00  0.000000e+00  -9.694399e-02  0.000000e+00  0.000000e+00  4.204828e-01  0.000000e+00  0.000000e+00  0.000000e+00  0.000000e+00  0.000000e+00  4.204828e-01  0.000000e+00  0.000000e+00  0.000000e+00  0.000000e+00  0.000000e+00  4.204828e-01  
3.831023e-01  3.500000e+00  3.432466e-01  0.000000e+00  0.000000e+00  4.200431e-01  5.662221e-01  1.250000e+00  -9.999996e-01  0.000000e+00  0.000000e+00  4.200431e-01  0.000000e+00  0.000000e+00  1.840400e-03  0.000000e+00  0.000000e+00  4.200431e-01  0.000000e+00  0.000000e+00  -1.018947e-01  0.000000e+00  0.000000e+00  4.200431e-01  0.000000e+00  0.000000e+00  0.000000e+00  0.000000e+00  0.000000e+00  4.200431e-01  0.000000e+00  0.000000e+00  0.000000e+00  0.000000e+00  0.000000e+00  4.200431e-01  
3.945939e-01  3.500000e+00  3.436402e-01  0.000000e+00  0.000000e+00  4.191593e-01  6.167056e-01  1.500000e+00  -9.999956e-01  0.000000e+00  0.000000e+00  4.191593e-01  0.000000e+00  0.000000e+00  4.325622e-03  0.000000e+00  0.000000e+00  4.191593e-01  0.000000e+00  0.000000e+00  -1.060231e-01  0.000000e+00  0.000000e+00  4.191593e-01  0.000000e+00  0.000000e+00  0.000000e+00  0.000000e+00  0.000000e+00  4.191593e-01  0.000000e+00  0.000000e+00  0.000000e+00  0.000000e+00  0.000000e+00  4.191593e-01  
4.051597e-01  3.500000e+00  3.437227e-01  0.000000e+00  0.000000e+00  4.196428e-01  6.653728e-01  1.750000e+00  -9.999895e-01  0.000000e+00  0.000000e+00  4.196428e-01  0.000000e+00  0.000000e+00  7.058262e-03  0.000000e+00  0.000000e+00  4.196428e-01  0.000000e+00  0.000000e+00  -1.101565e-01  0.000000e+00  0.000000e+00  4.196428e-01  0.000000e+00  0.000000e+00  0.000000e+00  0.000000e+00  0.000000e+00  4.196428e-01  0.000000e+00  0.000000e+00  0.000000e+00  0.000000e+00  0.000000e+00  4.196428e-01  
4.135886e-01  3.500000e+00  3.441288e-01  0.000000e+00  0.000000e+00  4.188015e-01  7.113145e-01  2.000000e+00  -9.999875e-01  0.000000e+00  0.000000e+00  4.188015e-01  0.000000e+00  0.000000e+00  9.333186e-03  0.000000e+00  0.000000e+00  4.188015e-01  0.000000e+00  0.000000e+00  -1.139457e-01  0.000000e+00  0.000000e+00  4.188015e-01  0.000000e+00  0.000000e+00  0.000000e+00  0.000000e+00  0.000000e+00  4.188015e-01  0.000000e+00  0.000000e+00  0.000000e+00  0.000000e+00  0.000000e+00  4.188015e-01  
4.195927e-01  3.500000e+00  3.450952e-01  0.000000e+00  0.000000e+00  4.143436e-01  7.541407e-01  2.250000e+00  -9.999982e-01  0.000000e+00  0.000000e+00  4.143436e-01  0.000000e+00  0.000000e+00  1.145966e-02  0.000000e+00  0.000000e+00  4.143436e-01  0.000000e+00  0.000000e+00  -1.178496e-01  0.000000e+00  0.000000e+00  4.143436e-01  0.000000e+00  0.000000e+00  0.000000e+00  0.000000e+00  0.000000e+00  4.143436e-01  0.000000e+00  0.000000e+00  0.000000e+00  0.000000e+00  0.000000e+00  4.143436e-01  
4.263203e-01  3.500000e+00  3.452684e-01  0.000000e+00  0.000000e+00  4.148377e-01  7.975895e-01  2.500000e+00  -9.999389e-01  0.000000e+00  0.000000e+00  4.148377e-01  0.000000e+00  0.000000e+00  1.347111e-02  0.000000e+00  0.000000e+00  4.148377e-01  0.000000e+00  0.000000e+00  -1.212280e-01  0.000000e+00  0.000000e+00  4.148377e-01  0.000000e+00  0.000000e+00  0.000000e+00  0.000000e+00  0.000000e+00  4.148377e-01  0.000000e+00  0.000000e+00  0.000000e+00  0.000000e+00  0.000000e+00  4.148377e-01  
4.317731e-01  3.500000e+00  3.456246e-01  0.000000e+00  0.000000e+00  4.140158e-01  8.392883e-01  2.750000e+00  -9.998474e-01  0.000000e+00  0.000000e+00  4.140158e-01  0.000000e+00  0.000000e+00  1.542420e-02  0.000000e+00  0.000000e+00  4.140158e-01  0.000000e+00  0.000000e+00  -1.246307e-01  0.000000e+00  0.000000e+00  4.140158e-01  0.000000e+00  0.000000e+00  0.000000e+00  0.000000e+00  0.000000e+00  4.140158e-01  0.000000e+00  0.000000e+00  0.000000e+00  0.000000e+00  0.000000e+00  4.140158e-01  
4.372960e-01  3.500000e+00  3.456875e-01  0.000000e+00  0.000000e+00  4.152037e-01  8.809577e-01  3.000000e+00  -9.998896e-01  0.000000e+00  0.000000e+00  4.152037e-01  0.000000e+00  0.000000e+00  1.715008e-02  0.000000e+00  0.000000e+00  4.152037e-01  0.000000e+00  0.000000e+00  -1.276491e-01  0.000000e+00  0.000000e+00  4.152037e-01  0.000000e+00  0.000000e+00  0.000000e+00  0.000000e+00  0.000000e+00  4.152037e-01  0.000000e+00  0.000000e+00  0.000000e+00  0.000000e+00  0.000000e+00  4.152037e-01  
4.405505e-01  3.500000e+00  3.464243e-01  0.000000e+00  0.000000e+00  4.124950e-01  9.199430e-01  3.250000e+00  -9.999980e-01  0.000000e+00  0.000000e+00  4.124950e-01  0.000000e+00  0.000000e+00  1.850130e-02  0.000000e+00  0.000000e+00  4.124950e-01  0.000000e+00  0.000000e+00  -1.306672e-01  0.000000e+00  0.000000e+00  4.124950e-01  0.000000e+00  0.000000e+00  0.000000e+00  0.000000e+00  0.000000e+00  4.124950e-01  0.000000e+00  0.000000e+00  0.000000e+00  0.000000e+00  0.000000e+00  4.124950e-01  
4.453531e-01  3.500000e+00  3.462319e-01  0.000000e+00  0.000000e+00  4.142990e-01  9.603833e-01  3.500000e+00  -9.996882e-01  0.000000e+00  0.000000e+00  4.142990e-01  0.000000e+00  0.000000e+00  2.042209e-02  0.000000e+00  0.000000e+00  4.142990e-01  0.000000e+00  0.000000e+00  -1.337287e-01  0.000000e+00  0.000000e+00  4.142990e-01  0.000000e+00  0.000000e+00  0.000000e+00  0.000000e+00  0.000000e+00  4.142990e-01  0.000000e+00  0.000000e+00  0.000000e+00  0.000000e+00  0.000000e+00  4.142990e-01  
4.490583e-01  3.500000e+00  3.463527e-01  0.000000e+00  0.000000e+00  4.146534e-01  9.993509e-01  3.750000e+00  -9.995431e-01  0.000000e+00  0.000000e+00  4.146534e-01  0.000000e+00  0.000000e+00  2.193501e-02  0.000000e+00  0.000000e+00  4.146534e-01  0.000000e+00  0.000000e+00  -1.365309e-01  0.000000e+00  0.000000e+00  4.146534e-01  0.000000e+00  0.000000e+00  0.000000e+00  0.000000e+00  0.000000e+00  4.146534e-01  0.000000e+00  0.000000e+00  0.000000e+00  0.000000e+00  0.000000e+00  4.146534e-01  
4.522424e-01  3.500000e+00  3.463534e-01  0.000000e+00  0.000000e+00  4.155494e-01  1.037926e+00  4.000000e+00  -9.991945e-01  0.000000e+00  0.000000e+00  4.155494e-01  0.000000e+00  0.000000e+00  2.338686e-02  0.000000e+00  0.000000e+00  4.155494e-01  0.000000e+00  0.000000e+00  -1.392811e-01  0.000000e+00  0.000000e+00  4.155494e-01  0.000000e+00  0.000000e+00  0.000000e+00  0.000000e+00  0.000000e+00  4.155494e-01  0.000000e+00  0.000000e+00  0.000000e+00  0.000000e+00  0.000000e+00  4.155494e-01  
2.564674e-01  3.750000e+00  3.536655e-01  0.000000e+00  0.000000e+00  4.100773e-01  1.574611e-01  0.000000e+00  -1.000000e+00  0.000000e+00  0.000000e+00  4.100773e-01  0.000000e+00  0.000000e+00  -2.510829e-02  0.000000e+00  0.000000e+00  4.100773e-01  0.000000e+00  0.000000e+00  -5.859909e-02  0.000000e+00  0.000000e+00  4.100773e-01  0.000000e+00  0.000000e+00  0.000000e+00  0.000000e+00  0.000000e+00  4.100773e-01  0.000000e+00  0.000000e+00  0.000000e+00  0.000000e+00  0.000000e+00  4.100773e-01  
3.300865e-01  3.750000e+00  3.442084e-01  0.000000e+00  0.000000e+00  4.236631e-01  3.054564e-01  2.500000e-01  -1.000000e+00  0.000000e+00  0.000000e+00  4.236631e-01  0.000000e+00  0.000000e+00  -1.373079e-02  0.000000e+00  0.000000e+00  4.236631e-01  0.000000e+00  0.000000e+00  -7.480072e-02  0.000000e+00  0.000000e+00  4.236631e-01  0.000000e+00  0.000000e+00  0.000000e+00  0.000000e+00  0.000000e+00  4.236631e-01  0.000000e+00  0.000000e+00  0.000000e+00  0.000000e+00  0.000000e+00  4.236631e-01  
3.621957e-01  3.750000e+00  3.426119e-01  0.000000e+00  0.000000e+00  4.251210e-01  3.870428e-01  5.000000e-01  -1.000000e+00  0.000000e+00  0.000000e+00  4.251210e-01  0.000000e+00  0.000000e+00  -8.252311e-03  0.000000e+00  0.000000e+00  4.251210e-01  0.000000e+00  0.000000e+00  -8.287841e-02  0.000000e+00  0.000000e+00  4.251210e-01  0.000000e+00  0.000000e+00  0.000000e+00  0.000000e+00  0.000000e+00  4.251210e-01  0.000000e+00  0.000000e+00  0.000000e+00  0.000000e+00  0.000000e+00  4.251210e-01  
3.843929e-01  3.750000e+00  3.425235e-01  0.000000e+00  0.000000e+00  4.235052e-01  4.532422e-01  7.500000e-01  -9.999952e-01  0.000000e+00  0.000000e+00  4.235052e-01  0.000000e+00  0.000000e+00  -4.260531e-03  0.000000e+00  0.000000e+00  4.235052e-01  0.000000e+00  0.000000e+00  -8.902252e-02  0.000000e+00  0.000000e+00  4.235052e-01  0.000000e+00  0.000000e+00  0.000000e+00  0.000000e+00  0.000000e+00  4.235052e-01  0.000000e+00  0.000000e+00  0.000000e+00  0.000000e+00  0.000000e+00  4.235052e-01  
4.003479e-01  3.750000e+00  3.434156e-01  0.000000e+00  0.000000e+00  4.179461e-01  5.105236e-01  1.000000e+00  -9.999938e-01  0.000000e+00  0.000000e+00  4.179461e-01  0.000000e+00  0.000000e+00  -8.684797e-04  0.000000e+00  0.000000e+00  4.179461e-01  0.000000e+00  0.000000e+00  -9.455503e-02  0.000000e+00  0.000000e+00  4.179461e-01  0.000000e+00  0.000000e+00  0.000000e+00  0.000000e+00  0.000000e+00  4.179461e-01  0.000000e+00  0.000000e+00  0.000000e+00  0.000000e+00  0.000000e+00  4.179461e-01  
4.147369e-01  3.750000e+00  3.436076e-01  0.000000e+00  0.000000e+00  4.176249e-01  5.645524e-01  1.250000e+00  -9.999925e-01  0.000000e+00  0.000000e+00  4.176249e-01  0.000000e+00  0.000000e+00  2.197609e-03  0.000000e+00  0.000000e+00  4.176249e-01  0.000000e+00  0.000000e+00  -9.924474e-02  0.000000e+00  0.000000e+00  4.176249e-01  0.000000e+00  0.000000e+00  0.000000e+00  0.000000e+00  0.000000e+00  4.176249e-01  0.000000e+00  0.000000e+00  0.000000e+00  0.000000e+00  0.000000e+00  4.176249e-01  
4.266382e-01  3.750000e+00  3.439603e-01  0.000000e+00  0.000000e+00  4.162061e-01  6.149334e-01  1.500000e+00  -1.000000e+00  0.000000e+00  0.000000e+00  4.162061e-01  0.000000e+00  0.000000e+00  5.219059e-03  0.000000e+00  0.000000e+00  4.162061e-01  0.000000e+00  0.000000e+00  -1.038170e-01  0.000000e+00  0.000000e+00  4.162061e-01  0.000000e+00  0.000000e+00  0.000000e+00  0.000000e+00  0.000000e+00  4.162061e-01  0.000000e+00  0.000000e+00  0.000000e+00  0.000000e+00  0.000000e+00  4.162061e-01  
4.374006e-01  3.750000e+00  3.440058e-01  0.000000e+00  0.000000e+00  4.173152e-01  6.635593e-01  1.750000e+00  -9.999651e-01  0.000000e+00  0.000000e+00  4.173152e-01  0.000000e+00  0.000000e+00  7.932432e-03  0.000000e+00  0.000000e+00  4.173152e-01  0.000000e+00  0.000000e+00  -1.079110e-01  0.000000e+00  0.000000e+00  4.173152e-01  0.000000e+00  0.000000e+00  0.000000e+00  0.000000e+00  0.000000e+00  4.173152e-01  0.000000e+00  0.000000e+00  0.000000e+00  0.000000e+00  0.000000e+00  4.173152e-01  
4.462413e-01  3.750000e+00  3.443311e-01  0.000000e+00  0.000000e+00  4.171777e-01  7.096583e-01  2.000000e+00  -9.999815e-01  0.000000e+00  0.000000e+00  4.171777e-01  0.000000e+00  0.000000e+00  1.013791e-02  0.000000e+00  0.000000e+00  4.171777e-01  0.000000e+00  0.000000e+00  -1.115622e-01  0.000000e+00  0.000000e+00  4.171777e-01  0.000000e+00  0.000000e+00  0.000000e+00  0.000000e+00  0.000000e+00  4.171777e-01  0.000000e+00  0.000000e+00  0.000000e+00  0.000000e+00  0.000000e+00  4.171777e-01  
4.514482e-01  3.750000e+00  3.456581e-01  0.000000e+00  0.000000e+00  4.110428e-01  7.513633e-01  2.250000e+00  -9.999492e-01  0.000000e+00  0.000000e+00  4.110428e-01  0.000000e+00  0.000000e+00  1.215564e-02  0.000000e+00  0.000000e+00  4.110428e-01  0.000000e+00  0.000000e+00  -1.154877e-01  0.000000e+00  0.000000e+00  4.110428e-01  0.000000e+00  0.000000e+00  0.000000e+00  0.000000e+00  0.000000e+00  4.110428e-01  0.000000e+00  0.000000e+00  0.000000e+00  0.000000e+00  0.000000e+00  4.110428e-01  
4.580578e-01  3.750000e+00  3.459344e-01  0.000000e+00  0.000000e+00  4.109382e-01  7.942642e-01  2.500000e+00  -9.997964e-01  0.000000e+00  0.000000e+00  4.109382e-01  0.000000e+00  0.000000e+00  1.417993e-02  0.000000e+00  0.000000e+00  4.109382e-01  0.000000e+00  0.000000e+00  -1.189020e-01  0.000000e+00  0.000000e+00  4.109382e-01  0.000000e+00  0.000000e+00  0.000000e+00  0.000000e+00  0.000000e+00  4.109382e-01  0.000000e+00  0.000000e+00  0.000000e+00  0.000000e+00  0.000000e+00  4.109382e-01  
4.639109e-01  3.750000e+00  3.461340e-01  0.000000e+00  0.000000e+00  4.113641e-01  8.363122e-01  2.750000e+00  -9.996551e-01  0.000000e+00  0.000000e+00  4.113641e-01  0.000000e+00  0.000000e+00  1.606156e-02  0.000000e+00  0.000000e+00  4.113641e-01  0.000000e+00  0.000000e+00  -1.221629e-01  0.000000e+00  0.000000e+00  4.113641e-01  0.000000e+00  0.000000e+00  0.000000e+00  0.000000e+00  0.000000e+00  4.113641e-01  0.000000e+00  0.000000e+00  0.000000e+00  0.000000e+00  0.000000e+00  4.113641e-01  
4.690231e-01  3.750000e+00  3.463991e-01  0.000000e+00  0.000000e+00  4.112713e-01  8.770591e-01  3.000000e+00  -9.994847e-01  0.000000e+00  0.000000e+00  4.112713e-01  0.000000e+00  0.000000e+00  1.780423e-02  0.000000e+00  0.000000e+00  4.112713e-01  0.000000e+00  0.000000e+00  -1.252762e-01  0.000000e+00  0.000000e+00  4.112713e-01  0.000000e+00  0.000000e+00  0.000000e+00  0.000000e+00  0.000000e+00  4.112713e-01  0.000000e+00  0.000000e+00  0.000000e+00  0.000000e+00  0.000000e+00  4.112713e-01  
4.736041e-01  3.750000e+00  3.465341e-01  0.000000e+00  0.000000e+00  4.118677e-01  9.172491e-01  3.250000e+00  -9.991814e-01  0.000000e+00  0.000000e+00  4.118677e-01  0.000000e+00  0.000000e+00  1.943734e-02  0.000000e+00  0.000000e+00  4.118677e-01  0.000000e+00  0.000000e+00  -1.282523e-01  0.000000e+00  0.000000e+00  4.118677e-01  0.000000e+00  0.000000e+00  0.000000e+00  0.000000e+00  0.000000e+00  4.118677e-01  0.000000e+00  0.000000e+00  0.000000e+00  0.000000e+00  0.000000e+00  4.118677e-01  
4.782084e-01  3.750000e+00  3.461365e-01  0.000000e+00  0.000000e+00  4.152961e-01  9.572033e-01  3.500000e+00  -9.978563e-01  0.000000e+00  0.000000e+00  4.152961e-01  0.000000e+00  0.000000e+00  2.104352e-02  0.000000e+00  0.000000e+00  4.152961e-01  0.000000e+00  0.000000e+00  -1.309641e-01  0.000000e+00  0.000000e+00  4.152961e-01  0.000000e+00  0.000000e+00  0.000000e+00  0.000000e+00  0.000000e+00  4.152961e-01  0.000000e+00  0.000000e+00  0.000000e+00  0.000000e+00  0.000000e+00  4.152961e-01  
4.807076e-01  3.750000e+00  3.472057e-01  0.000000e+00  0.000000e+00  4.106324e-01  9.953397e-01  3.750000e+00  -9.997152e-01  0.000000e+00  0.000000e+00  4.106324e-01  0.000000e+00  0.000000e+00  2.234569e-02  0.000000e+00  0.000000e+00  4.106324e-01  0.000000e+00  0.000000e+00  -1.340430e-01  0.000000e+00  0.000000e+00  4.106324e-01  0.000000e+00  0.000000e+00  0.000000e+00  0.000000e+00  0.000000e+00  4.106324e-01  0.000000e+00  0.000000e+00  0.000000e+00  0.000000e+00  0.000000e+00  4.106324e-01  
4.846627e-01  3.750000e+00  3.461265e-01  0.000000e+00  0.000000e+00  4.177925e-01  1.033736e+00  4.000000e+00  -9.962025e-01  0.000000e+00  0.000000e+00  4.177925e-01  0.000000e+00  0.000000e+00  2.376175e-02  0.000000e+00  0.000000e+00  4.177925e-01  0.000000e+00  0.000000e+00  -1.362741e-01  0.000000e+00  0.000000e+00  4.177925e-01  0.000000e+00  0.000000e+00  0.000000e+00  0.000000e+00  0.000000e+00  4.177925e-01  0.000000e+00  0.000000e+00  0.000000e+00  0.000000e+00  0.000000e+00  4.177925e-01  
2.855523e-01  4.000000e+00  3.526129e-01  0.000000e+00  0.000000e+00  4.088590e-01  1.571987e-01  0.000000e+00  -1.000000e+00  0.000000e+00  0.000000e+00  4.088590e-01  0.000000e+00  0.000000e+00  -2.449596e-02  0.000000e+00  0.000000e+00  4.088590e-01  0.000000e+00  0.000000e+00  -5.641443e-02  0.000000e+00  0.000000e+00  4.088590e-01  0.000000e+00  0.000000e+00  0.000000e+00  0.000000e+00  0.000000e+00  4.088590e-01  0.000000e+00  0.000000e+00  0.000000e+00  0.000000e+00  0.000000e+00  4.088590e-01  
3.603916e-01  4.000000e+00  3.438821e-01  0.000000e+00  0.000000e+00  4.219131e-01  3.049908e-01  2.500000e-01  -9.999999e-01  0.000000e+00  0.000000e+00  4.219131e-01  0.000000e+00  0.000000e+00  -1.308151e-02  0.000000e+00  0.000000e+00  4.219131e-01  0.000000e+00  0.000000e+00  -7.261169e-02  0.000000e+00  0.000000e+00  4.219131e-01  0.000000e+00  0.000000e+00  0.000000e+00  0.000000e+00  0.000000e+00  4.219131e-01  0.000000e+00  0.000000e+00  0.000000e+00  0.000000e+00  0.000000e+00  4.219131e-01  
3.929200e-01  4.000000e+00  3.426450e-01  0.000000e+00  0.000000e+00  4.225794e-01  3.862426e-01  5.000000e-01  -1.000000e+00  0.000000e+00  0.000000e+00  4.225794e-01  0.000000e+00  0.000000e+00  -7.602663e-03  0.000000e+00  0.000000e+00  4.225794e-01  0.000000e+00  0.000000e+00  -8.074861e-02  0.000000e+00  0.000000e+00  4.225794e-01  0.000000e+00  0.000000e+00  0.000000e+00  0.000000e+00  0.000000e+00  4.225794e-01  0.000000e+00  0.000000e+00  0.000000e+00  0.000000e+00  0.000000e+00  4.225794e-01  
4.152602e-01  4.000000e+00  3.427993e-01  0.000000e+00  0.000000e+00  4.201015e-01  4.519584e-01  7.500000e-01  -9.999901e-01  0.000000e+00  0.000000e+00  4.201015e-01  0.000000e+00  0.000000e+00  -3.631481e-03  0.000000e+00  0.000000e+00  4.201015e-01  0.000000e+00  0.000000e+00  -8.685637e-02  0.000000e+00  0.000000e+00  4.201015e-01  0.000000e+00  0.000000e+00  0.000000e+00  0.000000e+00  0.000000e+00  4.201015e-01  0.000000e+00  0.000000e+00  0.000000e+00  0.000000e+00  0.000000e+00  4.201015e-01  
4.317281e-01  4.000000e+00  3.436337e-01  0.000000e+00  0.000000e+00  4.151135e-01  5.093443e-01  1.000000e+00  -1.000000e+00  0.000000e+00  0.000000e+00  4.151135e-01  0.000000e+00  0.000000e+00  -7.384109e-06  0.000000e+00  0.000000e+00  4.151135e-01  0.000000e+00  0.000000e+00  -9.255954e-02  0.000000e+00  0.000000e+00  4.151135e-01  0.000000e+00  0.000000e+00  0.000000e+00  0.000000e+00  0.000000e+00  4.151135e-01  0.000000e+00  0.000000e+00  0.000000e+00  0.000000e+00  0.000000e+00  4.151135e-01  
4.455836e-01  4.000000e+00  3.442204e-01  0.000000e+00  0.000000e+00  4.126963e-01  5.623695e-01  1.250000e+00  -9.999999e-01  0.000000e+00  0.000000e+00  4.126963e-01  0.000000e+00  0.000000e+00  3.089553e-03  0.000000e+00  0.000000e+00  4.126963e-01  0.000000e+00  0.000000e+00  -9.738304e-02  0.000000e+00  0.000000e+00  4.126963e-01  0.000000e+00  0.000000e+00  0.000000e+00  0.000000e+00  0.000000e+00  4.126963e-01  0.000000e+00  0.000000e+00  0.000000e+00  0.000000e+00  0.000000e+00  4.126963e-01  
4.583917e-01  4.000000e+00  3.442835e-01  0.000000e+00  0.000000e+00  4.135005e-01  6.133396e-01  1.500000e+00  -9.999692e-01  0.000000e+00  0.000000e+00  4.135005e-01  0.000000e+00  0.000000e+00  6.039698e-03  0.000000e+00  0.000000e+00  4.135005e-01  0.000000e+00  0.000000e+00  -1.017401e-01  0.000000e+00  0.000000e+00  4.135005e-01  0.000000e+00  0.000000e+00  0.000000e+00  0.000000e+00  0.000000e+00  4.135005e-01  0.000000e+00  0.000000e+00  0.000000e+00  0.000000e+00  0.000000e+00  4.135005e-01  
4.675439e-01  4.000000e+00  3.451454e-01  0.000000e+00  0.000000e+00  4.107094e-01  6.598904e-01  1.750000e+00  -9.999980e-01  0.000000e+00  0.000000e+00  4.107094e-01  0.000000e+00  0.000000e+00  8.225460e-03  0.000000e+00  0.000000e+00  4.107094e-01  0.000000e+00  0.000000e+00  -1.056095e-01  0.000000e+00  0.000000e+00  4.107094e-01  0.000000e+00  0.000000e+00  0.000000e+00  0.000000e+00  0.000000e+00  4.107094e-01  0.000000e+00  0.000000e+00  0.000000e+00  0.000000e+00  0.000000e+00  4.107094e-01  
4.757453e-01  4.000000e+00  3.458052e-01  0.000000e+00  0.000000e+00  4.083944e-01  7.048590e-01  2.000000e+00  -9.999566e-01  0.000000e+00  0.000000e+00  4.083944e-01  0.000000e+00  0.000000e+00  1.070465e-02  0.000000e+00  0.000000e+00  4.083944e-01  0.000000e+00  0.000000e+00  -1.096446e-01  0.000000e+00  0.000000e+00  4.083944e-01  0.000000e+00  0.000000e+00  0.000000e+00  0.000000e+00  0.000000e+00  4.083944e-01  0.000000e+00  0.000000e+00  0.000000e+00  0.000000e+00  0.000000e+00  4.083944e-01  
4.832268e-01  4.000000e+00  3.461647e-01  0.000000e+00  0.000000e+00  4.079555e-01  7.488268e-01  2.250000e+00  -9.997536e-01  0.000000e+00  0.000000e+00  4.079555e-01  0.000000e+00  0.000000e+00  1.289444e-02  0.000000e+00  0.000000e+00  4.079555e-01  0.000000e+00  0.000000e+00  -1.132742e-01  0.000000e+00  0.000000e+00  4.079555e-01  0.000000e+00  0.000000e+00  0.000000e+00  0.000000e+00  0.000000e+00  4.079555e-01  0.000000e+00  0.000000e+00  0.000000e+00  0.000000e+00  0.000000e+00  4.079555e-01  
4.900435e-01  4.000000e+00  3.463036e-01  0.000000e+00  0.000000e+00  4.087183e-01  7.914184e-01  2.500000e+00  -9.990948e-01  0.000000e+00  0.000000e+00  4.087183e-01  0.000000e+00  0.000000e+00  1.493586e-02  0.000000e+00  0.000000e+00  4.087183e-01  0.000000e+00  0.000000e+00  -1.165909e-01  0.000000e+00  0.000000e+00  4.087183e-01  0.000000e+00  0.000000e+00  0.000000e+00  0.000000e+00  0.000000e+00  4.087183e-01  0.000000e+00  0.000000e+00  0.000000e+00  0.000000e+00  0.000000e+00  4.087183e-01  
4.957915e-01  4.000000e+00  3.464487e-01  0.000000e+00  0.000000e+00  4.094635e-01  8.329136e-01  2.750000e+00  -9.983676e-01  0.000000e+00  0.000000e+00  4.094635e-01  0.000000e+00  0.000000e+00  1.670735e-02  0.000000e+00  0.000000e+00  4.094635e-01  0.000000e+00  0.000000e+00  -1.197304e-01  0.000000e+00  0.000000e+00  4.094635e-01  0.000000e+00  0.000000e+00  0.000000e+00  0.000000e+00  0.000000e+00  4.094635e-01  0.000000e+00  0.000000e+00  0.000000e+00  0.000000e+00  0.000000e+00  4.094635e-01  
5.010322e-01  4.000000e+00  3.462143e-01  0.000000e+00  0.000000e+00  4.124311e-01  8.735975e-01  3.000000e+00  -9.966793e-01  0.000000e+00  0.000000e+00  4.124311e-01  0.000000e+00  0.000000e+00  1.832711e-02  0.000000e+00  0.000000e+00  4.124311e-01  0.000000e+00  0.000000e+00  -1.225687e-01  0.000000e+00  0.000000e+00  4.124311e-01  0.000000e+00  0.000000e+00  0.000000e+00  0.000000e+00  0.000000e+00  4.124311e-01  0.000000e+00  0.000000e+00  0.000000e+00  0.000000e+00  0.000000e+00  4.124311e-01  
5.052906e-01  4.000000e+00  3.458923e-01  0.000000e+00  0.000000e+00  4.157596e-01  9.127397e-01  3.250000e+00  -9.941991e-01  0.000000e+00  0.000000e+00  4.157596e-01  0.000000e+00  0.000000e+00  1.979530e-02  0.000000e+00  0.000000e+00  4.157596e-01  0.000000e+00  0.000000e+00  -1.252264e-01  0.000000e+00  0.000000e+00  4.157596e-01  0.000000e+00  0.000000e+00  0.000000e+00  0.000000e+00  0.000000e+00  4.157596e-01  0.000000e+00  0.000000e+00  0.000000e+00  0.000000e+00  0.000000e+00  4.157596e-01  
5.093841e-01  4.000000e+00  3.456892e-01  0.000000e+00  0.000000e+00  4.181819e-01  9.517753e-01  3.500000e+00  -9.927126e-01  0.000000e+00  0.000000e+00  4.181819e-01  0.000000e+00  0.000000e+00  2.132121e-02  0.000000e+00  0.000000e+00  4.181819e-01  0.000000e+00  0.000000e+00  -1.279469e-01  0.000000e+00  0.000000e+00  4.181819e-01  0.000000e+00  0.000000e+00  0.000000e+00  0.000000e+00  0.000000e+00  4.181819e-01  0.000000e+00  0.000000e+00  0.000000e+00  0.000000e+00  0.000000e+00  4.181819e-01  
5.129960e-01  4.000000e+00  3.457358e-01  0.000000e+00  0.000000e+00  4.190727e-01  9.905265e-01  3.750000e+00  -9.924967e-01  0.000000e+00  0.000000e+00  4.190727e-01  0.000000e+00  0.000000e+00  2.282276e-02  0.000000e+00  0.000000e+00  4.190727e-01  0.000000e+00  0.000000e+00  -1.307441e-01  0.000000e+00  0.000000e+00  4.190727e-01  0.000000e+00  0.000000e+00  0.000000e+00  0.000000e+00  0.000000e+00  4.190727e-01  0.000000e+00  0.000000e+00  0.000000e+00  0.000000e+00  0.000000e+00  4.190727e-01  
5.162843e-01  4.000000e+00  3.455982e-01  0.000000e+00  0.000000e+00  4.210272e-01  1.028576e+00  4.000000e+00  -9.914543e-01  0.000000e+00  0.000000e+00  4.210272e-01  0.000000e+00  0.000000e+00  2.416388e-02  0.000000e+00  0.000000e+00  4.210272e-01  0.000000e+00  0.000000e+00  -1.333169e-01  0.000000e+00  0.000000e+00  4.210272e-01  0.000000e+00  0.000000e+00  0.000000e+00  0.000000e+00  0.000000e+00  4.210272e-01  0.000000e+00  0.000000e+00  0.000000e+00  0.000000e+00  0.000000e+00  4.210272e-01  
