7.031130e-01  1.799060e+00  6.070220e-01  0.000000e+00  0.000000e+00  5.700000e-01  7.031130e-01  1.799060e+00  9.999990e-01  0.000000e+00  0.000000e+00  5.700000e-01  1.000000e+00  1.000000e+00  0.000000e+00  0.000000e+00  0.000000e+00  5.700000e-01  1.000000e+00  1.000000e+00  0.000000e+00  0.000000e+00  0.000000e+00  5.700000e-01  1.000000e+00  1.000000e+00  0.000000e+00  0.000000e+00  0.000000e+00  5.700000e-01  1.000000e+00  1.000000e+00  0.000000e+00  0.000000e+00  0.000000e+00  5.700000e-01  
7.889898e-01  2.216985e+00  6.444227e-01  0.000000e+00  0.000000e+00  5.700000e-01  7.889898e-01  2.216985e+00  7.035335e-01  0.000000e+00  0.000000e+00  5.700000e-01  1.000000e+00  1.000000e+00  0.000000e+00  0.000000e+00  0.000000e+00  5.700000e-01  1.000000e+00  1.000000e+00  0.000000e+00  0.000000e+00  0.000000e+00  5.700000e-01  1.000000e+00  1.000000e+00  0.000000e+00  0.000000e+00  0.000000e+00  5.700000e-01  1.000000e+00  1.000000e+00  0.000000e+00  0.000000e+00  0.000000e+00  5.700000e-01  
6.673370e-01  1.293334e+00  6.362466e-01  0.000000e+00  0.000000e+00  5.700000e-01  6.673370e-01  1.293334e+00  9.082751e-01  0.000000e+00  0.000000e+00  5.700000e-01  1.000000e+00  1.000000e+00  0.000000e+00  0.000000e+00  0.000000e+00  5.700000e-01  1.000000e+00  1.000000e+00  0.000000e+00  0.000000e+00  0.000000e+00  5.700000e-01  1.000000e+00  1.000000e+00  0.000000e+00  0.000000e+00  0.000000e+00  5.700000e-01  1.000000e+00  1.000000e+00  0.000000e+00  0.000000e+00  0.000000e+00  5.700000e-01  
6.626024e-01  2.285332e+00  5.648718e-01  0.000000e+00  0.000000e+00  5.700000e-01  6.626024e-01  2.285332e+00  9.207219e-01  0.000000e+00  0.000000e+00  5.700000e-01  1.000000e+00  1.000000e+00  0.000000e+00  0.000000e+00  0.000000e+00  5.700000e-01  1.000000e+00  1.000000e+00  0.000000e+00  0.000000e+00  0.000000e+00  5.700000e-01  1.000000e+00  1.000000e+00  0.000000e+00  0.000000e+00  0.000000e+00  5.700000e-01  1.000000e+00  1.000000e+00  0.000000e+00  0.000000e+00  0.000000e+00  5.700000e-01  
5.039092e-01  9.857612e-01  6.139549e-01  0.000000e+00  0.000000e+00  5.700000e-01  5.039092e-01  9.857612e-01  8.323846e-01  0.000000e+00  0.000000e+00  5.700000e-01  1.000000e+00  1.000000e+00  0.000000e+00  0.000000e+00  0.000000e+00  5.700000e-01  1.000000e+00  1.000000e+00  0.000000e+00  0.000000e+00  0.000000e+00  5.700000e-01  1.000000e+00  1.000000e+00  0.000000e+00  0.000000e+00  0.000000e+00  5.700000e-01  1.000000e+00  1.000000e+00  0.000000e+00  0.000000e+00  0.000000e+00  5.700000e-01  
8.011774e-01  1.802660e+00  5.902517e-01  0.000000e+00  0.000000e+00  5.700000e-01  8.011774e-01  1.802660e+00  6.847564e-01  0.000000e+00  0.000000e+00  5.700000e-01  1.000000e+00  1.000000e+00  0.000000e+00  0.000000e+00  0.000000e+00  5.700000e-01  1.000000e+00  1.000000e+00  0.000000e+00  0.000000e+00  0.000000e+00  5.700000e-01  1.000000e+00  1.000000e+00  0.000000e+00  0.000000e+00  0.000000e+00  5.700000e-01  1.000000e+00  1.000000e+00  0.000000e+00  0.000000e+00  0.000000e+00  5.700000e-01  
6.767666e-01  2.150593e+00  5.873196e-01  0.000000e+00  0.000000e+00  5.700000e-01  6.767666e-01  2.150593e+00  7.180654e-01  0.000000e+00  0.000000e+00  5.700000e-01  1.000000e+00  1.000000e+00  0.000000e+00  0.000000e+00  0.000000e+00  5.700000e-01  1.000000e+00  1.000000e+00  0.000000e+00  0.000000e+00  0.000000e+00  5.700000e-01  1.000000e+00  1.000000e+00  0.000000e+00  0.000000e+00  0.000000e+00  5.700000e-01  1.000000e+00  1.000000e+00  0.000000e+00  0.000000e+00  0.000000e+00  5.700000e-01  
6.963449e-01  3.023164e+00  6.016396e-01  0.000000e+00  0.000000e+00  5.700000e-01  6.963449e-01  3.023164e+00  7.884223e-01  0.000000e+00  0.000000e+00  5.700000e-01  1.000000e+00  1.000000e+00  0.000000e+00  0.000000e+00  0.000000e+00  5.700000e-01  1.000000e+00  1.000000e+00  0.000000e+00  0.000000e+00  0.000000e+00  5.700000e-01  1.000000e+00  1.000000e+00  0.000000e+00  0.000000e+00  0.000000e+00  5.700000e-01  1.000000e+00  1.000000e+00  0.000000e+00  0.000000e+00  0.000000e+00  5.700000e-01  
7.221110e-01  1.209842e+00  7.123516e-01  0.000000e+00  0.000000e+00  5.700000e-01  7.221110e-01  1.209842e+00  9.529573e-01  0.000000e+00  0.000000e+00  5.700000e-01  1.000000e+00  1.000000e+00  0.000000e+00  0.000000e+00  0.000000e+00  5.700000e-01  1.000000e+00  1.000000e+00  0.000000e+00  0.000000e+00  0.000000e+00  5.700000e-01  1.000000e+00  1.000000e+00  0.000000e+00  0.000000e+00  0.000000e+00  5.700000e-01  1.000000e+00  1.000000e+00  0.000000e+00  0.000000e+00  0.000000e+00  5.700000e-01  
4.291387e-01  1.277019e+00  5.656314e-01  0.000000e+00  0.000000e+00  5.700000e-01  4.291387e-01  1.277019e+00  4.777894e-01  0.000000e+00  0.000000e+00  5.700000e-01  1.000000e+00  1.000000e+00  0.000000e+00  0.000000e+00  0.000000e+00  5.700000e-01  1.000000e+00  1.000000e+00  0.000000e+00  0.000000e+00  0.000000e+00  5.700000e-01  1.000000e+00  1.000000e+00  0.000000e+00  0.000000e+00  0.000000e+00  5.700000e-01  1.000000e+00  1.000000e+00  0.000000e+00  0.000000e+00  0.000000e+00  5.700000e-01  
8.741916e-01  3.050984e+00  5.544766e-01  0.000000e+00  0.000000e+00  5.700000e-01  8.741916e-01  3.050984e+00  6.087454e-01  0.000000e+00  0.000000e+00  5.700000e-01  1.000000e+00  1.000000e+00  0.000000e+00  0.000000e+00  0.000000e+00  5.700000e-01  1.000000e+00  1.000000e+00  0.000000e+00  0.000000e+00  0.000000e+00  5.700000e-01  1.000000e+00  1.000000e+00  0.000000e+00  0.000000e+00  0.000000e+00  5.700000e-01  1.000000e+00  1.000000e+00  0.000000e+00  0.000000e+00  0.000000e+00  5.700000e-01  
6.321073e-01  1.283537e+00  6.082102e-01  0.000000e+00  0.000000e+00  5.700000e-01  6.321073e-01  1.283537e+00  7.646752e-01  0.000000e+00  0.000000e+00  5.700000e-01  1.000000e+00  1.000000e+00  0.000000e+00  0.000000e+00  0.000000e+00  5.700000e-01  1.000000e+00  1.000000e+00  0.000000e+00  0.000000e+00  0.000000e+00  5.700000e-01  1.000000e+00  1.000000e+00  0.000000e+00  0.000000e+00  0.000000e+00  5.700000e-01  1.000000e+00  1.000000e+00  0.000000e+00  0.000000e+00  0.000000e+00  5.700000e-01  
1.056730e+00  2.894899e+00  6.981241e-01  0.000000e+00  0.000000e+00  5.700000e-01  1.056730e+00  2.894899e+00  6.394990e-01  0.000000e+00  0.000000e+00  5.700000e-01  1.000000e+00  1.000000e+00  0.000000e+00  0.000000e+00  0.000000e+00  5.700000e-01  1.000000e+00  1.000000e+00  0.000000e+00  0.000000e+00  0.000000e+00  5.700000e-01  1.000000e+00  1.000000e+00  0.000000e+00  0.000000e+00  0.000000e+00  5.700000e-01  1.000000e+00  1.000000e+00  0.000000e+00  0.000000e+00  0.000000e+00  5.700000e-01  
1.003557e+00  2.624911e+00  6.033868e-01  0.000000e+00  0.000000e+00  5.700000e-01  1.003557e+00  2.624911e+00  6.481781e-01  0.000000e+00  0.000000e+00  5.700000e-01  1.000000e+00  1.000000e+00  0.000000e+00  0.000000e+00  0.000000e+00  5.700000e-01  1.000000e+00  1.000000e+00  0.000000e+00  0.000000e+00  0.000000e+00  5.700000e-01  1.000000e+00  1.000000e+00  0.000000e+00  0.000000e+00  0.000000e+00  5.700000e-01  1.000000e+00  1.000000e+00  0.000000e+00  0.000000e+00  0.000000e+00  5.700000e-01  
7.022035e-01  1.572529e+00  6.112344e-01  0.000000e+00  0.000000e+00  5.700000e-01  7.022035e-01  1.572529e+00  9.183659e-01  0.000000e+00  0.000000e+00  5.700000e-01  1.000000e+00  1.000000e+00  0.000000e+00  0.000000e+00  0.000000e+00  5.700000e-01  1.000000e+00  1.000000e+00  0.000000e+00  0.000000e+00  0.000000e+00  5.700000e-01  1.000000e+00  1.000000e+00  0.000000e+00  0.000000e+00  0.000000e+00  5.700000e-01  1.000000e+00  1.000000e+00  0.000000e+00  0.000000e+00  0.000000e+00  5.700000e-01  
8.243043e-01  2.059871e+00  7.032424e-01  0.000000e+00  0.000000e+00  5.700000e-01  8.243043e-01  2.059871e+00  8.147761e-01  0.000000e+00  0.000000e+00  5.700000e-01  1.000000e+00  1.000000e+00  0.000000e+00  0.000000e+00  0.000000e+00  5.700000e-01  1.000000e+00  1.000000e+00  0.000000e+00  0.000000e+00  0.000000e+00  5.700000e-01  1.000000e+00  1.000000e+00  0.000000e+00  0.000000e+00  0.000000e+00  5.700000e-01  1.000000e+00  1.000000e+00  0.000000e+00  0.000000e+00  0.000000e+00  5.700000e-01  
6.341898e-01  1.300337e+00  6.734735e-01  0.000000e+00  0.000000e+00  5.700000e-01  6.341898e-01  1.300337e+00  7.332376e-01  0.000000e+00  0.000000e+00  5.700000e-01  1.000000e+00  1.000000e+00  0.000000e+00  0.000000e+00  0.000000e+00  5.700000e-01  1.000000e+00  1.000000e+00  0.000000e+00  0.000000e+00  0.000000e+00  5.700000e-01  1.000000e+00  1.000000e+00  0.000000e+00  0.000000e+00  0.000000e+00  5.700000e-01  1.000000e+00  1.000000e+00  0.000000e+00  0.000000e+00  0.000000e+00  5.700000e-01  
6.770779e-01  1.737999e+00  6.328500e-01  0.000000e+00  0.000000e+00  5.700000e-01  6.770779e-01  1.737999e+00  7.693153e-01  0.000000e+00  0.000000e+00  5.700000e-01  1.000000e+00  1.000000e+00  0.000000e+00  0.000000e+00  0.000000e+00  5.700000e-01  1.000000e+00  1.000000e+00  0.000000e+00  0.000000e+00  0.000000e+00  5.700000e-01  1.000000e+00  1.000000e+00  0.000000e+00  0.000000e+00  0.000000e+00  5.700000e-01  1.000000e+00  1.000000e+00  0.000000e+00  0.000000e+00  0.000000e+00  5.700000e-01  
9.516069e-01  2.972673e+00  6.508687e-01  0.000000e+00  0.000000e+00  5.700000e-01  9.516069e-01  2.972673e+00  8.975688e-01  0.000000e+00  0.000000e+00  5.700000e-01  1.000000e+00  1.000000e+00  0.000000e+00  0.000000e+00  0.000000e+00  5.700000e-01  1.000000e+00  1.000000e+00  0.000000e+00  0.000000e+00  0.000000e+00  5.700000e-01  1.000000e+00  1.000000e+00  0.000000e+00  0.000000e+00  0.000000e+00  5.700000e-01  1.000000e+00  1.000000e+00  0.000000e+00  0.000000e+00  0.000000e+00  5.700000e-01  
7.258012e-01  1.741948e+00  6.154373e-01  0.000000e+00  0.000000e+00  5.700000e-01  7.258012e-01  1.741948e+00  8.130658e-01  0.000000e+00  0.000000e+00  5.700000e-01  1.000000e+00  1.000000e+00  0.000000e+00  0.000000e+00  0.000000e+00  5.700000e-01  1.000000e+00  1.000000e+00  0.000000e+00  0.000000e+00  0.000000e+00  5.700000e-01  1.000000e+00  1.000000e+00  0.000000e+00  0.000000e+00  0.000000e+00  5.700000e-01  1.000000e+00  1.000000e+00  0.000000e+00  0.000000e+00  0.000000e+00  5.700000e-01  
7.616559e-01  1.499223e+00  5.709370e-01  0.000000e+00  0.000000e+00  5.700000e-01  7.616559e-01  1.499223e+00  8.997962e-01  0.000000e+00  0.000000e+00  5.700000e-01  1.000000e+00  1.000000e+00  0.000000e+00  0.000000e+00  0.000000e+00  5.700000e-01  1.000000e+00  1.000000e+00  0.000000e+00  0.000000e+00  0.000000e+00  5.700000e-01  1.000000e+00  1.000000e+00  0.000000e+00  0.000000e+00  0.000000e+00  5.700000e-01  1.000000e+00  1.000000e+00  0.000000e+00  0.000000e+00  0.000000e+00  5.700000e-01  
7.518257e-01  2.297689e+00  5.768213e-01  0.000000e+00  0.000000e+00  5.700000e-01  7.518257e-01  2.297689e+00  4.504279e-01  0.000000e+00  0.000000e+00  5.700000e-01  1.000000e+00  1.000000e+00  0.000000e+00  0.000000e+00  0.000000e+00  5.700000e-01  1.000000e+00  1.000000e+00  0.000000e+00  0.000000e+00  0.000000e+00  5.700000e-01  1.000000e+00  1.000000e+00  0.000000e+00  0.000000e+00  0.000000e+00  5.700000e-01  1.000000e+00  1.000000e+00  0.000000e+00  0.000000e+00  0.000000e+00  5.700000e-01  
7.641221e-01  3.155829e+00  5.280752e-01  0.000000e+00  0.000000e+00  5.700000e-01  7.641221e-01  3.155829e+00  8.823115e-01  0.000000e+00  0.000000e+00  5.700000e-01  1.000000e+00  1.000000e+00  0.000000e+00  0.000000e+00  0.000000e+00  5.700000e-01  1.000000e+00  1.000000e+00  0.000000e+00  0.000000e+00  0.000000e+00  5.700000e-01  1.000000e+00  1.000000e+00  0.000000e+00  0.000000e+00  0.000000e+00  5.700000e-01  1.000000e+00  1.000000e+00  0.000000e+00  0.000000e+00  0.000000e+00  5.700000e-01  
6.935000e-01  1.189423e+00  5.636911e-01  0.000000e+00  0.000000e+00  5.700000e-01  6.935000e-01  1.189423e+00  7.176505e-01  0.000000e+00  0.000000e+00  5.700000e-01  1.000000e+00  1.000000e+00  0.000000e+00  0.000000e+00  0.000000e+00  5.700000e-01  1.000000e+00  1.000000e+00  0.000000e+00  0.000000e+00  0.000000e+00  5.700000e-01  1.000000e+00  1.000000e+00  0.000000e+00  0.000000e+00  0.000000e+00  5.700000e-01  1.000000e+00  1.000000e+00  0.000000e+00  0.000000e+00  0.000000e+00  5.700000e-01  
7.453957e-01  1.671611e+00  5.468583e-01  0.000000e+00  0.000000e+00  5.700000e-01  7.453957e-01  1.671611e+00  6.971110e-01  0.000000e+00  0.000000e+00  5.700000e-01  1.000000e+00  1.000000e+00  0.000000e+00  0.000000e+00  0.000000e+00  5.700000e-01  1.000000e+00  1.000000e+00  0.000000e+00  0.000000e+00  0.000000e+00  5.700000e-01  1.000000e+00  1.000000e+00  0.000000e+00  0.000000e+00  0.000000e+00  5.700000e-01  1.000000e+00  1.000000e+00  0.000000e+00  0.000000e+00  0.000000e+00  5.700000e-01  
6.534523e-01  2.925588e+00  5.385129e-01  0.000000e+00  0.000000e+00  5.700000e-01  6.534523e-01  2.925588e+00  8.372114e-01  0.000000e+00  0.000000e+00  5.700000e-01  1.000000e+00  1.000000e+00  0.000000e+00  0.000000e+00  0.000000e+00  5.700000e-01  1.000000e+00  1.000000e+00  0.000000e+00  0.000000e+00  0.000000e+00  5.700000e-01  1.000000e+00  1.000000e+00  0.000000e+00  0.000000e+00  0.000000e+00  5.700000e-01  1.000000e+00  1.000000e+00  0.000000e+00  0.000000e+00  0.000000e+00  5.700000e-01  
7.771004e-01  2.584115e+00  6.822718e-01  0.000000e+00  0.000000e+00  5.700000e-01  7.771004e-01  2.584115e+00  8.505238e-01  0.000000e+00  0.000000e+00  5.700000e-01  1.000000e+00  1.000000e+00  0.000000e+00  0.000000e+00  0.000000e+00  5.700000e-01  1.000000e+00  1.000000e+00  0.000000e+00  0.000000e+00  0.000000e+00  5.700000e-01  1.000000e+00  1.000000e+00  0.000000e+00  0.000000e+00  0.000000e+00  5.700000e-01  1.000000e+00  1.000000e+00  0.000000e+00  0.000000e+00  0.000000e+00  5.700000e-01  
8.925655e-01  2.894624e+00  6.512595e-01  0.000000e+00  0.000000e+00  5.700000e-01  8.925655e-01  2.894624e+00  3.902978e-01  0.000000e+00  0.000000e+00  5.700000e-01  1.000000e+00  1.000000e+00  0.000000e+00  0.000000e+00  0.000000e+00  5.700000e-01  1.000000e+00  1.000000e+00  0.000000e+00  0.000000e+00  0.000000e+00  5.700000e-01  1.000000e+00  1.000000e+00  0.000000e+00  0.000000e+00  0.000000e+00  5.700000e-01  1.000000e+00  1.000000e+00  0.000000e+00  0.000000e+00  0.000000e+00  5.700000e-01  
6.433862e-01  1.516792e+00  6.170155e-01  0.000000e+00  0.000000e+00  5.700000e-01  6.433862e-01  1.516792e+00  9.571022e-01  0.000000e+00  0.000000e+00  5.700000e-01  1.000000e+00  1.000000e+00  0.000000e+00  0.000000e+00  0.000000e+00  5.700000e-01  1.000000e+00  1.000000e+00  0.000000e+00  0.000000e+00  0.000000e+00  5.700000e-01  1.000000e+00  1.000000e+00  0.000000e+00  0.000000e+00  0.000000e+00  5.700000e-01  1.000000e+00  1.000000e+00  0.000000e+00  0.000000e+00  0.000000e+00  5.700000e-01  
6.410847e-01  1.735880e+00  5.080436e-01  0.000000e+00  0.000000e+00  5.700000e-01  6.410847e-01  1.735880e+00  5.177868e-01  0.000000e+00  0.000000e+00  5.700000e-01  1.000000e+00  1.000000e+00  0.000000e+00  0.000000e+00  0.000000e+00  5.700000e-01  1.000000e+00  1.000000e+00  0.000000e+00  0.000000e+00  0.000000e+00  5.700000e-01  1.000000e+00  1.000000e+00  0.000000e+00  0.000000e+00  0.000000e+00  5.700000e-01  1.000000e+00  1.000000e+00  0.000000e+00  0.000000e+00  0.000000e+00  5.700000e-01  
6.442305e-01  2.290679e+00  6.030772e-01  0.000000e+00  0.000000e+00  5.700000e-01  6.442305e-01  2.290679e+00  6.346169e-01  0.000000e+00  0.000000e+00  5.700000e-01  1.000000e+00  1.000000e+00  0.000000e+00  0.000000e+00  0.000000e+00  5.700000e-01  1.000000e+00  1.000000e+00  0.000000e+00  0.000000e+00  0.000000e+00  5.700000e-01  1.000000e+00  1.000000e+00  0.000000e+00  0.000000e+00  0.000000e+00  5.700000e-01  1.000000e+00  1.000000e+00  0.000000e+00  0.000000e+00  0.000000e+00  5.700000e-01  
4.192684e-01  5.238147e-01  6.696495e-01  0.000000e+00  0.000000e+00  5.700000e-01  4.192684e-01  5.238147e-01  9.857523e-01  0.000000e+00  0.000000e+00  5.700000e-01  1.000000e+00  1.000000e+00  0.000000e+00  0.000000e+00  0.000000e+00  5.700000e-01  1.000000e+00  1.000000e+00  0.000000e+00  0.000000e+00  0.000000e+00  5.700000e-01  1.000000e+00  1.000000e+00  0.000000e+00  0.000000e+00  0.000000e+00  5.700000e-01  1.000000e+00  1.000000e+00  0.000000e+00  0.000000e+00  0.000000e+00  5.700000e-01  
7.488299e-01  1.784156e+00  7.027509e-01  0.000000e+00  0.000000e+00  5.700000e-01  7.488299e-01  1.784156e+00  6.335328e-01  0.000000e+00  0.000000e+00  5.700000e-01  1.000000e+00  1.000000e+00  0.000000e+00  0.000000e+00  0.000000e+00  5.700000e-01  1.000000e+00  1.000000e+00  0.000000e+00  0.000000e+00  0.000000e+00  5.700000e-01  1.000000e+00  1.000000e+00  0.000000e+00  0.000000e+00  0.000000e+00  5.700000e-01  1.000000e+00  1.000000e+00  0.000000e+00  0.000000e+00  0.000000e+00  5.700000e-01  
7.825890e-01  1.948170e+00  6.137583e-01  0.000000e+00  0.000000e+00  5.700000e-01  7.825890e-01  1.948170e+00  6.107087e-01  0.000000e+00  0.000000e+00  5.700000e-01  1.000000e+00  1.000000e+00  0.000000e+00  0.000000e+00  0.000000e+00  5.700000e-01  1.000000e+00  1.000000e+00  0.000000e+00  0.000000e+00  0.000000e+00  5.700000e-01  1.000000e+00  1.000000e+00  0.000000e+00  0.000000e+00  0.000000e+00  5.700000e-01  1.000000e+00  1.000000e+00  0.000000e+00  0.000000e+00  0.000000e+00  5.700000e-01  
9.043487e-01  2.576824e+00  7.160485e-01  0.000000e+00  0.000000e+00  5.700000e-01  9.043487e-01  2.576824e+00  3.887839e-01  0.000000e+00  0.000000e+00  5.700000e-01  1.000000e+00  1.000000e+00  0.000000e+00  0.000000e+00  0.000000e+00  5.700000e-01  1.000000e+00  1.000000e+00  0.000000e+00  0.000000e+00  0.000000e+00  5.700000e-01  1.000000e+00  1.000000e+00  0.000000e+00  0.000000e+00  0.000000e+00  5.700000e-01  1.000000e+00  1.000000e+00  0.000000e+00  0.000000e+00  0.000000e+00  5.700000e-01  
7.819313e-01  2.003749e+00  5.558164e-01  0.000000e+00  0.000000e+00  5.700000e-01  7.819313e-01  2.003749e+00  7.686814e-01  0.000000e+00  0.000000e+00  5.700000e-01  1.000000e+00  1.000000e+00  0.000000e+00  0.000000e+00  0.000000e+00  5.700000e-01  1.000000e+00  1.000000e+00  0.000000e+00  0.000000e+00  0.000000e+00  5.700000e-01  1.000000e+00  1.000000e+00  0.000000e+00  0.000000e+00  0.000000e+00  5.700000e-01  1.000000e+00  1.000000e+00  0.000000e+00  0.000000e+00  0.000000e+00  5.700000e-01  
4.995974e-01  1.163310e+00  5.896512e-01  0.000000e+00  0.000000e+00  5.700000e-01  4.995974e-01  1.163310e+00  9.116935e-01  0.000000e+00  0.000000e+00  5.700000e-01  1.000000e+00  1.000000e+00  0.000000e+00  0.000000e+00  0.000000e+00  5.700000e-01  1.000000e+00  1.000000e+00  0.000000e+00  0.000000e+00  0.000000e+00  5.700000e-01  1.000000e+00  1.000000e+00  0.000000e+00  0.000000e+00  0.000000e+00  5.700000e-01  1.000000e+00  1.000000e+00  0.000000e+00  0.000000e+00  0.000000e+00  5.700000e-01  
7.151289e-01  1.776061e+00  6.400772e-01  0.000000e+00  0.000000e+00  5.700000e-01  7.151289e-01  1.776061e+00  3.146697e-01  0.000000e+00  0.000000e+00  5.700000e-01  1.000000e+00  1.000000e+00  0.000000e+00  0.000000e+00  0.000000e+00  5.700000e-01  1.000000e+00  1.000000e+00  0.000000e+00  0.000000e+00  0.000000e+00  5.700000e-01  1.000000e+00  1.000000e+00  0.000000e+00  0.000000e+00  0.000000e+00  5.700000e-01  1.000000e+00  1.000000e+00  0.000000e+00  0.000000e+00  0.000000e+00  5.700000e-01  
8.652275e-01  2.013285e+00  6.824653e-01  0.000000e+00  0.000000e+00  5.700000e-01  8.652275e-01  2.013285e+00  8.351042e-01  0.000000e+00  0.000000e+00  5.700000e-01  1.000000e+00  1.000000e+00  0.000000e+00  0.000000e+00  0.000000e+00  5.700000e-01  1.000000e+00  1.000000e+00  0.000000e+00  0.000000e+00  0.000000e+00  5.700000e-01  1.000000e+00  1.000000e+00  0.000000e+00  0.000000e+00  0.000000e+00  5.700000e-01  1.000000e+00  1.000000e+00  0.000000e+00  0.000000e+00  0.000000e+00  5.700000e-01  
7.599835e-01  1.582130e+00  6.428244e-01  0.000000e+00  0.000000e+00  5.700000e-01  7.599835e-01  1.582130e+00  7.552149e-01  0.000000e+00  0.000000e+00  5.700000e-01  1.000000e+00  1.000000e+00  0.000000e+00  0.000000e+00  0.000000e+00  5.700000e-01  1.000000e+00  1.000000e+00  0.000000e+00  0.000000e+00  0.000000e+00  5.700000e-01  1.000000e+00  1.000000e+00  0.000000e+00  0.000000e+00  0.000000e+00  5.700000e-01  1.000000e+00  1.000000e+00  0.000000e+00  0.000000e+00  0.000000e+00  5.700000e-01  
4.916902e-01  9.961529e-01  5.457790e-01  0.000000e+00  0.000000e+00  5.700000e-01  4.916902e-01  9.961529e-01  6.523877e-01  0.000000e+00  0.000000e+00  5.700000e-01  1.000000e+00  1.000000e+00  0.000000e+00  0.000000e+00  0.000000e+00  5.700000e-01  1.000000e+00  1.000000e+00  0.000000e+00  0.000000e+00  0.000000e+00  5.700000e-01  1.000000e+00  1.000000e+00  0.000000e+00  0.000000e+00  0.000000e+00  5.700000e-01  1.000000e+00  1.000000e+00  0.000000e+00  0.000000e+00  0.000000e+00  5.700000e-01  
7.188250e-01  1.865166e+00  6.193710e-01  0.000000e+00  0.000000e+00  5.700000e-01  7.188250e-01  1.865166e+00  5.584702e-01  0.000000e+00  0.000000e+00  5.700000e-01  1.000000e+00  1.000000e+00  0.000000e+00  0.000000e+00  0.000000e+00  5.700000e-01  1.000000e+00  1.000000e+00  0.000000e+00  0.000000e+00  0.000000e+00  5.700000e-01  1.000000e+00  1.000000e+00  0.000000e+00  0.000000e+00  0.000000e+00  5.700000e-01  1.000000e+00  1.000000e+00  0.000000e+00  0.000000e+00  0.000000e+00  5.700000e-01  
7.989755e-01  2.677611e+00  6.704250e-01  0.000000e+00  0.000000e+00  5.700000e-01  7.989755e-01  2.677611e+00  8.710061e-01  0.000000e+00  0.000000e+00  5.700000e-01  1.000000e+00  1.000000e+00  0.000000e+00  0.000000e+00  0.000000e+00  5.700000e-01  1.000000e+00  1.000000e+00  0.000000e+00  0.000000e+00  0.000000e+00  5.700000e-01  1.000000e+00  1.000000e+00  0.000000e+00  0.000000e+00  0.000000e+00  5.700000e-01  1.000000e+00  1.000000e+00  0.000000e+00  0.000000e+00  0.000000e+00  5.700000e-01  
6.756682e-01  1.334863e+00  6.672999e-01  0.000000e+00  0.000000e+00  5.700000e-01  6.756682e-01  1.334863e+00  5.094978e-01  0.000000e+00  0.000000e+00  5.700000e-01  1.000000e+00  1.000000e+00  0.000000e+00  0.000000e+00  0.000000e+00  5.700000e-01  1.000000e+00  1.000000e+00  0.000000e+00  0.000000e+00  0.000000e+00  5.700000e-01  1.000000e+00  1.000000e+00  0.000000e+00  0.000000e+00  0.000000e+00  5.700000e-01  1.000000e+00  1.000000e+00  0.000000e+00  0.000000e+00  0.000000e+00  5.700000e-01  
5.879557e-01  1.578836e+00  6.677023e-01  0.000000e+00  0.000000e+00  5.700000e-01  5.879557e-01  1.578836e+00  8.570239e-01  0.000000e+00  0.000000e+00  5.700000e-01  1.000000e+00  1.000000e+00  0.000000e+00  0.000000e+00  0.000000e+00  5.700000e-01  1.000000e+00  1.000000e+00  0.000000e+00  0.000000e+00  0.000000e+00  5.700000e-01  1.000000e+00  1.000000e+00  0.000000e+00  0.000000e+00  0.000000e+00  5.700000e-01  1.000000e+00  1.000000e+00  0.000000e+00  0.000000e+00  0.000000e+00  5.700000e-01  
8.655981e-01  2.808145e+00  6.119074e-01  0.000000e+00  0.000000e+00  5.700000e-01  8.655981e-01  2.808145e+00  8.714735e-01  0.000000e+00  0.000000e+00  5.700000e-01  1.000000e+00  1.000000e+00  0.000000e+00  0.000000e+00  0.000000e+00  5.700000e-01  1.000000e+00  1.000000e+00  0.000000e+00  0.000000e+00  0.000000e+00  5.700000e-01  1.000000e+00  1.000000e+00  0.000000e+00  0.000000e+00  0.000000e+00  5.700000e-01  1.000000e+00  1.000000e+00  0.000000e+00  0.000000e+00  0.000000e+00  5.700000e-01  
7.529967e-01  1.879241e+00  6.089689e-01  0.000000e+00  0.000000e+00  5.700000e-01  7.529967e-01  1.879241e+00  8.676226e-01  0.000000e+00  0.000000e+00  5.700000e-01  1.000000e+00  1.000000e+00  0.000000e+00  0.000000e+00  0.000000e+00  5.700000e-01  1.000000e+00  1.000000e+00  0.000000e+00  0.000000e+00  0.000000e+00  5.700000e-01  1.000000e+00  1.000000e+00  0.000000e+00  0.000000e+00  0.000000e+00  5.700000e-01  1.000000e+00  1.000000e+00  0.000000e+00  0.000000e+00  0.000000e+00  5.700000e-01  
6.120316e-01  2.531643e+00  5.712438e-01  0.000000e+00  0.000000e+00  5.700000e-01  6.120316e-01  2.531643e+00  9.710656e-01  0.000000e+00  0.000000e+00  5.700000e-01  1.000000e+00  1.000000e+00  0.000000e+00  0.000000e+00  0.000000e+00  5.700000e-01  1.000000e+00  1.000000e+00  0.000000e+00  0.000000e+00  0.000000e+00  5.700000e-01  1.000000e+00  1.000000e+00  0.000000e+00  0.000000e+00  0.000000e+00  5.700000e-01  1.000000e+00  1.000000e+00  0.000000e+00  0.000000e+00  0.000000e+00  5.700000e-01  
6.225166e-01  1.119021e+00  6.132369e-01  0.000000e+00  0.000000e+00  5.700000e-01  6.225166e-01  1.119021e+00  6.783957e-01  0.000000e+00  0.000000e+00  5.700000e-01  1.000000e+00  1.000000e+00  0.000000e+00  0.000000e+00  0.000000e+00  5.700000e-01  1.000000e+00  1.000000e+00  0.000000e+00  0.000000e+00  0.000000e+00  5.700000e-01  1.000000e+00  1.000000e+00  0.000000e+00  0.000000e+00  0.000000e+00  5.700000e-01  1.000000e+00  1.000000e+00  0.000000e+00  0.000000e+00  0.000000e+00  5.700000e-01  
7.028190e-01  2.399087e+00  6.485238e-01  0.000000e+00  0.000000e+00  5.700000e-01  7.028190e-01  2.399087e+00  7.069519e-01  0.000000e+00  0.000000e+00  5.700000e-01  1.000000e+00  1.000000e+00  0.000000e+00  0.000000e+00  0.000000e+00  5.700000e-01  1.000000e+00  1.000000e+00  0.000000e+00  0.000000e+00  0.000000e+00  5.700000e-01  1.000000e+00  1.000000e+00  0.000000e+00  0.000000e+00  0.000000e+00  5.700000e-01  1.000000e+00  1.000000e+00  0.000000e+00  0.000000e+00  0.000000e+00  5.700000e-01  
7.857727e-01  2.228092e+00  6.649399e-01  0.000000e+00  0.000000e+00  5.700000e-01  7.857727e-01  2.228092e+00  8.927915e-01  0.000000e+00  0.000000e+00  5.700000e-01  1.000000e+00  1.000000e+00  0.000000e+00  0.000000e+00  0.000000e+00  5.700000e-01  1.000000e+00  1.000000e+00  0.000000e+00  0.000000e+00  0.000000e+00  5.700000e-01  1.000000e+00  1.000000e+00  0.000000e+00  0.000000e+00  0.000000e+00  5.700000e-01  1.000000e+00  1.000000e+00  0.000000e+00  0.000000e+00  0.000000e+00  5.700000e-01  
4.809204e-01  6.528518e-01  5.651493e-01  0.000000e+00  0.000000e+00  5.700000e-01  4.809204e-01  6.528518e-01  9.304828e-01  0.000000e+00  0.000000e+00  5.700000e-01  1.000000e+00  1.000000e+00  0.000000e+00  0.000000e+00  0.000000e+00  5.700000e-01  1.000000e+00  1.000000e+00  0.000000e+00  0.000000e+00  0.000000e+00  5.700000e-01  1.000000e+00  1.000000e+00  0.000000e+00  0.000000e+00  0.000000e+00  5.700000e-01  1.000000e+00  1.000000e+00  0.000000e+00  0.000000e+00  0.000000e+00  5.700000e-01  
4.581779e-01  1.032050e+00  5.665625e-01  0.000000e+00  0.000000e+00  5.700000e-01  4.581779e-01  1.032050e+00  9.537547e-01  0.000000e+00  0.000000e+00  5.700000e-01  1.000000e+00  1.000000e+00  0.000000e+00  0.000000e+00  0.000000e+00  5.700000e-01  1.000000e+00  1.000000e+00  0.000000e+00  0.000000e+00  0.000000e+00  5.700000e-01  1.000000e+00  1.000000e+00  0.000000e+00  0.000000e+00  0.000000e+00  5.700000e-01  1.000000e+00  1.000000e+00  0.000000e+00  0.000000e+00  0.000000e+00  5.700000e-01  
7.015613e-01  1.950159e+00  5.009432e-01  0.000000e+00  0.000000e+00  5.700000e-01  7.015613e-01  1.950159e+00  8.771752e-01  0.000000e+00  0.000000e+00  5.700000e-01  1.000000e+00  1.000000e+00  0.000000e+00  0.000000e+00  0.000000e+00  5.700000e-01  1.000000e+00  1.000000e+00  0.000000e+00  0.000000e+00  0.000000e+00  5.700000e-01  1.000000e+00  1.000000e+00  0.000000e+00  0.000000e+00  0.000000e+00  5.700000e-01  1.000000e+00  1.000000e+00  0.000000e+00  0.000000e+00  0.000000e+00  5.700000e-01  
7.606558e-01  2.346215e+00  6.319123e-01  0.000000e+00  0.000000e+00  5.700000e-01  7.606558e-01  2.346215e+00  7.072560e-01  0.000000e+00  0.000000e+00  5.700000e-01  1.000000e+00  1.000000e+00  0.000000e+00  0.000000e+00  0.000000e+00  5.700000e-01  1.000000e+00  1.000000e+00  0.000000e+00  0.000000e+00  0.000000e+00  5.700000e-01  1.000000e+00  1.000000e+00  0.000000e+00  0.000000e+00  0.000000e+00  5.700000e-01  1.000000e+00  1.000000e+00  0.000000e+00  0.000000e+00  0.000000e+00  5.700000e-01  
6.795675e-01  1.565136e+00  6.309149e-01  0.000000e+00  0.000000e+00  5.700000e-01  6.795675e-01  1.565136e+00  6.174690e-01  0.000000e+00  0.000000e+00  5.700000e-01  1.000000e+00  1.000000e+00  0.000000e+00  0.000000e+00  0.000000e+00  5.700000e-01  1.000000e+00  1.000000e+00  0.000000e+00  0.000000e+00  0.000000e+00  5.700000e-01  1.000000e+00  1.000000e+00  0.000000e+00  0.000000e+00  0.000000e+00  5.700000e-01  1.000000e+00  1.000000e+00  0.000000e+00  0.000000e+00  0.000000e+00  5.700000e-01  
8.228816e-01  1.850693e+00  6.876642e-01  0.000000e+00  0.000000e+00  5.700000e-01  8.228816e-01  1.850693e+00  7.182068e-01  0.000000e+00  0.000000e+00  5.700000e-01  1.000000e+00  1.000000e+00  0.000000e+00  0.000000e+00  0.000000e+00  5.700000e-01  1.000000e+00  1.000000e+00  0.000000e+00  0.000000e+00  0.000000e+00  5.700000e-01  1.000000e+00  1.000000e+00  0.000000e+00  0.000000e+00  0.000000e+00  5.700000e-01  1.000000e+00  1.000000e+00  0.000000e+00  0.000000e+00  0.000000e+00  5.700000e-01  
7.653516e-01  1.956214e+00  5.553230e-01  0.000000e+00  0.000000e+00  5.700000e-01  7.653516e-01  1.956214e+00  9.383749e-01  0.000000e+00  0.000000e+00  5.700000e-01  1.000000e+00  1.000000e+00  0.000000e+00  0.000000e+00  0.000000e+00  5.700000e-01  1.000000e+00  1.000000e+00  0.000000e+00  0.000000e+00  0.000000e+00  5.700000e-01  1.000000e+00  1.000000e+00  0.000000e+00  0.000000e+00  0.000000e+00  5.700000e-01  1.000000e+00  1.000000e+00  0.000000e+00  0.000000e+00  0.000000e+00  5.700000e-01  
5.511652e-01  1.368225e+00  6.277089e-01  0.000000e+00  0.000000e+00  5.700000e-01  5.511652e-01  1.368225e+00  9.180025e-01  0.000000e+00  0.000000e+00  5.700000e-01  1.000000e+00  1.000000e+00  0.000000e+00  0.000000e+00  0.000000e+00  5.700000e-01  1.000000e+00  1.000000e+00  0.000000e+00  0.000000e+00  0.000000e+00  5.700000e-01  1.000000e+00  1.000000e+00  0.000000e+00  0.000000e+00  0.000000e+00  5.700000e-01  1.000000e+00  1.000000e+00  0.000000e+00  0.000000e+00  0.000000e+00  5.700000e-01  
9.336630e-01  3.331460e+00  6.576715e-01  0.000000e+00  0.000000e+00  5.700000e-01  9.336630e-01  3.331460e+00  7.434746e-01  0.000000e+00  0.000000e+00  5.700000e-01  1.000000e+00  1.000000e+00  0.000000e+00  0.000000e+00  0.000000e+00  5.700000e-01  1.000000e+00  1.000000e+00  0.000000e+00  0.000000e+00  0.000000e+00  5.700000e-01  1.000000e+00  1.000000e+00  0.000000e+00  0.000000e+00  0.000000e+00  5.700000e-01  1.000000e+00  1.000000e+00  0.000000e+00  0.000000e+00  0.000000e+00  5.700000e-01  
7.555080e-01  1.964625e+00  6.834105e-01  0.000000e+00  0.000000e+00  5.700000e-01  7.555080e-01  1.964625e+00  6.034435e-01  0.000000e+00  0.000000e+00  5.700000e-01  1.000000e+00  1.000000e+00  0.000000e+00  0.000000e+00  0.000000e+00  5.700000e-01  1.000000e+00  1.000000e+00  0.000000e+00  0.000000e+00  0.000000e+00  5.700000e-01  1.000000e+00  1.000000e+00  0.000000e+00  0.000000e+00  0.000000e+00  5.700000e-01  1.000000e+00  1.000000e+00  0.000000e+00  0.000000e+00  0.000000e+00  5.700000e-01  
6.904523e-01  2.358869e+00  6.468938e-01  0.000000e+00  0.000000e+00  5.700000e-01  6.904523e-01  2.358869e+00  6.682086e-01  0.000000e+00  0.000000e+00  5.700000e-01  1.000000e+00  1.000000e+00  0.000000e+00  0.000000e+00  0.000000e+00  5.700000e-01  1.000000e+00  1.000000e+00  0.000000e+00  0.000000e+00  0.000000e+00  5.700000e-01  1.000000e+00  1.000000e+00  0.000000e+00  0.000000e+00  0.000000e+00  5.700000e-01  1.000000e+00  1.000000e+00  0.000000e+00  0.000000e+00  0.000000e+00  5.700000e-01  
8.210523e-01  2.725437e+00  5.565642e-01  0.000000e+00  0.000000e+00  5.700000e-01  8.210523e-01  2.725437e+00  8.793243e-01  0.000000e+00  0.000000e+00  5.700000e-01  1.000000e+00  1.000000e+00  0.000000e+00  0.000000e+00  0.000000e+00  5.700000e-01  1.000000e+00  1.000000e+00  0.000000e+00  0.000000e+00  0.000000e+00  5.700000e-01  1.000000e+00  1.000000e+00  0.000000e+00  0.000000e+00  0.000000e+00  5.700000e-01  1.000000e+00  1.000000e+00  0.000000e+00  0.000000e+00  0.000000e+00  5.700000e-01  
6.640702e-01  1.615794e+00  6.257821e-01  0.000000e+00  0.000000e+00  5.700000e-01  6.640702e-01  1.615794e+00  9.406133e-01  0.000000e+00  0.000000e+00  5.700000e-01  1.000000e+00  1.000000e+00  0.000000e+00  0.000000e+00  0.000000e+00  5.700000e-01  1.000000e+00  1.000000e+00  0.000000e+00  0.000000e+00  0.000000e+00  5.700000e-01  1.000000e+00  1.000000e+00  0.000000e+00  0.000000e+00  0.000000e+00  5.700000e-01  1.000000e+00  1.000000e+00  0.000000e+00  0.000000e+00  0.000000e+00  5.700000e-01  
3.456924e-01  4.429013e-01  6.462471e-01  0.000000e+00  0.000000e+00  5.700000e-01  3.456924e-01  4.429013e-01  8.931424e-01  0.000000e+00  0.000000e+00  5.700000e-01  1.000000e+00  1.000000e+00  0.000000e+00  0.000000e+00  0.000000e+00  5.700000e-01  1.000000e+00  1.000000e+00  0.000000e+00  0.000000e+00  0.000000e+00  5.700000e-01  1.000000e+00  1.000000e+00  0.000000e+00  0.000000e+00  0.000000e+00  5.700000e-01  1.000000e+00  1.000000e+00  0.000000e+00  0.000000e+00  0.000000e+00  5.700000e-01  
6.440776e-01  2.373014e+00  6.061300e-01  0.000000e+00  0.000000e+00  5.700000e-01  6.440776e-01  2.373014e+00  6.137890e-01  0.000000e+00  0.000000e+00  5.700000e-01  1.000000e+00  1.000000e+00  0.000000e+00  0.000000e+00  0.000000e+00  5.700000e-01  1.000000e+00  1.000000e+00  0.000000e+00  0.000000e+00  0.000000e+00  5.700000e-01  1.000000e+00  1.000000e+00  0.000000e+00  0.000000e+00  0.000000e+00  5.700000e-01  1.000000e+00  1.000000e+00  0.000000e+00  0.000000e+00  0.000000e+00  5.700000e-01  
6.510119e-01  1.053001e+00  6.090850e-01  0.000000e+00  0.000000e+00  5.700000e-01  6.510119e-01  1.053001e+00  3.446018e-01  0.000000e+00  0.000000e+00  5.700000e-01  1.000000e+00  1.000000e+00  0.000000e+00  0.000000e+00  0.000000e+00  5.700000e-01  1.000000e+00  1.000000e+00  0.000000e+00  0.000000e+00  0.000000e+00  5.700000e-01  1.000000e+00  1.000000e+00  0.000000e+00  0.000000e+00  0.000000e+00  5.700000e-01  1.000000e+00  1.000000e+00  0.000000e+00  0.000000e+00  0.000000e+00  5.700000e-01  
9.371491e-01  2.972166e+00  6.302913e-01  0.000000e+00  0.000000e+00  5.700000e-01  9.371491e-01  2.972166e+00  8.053535e-01  0.000000e+00  0.000000e+00  5.700000e-01  1.000000e+00  1.000000e+00  0.000000e+00  0.000000e+00  0.000000e+00  5.700000e-01  1.000000e+00  1.000000e+00  0.000000e+00  0.000000e+00  0.000000e+00  5.700000e-01  1.000000e+00  1.000000e+00  0.000000e+00  0.000000e+00  0.000000e+00  5.700000e-01  1.000000e+00  1.000000e+00  0.000000e+00  0.000000e+00  0.000000e+00  5.700000e-01  
4.805365e-01  9.105825e-01  6.218342e-01  0.000000e+00  0.000000e+00  5.700000e-01  4.805365e-01  9.105825e-01  5.652775e-01  0.000000e+00  0.000000e+00  5.700000e-01  1.000000e+00  1.000000e+00  0.000000e+00  0.000000e+00  0.000000e+00  5.700000e-01  1.000000e+00  1.000000e+00  0.000000e+00  0.000000e+00  0.000000e+00  5.700000e-01  1.000000e+00  1.000000e+00  0.000000e+00  0.000000e+00  0.000000e+00  5.700000e-01  1.000000e+00  1.000000e+00  0.000000e+00  0.000000e+00  0.000000e+00  5.700000e-01  
5.994455e-01  4.326850e-01  7.451969e-01  0.000000e+00  0.000000e+00  5.700000e-01  5.994455e-01  4.326850e-01  6.887334e-01  0.000000e+00  0.000000e+00  5.700000e-01  1.000000e+00  1.000000e+00  0.000000e+00  0.000000e+00  0.000000e+00  5.700000e-01  1.000000e+00  1.000000e+00  0.000000e+00  0.000000e+00  0.000000e+00  5.700000e-01  1.000000e+00  1.000000e+00  0.000000e+00  0.000000e+00  0.000000e+00  5.700000e-01  1.000000e+00  1.000000e+00  0.000000e+00  0.000000e+00  0.000000e+00  5.700000e-01  
6.013740e-01  1.792874e+00  6.654599e-01  0.000000e+00  0.000000e+00  5.700000e-01  6.013740e-01  1.792874e+00  8.325978e-01  0.000000e+00  0.000000e+00  5.700000e-01  1.000000e+00  1.000000e+00  0.000000e+00  0.000000e+00  0.000000e+00  5.700000e-01  1.000000e+00  1.000000e+00  0.000000e+00  0.000000e+00  0.000000e+00  5.700000e-01  1.000000e+00  1.000000e+00  0.000000e+00  0.000000e+00  0.000000e+00  5.700000e-01  1.000000e+00  1.000000e+00  0.000000e+00  0.000000e+00  0.000000e+00  5.700000e-01  
7.922897e-01  3.328530e+00  6.030415e-01  0.000000e+00  0.000000e+00  5.700000e-01  7.922897e-01  3.328530e+00  9.011308e-01  0.000000e+00  0.000000e+00  5.700000e-01  1.000000e+00  1.000000e+00  0.000000e+00  0.000000e+00  0.000000e+00  5.700000e-01  1.000000e+00  1.000000e+00  0.000000e+00  0.000000e+00  0.000000e+00  5.700000e-01  1.000000e+00  1.000000e+00  0.000000e+00  0.000000e+00  0.000000e+00  5.700000e-01  1.000000e+00  1.000000e+00  0.000000e+00  0.000000e+00  0.000000e+00  5.700000e-01  
6.691553e-01  1.878750e+00  6.242651e-01  0.000000e+00  0.000000e+00  5.700000e-01  6.691553e-01  1.878750e+00  8.303573e-01  0.000000e+00  0.000000e+00  5.700000e-01  1.000000e+00  1.000000e+00  0.000000e+00  0.000000e+00  0.000000e+00  5.700000e-01  1.000000e+00  1.000000e+00  0.000000e+00  0.000000e+00  0.000000e+00  5.700000e-01  1.000000e+00  1.000000e+00  0.000000e+00  0.000000e+00  0.000000e+00  5.700000e-01  1.000000e+00  1.000000e+00  0.000000e+00  0.000000e+00  0.000000e+00  5.700000e-01  
6.847555e-01  2.741165e+00  5.323868e-01  0.000000e+00  0.000000e+00  5.700000e-01  6.847555e-01  2.741165e+00  9.055851e-01  0.000000e+00  0.000000e+00  5.700000e-01  1.000000e+00  1.000000e+00  0.000000e+00  0.000000e+00  0.000000e+00  5.700000e-01  1.000000e+00  1.000000e+00  0.000000e+00  0.000000e+00  0.000000e+00  5.700000e-01  1.000000e+00  1.000000e+00  0.000000e+00  0.000000e+00  0.000000e+00  5.700000e-01  1.000000e+00  1.000000e+00  0.000000e+00  0.000000e+00  0.000000e+00  5.700000e-01  
8.109418e-01  2.885721e+00  6.157085e-01  0.000000e+00  0.000000e+00  5.700000e-01  8.109418e-01  2.885721e+00  4.556544e-01  0.000000e+00  0.000000e+00  5.700000e-01  1.000000e+00  1.000000e+00  0.000000e+00  0.000000e+00  0.000000e+00  5.700000e-01  1.000000e+00  1.000000e+00  0.000000e+00  0.000000e+00  0.000000e+00  5.700000e-01  1.000000e+00  1.000000e+00  0.000000e+00  0.000000e+00  0.000000e+00  5.700000e-01  1.000000e+00  1.000000e+00  0.000000e+00  0.000000e+00  0.000000e+00  5.700000e-01  
6.161397e-01  1.061662e+00  5.992261e-01  0.000000e+00  0.000000e+00  5.700000e-01  6.161397e-01  1.061662e+00  3.061252e-01  0.000000e+00  0.000000e+00  5.700000e-01  1.000000e+00  1.000000e+00  0.000000e+00  0.000000e+00  0.000000e+00  5.700000e-01  1.000000e+00  1.000000e+00  0.000000e+00  0.000000e+00  0.000000e+00  5.700000e-01  1.000000e+00  1.000000e+00  0.000000e+00  0.000000e+00  0.000000e+00  5.700000e-01  1.000000e+00  1.000000e+00  0.000000e+00  0.000000e+00  0.000000e+00  5.700000e-01  
7.160600e-01  3.039471e+00  5.092546e-01  0.000000e+00  0.000000e+00  5.700000e-01  7.160600e-01  3.039471e+00  9.473196e-01  0.000000e+00  0.000000e+00  5.700000e-01  1.000000e+00  1.000000e+00  0.000000e+00  0.000000e+00  0.000000e+00  5.700000e-01  1.000000e+00  1.000000e+00  0.000000e+00  0.000000e+00  0.000000e+00  5.700000e-01  1.000000e+00  1.000000e+00  0.000000e+00  0.000000e+00  0.000000e+00  5.700000e-01  1.000000e+00  1.000000e+00  0.000000e+00  0.000000e+00  0.000000e+00  5.700000e-01  
8.948714e-01  2.765775e+00  6.161188e-01  0.000000e+00  0.000000e+00  5.700000e-01  8.948714e-01  2.765775e+00  4.999446e-01  0.000000e+00  0.000000e+00  5.700000e-01  1.000000e+00  1.000000e+00  0.000000e+00  0.000000e+00  0.000000e+00  5.700000e-01  1.000000e+00  1.000000e+00  0.000000e+00  0.000000e+00  0.000000e+00  5.700000e-01  1.000000e+00  1.000000e+00  0.000000e+00  0.000000e+00  0.000000e+00  5.700000e-01  1.000000e+00  1.000000e+00  0.000000e+00  0.000000e+00  0.000000e+00  5.700000e-01  
7.787220e-01  2.360834e+00  6.535525e-01  0.000000e+00  0.000000e+00  5.700000e-01  7.787220e-01  2.360834e+00  9.824646e-01  0.000000e+00  0.000000e+00  5.700000e-01  1.000000e+00  1.000000e+00  0.000000e+00  0.000000e+00  0.000000e+00  5.700000e-01  1.000000e+00  1.000000e+00  0.000000e+00  0.000000e+00  0.000000e+00  5.700000e-01  1.000000e+00  1.000000e+00  0.000000e+00  0.000000e+00  0.000000e+00  5.700000e-01  1.000000e+00  1.000000e+00  0.000000e+00  0.000000e+00  0.000000e+00  5.700000e-01  
6.145534e-01  2.225191e+00  5.719984e-01  0.000000e+00  0.000000e+00  5.700000e-01  6.145534e-01  2.225191e+00  3.009510e-01  0.000000e+00  0.000000e+00  5.700000e-01  1.000000e+00  1.000000e+00  0.000000e+00  0.000000e+00  0.000000e+00  5.700000e-01  1.000000e+00  1.000000e+00  0.000000e+00  0.000000e+00  0.000000e+00  5.700000e-01  1.000000e+00  1.000000e+00  0.000000e+00  0.000000e+00  0.000000e+00  5.700000e-01  1.000000e+00  1.000000e+00  0.000000e+00  0.000000e+00  0.000000e+00  5.700000e-01  
6.090980e-01  1.524221e+00  6.456501e-01  0.000000e+00  0.000000e+00  5.700000e-01  6.090980e-01  1.524221e+00  1.039582e-01  0.000000e+00  0.000000e+00  5.700000e-01  1.000000e+00  1.000000e+00  0.000000e+00  0.000000e+00  0.000000e+00  5.700000e-01  1.000000e+00  1.000000e+00  0.000000e+00  0.000000e+00  0.000000e+00  5.700000e-01  1.000000e+00  1.000000e+00  0.000000e+00  0.000000e+00  0.000000e+00  5.700000e-01  1.000000e+00  1.000000e+00  0.000000e+00  0.000000e+00  0.000000e+00  5.700000e-01  
8.282371e-01  2.482548e+00  6.218043e-01  0.000000e+00  0.000000e+00  5.700000e-01  8.282371e-01  2.482548e+00  8.206975e-01  0.000000e+00  0.000000e+00  5.700000e-01  1.000000e+00  1.000000e+00  0.000000e+00  0.000000e+00  0.000000e+00  5.700000e-01  1.000000e+00  1.000000e+00  0.000000e+00  0.000000e+00  0.000000e+00  5.700000e-01  1.000000e+00  1.000000e+00  0.000000e+00  0.000000e+00  0.000000e+00  5.700000e-01  1.000000e+00  1.000000e+00  0.000000e+00  0.000000e+00  0.000000e+00  5.700000e-01  
7.224905e-01  1.430034e+00  6.338091e-01  0.000000e+00  0.000000e+00  5.700000e-01  7.224905e-01  1.430034e+00  9.026448e-01  0.000000e+00  0.000000e+00  5.700000e-01  1.000000e+00  1.000000e+00  0.000000e+00  0.000000e+00  0.000000e+00  5.700000e-01  1.000000e+00  1.000000e+00  0.000000e+00  0.000000e+00  0.000000e+00  5.700000e-01  1.000000e+00  1.000000e+00  0.000000e+00  0.000000e+00  0.000000e+00  5.700000e-01  1.000000e+00  1.000000e+00  0.000000e+00  0.000000e+00  0.000000e+00  5.700000e-01  
6.713066e-01  1.362142e+00  6.144178e-01  0.000000e+00  0.000000e+00  5.700000e-01  6.713066e-01  1.362142e+00  7.531304e-01  0.000000e+00  0.000000e+00  5.700000e-01  1.000000e+00  1.000000e+00  0.000000e+00  0.000000e+00  0.000000e+00  5.700000e-01  1.000000e+00  1.000000e+00  0.000000e+00  0.000000e+00  0.000000e+00  5.700000e-01  1.000000e+00  1.000000e+00  0.000000e+00  0.000000e+00  0.000000e+00  5.700000e-01  1.000000e+00  1.000000e+00  0.000000e+00  0.000000e+00  0.000000e+00  5.700000e-01  
5.121252e-01  1.483545e+00  5.749007e-01  0.000000e+00  0.000000e+00  5.700000e-01  5.121252e-01  1.483545e+00  8.209409e-01  0.000000e+00  0.000000e+00  5.700000e-01  1.000000e+00  1.000000e+00  0.000000e+00  0.000000e+00  0.000000e+00  5.700000e-01  1.000000e+00  1.000000e+00  0.000000e+00  0.000000e+00  0.000000e+00  5.700000e-01  1.000000e+00  1.000000e+00  0.000000e+00  0.000000e+00  0.000000e+00  5.700000e-01  1.000000e+00  1.000000e+00  0.000000e+00  0.000000e+00  0.000000e+00  5.700000e-01  
7.080287e-01  1.978825e+00  5.433353e-01  0.000000e+00  0.000000e+00  5.700000e-01  7.080287e-01  1.978825e+00  5.059500e-01  0.000000e+00  0.000000e+00  5.700000e-01  1.000000e+00  1.000000e+00  0.000000e+00  0.000000e+00  0.000000e+00  5.700000e-01  1.000000e+00  1.000000e+00  0.000000e+00  0.000000e+00  0.000000e+00  5.700000e-01  1.000000e+00  1.000000e+00  0.000000e+00  0.000000e+00  0.000000e+00  5.700000e-01  1.000000e+00  1.000000e+00  0.000000e+00  0.000000e+00  0.000000e+00  5.700000e-01  
5.102189e-01  9.702304e-01  7.205747e-01  0.000000e+00  0.000000e+00  5.700000e-01  5.102189e-01  9.702304e-01  7.691997e-01  0.000000e+00  0.000000e+00  5.700000e-01  1.000000e+00  1.000000e+00  0.000000e+00  0.000000e+00  0.000000e+00  5.700000e-01  1.000000e+00  1.000000e+00  0.000000e+00  0.000000e+00  0.000000e+00  5.700000e-01  1.000000e+00  1.000000e+00  0.000000e+00  0.000000e+00  0.000000e+00  5.700000e-01  1.000000e+00  1.000000e+00  0.000000e+00  0.000000e+00  0.000000e+00  5.700000e-01  
7.554104e-01  1.865330e+00  6.382370e-01  0.000000e+00  0.000000e+00  5.700000e-01  7.554104e-01  1.865330e+00  4.533295e-01  0.000000e+00  0.000000e+00  5.700000e-01  1.000000e+00  1.000000e+00  0.000000e+00  0.000000e+00  0.000000e+00  5.700000e-01  1.000000e+00  1.000000e+00  0.000000e+00  0.000000e+00  0.000000e+00  5.700000e-01  1.000000e+00  1.000000e+00  0.000000e+00  0.000000e+00  0.000000e+00  5.700000e-01  1.000000e+00  1.000000e+00  0.000000e+00  0.000000e+00  0.000000e+00  5.700000e-01  
5.654529e-01  1.142810e+00  5.623504e-01  0.000000e+00  0.000000e+00  5.700000e-01  5.654529e-01  1.142810e+00  9.353299e-01  0.000000e+00  0.000000e+00  5.700000e-01  1.000000e+00  1.000000e+00  0.000000e+00  0.000000e+00  0.000000e+00  5.700000e-01  1.000000e+00  1.000000e+00  0.000000e+00  0.000000e+00  0.000000e+00  5.700000e-01  1.000000e+00  1.000000e+00  0.000000e+00  0.000000e+00  0.000000e+00  5.700000e-01  1.000000e+00  1.000000e+00  0.000000e+00  0.000000e+00  0.000000e+00  5.700000e-01  
6.629465e-01  1.317828e+00  6.001266e-01  0.000000e+00  0.000000e+00  5.700000e-01  6.629465e-01  1.317828e+00  5.909637e-01  0.000000e+00  0.000000e+00  5.700000e-01  1.000000e+00  1.000000e+00  0.000000e+00  0.000000e+00  0.000000e+00  5.700000e-01  1.000000e+00  1.000000e+00  0.000000e+00  0.000000e+00  0.000000e+00  5.700000e-01  1.000000e+00  1.000000e+00  0.000000e+00  0.000000e+00  0.000000e+00  5.700000e-01  1.000000e+00  1.000000e+00  0.000000e+00  0.000000e+00  0.000000e+00  5.700000e-01  
5.093440e-01  1.074752e+00  5.952683e-01  0.000000e+00  0.000000e+00  5.700000e-01  5.093440e-01  1.074752e+00  3.340942e-01  0.000000e+00  0.000000e+00  5.700000e-01  1.000000e+00  1.000000e+00  0.000000e+00  0.000000e+00  0.000000e+00  5.700000e-01  1.000000e+00  1.000000e+00  0.000000e+00  0.000000e+00  0.000000e+00  5.700000e-01  1.000000e+00  1.000000e+00  0.000000e+00  0.000000e+00  0.000000e+00  5.700000e-01  1.000000e+00  1.000000e+00  0.000000e+00  0.000000e+00  0.000000e+00  5.700000e-01  
6.286241e-01  1.914332e+00  5.916947e-01  0.000000e+00  0.000000e+00  5.700000e-01  6.286241e-01  1.914332e+00  9.526091e-01  0.000000e+00  0.000000e+00  5.700000e-01  1.000000e+00  1.000000e+00  0.000000e+00  0.000000e+00  0.000000e+00  5.700000e-01  1.000000e+00  1.000000e+00  0.000000e+00  0.000000e+00  0.000000e+00  5.700000e-01  1.000000e+00  1.000000e+00  0.000000e+00  0.000000e+00  0.000000e+00  5.700000e-01  1.000000e+00  1.000000e+00  0.000000e+00  0.000000e+00  0.000000e+00  5.700000e-01  
7.676349e-01  1.089768e+00  7.385225e-01  0.000000e+00  0.000000e+00  5.700000e-01  7.676349e-01  1.089768e+00  9.666464e-01  0.000000e+00  0.000000e+00  5.700000e-01  1.000000e+00  1.000000e+00  0.000000e+00  0.000000e+00  0.000000e+00  5.700000e-01  1.000000e+00  1.000000e+00  0.000000e+00  0.000000e+00  0.000000e+00  5.700000e-01  1.000000e+00  1.000000e+00  0.000000e+00  0.000000e+00  0.000000e+00  5.700000e-01  1.000000e+00  1.000000e+00  0.000000e+00  0.000000e+00  0.000000e+00  5.700000e-01  
8.298389e-01  2.321908e+00  6.394925e-01  0.000000e+00  0.000000e+00  5.700000e-01  8.298389e-01  2.321908e+00  7.066025e-01  0.000000e+00  0.000000e+00  5.700000e-01  1.000000e+00  1.000000e+00  0.000000e+00  0.000000e+00  0.000000e+00  5.700000e-01  1.000000e+00  1.000000e+00  0.000000e+00  0.000000e+00  0.000000e+00  5.700000e-01  1.000000e+00  1.000000e+00  0.000000e+00  0.000000e+00  0.000000e+00  5.700000e-01  1.000000e+00  1.000000e+00  0.000000e+00  0.000000e+00  0.000000e+00  5.700000e-01  
9.862411e-01  2.554153e+00  5.817267e-01  0.000000e+00  0.000000e+00  5.700000e-01  9.862411e-01  2.554153e+00  9.603599e-01  0.000000e+00  0.000000e+00  5.700000e-01  1.000000e+00  1.000000e+00  0.000000e+00  0.000000e+00  0.000000e+00  5.700000e-01  1.000000e+00  1.000000e+00  0.000000e+00  0.000000e+00  0.000000e+00  5.700000e-01  1.000000e+00  1.000000e+00  0.000000e+00  0.000000e+00  0.000000e+00  5.700000e-01  1.000000e+00  1.000000e+00  0.000000e+00  0.000000e+00  0.000000e+00  5.700000e-01  
7.737399e-01  1.584927e+00  6.020597e-01  0.000000e+00  0.000000e+00  5.700000e-01  7.737399e-01  1.584927e+00  9.233751e-01  0.000000e+00  0.000000e+00  5.700000e-01  1.000000e+00  1.000000e+00  0.000000e+00  0.000000e+00  0.000000e+00  5.700000e-01  1.000000e+00  1.000000e+00  0.000000e+00  0.000000e+00  0.000000e+00  5.700000e-01  1.000000e+00  1.000000e+00  0.000000e+00  0.000000e+00  0.000000e+00  5.700000e-01  1.000000e+00  1.000000e+00  0.000000e+00  0.000000e+00  0.000000e+00  5.700000e-01  
4.505827e-01  1.971398e+00  4.401119e-01  0.000000e+00  0.000000e+00  5.700000e-01  4.505827e-01  1.971398e+00  9.689322e-01  0.000000e+00  0.000000e+00  5.700000e-01  1.000000e+00  1.000000e+00  0.000000e+00  0.000000e+00  0.000000e+00  5.700000e-01  1.000000e+00  1.000000e+00  0.000000e+00  0.000000e+00  0.000000e+00  5.700000e-01  1.000000e+00  1.000000e+00  0.000000e+00  0.000000e+00  0.000000e+00  5.700000e-01  1.000000e+00  1.000000e+00  0.000000e+00  0.000000e+00  0.000000e+00  5.700000e-01  
8.175377e-01  1.942384e+00  6.005460e-01  0.000000e+00  0.000000e+00  5.700000e-01  8.175377e-01  1.942384e+00  8.370379e-01  0.000000e+00  0.000000e+00  5.700000e-01  1.000000e+00  1.000000e+00  0.000000e+00  0.000000e+00  0.000000e+00  5.700000e-01  1.000000e+00  1.000000e+00  0.000000e+00  0.000000e+00  0.000000e+00  5.700000e-01  1.000000e+00  1.000000e+00  0.000000e+00  0.000000e+00  0.000000e+00  5.700000e-01  1.000000e+00  1.000000e+00  0.000000e+00  0.000000e+00  0.000000e+00  5.700000e-01  
8.676801e-01  1.887010e+00  6.759508e-01  0.000000e+00  0.000000e+00  5.700000e-01  8.676801e-01  1.887010e+00  8.192255e-01  0.000000e+00  0.000000e+00  5.700000e-01  1.000000e+00  1.000000e+00  0.000000e+00  0.000000e+00  0.000000e+00  5.700000e-01  1.000000e+00  1.000000e+00  0.000000e+00  0.000000e+00  0.000000e+00  5.700000e-01  1.000000e+00  1.000000e+00  0.000000e+00  0.000000e+00  0.000000e+00  5.700000e-01  1.000000e+00  1.000000e+00  0.000000e+00  0.000000e+00  0.000000e+00  5.700000e-01  
8.102227e-01  2.587313e+00  6.962397e-01  0.000000e+00  0.000000e+00  5.700000e-01  8.102227e-01  2.587313e+00  4.011901e-01  0.000000e+00  0.000000e+00  5.700000e-01  1.000000e+00  1.000000e+00  0.000000e+00  0.000000e+00  0.000000e+00  5.700000e-01  1.000000e+00  1.000000e+00  0.000000e+00  0.000000e+00  0.000000e+00  5.700000e-01  1.000000e+00  1.000000e+00  0.000000e+00  0.000000e+00  0.000000e+00  5.700000e-01  1.000000e+00  1.000000e+00  0.000000e+00  0.000000e+00  0.000000e+00  5.700000e-01  
5.935489e-01  1.497733e+00  6.970170e-01  0.000000e+00  0.000000e+00  5.700000e-01  5.935489e-01  1.497733e+00  7.706335e-01  0.000000e+00  0.000000e+00  5.700000e-01  1.000000e+00  1.000000e+00  0.000000e+00  0.000000e+00  0.000000e+00  5.700000e-01  1.000000e+00  1.000000e+00  0.000000e+00  0.000000e+00  0.000000e+00  5.700000e-01  1.000000e+00  1.000000e+00  0.000000e+00  0.000000e+00  0.000000e+00  5.700000e-01  1.000000e+00  1.000000e+00  0.000000e+00  0.000000e+00  0.000000e+00  5.700000e-01  
7.055348e-01  2.176807e+00  5.810063e-01  0.000000e+00  0.000000e+00  5.700000e-01  7.055348e-01  2.176807e+00  6.940740e-01  0.000000e+00  0.000000e+00  5.700000e-01  1.000000e+00  1.000000e+00  0.000000e+00  0.000000e+00  0.000000e+00  5.700000e-01  1.000000e+00  1.000000e+00  0.000000e+00  0.000000e+00  0.000000e+00  5.700000e-01  1.000000e+00  1.000000e+00  0.000000e+00  0.000000e+00  0.000000e+00  5.700000e-01  1.000000e+00  1.000000e+00  0.000000e+00  0.000000e+00  0.000000e+00  5.700000e-01  
5.528029e-01  1.143558e+00  5.516138e-01  0.000000e+00  0.000000e+00  5.700000e-01  5.528029e-01  1.143558e+00  9.758914e-01  0.000000e+00  0.000000e+00  5.700000e-01  1.000000e+00  1.000000e+00  0.000000e+00  0.000000e+00  0.000000e+00  5.700000e-01  1.000000e+00  1.000000e+00  0.000000e+00  0.000000e+00  0.000000e+00  5.700000e-01  1.000000e+00  1.000000e+00  0.000000e+00  0.000000e+00  0.000000e+00  5.700000e-01  1.000000e+00  1.000000e+00  0.000000e+00  0.000000e+00  0.000000e+00  5.700000e-01  
1.120387e+00  3.360990e+00  7.632236e-01  0.000000e+00  0.000000e+00  5.700000e-01  1.120387e+00  3.360990e+00  9.419968e-01  0.000000e+00  0.000000e+00  5.700000e-01  1.000000e+00  1.000000e+00  0.000000e+00  0.000000e+00  0.000000e+00  5.700000e-01  1.000000e+00  1.000000e+00  0.000000e+00  0.000000e+00  0.000000e+00  5.700000e-01  1.000000e+00  1.000000e+00  0.000000e+00  0.000000e+00  0.000000e+00  5.700000e-01  1.000000e+00  1.000000e+00  0.000000e+00  0.000000e+00  0.000000e+00  5.700000e-01  
5.016642e-01  9.649364e-01  6.529335e-01  0.000000e+00  0.000000e+00  5.700000e-01  5.016642e-01  9.649364e-01  8.030574e-01  0.000000e+00  0.000000e+00  5.700000e-01  1.000000e+00  1.000000e+00  0.000000e+00  0.000000e+00  0.000000e+00  5.700000e-01  1.000000e+00  1.000000e+00  0.000000e+00  0.000000e+00  0.000000e+00  5.700000e-01  1.000000e+00  1.000000e+00  0.000000e+00  0.000000e+00  0.000000e+00  5.700000e-01  1.000000e+00  1.000000e+00  0.000000e+00  0.000000e+00  0.000000e+00  5.700000e-01  
1.095435e+00  3.747551e+00  5.995608e-01  0.000000e+00  0.000000e+00  5.700000e-01  1.095435e+00  3.747551e+00  9.720868e-01  0.000000e+00  0.000000e+00  5.700000e-01  1.000000e+00  1.000000e+00  0.000000e+00  0.000000e+00  0.000000e+00  5.700000e-01  1.000000e+00  1.000000e+00  0.000000e+00  0.000000e+00  0.000000e+00  5.700000e-01  1.000000e+00  1.000000e+00  0.000000e+00  0.000000e+00  0.000000e+00  5.700000e-01  1.000000e+00  1.000000e+00  0.000000e+00  0.000000e+00  0.000000e+00  5.700000e-01  
1.006850e+00  4.167625e+00  6.540867e-01  0.000000e+00  0.000000e+00  5.700000e-01  1.006850e+00  4.167625e+00  1.949062e-01  0.000000e+00  0.000000e+00  5.700000e-01  1.000000e+00  1.000000e+00  0.000000e+00  0.000000e+00  0.000000e+00  5.700000e-01  1.000000e+00  1.000000e+00  0.000000e+00  0.000000e+00  0.000000e+00  5.700000e-01  1.000000e+00  1.000000e+00  0.000000e+00  0.000000e+00  0.000000e+00  5.700000e-01  1.000000e+00  1.000000e+00  0.000000e+00  0.000000e+00  0.000000e+00  5.700000e-01  
1.020031e+00  2.387558e+00  7.468891e-01  0.000000e+00  0.000000e+00  5.700000e-01  1.020031e+00  2.387558e+00  5.958465e-01  0.000000e+00  0.000000e+00  5.700000e-01  1.000000e+00  1.000000e+00  0.000000e+00  0.000000e+00  0.000000e+00  5.700000e-01  1.000000e+00  1.000000e+00  0.000000e+00  0.000000e+00  0.000000e+00  5.700000e-01  1.000000e+00  1.000000e+00  0.000000e+00  0.000000e+00  0.000000e+00  5.700000e-01  1.000000e+00  1.000000e+00  0.000000e+00  0.000000e+00  0.000000e+00  5.700000e-01  
8.525729e-01  3.568944e+00  5.431332e-01  0.000000e+00  0.000000e+00  5.700000e-01  8.525729e-01  3.568944e+00  4.212744e-01  0.000000e+00  0.000000e+00  5.700000e-01  1.000000e+00  1.000000e+00  0.000000e+00  0.000000e+00  0.000000e+00  5.700000e-01  1.000000e+00  1.000000e+00  0.000000e+00  0.000000e+00  0.000000e+00  5.700000e-01  1.000000e+00  1.000000e+00  0.000000e+00  0.000000e+00  0.000000e+00  5.700000e-01  1.000000e+00  1.000000e+00  0.000000e+00  0.000000e+00  0.000000e+00  5.700000e-01  
5.316005e-01  1.838218e+00  5.359457e-01  0.000000e+00  0.000000e+00  5.700000e-01  5.316005e-01  1.838218e+00  1.460282e-01  0.000000e+00  0.000000e+00  5.700000e-01  1.000000e+00  1.000000e+00  0.000000e+00  0.000000e+00  0.000000e+00  5.700000e-01  1.000000e+00  1.000000e+00  0.000000e+00  0.000000e+00  0.000000e+00  5.700000e-01  1.000000e+00  1.000000e+00  0.000000e+00  0.000000e+00  0.000000e+00  5.700000e-01  1.000000e+00  1.000000e+00  0.000000e+00  0.000000e+00  0.000000e+00  5.700000e-01  
6.385366e-01  1.389903e+00  5.314867e-01  0.000000e+00  0.000000e+00  5.700000e-01  6.385366e-01  1.389903e+00  9.153341e-01  0.000000e+00  0.000000e+00  5.700000e-01  1.000000e+00  1.000000e+00  0.000000e+00  0.000000e+00  0.000000e+00  5.700000e-01  1.000000e+00  1.000000e+00  0.000000e+00  0.000000e+00  0.000000e+00  5.700000e-01  1.000000e+00  1.000000e+00  0.000000e+00  0.000000e+00  0.000000e+00  5.700000e-01  1.000000e+00  1.000000e+00  0.000000e+00  0.000000e+00  0.000000e+00  5.700000e-01  
6.780698e-01  1.708710e+00  6.018038e-01  0.000000e+00  0.000000e+00  5.700000e-01  6.780698e-01  1.708710e+00  4.932534e-01  0.000000e+00  0.000000e+00  5.700000e-01  1.000000e+00  1.000000e+00  0.000000e+00  0.000000e+00  0.000000e+00  5.700000e-01  1.000000e+00  1.000000e+00  0.000000e+00  0.000000e+00  0.000000e+00  5.700000e-01  1.000000e+00  1.000000e+00  0.000000e+00  0.000000e+00  0.000000e+00  5.700000e-01  1.000000e+00  1.000000e+00  0.000000e+00  0.000000e+00  0.000000e+00  5.700000e-01  
6.945556e-01  1.297763e+00  6.937266e-01  0.000000e+00  0.000000e+00  5.700000e-01  6.945556e-01  1.297763e+00  2.580541e-01  0.000000e+00  0.000000e+00  5.700000e-01  1.000000e+00  1.000000e+00  0.000000e+00  0.000000e+00  0.000000e+00  5.700000e-01  1.000000e+00  1.000000e+00  0.000000e+00  0.000000e+00  0.000000e+00  5.700000e-01  1.000000e+00  1.000000e+00  0.000000e+00  0.000000e+00  0.000000e+00  5.700000e-01  1.000000e+00  1.000000e+00  0.000000e+00  0.000000e+00  0.000000e+00  5.700000e-01  
5.182991e-01  8.003348e-01  6.131139e-01  0.000000e+00  0.000000e+00  5.700000e-01  5.182991e-01  8.003348e-01  6.120675e-01  0.000000e+00  0.000000e+00  5.700000e-01  1.000000e+00  1.000000e+00  0.000000e+00  0.000000e+00  0.000000e+00  5.700000e-01  1.000000e+00  1.000000e+00  0.000000e+00  0.000000e+00  0.000000e+00  5.700000e-01  1.000000e+00  1.000000e+00  0.000000e+00  0.000000e+00  0.000000e+00  5.700000e-01  1.000000e+00  1.000000e+00  0.000000e+00  0.000000e+00  0.000000e+00  5.700000e-01  
1.019415e+00  3.051912e+00  6.811123e-01  0.000000e+00  0.000000e+00  5.700000e-01  1.019415e+00  3.051912e+00  9.979511e-01  0.000000e+00  0.000000e+00  5.700000e-01  1.000000e+00  1.000000e+00  0.000000e+00  0.000000e+00  0.000000e+00  5.700000e-01  1.000000e+00  1.000000e+00  0.000000e+00  0.000000e+00  0.000000e+00  5.700000e-01  1.000000e+00  1.000000e+00  0.000000e+00  0.000000e+00  0.000000e+00  5.700000e-01  1.000000e+00  1.000000e+00  0.000000e+00  0.000000e+00  0.000000e+00  5.700000e-01  
1.029122e+00  2.311705e+00  8.098444e-01  0.000000e+00  0.000000e+00  5.700000e-01  1.029122e+00  2.311705e+00  6.028221e-01  0.000000e+00  0.000000e+00  5.700000e-01  1.000000e+00  1.000000e+00  0.000000e+00  0.000000e+00  0.000000e+00  5.700000e-01  1.000000e+00  1.000000e+00  0.000000e+00  0.000000e+00  0.000000e+00  5.700000e-01  1.000000e+00  1.000000e+00  0.000000e+00  0.000000e+00  0.000000e+00  5.700000e-01  1.000000e+00  1.000000e+00  0.000000e+00  0.000000e+00  0.000000e+00  5.700000e-01  
8.981425e-01  2.777153e+00  5.664407e-01  0.000000e+00  0.000000e+00  5.700000e-01  8.981425e-01  2.777153e+00  9.231161e-01  0.000000e+00  0.000000e+00  5.700000e-01  1.000000e+00  1.000000e+00  0.000000e+00  0.000000e+00  0.000000e+00  5.700000e-01  1.000000e+00  1.000000e+00  0.000000e+00  0.000000e+00  0.000000e+00  5.700000e-01  1.000000e+00  1.000000e+00  0.000000e+00  0.000000e+00  0.000000e+00  5.700000e-01  1.000000e+00  1.000000e+00  0.000000e+00  0.000000e+00  0.000000e+00  5.700000e-01  
6.622511e-01  1.380717e+00  6.404229e-01  0.000000e+00  0.000000e+00  5.700000e-01  6.622511e-01  1.380717e+00  8.912906e-01  0.000000e+00  0.000000e+00  5.700000e-01  1.000000e+00  1.000000e+00  0.000000e+00  0.000000e+00  0.000000e+00  5.700000e-01  1.000000e+00  1.000000e+00  0.000000e+00  0.000000e+00  0.000000e+00  5.700000e-01  1.000000e+00  1.000000e+00  0.000000e+00  0.000000e+00  0.000000e+00  5.700000e-01  1.000000e+00  1.000000e+00  0.000000e+00  0.000000e+00  0.000000e+00  5.700000e-01  
5.963017e-01  1.265866e+00  6.723377e-01  0.000000e+00  0.000000e+00  5.700000e-01  5.963017e-01  1.265866e+00  5.452068e-01  0.000000e+00  0.000000e+00  5.700000e-01  1.000000e+00  1.000000e+00  0.000000e+00  0.000000e+00  0.000000e+00  5.700000e-01  1.000000e+00  1.000000e+00  0.000000e+00  0.000000e+00  0.000000e+00  5.700000e-01  1.000000e+00  1.000000e+00  0.000000e+00  0.000000e+00  0.000000e+00  5.700000e-01  1.000000e+00  1.000000e+00  0.000000e+00  0.000000e+00  0.000000e+00  5.700000e-01  
9.092570e-01  2.218248e+00  7.004099e-01  0.000000e+00  0.000000e+00  5.700000e-01  9.092570e-01  2.218248e+00  8.912746e-01  0.000000e+00  0.000000e+00  5.700000e-01  1.000000e+00  1.000000e+00  0.000000e+00  0.000000e+00  0.000000e+00  5.700000e-01  1.000000e+00  1.000000e+00  0.000000e+00  0.000000e+00  0.000000e+00  5.700000e-01  1.000000e+00  1.000000e+00  0.000000e+00  0.000000e+00  0.000000e+00  5.700000e-01  1.000000e+00  1.000000e+00  0.000000e+00  0.000000e+00  0.000000e+00  5.700000e-01  
8.427641e-01  2.086242e+00  6.938763e-01  0.000000e+00  0.000000e+00  5.700000e-01  8.427641e-01  2.086242e+00  8.247604e-01  0.000000e+00  0.000000e+00  5.700000e-01  1.000000e+00  1.000000e+00  0.000000e+00  0.000000e+00  0.000000e+00  5.700000e-01  1.000000e+00  1.000000e+00  0.000000e+00  0.000000e+00  0.000000e+00  5.700000e-01  1.000000e+00  1.000000e+00  0.000000e+00  0.000000e+00  0.000000e+00  5.700000e-01  1.000000e+00  1.000000e+00  0.000000e+00  0.000000e+00  0.000000e+00  5.700000e-01  
4.628838e-01  1.114692e+00  5.774971e-01  0.000000e+00  0.000000e+00  5.700000e-01  4.628838e-01  1.114692e+00  6.124414e-01  0.000000e+00  0.000000e+00  5.700000e-01  1.000000e+00  1.000000e+00  0.000000e+00  0.000000e+00  0.000000e+00  5.700000e-01  1.000000e+00  1.000000e+00  0.000000e+00  0.000000e+00  0.000000e+00  5.700000e-01  1.000000e+00  1.000000e+00  0.000000e+00  0.000000e+00  0.000000e+00  5.700000e-01  1.000000e+00  1.000000e+00  0.000000e+00  0.000000e+00  0.000000e+00  5.700000e-01  
1.050653e+00  2.763562e+00  5.899702e-01  0.000000e+00  0.000000e+00  5.700000e-01  1.050653e+00  2.763562e+00  9.333587e-01  0.000000e+00  0.000000e+00  5.700000e-01  1.000000e+00  1.000000e+00  0.000000e+00  0.000000e+00  0.000000e+00  5.700000e-01  1.000000e+00  1.000000e+00  0.000000e+00  0.000000e+00  0.000000e+00  5.700000e-01  1.000000e+00  1.000000e+00  0.000000e+00  0.000000e+00  0.000000e+00  5.700000e-01  1.000000e+00  1.000000e+00  0.000000e+00  0.000000e+00  0.000000e+00  5.700000e-01  
8.939322e-01  3.151079e+00  6.300054e-01  0.000000e+00  0.000000e+00  5.700000e-01  8.939322e-01  3.151079e+00  5.710381e-01  0.000000e+00  0.000000e+00  5.700000e-01  1.000000e+00  1.000000e+00  0.000000e+00  0.000000e+00  0.000000e+00  5.700000e-01  1.000000e+00  1.000000e+00  0.000000e+00  0.000000e+00  0.000000e+00  5.700000e-01  1.000000e+00  1.000000e+00  0.000000e+00  0.000000e+00  0.000000e+00  5.700000e-01  1.000000e+00  1.000000e+00  0.000000e+00  0.000000e+00  0.000000e+00  5.700000e-01  
7.107729e-01  2.047792e+00  5.543598e-01  0.000000e+00  0.000000e+00  5.700000e-01  7.107729e-01  2.047792e+00  5.735413e-01  0.000000e+00  0.000000e+00  5.700000e-01  1.000000e+00  1.000000e+00  0.000000e+00  0.000000e+00  0.000000e+00  5.700000e-01  1.000000e+00  1.000000e+00  0.000000e+00  0.000000e+00  0.000000e+00  5.700000e-01  1.000000e+00  1.000000e+00  0.000000e+00  0.000000e+00  0.000000e+00  5.700000e-01  1.000000e+00  1.000000e+00  0.000000e+00  0.000000e+00  0.000000e+00  5.700000e-01  
1.166963e+00  4.366135e+00  6.712809e-01  0.000000e+00  0.000000e+00  5.700000e-01  1.166963e+00  4.366135e+00  6.989722e-01  0.000000e+00  0.000000e+00  5.700000e-01  1.000000e+00  1.000000e+00  0.000000e+00  0.000000e+00  0.000000e+00  5.700000e-01  1.000000e+00  1.000000e+00  0.000000e+00  0.000000e+00  0.000000e+00  5.700000e-01  1.000000e+00  1.000000e+00  0.000000e+00  0.000000e+00  0.000000e+00  5.700000e-01  1.000000e+00  1.000000e+00  0.000000e+00  0.000000e+00  0.000000e+00  5.700000e-01  
5.548392e-01  1.116698e+00  6.410804e-01  0.000000e+00  0.000000e+00  5.700000e-01  5.548392e-01  1.116698e+00  5.404563e-01  0.000000e+00  0.000000e+00  5.700000e-01  1.000000e+00  1.000000e+00  0.000000e+00  0.000000e+00  0.000000e+00  5.700000e-01  1.000000e+00  1.000000e+00  0.000000e+00  0.000000e+00  0.000000e+00  5.700000e-01  1.000000e+00  1.000000e+00  0.000000e+00  0.000000e+00  0.000000e+00  5.700000e-01  1.000000e+00  1.000000e+00  0.000000e+00  0.000000e+00  0.000000e+00  5.700000e-01  
7.808952e-01  2.375725e+00  6.530060e-01  0.000000e+00  0.000000e+00  5.700000e-01  7.808952e-01  2.375725e+00  4.399436e-01  0.000000e+00  0.000000e+00  5.700000e-01  1.000000e+00  1.000000e+00  0.000000e+00  0.000000e+00  0.000000e+00  5.700000e-01  1.000000e+00  1.000000e+00  0.000000e+00  0.000000e+00  0.000000e+00  5.700000e-01  1.000000e+00  1.000000e+00  0.000000e+00  0.000000e+00  0.000000e+00  5.700000e-01  1.000000e+00  1.000000e+00  0.000000e+00  0.000000e+00  0.000000e+00  5.700000e-01  
5.654893e-01  1.398393e+00  4.825126e-01  0.000000e+00  0.000000e+00  5.700000e-01  5.654893e-01  1.398393e+00  3.701820e-01  0.000000e+00  0.000000e+00  5.700000e-01  1.000000e+00  1.000000e+00  0.000000e+00  0.000000e+00  0.000000e+00  5.700000e-01  1.000000e+00  1.000000e+00  0.000000e+00  0.000000e+00  0.000000e+00  5.700000e-01  1.000000e+00  1.000000e+00  0.000000e+00  0.000000e+00  0.000000e+00  5.700000e-01  1.000000e+00  1.000000e+00  0.000000e+00  0.000000e+00  0.000000e+00  5.700000e-01  
5.438944e-01  1.764254e+00  5.625087e-01  0.000000e+00  0.000000e+00  5.700000e-01  5.438944e-01  1.764254e+00  6.659545e-01  0.000000e+00  0.000000e+00  5.700000e-01  1.000000e+00  1.000000e+00  0.000000e+00  0.000000e+00  0.000000e+00  5.700000e-01  1.000000e+00  1.000000e+00  0.000000e+00  0.000000e+00  0.000000e+00  5.700000e-01  1.000000e+00  1.000000e+00  0.000000e+00  0.000000e+00  0.000000e+00  5.700000e-01  1.000000e+00  1.000000e+00  0.000000e+00  0.000000e+00  0.000000e+00  5.700000e-01  
1.054046e+00  3.605305e+00  6.225777e-01  0.000000e+00  0.000000e+00  5.700000e-01  1.054046e+00  3.605305e+00  8.949746e-01  0.000000e+00  0.000000e+00  5.700000e-01  1.000000e+00  1.000000e+00  0.000000e+00  0.000000e+00  0.000000e+00  5.700000e-01  1.000000e+00  1.000000e+00  0.000000e+00  0.000000e+00  0.000000e+00  5.700000e-01  1.000000e+00  1.000000e+00  0.000000e+00  0.000000e+00  0.000000e+00  5.700000e-01  1.000000e+00  1.000000e+00  0.000000e+00  0.000000e+00  0.000000e+00  5.700000e-01  
9.167748e-01  2.470936e+00  6.382742e-01  0.000000e+00  0.000000e+00  5.700000e-01  9.167748e-01  2.470936e+00  7.902565e-01  0.000000e+00  0.000000e+00  5.700000e-01  1.000000e+00  1.000000e+00  0.000000e+00  0.000000e+00  0.000000e+00  5.700000e-01  1.000000e+00  1.000000e+00  0.000000e+00  0.000000e+00  0.000000e+00  5.700000e-01  1.000000e+00  1.000000e+00  0.000000e+00  0.000000e+00  0.000000e+00  5.700000e-01  1.000000e+00  1.000000e+00  0.000000e+00  0.000000e+00  0.000000e+00  5.700000e-01  
5.583124e-01  2.028095e+00  5.148097e-01  0.000000e+00  0.000000e+00  5.700000e-01  5.583124e-01  2.028095e+00  9.609565e-01  0.000000e+00  0.000000e+00  5.700000e-01  1.000000e+00  1.000000e+00  0.000000e+00  0.000000e+00  0.000000e+00  5.700000e-01  1.000000e+00  1.000000e+00  0.000000e+00  0.000000e+00  0.000000e+00  5.700000e-01  1.000000e+00  1.000000e+00  0.000000e+00  0.000000e+00  0.000000e+00  5.700000e-01  1.000000e+00  1.000000e+00  0.000000e+00  0.000000e+00  0.000000e+00  5.700000e-01  
6.373327e-01  2.796117e+00  4.823080e-01  0.000000e+00  0.000000e+00  5.700000e-01  6.373327e-01  2.796117e+00  6.090684e-01  0.000000e+00  0.000000e+00  5.700000e-01  1.000000e+00  1.000000e+00  0.000000e+00  0.000000e+00  0.000000e+00  5.700000e-01  1.000000e+00  1.000000e+00  0.000000e+00  0.000000e+00  0.000000e+00  5.700000e-01  1.000000e+00  1.000000e+00  0.000000e+00  0.000000e+00  0.000000e+00  5.700000e-01  1.000000e+00  1.000000e+00  0.000000e+00  0.000000e+00  0.000000e+00  5.700000e-01  
9.231198e-01  1.434082e+00  7.702819e-01  0.000000e+00  0.000000e+00  5.700000e-01  9.231198e-01  1.434082e+00  9.362049e-01  0.000000e+00  0.000000e+00  5.700000e-01  1.000000e+00  1.000000e+00  0.000000e+00  0.000000e+00  0.000000e+00  5.700000e-01  1.000000e+00  1.000000e+00  0.000000e+00  0.000000e+00  0.000000e+00  5.700000e-01  1.000000e+00  1.000000e+00  0.000000e+00  0.000000e+00  0.000000e+00  5.700000e-01  1.000000e+00  1.000000e+00  0.000000e+00  0.000000e+00  0.000000e+00  5.700000e-01  
1.102329e+00  5.137110e+00  5.862392e-01  0.000000e+00  0.000000e+00  5.700000e-01  1.102329e+00  5.137110e+00  8.922032e-01  0.000000e+00  0.000000e+00  5.700000e-01  1.000000e+00  1.000000e+00  0.000000e+00  0.000000e+00  0.000000e+00  5.700000e-01  1.000000e+00  1.000000e+00  0.000000e+00  0.000000e+00  0.000000e+00  5.700000e-01  1.000000e+00  1.000000e+00  0.000000e+00  0.000000e+00  0.000000e+00  5.700000e-01  1.000000e+00  1.000000e+00  0.000000e+00  0.000000e+00  0.000000e+00  5.700000e-01  
2.645721e-01  6.599464e-01  4.621550e-01  0.000000e+00  0.000000e+00  5.700000e-01  2.645721e-01  6.599464e-01  9.622776e-01  0.000000e+00  0.000000e+00  5.700000e-01  1.000000e+00  1.000000e+00  0.000000e+00  0.000000e+00  0.000000e+00  5.700000e-01  1.000000e+00  1.000000e+00  0.000000e+00  0.000000e+00  0.000000e+00  5.700000e-01  1.000000e+00  1.000000e+00  0.000000e+00  0.000000e+00  0.000000e+00  5.700000e-01  1.000000e+00  1.000000e+00  0.000000e+00  0.000000e+00  0.000000e+00  5.700000e-01  
7.421414e-01  2.999746e+00  5.845273e-01  0.000000e+00  0.000000e+00  5.700000e-01  7.421414e-01  2.999746e+00  7.043750e-01  0.000000e+00  0.000000e+00  5.700000e-01  1.000000e+00  1.000000e+00  0.000000e+00  0.000000e+00  0.000000e+00  5.700000e-01  1.000000e+00  1.000000e+00  0.000000e+00  0.000000e+00  0.000000e+00  5.700000e-01  1.000000e+00  1.000000e+00  0.000000e+00  0.000000e+00  0.000000e+00  5.700000e-01  1.000000e+00  1.000000e+00  0.000000e+00  0.000000e+00  0.000000e+00  5.700000e-01  
6.168894e-01  1.682385e+00  5.401103e-01  0.000000e+00  0.000000e+00  5.700000e-01  6.168894e-01  1.682385e+00  8.737582e-02  0.000000e+00  0.000000e+00  5.700000e-01  1.000000e+00  1.000000e+00  0.000000e+00  0.000000e+00  0.000000e+00  5.700000e-01  1.000000e+00  1.000000e+00  0.000000e+00  0.000000e+00  0.000000e+00  5.700000e-01  1.000000e+00  1.000000e+00  0.000000e+00  0.000000e+00  0.000000e+00  5.700000e-01  1.000000e+00  1.000000e+00  0.000000e+00  0.000000e+00  0.000000e+00  5.700000e-01  
6.586395e-01  1.135928e+00  7.190549e-01  0.000000e+00  0.000000e+00  5.700000e-01  6.586395e-01  1.135928e+00  -4.700595e-02  0.000000e+00  0.000000e+00  5.700000e-01  1.000000e+00  1.000000e+00  0.000000e+00  0.000000e+00  0.000000e+00  5.700000e-01  1.000000e+00  1.000000e+00  0.000000e+00  0.000000e+00  0.000000e+00  5.700000e-01  1.000000e+00  1.000000e+00  0.000000e+00  0.000000e+00  0.000000e+00  5.700000e-01  1.000000e+00  1.000000e+00  0.000000e+00  0.000000e+00  0.000000e+00  5.700000e-01  
2.334996e-01  1.314949e-01  5.736073e-01  0.000000e+00  0.000000e+00  5.700000e-01  2.334996e-01  1.314949e-01  7.592569e-01  0.000000e+00  0.000000e+00  5.700000e-01  1.000000e+00  1.000000e+00  0.000000e+00  0.000000e+00  0.000000e+00  5.700000e-01  1.000000e+00  1.000000e+00  0.000000e+00  0.000000e+00  0.000000e+00  5.700000e-01  1.000000e+00  1.000000e+00  0.000000e+00  0.000000e+00  0.000000e+00  5.700000e-01  1.000000e+00  1.000000e+00  0.000000e+00  0.000000e+00  0.000000e+00  5.700000e-01  
7.850375e-01  1.849630e+00  7.456764e-01  0.000000e+00  0.000000e+00  5.700000e-01  7.850375e-01  1.849630e+00  8.286967e-01  0.000000e+00  0.000000e+00  5.700000e-01  1.000000e+00  1.000000e+00  0.000000e+00  0.000000e+00  0.000000e+00  5.700000e-01  1.000000e+00  1.000000e+00  0.000000e+00  0.000000e+00  0.000000e+00  5.700000e-01  1.000000e+00  1.000000e+00  0.000000e+00  0.000000e+00  0.000000e+00  5.700000e-01  1.000000e+00  1.000000e+00  0.000000e+00  0.000000e+00  0.000000e+00  5.700000e-01  
7.881583e-01  2.666785e+00  5.830932e-01  0.000000e+00  0.000000e+00  5.700000e-01  7.881583e-01  2.666785e+00  7.350895e-01  0.000000e+00  0.000000e+00  5.700000e-01  1.000000e+00  1.000000e+00  0.000000e+00  0.000000e+00  0.000000e+00  5.700000e-01  1.000000e+00  1.000000e+00  0.000000e+00  0.000000e+00  0.000000e+00  5.700000e-01  1.000000e+00  1.000000e+00  0.000000e+00  0.000000e+00  0.000000e+00  5.700000e-01  1.000000e+00  1.000000e+00  0.000000e+00  0.000000e+00  0.000000e+00  5.700000e-01  
1.018083e+00  2.285795e+00  6.493494e-01  0.000000e+00  0.000000e+00  5.700000e-01  1.018083e+00  2.285795e+00  5.855075e-01  0.000000e+00  0.000000e+00  5.700000e-01  1.000000e+00  1.000000e+00  0.000000e+00  0.000000e+00  0.000000e+00  5.700000e-01  1.000000e+00  1.000000e+00  0.000000e+00  0.000000e+00  0.000000e+00  5.700000e-01  1.000000e+00  1.000000e+00  0.000000e+00  0.000000e+00  0.000000e+00  5.700000e-01  1.000000e+00  1.000000e+00  0.000000e+00  0.000000e+00  0.000000e+00  5.700000e-01  
7.946792e-01  1.446917e+00  6.958631e-01  0.000000e+00  0.000000e+00  5.700000e-01  7.946792e-01  1.446917e+00  8.454491e-01  0.000000e+00  0.000000e+00  5.700000e-01  1.000000e+00  1.000000e+00  0.000000e+00  0.000000e+00  0.000000e+00  5.700000e-01  1.000000e+00  1.000000e+00  0.000000e+00  0.000000e+00  0.000000e+00  5.700000e-01  1.000000e+00  1.000000e+00  0.000000e+00  0.000000e+00  0.000000e+00  5.700000e-01  1.000000e+00  1.000000e+00  0.000000e+00  0.000000e+00  0.000000e+00  5.700000e-01  
8.904982e-01  2.442372e+00  5.853587e-01  0.000000e+00  0.000000e+00  5.700000e-01  8.904982e-01  2.442372e+00  7.926761e-01  0.000000e+00  0.000000e+00  5.700000e-01  1.000000e+00  1.000000e+00  0.000000e+00  0.000000e+00  0.000000e+00  5.700000e-01  1.000000e+00  1.000000e+00  0.000000e+00  0.000000e+00  0.000000e+00  5.700000e-01  1.000000e+00  1.000000e+00  0.000000e+00  0.000000e+00  0.000000e+00  5.700000e-01  1.000000e+00  1.000000e+00  0.000000e+00  0.000000e+00  0.000000e+00  5.700000e-01  
6.106470e-01  7.985760e-01  6.737303e-01  0.000000e+00  0.000000e+00  5.700000e-01  6.106470e-01  7.985760e-01  6.287796e-01  0.000000e+00  0.000000e+00  5.700000e-01  1.000000e+00  1.000000e+00  0.000000e+00  0.000000e+00  0.000000e+00  5.700000e-01  1.000000e+00  1.000000e+00  0.000000e+00  0.000000e+00  0.000000e+00  5.700000e-01  1.000000e+00  1.000000e+00  0.000000e+00  0.000000e+00  0.000000e+00  5.700000e-01  1.000000e+00  1.000000e+00  0.000000e+00  0.000000e+00  0.000000e+00  5.700000e-01  
5.642865e-01  8.036119e-01  6.539562e-01  0.000000e+00  0.000000e+00  5.700000e-01  5.642865e-01  8.036119e-01  3.325406e-01  0.000000e+00  0.000000e+00  5.700000e-01  1.000000e+00  1.000000e+00  0.000000e+00  0.000000e+00  0.000000e+00  5.700000e-01  1.000000e+00  1.000000e+00  0.000000e+00  0.000000e+00  0.000000e+00  5.700000e-01  1.000000e+00  1.000000e+00  0.000000e+00  0.000000e+00  0.000000e+00  5.700000e-01  1.000000e+00  1.000000e+00  0.000000e+00  0.000000e+00  0.000000e+00  5.700000e-01  
6.023344e-01  9.053200e-01  6.634389e-01  0.000000e+00  0.000000e+00  5.700000e-01  6.023344e-01  9.053200e-01  1.160395e-01  0.000000e+00  0.000000e+00  5.700000e-01  1.000000e+00  1.000000e+00  0.000000e+00  0.000000e+00  0.000000e+00  5.700000e-01  1.000000e+00  1.000000e+00  0.000000e+00  0.000000e+00  0.000000e+00  5.700000e-01  1.000000e+00  1.000000e+00  0.000000e+00  0.000000e+00  0.000000e+00  5.700000e-01  1.000000e+00  1.000000e+00  0.000000e+00  0.000000e+00  0.000000e+00  5.700000e-01  
4.443407e-01  6.119139e-01  6.718183e-01  0.000000e+00  0.000000e+00  5.700000e-01  4.443407e-01  6.119139e-01  8.418586e-01  0.000000e+00  0.000000e+00  5.700000e-01  1.000000e+00  1.000000e+00  0.000000e+00  0.000000e+00  0.000000e+00  5.700000e-01  1.000000e+00  1.000000e+00  0.000000e+00  0.000000e+00  0.000000e+00  5.700000e-01  1.000000e+00  1.000000e+00  0.000000e+00  0.000000e+00  0.000000e+00  5.700000e-01  1.000000e+00  1.000000e+00  0.000000e+00  0.000000e+00  0.000000e+00  5.700000e-01  
7.418795e-01  2.065885e+00  6.135951e-01  0.000000e+00  0.000000e+00  5.700000e-01  7.418795e-01  2.065885e+00  7.765293e-03  0.000000e+00  0.000000e+00  5.700000e-01  1.000000e+00  1.000000e+00  0.000000e+00  0.000000e+00  0.000000e+00  5.700000e-01  1.000000e+00  1.000000e+00  0.000000e+00  0.000000e+00  0.000000e+00  5.700000e-01  1.000000e+00  1.000000e+00  0.000000e+00  0.000000e+00  0.000000e+00  5.700000e-01  1.000000e+00  1.000000e+00  0.000000e+00  0.000000e+00  0.000000e+00  5.700000e-01  
6.539896e-01  1.780438e+00  5.750211e-01  0.000000e+00  0.000000e+00  5.700000e-01  6.539896e-01  1.780438e+00  8.603277e-01  0.000000e+00  0.000000e+00  5.700000e-01  1.000000e+00  1.000000e+00  0.000000e+00  0.000000e+00  0.000000e+00  5.700000e-01  1.000000e+00  1.000000e+00  0.000000e+00  0.000000e+00  0.000000e+00  5.700000e-01  1.000000e+00  1.000000e+00  0.000000e+00  0.000000e+00  0.000000e+00  5.700000e-01  1.000000e+00  1.000000e+00  0.000000e+00  0.000000e+00  0.000000e+00  5.700000e-01  
7.809823e-01  2.392864e+00  6.312791e-01  0.000000e+00  0.000000e+00  5.700000e-01  7.809823e-01  2.392864e+00  2.120506e-01  0.000000e+00  0.000000e+00  5.700000e-01  1.000000e+00  1.000000e+00  0.000000e+00  0.000000e+00  0.000000e+00  5.700000e-01  1.000000e+00  1.000000e+00  0.000000e+00  0.000000e+00  0.000000e+00  5.700000e-01  1.000000e+00  1.000000e+00  0.000000e+00  0.000000e+00  0.000000e+00  5.700000e-01  1.000000e+00  1.000000e+00  0.000000e+00  0.000000e+00  0.000000e+00  5.700000e-01  
7.290918e-01  2.692671e+00  5.935581e-01  0.000000e+00  0.000000e+00  5.700000e-01  7.290918e-01  2.692671e+00  7.658659e-01  0.000000e+00  0.000000e+00  5.700000e-01  1.000000e+00  1.000000e+00  0.000000e+00  0.000000e+00  0.000000e+00  5.700000e-01  1.000000e+00  1.000000e+00  0.000000e+00  0.000000e+00  0.000000e+00  5.700000e-01  1.000000e+00  1.000000e+00  0.000000e+00  0.000000e+00  0.000000e+00  5.700000e-01  1.000000e+00  1.000000e+00  0.000000e+00  0.000000e+00  0.000000e+00  5.700000e-01  
8.640049e-01  2.050123e+00  7.162026e-01  0.000000e+00  0.000000e+00  5.700000e-01  8.640049e-01  2.050123e+00  3.517807e-01  0.000000e+00  0.000000e+00  5.700000e-01  1.000000e+00  1.000000e+00  0.000000e+00  0.000000e+00  0.000000e+00  5.700000e-01  1.000000e+00  1.000000e+00  0.000000e+00  0.000000e+00  0.000000e+00  5.700000e-01  1.000000e+00  1.000000e+00  0.000000e+00  0.000000e+00  0.000000e+00  5.700000e-01  1.000000e+00  1.000000e+00  0.000000e+00  0.000000e+00  0.000000e+00  5.700000e-01  
8.901057e-01  3.553171e+00  5.769449e-01  0.000000e+00  0.000000e+00  5.700000e-01  8.901057e-01  3.553171e+00  9.063075e-01  0.000000e+00  0.000000e+00  5.700000e-01  1.000000e+00  1.000000e+00  0.000000e+00  0.000000e+00  0.000000e+00  5.700000e-01  1.000000e+00  1.000000e+00  0.000000e+00  0.000000e+00  0.000000e+00  5.700000e-01  1.000000e+00  1.000000e+00  0.000000e+00  0.000000e+00  0.000000e+00  5.700000e-01  1.000000e+00  1.000000e+00  0.000000e+00  0.000000e+00  0.000000e+00  5.700000e-01  
1.090262e+00  2.353833e+00  7.338511e-01  0.000000e+00  0.000000e+00  5.700000e-01  1.090262e+00  2.353833e+00  8.702543e-01  0.000000e+00  0.000000e+00  5.700000e-01  1.000000e+00  1.000000e+00  0.000000e+00  0.000000e+00  0.000000e+00  5.700000e-01  1.000000e+00  1.000000e+00  0.000000e+00  0.000000e+00  0.000000e+00  5.700000e-01  1.000000e+00  1.000000e+00  0.000000e+00  0.000000e+00  0.000000e+00  5.700000e-01  1.000000e+00  1.000000e+00  0.000000e+00  0.000000e+00  0.000000e+00  5.700000e-01  
1.008287e+00  4.370223e+00  5.153296e-01  0.000000e+00  0.000000e+00  5.700000e-01  1.008287e+00  4.370223e+00  4.904724e-01  0.000000e+00  0.000000e+00  5.700000e-01  1.000000e+00  1.000000e+00  0.000000e+00  0.000000e+00  0.000000e+00  5.700000e-01  1.000000e+00  1.000000e+00  0.000000e+00  0.000000e+00  0.000000e+00  5.700000e-01  1.000000e+00  1.000000e+00  0.000000e+00  0.000000e+00  0.000000e+00  5.700000e-01  1.000000e+00  1.000000e+00  0.000000e+00  0.000000e+00  0.000000e+00  5.700000e-01  
8.706260e-01  2.481164e+00  6.213657e-01  0.000000e+00  0.000000e+00  5.700000e-01  8.706260e-01  2.481164e+00  -2.162469e-01  0.000000e+00  0.000000e+00  5.700000e-01  1.000000e+00  1.000000e+00  0.000000e+00  0.000000e+00  0.000000e+00  5.700000e-01  1.000000e+00  1.000000e+00  0.000000e+00  0.000000e+00  0.000000e+00  5.700000e-01  1.000000e+00  1.000000e+00  0.000000e+00  0.000000e+00  0.000000e+00  5.700000e-01  1.000000e+00  1.000000e+00  0.000000e+00  0.000000e+00  0.000000e+00  5.700000e-01  
7.956880e-01  1.724159e+00  6.339025e-01  0.000000e+00  0.000000e+00  5.700000e-01  7.956880e-01  1.724159e+00  5.852685e-01  0.000000e+00  0.000000e+00  5.700000e-01  1.000000e+00  1.000000e+00  0.000000e+00  0.000000e+00  0.000000e+00  5.700000e-01  1.000000e+00  1.000000e+00  0.000000e+00  0.000000e+00  0.000000e+00  5.700000e-01  1.000000e+00  1.000000e+00  0.000000e+00  0.000000e+00  0.000000e+00  5.700000e-01  1.000000e+00  1.000000e+00  0.000000e+00  0.000000e+00  0.000000e+00  5.700000e-01  
6.192238e-01  2.583741e+00  5.553092e-01  0.000000e+00  0.000000e+00  5.700000e-01  6.192238e-01  2.583741e+00  1.120688e-01  0.000000e+00  0.000000e+00  5.700000e-01  1.000000e+00  1.000000e+00  0.000000e+00  0.000000e+00  0.000000e+00  5.700000e-01  1.000000e+00  1.000000e+00  0.000000e+00  0.000000e+00  0.000000e+00  5.700000e-01  1.000000e+00  1.000000e+00  0.000000e+00  0.000000e+00  0.000000e+00  5.700000e-01  1.000000e+00  1.000000e+00  0.000000e+00  0.000000e+00  0.000000e+00  5.700000e-01  
7.503996e-01  2.668280e+00  6.048796e-01  0.000000e+00  0.000000e+00  5.700000e-01  7.503996e-01  2.668280e+00  7.174063e-01  0.000000e+00  0.000000e+00  5.700000e-01  1.000000e+00  1.000000e+00  0.000000e+00  0.000000e+00  0.000000e+00  5.700000e-01  1.000000e+00  1.000000e+00  0.000000e+00  0.000000e+00  0.000000e+00  5.700000e-01  1.000000e+00  1.000000e+00  0.000000e+00  0.000000e+00  0.000000e+00  5.700000e-01  1.000000e+00  1.000000e+00  0.000000e+00  0.000000e+00  0.000000e+00  5.700000e-01  
6.434858e-01  1.667940e+00  6.252126e-01  0.000000e+00  0.000000e+00  5.700000e-01  6.434858e-01  1.667940e+00  9.344913e-01  0.000000e+00  0.000000e+00  5.700000e-01  1.000000e+00  1.000000e+00  0.000000e+00  0.000000e+00  0.000000e+00  5.700000e-01  1.000000e+00  1.000000e+00  0.000000e+00  0.000000e+00  0.000000e+00  5.700000e-01  1.000000e+00  1.000000e+00  0.000000e+00  0.000000e+00  0.000000e+00  5.700000e-01  1.000000e+00  1.000000e+00  0.000000e+00  0.000000e+00  0.000000e+00  5.700000e-01  
4.721750e-01  8.478826e-01  6.662152e-01  0.000000e+00  0.000000e+00  5.700000e-01  4.721750e-01  8.478826e-01  8.815824e-01  0.000000e+00  0.000000e+00  5.700000e-01  1.000000e+00  1.000000e+00  0.000000e+00  0.000000e+00  0.000000e+00  5.700000e-01  1.000000e+00  1.000000e+00  0.000000e+00  0.000000e+00  0.000000e+00  5.700000e-01  1.000000e+00  1.000000e+00  0.000000e+00  0.000000e+00  0.000000e+00  5.700000e-01  1.000000e+00  1.000000e+00  0.000000e+00  0.000000e+00  0.000000e+00  5.700000e-01  
1.039427e+00  4.223154e+00  6.224470e-01  0.000000e+00  0.000000e+00  5.700000e-01  1.039427e+00  4.223154e+00  2.090323e-01  0.000000e+00  0.000000e+00  5.700000e-01  1.000000e+00  1.000000e+00  0.000000e+00  0.000000e+00  0.000000e+00  5.700000e-01  1.000000e+00  1.000000e+00  0.000000e+00  0.000000e+00  0.000000e+00  5.700000e-01  1.000000e+00  1.000000e+00  0.000000e+00  0.000000e+00  0.000000e+00  5.700000e-01  1.000000e+00  1.000000e+00  0.000000e+00  0.000000e+00  0.000000e+00  5.700000e-01  
7.455419e-01  2.691153e+00  6.372788e-01  0.000000e+00  0.000000e+00  5.700000e-01  7.455419e-01  2.691153e+00  6.409445e-01  0.000000e+00  0.000000e+00  5.700000e-01  1.000000e+00  1.000000e+00  0.000000e+00  0.000000e+00  0.000000e+00  5.700000e-01  1.000000e+00  1.000000e+00  0.000000e+00  0.000000e+00  0.000000e+00  5.700000e-01  1.000000e+00  1.000000e+00  0.000000e+00  0.000000e+00  0.000000e+00  5.700000e-01  1.000000e+00  1.000000e+00  0.000000e+00  0.000000e+00  0.000000e+00  5.700000e-01  
1.112987e+00  3.493619e+00  6.370783e-01  0.000000e+00  0.000000e+00  5.700000e-01  1.112987e+00  3.493619e+00  9.804080e-01  0.000000e+00  0.000000e+00  5.700000e-01  1.000000e+00  1.000000e+00  0.000000e+00  0.000000e+00  0.000000e+00  5.700000e-01  1.000000e+00  1.000000e+00  0.000000e+00  0.000000e+00  0.000000e+00  5.700000e-01  1.000000e+00  1.000000e+00  0.000000e+00  0.000000e+00  0.000000e+00  5.700000e-01  1.000000e+00  1.000000e+00  0.000000e+00  0.000000e+00  0.000000e+00  5.700000e-01  
8.382382e-01  2.007955e+00  6.804323e-01  0.000000e+00  0.000000e+00  5.700000e-01  8.382382e-01  2.007955e+00  6.999166e-01  0.000000e+00  0.000000e+00  5.700000e-01  1.000000e+00  1.000000e+00  0.000000e+00  0.000000e+00  0.000000e+00  5.700000e-01  1.000000e+00  1.000000e+00  0.000000e+00  0.000000e+00  0.000000e+00  5.700000e-01  1.000000e+00  1.000000e+00  0.000000e+00  0.000000e+00  0.000000e+00  5.700000e-01  1.000000e+00  1.000000e+00  0.000000e+00  0.000000e+00  0.000000e+00  5.700000e-01  
6.582728e-01  2.119953e+00  5.094571e-01  0.000000e+00  0.000000e+00  5.700000e-01  6.582728e-01  2.119953e+00  7.988814e-01  0.000000e+00  0.000000e+00  5.700000e-01  1.000000e+00  1.000000e+00  0.000000e+00  0.000000e+00  0.000000e+00  5.700000e-01  1.000000e+00  1.000000e+00  0.000000e+00  0.000000e+00  0.000000e+00  5.700000e-01  1.000000e+00  1.000000e+00  0.000000e+00  0.000000e+00  0.000000e+00  5.700000e-01  1.000000e+00  1.000000e+00  0.000000e+00  0.000000e+00  0.000000e+00  5.700000e-01  
1.068177e+00  2.896139e+00  6.377174e-01  0.000000e+00  0.000000e+00  5.700000e-01  1.068177e+00  2.896139e+00  5.495553e-01  0.000000e+00  0.000000e+00  5.700000e-01  1.000000e+00  1.000000e+00  0.000000e+00  0.000000e+00  0.000000e+00  5.700000e-01  1.000000e+00  1.000000e+00  0.000000e+00  0.000000e+00  0.000000e+00  5.700000e-01  1.000000e+00  1.000000e+00  0.000000e+00  0.000000e+00  0.000000e+00  5.700000e-01  1.000000e+00  1.000000e+00  0.000000e+00  0.000000e+00  0.000000e+00  5.700000e-01  
8.119743e-01  2.002993e+00  7.440771e-01  0.000000e+00  0.000000e+00  5.700000e-01  8.119743e-01  2.002993e+00  5.671711e-01  0.000000e+00  0.000000e+00  5.700000e-01  1.000000e+00  1.000000e+00  0.000000e+00  0.000000e+00  0.000000e+00  5.700000e-01  1.000000e+00  1.000000e+00  0.000000e+00  0.000000e+00  0.000000e+00  5.700000e-01  1.000000e+00  1.000000e+00  0.000000e+00  0.000000e+00  0.000000e+00  5.700000e-01  1.000000e+00  1.000000e+00  0.000000e+00  0.000000e+00  0.000000e+00  5.700000e-01  
8.175761e-01  2.218760e+00  6.873230e-01  0.000000e+00  0.000000e+00  5.700000e-01  8.175761e-01  2.218760e+00  6.222877e-01  0.000000e+00  0.000000e+00  5.700000e-01  1.000000e+00  1.000000e+00  0.000000e+00  0.000000e+00  0.000000e+00  5.700000e-01  1.000000e+00  1.000000e+00  0.000000e+00  0.000000e+00  0.000000e+00  5.700000e-01  1.000000e+00  1.000000e+00  0.000000e+00  0.000000e+00  0.000000e+00  5.700000e-01  1.000000e+00  1.000000e+00  0.000000e+00  0.000000e+00  0.000000e+00  5.700000e-01  
6.587179e-01  2.670355e+00  5.487237e-01  0.000000e+00  0.000000e+00  5.700000e-01  6.587179e-01  2.670355e+00  8.594264e-01  0.000000e+00  0.000000e+00  5.700000e-01  1.000000e+00  1.000000e+00  0.000000e+00  0.000000e+00  0.000000e+00  5.700000e-01  1.000000e+00  1.000000e+00  0.000000e+00  0.000000e+00  0.000000e+00  5.700000e-01  1.000000e+00  1.000000e+00  0.000000e+00  0.000000e+00  0.000000e+00  5.700000e-01  1.000000e+00  1.000000e+00  0.000000e+00  0.000000e+00  0.000000e+00  5.700000e-01  
7.218371e-01  2.827142e+00  5.240134e-01  0.000000e+00  0.000000e+00  5.700000e-01  7.218371e-01  2.827142e+00  7.356366e-01  0.000000e+00  0.000000e+00  5.700000e-01  1.000000e+00  1.000000e+00  0.000000e+00  0.000000e+00  0.000000e+00  5.700000e-01  1.000000e+00  1.000000e+00  0.000000e+00  0.000000e+00  0.000000e+00  5.700000e-01  1.000000e+00  1.000000e+00  0.000000e+00  0.000000e+00  0.000000e+00  5.700000e-01  1.000000e+00  1.000000e+00  0.000000e+00  0.000000e+00  0.000000e+00  5.700000e-01  
8.060674e-01  1.986528e+00  6.768699e-01  0.000000e+00  0.000000e+00  5.700000e-01  8.060674e-01  1.986528e+00  7.252721e-01  0.000000e+00  0.000000e+00  5.700000e-01  1.000000e+00  1.000000e+00  0.000000e+00  0.000000e+00  0.000000e+00  5.700000e-01  1.000000e+00  1.000000e+00  0.000000e+00  0.000000e+00  0.000000e+00  5.700000e-01  1.000000e+00  1.000000e+00  0.000000e+00  0.000000e+00  0.000000e+00  5.700000e-01  1.000000e+00  1.000000e+00  0.000000e+00  0.000000e+00  0.000000e+00  5.700000e-01  
6.076959e-01  1.300885e+00  6.540059e-01  0.000000e+00  0.000000e+00  5.700000e-01  6.076959e-01  1.300885e+00  7.600920e-01  0.000000e+00  0.000000e+00  5.700000e-01  1.000000e+00  1.000000e+00  0.000000e+00  0.000000e+00  0.000000e+00  5.700000e-01  1.000000e+00  1.000000e+00  0.000000e+00  0.000000e+00  0.000000e+00  5.700000e-01  1.000000e+00  1.000000e+00  0.000000e+00  0.000000e+00  0.000000e+00  5.700000e-01  1.000000e+00  1.000000e+00  0.000000e+00  0.000000e+00  0.000000e+00  5.700000e-01  
5.711452e-01  1.209688e+00  5.308583e-01  0.000000e+00  0.000000e+00  5.700000e-01  5.711452e-01  1.209688e+00  9.737369e-01  0.000000e+00  0.000000e+00  5.700000e-01  1.000000e+00  1.000000e+00  0.000000e+00  0.000000e+00  0.000000e+00  5.700000e-01  1.000000e+00  1.000000e+00  0.000000e+00  0.000000e+00  0.000000e+00  5.700000e-01  1.000000e+00  1.000000e+00  0.000000e+00  0.000000e+00  0.000000e+00  5.700000e-01  1.000000e+00  1.000000e+00  0.000000e+00  0.000000e+00  0.000000e+00  5.700000e-01  
8.405939e-01  3.063567e+00  6.515698e-01  0.000000e+00  0.000000e+00  5.700000e-01  8.405939e-01  3.063567e+00  2.199093e-01  0.000000e+00  0.000000e+00  5.700000e-01  1.000000e+00  1.000000e+00  0.000000e+00  0.000000e+00  0.000000e+00  5.700000e-01  1.000000e+00  1.000000e+00  0.000000e+00  0.000000e+00  0.000000e+00  5.700000e-01  1.000000e+00  1.000000e+00  0.000000e+00  0.000000e+00  0.000000e+00  5.700000e-01  1.000000e+00  1.000000e+00  0.000000e+00  0.000000e+00  0.000000e+00  5.700000e-01  
8.225899e-01  2.484283e+00  5.848119e-01  0.000000e+00  0.000000e+00  5.700000e-01  8.225899e-01  2.484283e+00  7.102350e-01  0.000000e+00  0.000000e+00  5.700000e-01  1.000000e+00  1.000000e+00  0.000000e+00  0.000000e+00  0.000000e+00  5.700000e-01  1.000000e+00  1.000000e+00  0.000000e+00  0.000000e+00  0.000000e+00  5.700000e-01  1.000000e+00  1.000000e+00  0.000000e+00  0.000000e+00  0.000000e+00  5.700000e-01  1.000000e+00  1.000000e+00  0.000000e+00  0.000000e+00  0.000000e+00  5.700000e-01  
8.884687e-01  2.368812e+00  6.136375e-01  0.000000e+00  0.000000e+00  5.700000e-01  8.884687e-01  2.368812e+00  9.415390e-01  0.000000e+00  0.000000e+00  5.700000e-01  1.000000e+00  1.000000e+00  0.000000e+00  0.000000e+00  0.000000e+00  5.700000e-01  1.000000e+00  1.000000e+00  0.000000e+00  0.000000e+00  0.000000e+00  5.700000e-01  1.000000e+00  1.000000e+00  0.000000e+00  0.000000e+00  0.000000e+00  5.700000e-01  1.000000e+00  1.000000e+00  0.000000e+00  0.000000e+00  0.000000e+00  5.700000e-01  
4.675318e-01  1.289122e+00  4.818828e-01  0.000000e+00  0.000000e+00  5.700000e-01  4.675318e-01  1.289122e+00  8.413883e-01  0.000000e+00  0.000000e+00  5.700000e-01  1.000000e+00  1.000000e+00  0.000000e+00  0.000000e+00  0.000000e+00  5.700000e-01  1.000000e+00  1.000000e+00  0.000000e+00  0.000000e+00  0.000000e+00  5.700000e-01  1.000000e+00  1.000000e+00  0.000000e+00  0.000000e+00  0.000000e+00  5.700000e-01  1.000000e+00  1.000000e+00  0.000000e+00  0.000000e+00  0.000000e+00  5.700000e-01  
9.200976e-01  2.672839e+00  5.497077e-01  0.000000e+00  0.000000e+00  5.700000e-01  9.200976e-01  2.672839e+00  9.529693e-01  0.000000e+00  0.000000e+00  5.700000e-01  1.000000e+00  1.000000e+00  0.000000e+00  0.000000e+00  0.000000e+00  5.700000e-01  1.000000e+00  1.000000e+00  0.000000e+00  0.000000e+00  0.000000e+00  5.700000e-01  1.000000e+00  1.000000e+00  0.000000e+00  0.000000e+00  0.000000e+00  5.700000e-01  1.000000e+00  1.000000e+00  0.000000e+00  0.000000e+00  0.000000e+00  5.700000e-01  
6.043018e-01  5.547466e-01  7.509356e-01  0.000000e+00  0.000000e+00  5.700000e-01  6.043018e-01  5.547466e-01  9.759038e-01  0.000000e+00  0.000000e+00  5.700000e-01  1.000000e+00  1.000000e+00  0.000000e+00  0.000000e+00  0.000000e+00  5.700000e-01  1.000000e+00  1.000000e+00  0.000000e+00  0.000000e+00  0.000000e+00  5.700000e-01  1.000000e+00  1.000000e+00  0.000000e+00  0.000000e+00  0.000000e+00  5.700000e-01  1.000000e+00  1.000000e+00  0.000000e+00  0.000000e+00  0.000000e+00  5.700000e-01  
4.597158e-01  1.139430e+00  5.453078e-01  0.000000e+00  0.000000e+00  5.700000e-01  4.597158e-01  1.139430e+00  9.242897e-01  0.000000e+00  0.000000e+00  5.700000e-01  1.000000e+00  1.000000e+00  0.000000e+00  0.000000e+00  0.000000e+00  5.700000e-01  1.000000e+00  1.000000e+00  0.000000e+00  0.000000e+00  0.000000e+00  5.700000e-01  1.000000e+00  1.000000e+00  0.000000e+00  0.000000e+00  0.000000e+00  5.700000e-01  1.000000e+00  1.000000e+00  0.000000e+00  0.000000e+00  0.000000e+00  5.700000e-01  
7.707545e-01  2.670864e+00  5.378960e-01  0.000000e+00  0.000000e+00  5.700000e-01  7.707545e-01  2.670864e+00  8.953354e-01  0.000000e+00  0.000000e+00  5.700000e-01  1.000000e+00  1.000000e+00  0.000000e+00  0.000000e+00  0.000000e+00  5.700000e-01  1.000000e+00  1.000000e+00  0.000000e+00  0.000000e+00  0.000000e+00  5.700000e-01  1.000000e+00  1.000000e+00  0.000000e+00  0.000000e+00  0.000000e+00  5.700000e-01  1.000000e+00  1.000000e+00  0.000000e+00  0.000000e+00  0.000000e+00  5.700000e-01  
8.679640e-01  2.581693e+00  6.636199e-01  0.000000e+00  0.000000e+00  5.700000e-01  8.679640e-01  2.581693e+00  4.128498e-02  0.000000e+00  0.000000e+00  5.700000e-01  1.000000e+00  1.000000e+00  0.000000e+00  0.000000e+00  0.000000e+00  5.700000e-01  1.000000e+00  1.000000e+00  0.000000e+00  0.000000e+00  0.000000e+00  5.700000e-01  1.000000e+00  1.000000e+00  0.000000e+00  0.000000e+00  0.000000e+00  5.700000e-01  1.000000e+00  1.000000e+00  0.000000e+00  0.000000e+00  0.000000e+00  5.700000e-01  
6.210769e-01  1.461844e+00  6.388510e-01  0.000000e+00  0.000000e+00  5.700000e-01  6.210769e-01  1.461844e+00  7.504447e-01  0.000000e+00  0.000000e+00  5.700000e-01  1.000000e+00  1.000000e+00  0.000000e+00  0.000000e+00  0.000000e+00  5.700000e-01  1.000000e+00  1.000000e+00  0.000000e+00  0.000000e+00  0.000000e+00  5.700000e-01  1.000000e+00  1.000000e+00  0.000000e+00  0.000000e+00  0.000000e+00  5.700000e-01  1.000000e+00  1.000000e+00  0.000000e+00  0.000000e+00  0.000000e+00  5.700000e-01  
5.626996e-01  1.854504e+00  5.238241e-01  0.000000e+00  0.000000e+00  5.700000e-01  5.626996e-01  1.854504e+00  8.905613e-01  0.000000e+00  0.000000e+00  5.700000e-01  1.000000e+00  1.000000e+00  0.000000e+00  0.000000e+00  0.000000e+00  5.700000e-01  1.000000e+00  1.000000e+00  0.000000e+00  0.000000e+00  0.000000e+00  5.700000e-01  1.000000e+00  1.000000e+00  0.000000e+00  0.000000e+00  0.000000e+00  5.700000e-01  1.000000e+00  1.000000e+00  0.000000e+00  0.000000e+00  0.000000e+00  5.700000e-01  
9.882985e-01  3.645812e+00  6.293854e-01  0.000000e+00  0.000000e+00  5.700000e-01  9.882985e-01  3.645812e+00  3.646775e-01  0.000000e+00  0.000000e+00  5.700000e-01  1.000000e+00  1.000000e+00  0.000000e+00  0.000000e+00  0.000000e+00  5.700000e-01  1.000000e+00  1.000000e+00  0.000000e+00  0.000000e+00  0.000000e+00  5.700000e-01  1.000000e+00  1.000000e+00  0.000000e+00  0.000000e+00  0.000000e+00  5.700000e-01  1.000000e+00  1.000000e+00  0.000000e+00  0.000000e+00  0.000000e+00  5.700000e-01  
7.091324e-01  8.088126e-01  7.877452e-01  0.000000e+00  0.000000e+00  5.700000e-01  7.091324e-01  8.088126e-01  9.061251e-01  0.000000e+00  0.000000e+00  5.700000e-01  1.000000e+00  1.000000e+00  0.000000e+00  0.000000e+00  0.000000e+00  5.700000e-01  1.000000e+00  1.000000e+00  0.000000e+00  0.000000e+00  0.000000e+00  5.700000e-01  1.000000e+00  1.000000e+00  0.000000e+00  0.000000e+00  0.000000e+00  5.700000e-01  1.000000e+00  1.000000e+00  0.000000e+00  0.000000e+00  0.000000e+00  5.700000e-01  
1.070388e+00  2.621084e+00  7.278127e-01  0.000000e+00  0.000000e+00  5.700000e-01  1.070388e+00  2.621084e+00  4.006342e-01  0.000000e+00  0.000000e+00  5.700000e-01  1.000000e+00  1.000000e+00  0.000000e+00  0.000000e+00  0.000000e+00  5.700000e-01  1.000000e+00  1.000000e+00  0.000000e+00  0.000000e+00  0.000000e+00  5.700000e-01  1.000000e+00  1.000000e+00  0.000000e+00  0.000000e+00  0.000000e+00  5.700000e-01  1.000000e+00  1.000000e+00  0.000000e+00  0.000000e+00  0.000000e+00  5.700000e-01  
8.886645e-01  2.397668e+00  7.182695e-01  0.000000e+00  0.000000e+00  5.700000e-01  8.886645e-01  2.397668e+00  9.155980e-01  0.000000e+00  0.000000e+00  5.700000e-01  1.000000e+00  1.000000e+00  0.000000e+00  0.000000e+00  0.000000e+00  5.700000e-01  1.000000e+00  1.000000e+00  0.000000e+00  0.000000e+00  0.000000e+00  5.700000e-01  1.000000e+00  1.000000e+00  0.000000e+00  0.000000e+00  0.000000e+00  5.700000e-01  1.000000e+00  1.000000e+00  0.000000e+00  0.000000e+00  0.000000e+00  5.700000e-01  
5.582402e-01  2.282624e+00  4.480000e-01  0.000000e+00  0.000000e+00  5.700000e-01  5.582402e-01  2.282624e+00  9.467991e-01  0.000000e+00  0.000000e+00  5.700000e-01  1.000000e+00  1.000000e+00  0.000000e+00  0.000000e+00  0.000000e+00  5.700000e-01  1.000000e+00  1.000000e+00  0.000000e+00  0.000000e+00  0.000000e+00  5.700000e-01  1.000000e+00  1.000000e+00  0.000000e+00  0.000000e+00  0.000000e+00  5.700000e-01  1.000000e+00  1.000000e+00  0.000000e+00  0.000000e+00  0.000000e+00  5.700000e-01  
5.477623e-01  8.418184e-01  6.375892e-01  0.000000e+00  0.000000e+00  5.700000e-01  5.477623e-01  8.418184e-01  2.221057e-01  0.000000e+00  0.000000e+00  5.700000e-01  1.000000e+00  1.000000e+00  0.000000e+00  0.000000e+00  0.000000e+00  5.700000e-01  1.000000e+00  1.000000e+00  0.000000e+00  0.000000e+00  0.000000e+00  5.700000e-01  1.000000e+00  1.000000e+00  0.000000e+00  0.000000e+00  0.000000e+00  5.700000e-01  1.000000e+00  1.000000e+00  0.000000e+00  0.000000e+00  0.000000e+00  5.700000e-01  
1.118423e+00  3.261090e+00  6.213071e-01  0.000000e+00  0.000000e+00  5.700000e-01  1.118423e+00  3.261090e+00  7.975014e-01  0.000000e+00  0.000000e+00  5.700000e-01  1.000000e+00  1.000000e+00  0.000000e+00  0.000000e+00  0.000000e+00  5.700000e-01  1.000000e+00  1.000000e+00  0.000000e+00  0.000000e+00  0.000000e+00  5.700000e-01  1.000000e+00  1.000000e+00  0.000000e+00  0.000000e+00  0.000000e+00  5.700000e-01  1.000000e+00  1.000000e+00  0.000000e+00  0.000000e+00  0.000000e+00  5.700000e-01  
1.102330e+00  3.809813e+00  6.871612e-01  0.000000e+00  0.000000e+00  5.700000e-01  1.102330e+00  3.809813e+00  8.191962e-01  0.000000e+00  0.000000e+00  5.700000e-01  1.000000e+00  1.000000e+00  0.000000e+00  0.000000e+00  0.000000e+00  5.700000e-01  1.000000e+00  1.000000e+00  0.000000e+00  0.000000e+00  0.000000e+00  5.700000e-01  1.000000e+00  1.000000e+00  0.000000e+00  0.000000e+00  0.000000e+00  5.700000e-01  1.000000e+00  1.000000e+00  0.000000e+00  0.000000e+00  0.000000e+00  5.700000e-01  
7.607494e-01  2.749546e+00  6.026230e-01  0.000000e+00  0.000000e+00  5.700000e-01  7.607494e-01  2.749546e+00  9.083927e-01  0.000000e+00  0.000000e+00  5.700000e-01  1.000000e+00  1.000000e+00  0.000000e+00  0.000000e+00  0.000000e+00  5.700000e-01  1.000000e+00  1.000000e+00  0.000000e+00  0.000000e+00  0.000000e+00  5.700000e-01  1.000000e+00  1.000000e+00  0.000000e+00  0.000000e+00  0.000000e+00  5.700000e-01  1.000000e+00  1.000000e+00  0.000000e+00  0.000000e+00  0.000000e+00  5.700000e-01  
8.212692e-01  3.783774e+00  5.074486e-01  0.000000e+00  0.000000e+00  5.700000e-01  8.212692e-01  3.783774e+00  6.660067e-01  0.000000e+00  0.000000e+00  5.700000e-01  1.000000e+00  1.000000e+00  0.000000e+00  0.000000e+00  0.000000e+00  5.700000e-01  1.000000e+00  1.000000e+00  0.000000e+00  0.000000e+00  0.000000e+00  5.700000e-01  1.000000e+00  1.000000e+00  0.000000e+00  0.000000e+00  0.000000e+00  5.700000e-01  1.000000e+00  1.000000e+00  0.000000e+00  0.000000e+00  0.000000e+00  5.700000e-01  
4.759266e-01  1.187726e+00  5.172402e-01  0.000000e+00  0.000000e+00  5.700000e-01  4.759266e-01  1.187726e+00  7.532824e-01  0.000000e+00  0.000000e+00  5.700000e-01  1.000000e+00  1.000000e+00  0.000000e+00  0.000000e+00  0.000000e+00  5.700000e-01  1.000000e+00  1.000000e+00  0.000000e+00  0.000000e+00  0.000000e+00  5.700000e-01  1.000000e+00  1.000000e+00  0.000000e+00  0.000000e+00  0.000000e+00  5.700000e-01  1.000000e+00  1.000000e+00  0.000000e+00  0.000000e+00  0.000000e+00  5.700000e-01  
3.888319e-01  1.480833e+00  4.459513e-01  0.000000e+00  0.000000e+00  5.700000e-01  3.888319e-01  1.480833e+00  7.472334e-01  0.000000e+00  0.000000e+00  5.700000e-01  1.000000e+00  1.000000e+00  0.000000e+00  0.000000e+00  0.000000e+00  5.700000e-01  1.000000e+00  1.000000e+00  0.000000e+00  0.000000e+00  0.000000e+00  5.700000e-01  1.000000e+00  1.000000e+00  0.000000e+00  0.000000e+00  0.000000e+00  5.700000e-01  1.000000e+00  1.000000e+00  0.000000e+00  0.000000e+00  0.000000e+00  5.700000e-01  
8.625169e-01  3.377165e+00  5.101551e-01  0.000000e+00  0.000000e+00  5.700000e-01  8.625169e-01  3.377165e+00  7.003961e-01  0.000000e+00  0.000000e+00  5.700000e-01  1.000000e+00  1.000000e+00  0.000000e+00  0.000000e+00  0.000000e+00  5.700000e-01  1.000000e+00  1.000000e+00  0.000000e+00  0.000000e+00  0.000000e+00  5.700000e-01  1.000000e+00  1.000000e+00  0.000000e+00  0.000000e+00  0.000000e+00  5.700000e-01  1.000000e+00  1.000000e+00  0.000000e+00  0.000000e+00  0.000000e+00  5.700000e-01  
9.582914e-01  2.314358e+00  7.244388e-01  0.000000e+00  0.000000e+00  5.700000e-01  9.582914e-01  2.314358e+00  9.994830e-01  0.000000e+00  0.000000e+00  5.700000e-01  1.000000e+00  1.000000e+00  0.000000e+00  0.000000e+00  0.000000e+00  5.700000e-01  1.000000e+00  1.000000e+00  0.000000e+00  0.000000e+00  0.000000e+00  5.700000e-01  1.000000e+00  1.000000e+00  0.000000e+00  0.000000e+00  0.000000e+00  5.700000e-01  1.000000e+00  1.000000e+00  0.000000e+00  0.000000e+00  0.000000e+00  5.700000e-01  
3.894440e-01  2.414823e-01  5.751285e-01  0.000000e+00  0.000000e+00  5.700000e-01  3.894440e-01  2.414823e-01  9.306684e-01  0.000000e+00  0.000000e+00  5.700000e-01  1.000000e+00  1.000000e+00  0.000000e+00  0.000000e+00  0.000000e+00  5.700000e-01  1.000000e+00  1.000000e+00  0.000000e+00  0.000000e+00  0.000000e+00  5.700000e-01  1.000000e+00  1.000000e+00  0.000000e+00  0.000000e+00  0.000000e+00  5.700000e-01  1.000000e+00  1.000000e+00  0.000000e+00  0.000000e+00  0.000000e+00  5.700000e-01  
7.268540e-01  3.383928e+00  5.748934e-01  0.000000e+00  0.000000e+00  5.700000e-01  7.268540e-01  3.383928e+00  6.419493e-01  0.000000e+00  0.000000e+00  5.700000e-01  1.000000e+00  1.000000e+00  0.000000e+00  0.000000e+00  0.000000e+00  5.700000e-01  1.000000e+00  1.000000e+00  0.000000e+00  0.000000e+00  0.000000e+00  5.700000e-01  1.000000e+00  1.000000e+00  0.000000e+00  0.000000e+00  0.000000e+00  5.700000e-01  1.000000e+00  1.000000e+00  0.000000e+00  0.000000e+00  0.000000e+00  5.700000e-01  
9.249814e-01  2.170479e+00  7.315339e-01  0.000000e+00  0.000000e+00  5.700000e-01  9.249814e-01  2.170479e+00  8.110375e-01  0.000000e+00  0.000000e+00  5.700000e-01  1.000000e+00  1.000000e+00  0.000000e+00  0.000000e+00  0.000000e+00  5.700000e-01  1.000000e+00  1.000000e+00  0.000000e+00  0.000000e+00  0.000000e+00  5.700000e-01  1.000000e+00  1.000000e+00  0.000000e+00  0.000000e+00  0.000000e+00  5.700000e-01  1.000000e+00  1.000000e+00  0.000000e+00  0.000000e+00  0.000000e+00  5.700000e-01  
7.757778e-01  2.945275e+00  5.383704e-01  0.000000e+00  0.000000e+00  5.700000e-01  7.757778e-01  2.945275e+00  9.041035e-01  0.000000e+00  0.000000e+00  5.700000e-01  1.000000e+00  1.000000e+00  0.000000e+00  0.000000e+00  0.000000e+00  5.700000e-01  1.000000e+00  1.000000e+00  0.000000e+00  0.000000e+00  0.000000e+00  5.700000e-01  1.000000e+00  1.000000e+00  0.000000e+00  0.000000e+00  0.000000e+00  5.700000e-01  1.000000e+00  1.000000e+00  0.000000e+00  0.000000e+00  0.000000e+00  5.700000e-01  
8.415273e-01  2.888904e+00  5.477007e-01  0.000000e+00  0.000000e+00  5.700000e-01  8.415273e-01  2.888904e+00  9.627916e-01  0.000000e+00  0.000000e+00  5.700000e-01  1.000000e+00  1.000000e+00  0.000000e+00  0.000000e+00  0.000000e+00  5.700000e-01  1.000000e+00  1.000000e+00  0.000000e+00  0.000000e+00  0.000000e+00  5.700000e-01  1.000000e+00  1.000000e+00  0.000000e+00  0.000000e+00  0.000000e+00  5.700000e-01  1.000000e+00  1.000000e+00  0.000000e+00  0.000000e+00  0.000000e+00  5.700000e-01  
1.247835e+00  3.920455e+00  6.222672e-01  0.000000e+00  0.000000e+00  5.700000e-01  1.247835e+00  3.920455e+00  9.149005e-01  0.000000e+00  0.000000e+00  5.700000e-01  1.000000e+00  1.000000e+00  0.000000e+00  0.000000e+00  0.000000e+00  5.700000e-01  1.000000e+00  1.000000e+00  0.000000e+00  0.000000e+00  0.000000e+00  5.700000e-01  1.000000e+00  1.000000e+00  0.000000e+00  0.000000e+00  0.000000e+00  5.700000e-01  1.000000e+00  1.000000e+00  0.000000e+00  0.000000e+00  0.000000e+00  5.700000e-01  
8.463606e-01  2.962299e+00  6.806953e-01  0.000000e+00  0.000000e+00  5.700000e-01  8.463606e-01  2.962299e+00  3.693528e-01  0.000000e+00  0.000000e+00  5.700000e-01  1.000000e+00  1.000000e+00  0.000000e+00  0.000000e+00  0.000000e+00  5.700000e-01  1.000000e+00  1.000000e+00  0.000000e+00  0.000000e+00  0.000000e+00  5.700000e-01  1.000000e+00  1.000000e+00  0.000000e+00  0.000000e+00  0.000000e+00  5.700000e-01  1.000000e+00  1.000000e+00  0.000000e+00  0.000000e+00  0.000000e+00  5.700000e-01  
9.070617e-01  2.873407e+00  6.481901e-01  0.000000e+00  0.000000e+00  5.700000e-01  9.070617e-01  2.873407e+00  8.862948e-02  0.000000e+00  0.000000e+00  5.700000e-01  1.000000e+00  1.000000e+00  0.000000e+00  0.000000e+00  0.000000e+00  5.700000e-01  1.000000e+00  1.000000e+00  0.000000e+00  0.000000e+00  0.000000e+00  5.700000e-01  1.000000e+00  1.000000e+00  0.000000e+00  0.000000e+00  0.000000e+00  5.700000e-01  1.000000e+00  1.000000e+00  0.000000e+00  0.000000e+00  0.000000e+00  5.700000e-01  
1.048929e+00  3.464341e+00  6.103561e-01  0.000000e+00  0.000000e+00  5.700000e-01  1.048929e+00  3.464341e+00  4.050350e-02  0.000000e+00  0.000000e+00  5.700000e-01  1.000000e+00  1.000000e+00  0.000000e+00  0.000000e+00  0.000000e+00  5.700000e-01  1.000000e+00  1.000000e+00  0.000000e+00  0.000000e+00  0.000000e+00  5.700000e-01  1.000000e+00  1.000000e+00  0.000000e+00  0.000000e+00  0.000000e+00  5.700000e-01  1.000000e+00  1.000000e+00  0.000000e+00  0.000000e+00  0.000000e+00  5.700000e-01  
1.068718e+00  3.885486e+00  6.497731e-01  0.000000e+00  0.000000e+00  5.700000e-01  1.068718e+00  3.885486e+00  8.060496e-01  0.000000e+00  0.000000e+00  5.700000e-01  1.000000e+00  1.000000e+00  0.000000e+00  0.000000e+00  0.000000e+00  5.700000e-01  1.000000e+00  1.000000e+00  0.000000e+00  0.000000e+00  0.000000e+00  5.700000e-01  1.000000e+00  1.000000e+00  0.000000e+00  0.000000e+00  0.000000e+00  5.700000e-01  1.000000e+00  1.000000e+00  0.000000e+00  0.000000e+00  0.000000e+00  5.700000e-01  
6.978853e-01  2.778603e+00  4.963322e-01  0.000000e+00  0.000000e+00  5.700000e-01  6.978853e-01  2.778603e+00  8.485737e-01  0.000000e+00  0.000000e+00  5.700000e-01  1.000000e+00  1.000000e+00  0.000000e+00  0.000000e+00  0.000000e+00  5.700000e-01  1.000000e+00  1.000000e+00  0.000000e+00  0.000000e+00  0.000000e+00  5.700000e-01  1.000000e+00  1.000000e+00  0.000000e+00  0.000000e+00  0.000000e+00  5.700000e-01  1.000000e+00  1.000000e+00  0.000000e+00  0.000000e+00  0.000000e+00  5.700000e-01  
1.097151e+00  4.179487e+00  5.950024e-01  0.000000e+00  0.000000e+00  5.700000e-01  1.097151e+00  4.179487e+00  6.883704e-01  0.000000e+00  0.000000e+00  5.700000e-01  1.000000e+00  1.000000e+00  0.000000e+00  0.000000e+00  0.000000e+00  5.700000e-01  1.000000e+00  1.000000e+00  0.000000e+00  0.000000e+00  0.000000e+00  5.700000e-01  1.000000e+00  1.000000e+00  0.000000e+00  0.000000e+00  0.000000e+00  5.700000e-01  1.000000e+00  1.000000e+00  0.000000e+00  0.000000e+00  0.000000e+00  5.700000e-01  
1.086191e+00  3.212598e+00  6.434910e-01  0.000000e+00  0.000000e+00  5.700000e-01  1.086191e+00  3.212598e+00  3.717260e-01  0.000000e+00  0.000000e+00  5.700000e-01  1.000000e+00  1.000000e+00  0.000000e+00  0.000000e+00  0.000000e+00  5.700000e-01  1.000000e+00  1.000000e+00  0.000000e+00  0.000000e+00  0.000000e+00  5.700000e-01  1.000000e+00  1.000000e+00  0.000000e+00  0.000000e+00  0.000000e+00  5.700000e-01  1.000000e+00  1.000000e+00  0.000000e+00  0.000000e+00  0.000000e+00  5.700000e-01  
8.842631e-01  2.394603e+00  6.817958e-01  0.000000e+00  0.000000e+00  5.700000e-01  8.842631e-01  2.394603e+00  7.427566e-01  0.000000e+00  0.000000e+00  5.700000e-01  1.000000e+00  1.000000e+00  0.000000e+00  0.000000e+00  0.000000e+00  5.700000e-01  1.000000e+00  1.000000e+00  0.000000e+00  0.000000e+00  0.000000e+00  5.700000e-01  1.000000e+00  1.000000e+00  0.000000e+00  0.000000e+00  0.000000e+00  5.700000e-01  1.000000e+00  1.000000e+00  0.000000e+00  0.000000e+00  0.000000e+00  5.700000e-01  
6.824343e-01  1.932606e+00  6.547860e-01  0.000000e+00  0.000000e+00  5.700000e-01  6.824343e-01  1.932606e+00  8.460978e-01  0.000000e+00  0.000000e+00  5.700000e-01  1.000000e+00  1.000000e+00  0.000000e+00  0.000000e+00  0.000000e+00  5.700000e-01  1.000000e+00  1.000000e+00  0.000000e+00  0.000000e+00  0.000000e+00  5.700000e-01  1.000000e+00  1.000000e+00  0.000000e+00  0.000000e+00  0.000000e+00  5.700000e-01  1.000000e+00  1.000000e+00  0.000000e+00  0.000000e+00  0.000000e+00  5.700000e-01  
8.819397e-01  3.137551e+00  6.229736e-01  0.000000e+00  0.000000e+00  5.700000e-01  8.819397e-01  3.137551e+00  1.971039e-01  0.000000e+00  0.000000e+00  5.700000e-01  1.000000e+00  1.000000e+00  0.000000e+00  0.000000e+00  0.000000e+00  5.700000e-01  1.000000e+00  1.000000e+00  0.000000e+00  0.000000e+00  0.000000e+00  5.700000e-01  1.000000e+00  1.000000e+00  0.000000e+00  0.000000e+00  0.000000e+00  5.700000e-01  1.000000e+00  1.000000e+00  0.000000e+00  0.000000e+00  0.000000e+00  5.700000e-01  
8.896782e-01  2.501851e+00  6.117035e-01  0.000000e+00  0.000000e+00  5.700000e-01  8.896782e-01  2.501851e+00  6.324871e-01  0.000000e+00  0.000000e+00  5.700000e-01  1.000000e+00  1.000000e+00  0.000000e+00  0.000000e+00  0.000000e+00  5.700000e-01  1.000000e+00  1.000000e+00  0.000000e+00  0.000000e+00  0.000000e+00  5.700000e-01  1.000000e+00  1.000000e+00  0.000000e+00  0.000000e+00  0.000000e+00  5.700000e-01  1.000000e+00  1.000000e+00  0.000000e+00  0.000000e+00  0.000000e+00  5.700000e-01  
4.047137e-01  9.154161e-01  4.873924e-01  0.000000e+00  0.000000e+00  5.700000e-01  4.047137e-01  9.154161e-01  6.066003e-01  0.000000e+00  0.000000e+00  5.700000e-01  1.000000e+00  1.000000e+00  0.000000e+00  0.000000e+00  0.000000e+00  5.700000e-01  1.000000e+00  1.000000e+00  0.000000e+00  0.000000e+00  0.000000e+00  5.700000e-01  1.000000e+00  1.000000e+00  0.000000e+00  0.000000e+00  0.000000e+00  5.700000e-01  1.000000e+00  1.000000e+00  0.000000e+00  0.000000e+00  0.000000e+00  5.700000e-01  
7.133282e-01  2.274332e+00  4.993789e-01  0.000000e+00  0.000000e+00  5.700000e-01  7.133282e-01  2.274332e+00  5.817053e-01  0.000000e+00  0.000000e+00  5.700000e-01  1.000000e+00  1.000000e+00  0.000000e+00  0.000000e+00  0.000000e+00  5.700000e-01  1.000000e+00  1.000000e+00  0.000000e+00  0.000000e+00  0.000000e+00  5.700000e-01  1.000000e+00  1.000000e+00  0.000000e+00  0.000000e+00  0.000000e+00  5.700000e-01  1.000000e+00  1.000000e+00  0.000000e+00  0.000000e+00  0.000000e+00  5.700000e-01  
1.100113e+00  3.239071e+00  6.385494e-01  0.000000e+00  0.000000e+00  5.700000e-01  1.100113e+00  3.239071e+00  9.087444e-01  0.000000e+00  0.000000e+00  5.700000e-01  1.000000e+00  1.000000e+00  0.000000e+00  0.000000e+00  0.000000e+00  5.700000e-01  1.000000e+00  1.000000e+00  0.000000e+00  0.000000e+00  0.000000e+00  5.700000e-01  1.000000e+00  1.000000e+00  0.000000e+00  0.000000e+00  0.000000e+00  5.700000e-01  1.000000e+00  1.000000e+00  0.000000e+00  0.000000e+00  0.000000e+00  5.700000e-01  
5.938797e-01  6.443051e-01  8.376090e-01  0.000000e+00  0.000000e+00  5.700000e-01  5.938797e-01  6.443051e-01  5.837097e-01  0.000000e+00  0.000000e+00  5.700000e-01  1.000000e+00  1.000000e+00  0.000000e+00  0.000000e+00  0.000000e+00  5.700000e-01  1.000000e+00  1.000000e+00  0.000000e+00  0.000000e+00  0.000000e+00  5.700000e-01  1.000000e+00  1.000000e+00  0.000000e+00  0.000000e+00  0.000000e+00  5.700000e-01  1.000000e+00  1.000000e+00  0.000000e+00  0.000000e+00  0.000000e+00  5.700000e-01  
7.320815e-01  1.993141e+00  6.073921e-01  0.000000e+00  0.000000e+00  5.700000e-01  7.320815e-01  1.993141e+00  9.094673e-01  0.000000e+00  0.000000e+00  5.700000e-01  1.000000e+00  1.000000e+00  0.000000e+00  0.000000e+00  0.000000e+00  5.700000e-01  1.000000e+00  1.000000e+00  0.000000e+00  0.000000e+00  0.000000e+00  5.700000e-01  1.000000e+00  1.000000e+00  0.000000e+00  0.000000e+00  0.000000e+00  5.700000e-01  1.000000e+00  1.000000e+00  0.000000e+00  0.000000e+00  0.000000e+00  5.700000e-01  
7.543532e-01  3.290235e+00  5.331482e-01  0.000000e+00  0.000000e+00  5.700000e-01  7.543532e-01  3.290235e+00  5.860962e-01  0.000000e+00  0.000000e+00  5.700000e-01  1.000000e+00  1.000000e+00  0.000000e+00  0.000000e+00  0.000000e+00  5.700000e-01  1.000000e+00  1.000000e+00  0.000000e+00  0.000000e+00  0.000000e+00  5.700000e-01  1.000000e+00  1.000000e+00  0.000000e+00  0.000000e+00  0.000000e+00  5.700000e-01  1.000000e+00  1.000000e+00  0.000000e+00  0.000000e+00  0.000000e+00  5.700000e-01  
5.920790e-01  1.317286e+00  6.989292e-01  0.000000e+00  0.000000e+00  5.700000e-01  5.920790e-01  1.317286e+00  6.360632e-01  0.000000e+00  0.000000e+00  5.700000e-01  1.000000e+00  1.000000e+00  0.000000e+00  0.000000e+00  0.000000e+00  5.700000e-01  1.000000e+00  1.000000e+00  0.000000e+00  0.000000e+00  0.000000e+00  5.700000e-01  1.000000e+00  1.000000e+00  0.000000e+00  0.000000e+00  0.000000e+00  5.700000e-01  1.000000e+00  1.000000e+00  0.000000e+00  0.000000e+00  0.000000e+00  5.700000e-01  
4.444794e-01  1.011028e+00  5.213395e-01  0.000000e+00  0.000000e+00  5.700000e-01  4.444794e-01  1.011028e+00  8.772453e-01  0.000000e+00  0.000000e+00  5.700000e-01  1.000000e+00  1.000000e+00  0.000000e+00  0.000000e+00  0.000000e+00  5.700000e-01  1.000000e+00  1.000000e+00  0.000000e+00  0.000000e+00  0.000000e+00  5.700000e-01  1.000000e+00  1.000000e+00  0.000000e+00  0.000000e+00  0.000000e+00  5.700000e-01  1.000000e+00  1.000000e+00  0.000000e+00  0.000000e+00  0.000000e+00  5.700000e-01  
3.405725e-01  1.986744e-01  7.001617e-01  0.000000e+00  0.000000e+00  5.700000e-01  3.405725e-01  1.986744e-01  7.381264e-01  0.000000e+00  0.000000e+00  5.700000e-01  1.000000e+00  1.000000e+00  0.000000e+00  0.000000e+00  0.000000e+00  5.700000e-01  1.000000e+00  1.000000e+00  0.000000e+00  0.000000e+00  0.000000e+00  5.700000e-01  1.000000e+00  1.000000e+00  0.000000e+00  0.000000e+00  0.000000e+00  5.700000e-01  1.000000e+00  1.000000e+00  0.000000e+00  0.000000e+00  0.000000e+00  5.700000e-01  
7.495584e-01  1.262284e+00  7.321714e-01  0.000000e+00  0.000000e+00  5.700000e-01  7.495584e-01  1.262284e+00  5.792975e-01  0.000000e+00  0.000000e+00  5.700000e-01  1.000000e+00  1.000000e+00  0.000000e+00  0.000000e+00  0.000000e+00  5.700000e-01  1.000000e+00  1.000000e+00  0.000000e+00  0.000000e+00  0.000000e+00  5.700000e-01  1.000000e+00  1.000000e+00  0.000000e+00  0.000000e+00  0.000000e+00  5.700000e-01  1.000000e+00  1.000000e+00  0.000000e+00  0.000000e+00  0.000000e+00  5.700000e-01  
6.297883e-01  1.529917e+00  5.831007e-01  0.000000e+00  0.000000e+00  5.700000e-01  6.297883e-01  1.529917e+00  9.901373e-01  0.000000e+00  0.000000e+00  5.700000e-01  1.000000e+00  1.000000e+00  0.000000e+00  0.000000e+00  0.000000e+00  5.700000e-01  1.000000e+00  1.000000e+00  0.000000e+00  0.000000e+00  0.000000e+00  5.700000e-01  1.000000e+00  1.000000e+00  0.000000e+00  0.000000e+00  0.000000e+00  5.700000e-01  1.000000e+00  1.000000e+00  0.000000e+00  0.000000e+00  0.000000e+00  5.700000e-01  
6.367008e-01  1.040533e+00  7.330412e-01  0.000000e+00  0.000000e+00  5.700000e-01  6.367008e-01  1.040533e+00  1.368552e-02  0.000000e+00  0.000000e+00  5.700000e-01  1.000000e+00  1.000000e+00  0.000000e+00  0.000000e+00  0.000000e+00  5.700000e-01  1.000000e+00  1.000000e+00  0.000000e+00  0.000000e+00  0.000000e+00  5.700000e-01  1.000000e+00  1.000000e+00  0.000000e+00  0.000000e+00  0.000000e+00  5.700000e-01  1.000000e+00  1.000000e+00  0.000000e+00  0.000000e+00  0.000000e+00  5.700000e-01  
6.867413e-01  1.306783e+00  6.675858e-01  0.000000e+00  0.000000e+00  5.700000e-01  6.867413e-01  1.306783e+00  3.218489e-01  0.000000e+00  0.000000e+00  5.700000e-01  1.000000e+00  1.000000e+00  0.000000e+00  0.000000e+00  0.000000e+00  5.700000e-01  1.000000e+00  1.000000e+00  0.000000e+00  0.000000e+00  0.000000e+00  5.700000e-01  1.000000e+00  1.000000e+00  0.000000e+00  0.000000e+00  0.000000e+00  5.700000e-01  1.000000e+00  1.000000e+00  0.000000e+00  0.000000e+00  0.000000e+00  5.700000e-01  
7.648845e-01  3.249172e+00  5.778659e-01  0.000000e+00  0.000000e+00  5.700000e-01  7.648845e-01  3.249172e+00  8.209202e-01  0.000000e+00  0.000000e+00  5.700000e-01  1.000000e+00  1.000000e+00  0.000000e+00  0.000000e+00  0.000000e+00  5.700000e-01  1.000000e+00  1.000000e+00  0.000000e+00  0.000000e+00  0.000000e+00  5.700000e-01  1.000000e+00  1.000000e+00  0.000000e+00  0.000000e+00  0.000000e+00  5.700000e-01  1.000000e+00  1.000000e+00  0.000000e+00  0.000000e+00  0.000000e+00  5.700000e-01  
9.199725e-01  2.488407e+00  6.256304e-01  0.000000e+00  0.000000e+00  5.700000e-01  9.199725e-01  2.488407e+00  9.108338e-01  0.000000e+00  0.000000e+00  5.700000e-01  1.000000e+00  1.000000e+00  0.000000e+00  0.000000e+00  0.000000e+00  5.700000e-01  1.000000e+00  1.000000e+00  0.000000e+00  0.000000e+00  0.000000e+00  5.700000e-01  1.000000e+00  1.000000e+00  0.000000e+00  0.000000e+00  0.000000e+00  5.700000e-01  1.000000e+00  1.000000e+00  0.000000e+00  0.000000e+00  0.000000e+00  5.700000e-01  
7.860838e-01  2.063228e+00  6.962178e-01  0.000000e+00  0.000000e+00  5.700000e-01  7.860838e-01  2.063228e+00  6.140703e-01  0.000000e+00  0.000000e+00  5.700000e-01  1.000000e+00  1.000000e+00  0.000000e+00  0.000000e+00  0.000000e+00  5.700000e-01  1.000000e+00  1.000000e+00  0.000000e+00  0.000000e+00  0.000000e+00  5.700000e-01  1.000000e+00  1.000000e+00  0.000000e+00  0.000000e+00  0.000000e+00  5.700000e-01  1.000000e+00  1.000000e+00  0.000000e+00  0.000000e+00  0.000000e+00  5.700000e-01  
6.989759e-01  2.073123e+00  6.843668e-01  0.000000e+00  0.000000e+00  5.700000e-01  6.989759e-01  2.073123e+00  6.811864e-01  0.000000e+00  0.000000e+00  5.700000e-01  1.000000e+00  1.000000e+00  0.000000e+00  0.000000e+00  0.000000e+00  5.700000e-01  1.000000e+00  1.000000e+00  0.000000e+00  0.000000e+00  0.000000e+00  5.700000e-01  1.000000e+00  1.000000e+00  0.000000e+00  0.000000e+00  0.000000e+00  5.700000e-01  1.000000e+00  1.000000e+00  0.000000e+00  0.000000e+00  0.000000e+00  5.700000e-01  
6.100505e-01  2.485169e+00  5.316538e-01  0.000000e+00  0.000000e+00  5.700000e-01  6.100505e-01  2.485169e+00  6.477819e-01  0.000000e+00  0.000000e+00  5.700000e-01  1.000000e+00  1.000000e+00  0.000000e+00  0.000000e+00  0.000000e+00  5.700000e-01  1.000000e+00  1.000000e+00  0.000000e+00  0.000000e+00  0.000000e+00  5.700000e-01  1.000000e+00  1.000000e+00  0.000000e+00  0.000000e+00  0.000000e+00  5.700000e-01  1.000000e+00  1.000000e+00  0.000000e+00  0.000000e+00  0.000000e+00  5.700000e-01  
6.194463e-01  1.778266e+00  5.452896e-01  0.000000e+00  0.000000e+00  5.700000e-01  6.194463e-01  1.778266e+00  9.405203e-01  0.000000e+00  0.000000e+00  5.700000e-01  1.000000e+00  1.000000e+00  0.000000e+00  0.000000e+00  0.000000e+00  5.700000e-01  1.000000e+00  1.000000e+00  0.000000e+00  0.000000e+00  0.000000e+00  5.700000e-01  1.000000e+00  1.000000e+00  0.000000e+00  0.000000e+00  0.000000e+00  5.700000e-01  1.000000e+00  1.000000e+00  0.000000e+00  0.000000e+00  0.000000e+00  5.700000e-01  
6.533445e-01  2.331091e+00  5.811448e-01  0.000000e+00  0.000000e+00  5.700000e-01  6.533445e-01  2.331091e+00  1.910133e-01  0.000000e+00  0.000000e+00  5.700000e-01  1.000000e+00  1.000000e+00  0.000000e+00  0.000000e+00  0.000000e+00  5.700000e-01  1.000000e+00  1.000000e+00  0.000000e+00  0.000000e+00  0.000000e+00  5.700000e-01  1.000000e+00  1.000000e+00  0.000000e+00  0.000000e+00  0.000000e+00  5.700000e-01  1.000000e+00  1.000000e+00  0.000000e+00  0.000000e+00  0.000000e+00  5.700000e-01  
9.037299e-01  3.764180e+00  4.835767e-01  0.000000e+00  0.000000e+00  5.700000e-01  9.037299e-01  3.764180e+00  6.662656e-01  0.000000e+00  0.000000e+00  5.700000e-01  1.000000e+00  1.000000e+00  0.000000e+00  0.000000e+00  0.000000e+00  5.700000e-01  1.000000e+00  1.000000e+00  0.000000e+00  0.000000e+00  0.000000e+00  5.700000e-01  1.000000e+00  1.000000e+00  0.000000e+00  0.000000e+00  0.000000e+00  5.700000e-01  1.000000e+00  1.000000e+00  0.000000e+00  0.000000e+00  0.000000e+00  5.700000e-01  
6.272009e-01  1.565653e+00  7.153982e-01  0.000000e+00  0.000000e+00  5.700000e-01  6.272009e-01  1.565653e+00  7.606509e-01  0.000000e+00  0.000000e+00  5.700000e-01  1.000000e+00  1.000000e+00  0.000000e+00  0.000000e+00  0.000000e+00  5.700000e-01  1.000000e+00  1.000000e+00  0.000000e+00  0.000000e+00  0.000000e+00  5.700000e-01  1.000000e+00  1.000000e+00  0.000000e+00  0.000000e+00  0.000000e+00  5.700000e-01  1.000000e+00  1.000000e+00  0.000000e+00  0.000000e+00  0.000000e+00  5.700000e-01  
9.893895e-01  2.493992e+00  7.088118e-01  0.000000e+00  0.000000e+00  5.700000e-01  9.893895e-01  2.493992e+00  2.644082e-01  0.000000e+00  0.000000e+00  5.700000e-01  1.000000e+00  1.000000e+00  0.000000e+00  0.000000e+00  0.000000e+00  5.700000e-01  1.000000e+00  1.000000e+00  0.000000e+00  0.000000e+00  0.000000e+00  5.700000e-01  1.000000e+00  1.000000e+00  0.000000e+00  0.000000e+00  0.000000e+00  5.700000e-01  1.000000e+00  1.000000e+00  0.000000e+00  0.000000e+00  0.000000e+00  5.700000e-01  
7.462819e-01  2.142103e+00  6.442021e-01  0.000000e+00  0.000000e+00  5.700000e-01  7.462819e-01  2.142103e+00  8.297301e-01  0.000000e+00  0.000000e+00  5.700000e-01  1.000000e+00  1.000000e+00  0.000000e+00  0.000000e+00  0.000000e+00  5.700000e-01  1.000000e+00  1.000000e+00  0.000000e+00  0.000000e+00  0.000000e+00  5.700000e-01  1.000000e+00  1.000000e+00  0.000000e+00  0.000000e+00  0.000000e+00  5.700000e-01  1.000000e+00  1.000000e+00  0.000000e+00  0.000000e+00  0.000000e+00  5.700000e-01  
7.581834e-01  2.144250e+00  6.429729e-01  0.000000e+00  0.000000e+00  5.700000e-01  7.581834e-01  2.144250e+00  6.291758e-01  0.000000e+00  0.000000e+00  5.700000e-01  1.000000e+00  1.000000e+00  0.000000e+00  0.000000e+00  0.000000e+00  5.700000e-01  1.000000e+00  1.000000e+00  0.000000e+00  0.000000e+00  0.000000e+00  5.700000e-01  1.000000e+00  1.000000e+00  0.000000e+00  0.000000e+00  0.000000e+00  5.700000e-01  1.000000e+00  1.000000e+00  0.000000e+00  0.000000e+00  0.000000e+00  5.700000e-01  
7.014827e-01  2.491580e+00  5.598846e-01  0.000000e+00  0.000000e+00  5.700000e-01  7.014827e-01  2.491580e+00  7.773668e-01  0.000000e+00  0.000000e+00  5.700000e-01  1.000000e+00  1.000000e+00  0.000000e+00  0.000000e+00  0.000000e+00  5.700000e-01  1.000000e+00  1.000000e+00  0.000000e+00  0.000000e+00  0.000000e+00  5.700000e-01  1.000000e+00  1.000000e+00  0.000000e+00  0.000000e+00  0.000000e+00  5.700000e-01  1.000000e+00  1.000000e+00  0.000000e+00  0.000000e+00  0.000000e+00  5.700000e-01  
5.495840e-01  9.896953e-01  6.590335e-01  0.000000e+00  0.000000e+00  5.700000e-01  5.495840e-01  9.896953e-01  3.578668e-01  0.000000e+00  0.000000e+00  5.700000e-01  1.000000e+00  1.000000e+00  0.000000e+00  0.000000e+00  0.000000e+00  5.700000e-01  1.000000e+00  1.000000e+00  0.000000e+00  0.000000e+00  0.000000e+00  5.700000e-01  1.000000e+00  1.000000e+00  0.000000e+00  0.000000e+00  0.000000e+00  5.700000e-01  1.000000e+00  1.000000e+00  0.000000e+00  0.000000e+00  0.000000e+00  5.700000e-01  
7.431770e-01  2.863830e+00  5.096472e-01  0.000000e+00  0.000000e+00  5.700000e-01  7.431770e-01  2.863830e+00  8.158512e-01  0.000000e+00  0.000000e+00  5.700000e-01  1.000000e+00  1.000000e+00  0.000000e+00  0.000000e+00  0.000000e+00  5.700000e-01  1.000000e+00  1.000000e+00  0.000000e+00  0.000000e+00  0.000000e+00  5.700000e-01  1.000000e+00  1.000000e+00  0.000000e+00  0.000000e+00  0.000000e+00  5.700000e-01  1.000000e+00  1.000000e+00  0.000000e+00  0.000000e+00  0.000000e+00  5.700000e-01  
4.275638e-01  1.501945e+00  4.935731e-01  0.000000e+00  0.000000e+00  5.700000e-01  4.275638e-01  1.501945e+00  2.076930e-01  0.000000e+00  0.000000e+00  5.700000e-01  1.000000e+00  1.000000e+00  0.000000e+00  0.000000e+00  0.000000e+00  5.700000e-01  1.000000e+00  1.000000e+00  0.000000e+00  0.000000e+00  0.000000e+00  5.700000e-01  1.000000e+00  1.000000e+00  0.000000e+00  0.000000e+00  0.000000e+00  5.700000e-01  1.000000e+00  1.000000e+00  0.000000e+00  0.000000e+00  0.000000e+00  5.700000e-01  
6.671135e-01  2.075338e+00  6.201791e-01  0.000000e+00  0.000000e+00  5.700000e-01  6.671135e-01  2.075338e+00  9.167300e-01  0.000000e+00  0.000000e+00  5.700000e-01  1.000000e+00  1.000000e+00  0.000000e+00  0.000000e+00  0.000000e+00  5.700000e-01  1.000000e+00  1.000000e+00  0.000000e+00  0.000000e+00  0.000000e+00  5.700000e-01  1.000000e+00  1.000000e+00  0.000000e+00  0.000000e+00  0.000000e+00  5.700000e-01  1.000000e+00  1.000000e+00  0.000000e+00  0.000000e+00  0.000000e+00  5.700000e-01  
5.188590e-01  5.877190e-01  6.498251e-01  0.000000e+00  0.000000e+00  5.700000e-01  5.188590e-01  5.877190e-01  9.703726e-01  0.000000e+00  0.000000e+00  5.700000e-01  1.000000e+00  1.000000e+00  0.000000e+00  0.000000e+00  0.000000e+00  5.700000e-01  1.000000e+00  1.000000e+00  0.000000e+00  0.000000e+00  0.000000e+00  5.700000e-01  1.000000e+00  1.000000e+00  0.000000e+00  0.000000e+00  0.000000e+00  5.700000e-01  1.000000e+00  1.000000e+00  0.000000e+00  0.000000e+00  0.000000e+00  5.700000e-01  
1.047359e+00  2.542684e+00  7.018495e-01  0.000000e+00  0.000000e+00  5.700000e-01  1.047359e+00  2.542684e+00  9.670929e-01  0.000000e+00  0.000000e+00  5.700000e-01  1.000000e+00  1.000000e+00  0.000000e+00  0.000000e+00  0.000000e+00  5.700000e-01  1.000000e+00  1.000000e+00  0.000000e+00  0.000000e+00  0.000000e+00  5.700000e-01  1.000000e+00  1.000000e+00  0.000000e+00  0.000000e+00  0.000000e+00  5.700000e-01  1.000000e+00  1.000000e+00  0.000000e+00  0.000000e+00  0.000000e+00  5.700000e-01  
5.084180e-01  1.177368e+00  5.650557e-01  0.000000e+00  0.000000e+00  5.700000e-01  5.084180e-01  1.177368e+00  7.175058e-01  0.000000e+00  0.000000e+00  5.700000e-01  1.000000e+00  1.000000e+00  0.000000e+00  0.000000e+00  0.000000e+00  5.700000e-01  1.000000e+00  1.000000e+00  0.000000e+00  0.000000e+00  0.000000e+00  5.700000e-01  1.000000e+00  1.000000e+00  0.000000e+00  0.000000e+00  0.000000e+00  5.700000e-01  1.000000e+00  1.000000e+00  0.000000e+00  0.000000e+00  0.000000e+00  5.700000e-01  
8.365251e-01  2.499733e+00  6.792516e-01  0.000000e+00  0.000000e+00  5.700000e-01  8.365251e-01  2.499733e+00  4.737122e-01  0.000000e+00  0.000000e+00  5.700000e-01  1.000000e+00  1.000000e+00  0.000000e+00  0.000000e+00  0.000000e+00  5.700000e-01  1.000000e+00  1.000000e+00  0.000000e+00  0.000000e+00  0.000000e+00  5.700000e-01  1.000000e+00  1.000000e+00  0.000000e+00  0.000000e+00  0.000000e+00  5.700000e-01  1.000000e+00  1.000000e+00  0.000000e+00  0.000000e+00  0.000000e+00  5.700000e-01  
7.415155e-01  1.982008e+00  5.559278e-01  0.000000e+00  0.000000e+00  5.700000e-01  7.415155e-01  1.982008e+00  6.203617e-01  0.000000e+00  0.000000e+00  5.700000e-01  1.000000e+00  1.000000e+00  0.000000e+00  0.000000e+00  0.000000e+00  5.700000e-01  1.000000e+00  1.000000e+00  0.000000e+00  0.000000e+00  0.000000e+00  5.700000e-01  1.000000e+00  1.000000e+00  0.000000e+00  0.000000e+00  0.000000e+00  5.700000e-01  1.000000e+00  1.000000e+00  0.000000e+00  0.000000e+00  0.000000e+00  5.700000e-01  
8.395373e-01  2.518011e+00  6.718370e-01  0.000000e+00  0.000000e+00  5.700000e-01  8.395373e-01  2.518011e+00  9.274164e-01  0.000000e+00  0.000000e+00  5.700000e-01  1.000000e+00  1.000000e+00  0.000000e+00  0.000000e+00  0.000000e+00  5.700000e-01  1.000000e+00  1.000000e+00  0.000000e+00  0.000000e+00  0.000000e+00  5.700000e-01  1.000000e+00  1.000000e+00  0.000000e+00  0.000000e+00  0.000000e+00  5.700000e-01  1.000000e+00  1.000000e+00  0.000000e+00  0.000000e+00  0.000000e+00  5.700000e-01  
8.952565e-01  2.821900e+00  6.519906e-01  0.000000e+00  0.000000e+00  5.700000e-01  8.952565e-01  2.821900e+00  5.494111e-01  0.000000e+00  0.000000e+00  5.700000e-01  1.000000e+00  1.000000e+00  0.000000e+00  0.000000e+00  0.000000e+00  5.700000e-01  1.000000e+00  1.000000e+00  0.000000e+00  0.000000e+00  0.000000e+00  5.700000e-01  1.000000e+00  1.000000e+00  0.000000e+00  0.000000e+00  0.000000e+00  5.700000e-01  1.000000e+00  1.000000e+00  0.000000e+00  0.000000e+00  0.000000e+00  5.700000e-01  
9.317459e-01  2.864467e+00  6.701543e-01  0.000000e+00  0.000000e+00  5.700000e-01  9.317459e-01  2.864467e+00  6.565567e-01  0.000000e+00  0.000000e+00  5.700000e-01  1.000000e+00  1.000000e+00  0.000000e+00  0.000000e+00  0.000000e+00  5.700000e-01  1.000000e+00  1.000000e+00  0.000000e+00  0.000000e+00  0.000000e+00  5.700000e-01  1.000000e+00  1.000000e+00  0.000000e+00  0.000000e+00  0.000000e+00  5.700000e-01  1.000000e+00  1.000000e+00  0.000000e+00  0.000000e+00  0.000000e+00  5.700000e-01  
1.090395e+00  2.635978e+00  6.374247e-01  0.000000e+00  0.000000e+00  5.700000e-01  1.090395e+00  2.635978e+00  9.276666e-01  0.000000e+00  0.000000e+00  5.700000e-01  1.000000e+00  1.000000e+00  0.000000e+00  0.000000e+00  0.000000e+00  5.700000e-01  1.000000e+00  1.000000e+00  0.000000e+00  0.000000e+00  0.000000e+00  5.700000e-01  1.000000e+00  1.000000e+00  0.000000e+00  0.000000e+00  0.000000e+00  5.700000e-01  1.000000e+00  1.000000e+00  0.000000e+00  0.000000e+00  0.000000e+00  5.700000e-01  
8.239576e-01  2.477833e+00  7.152851e-01  0.000000e+00  0.000000e+00  5.700000e-01  8.239576e-01  2.477833e+00  5.087419e-01  0.000000e+00  0.000000e+00  5.700000e-01  1.000000e+00  1.000000e+00  0.000000e+00  0.000000e+00  0.000000e+00  5.700000e-01  1.000000e+00  1.000000e+00  0.000000e+00  0.000000e+00  0.000000e+00  5.700000e-01  1.000000e+00  1.000000e+00  0.000000e+00  0.000000e+00  0.000000e+00  5.700000e-01  1.000000e+00  1.000000e+00  0.000000e+00  0.000000e+00  0.000000e+00  5.700000e-01  
9.215451e-01  3.318667e+00  5.955886e-01  0.000000e+00  0.000000e+00  5.700000e-01  9.215451e-01  3.318667e+00  5.515432e-01  0.000000e+00  0.000000e+00  5.700000e-01  1.000000e+00  1.000000e+00  0.000000e+00  0.000000e+00  0.000000e+00  5.700000e-01  1.000000e+00  1.000000e+00  0.000000e+00  0.000000e+00  0.000000e+00  5.700000e-01  1.000000e+00  1.000000e+00  0.000000e+00  0.000000e+00  0.000000e+00  5.700000e-01  1.000000e+00  1.000000e+00  0.000000e+00  0.000000e+00  0.000000e+00  5.700000e-01  
8.137925e-01  3.232810e+00  5.793084e-01  0.000000e+00  0.000000e+00  5.700000e-01  8.137925e-01  3.232810e+00  7.598699e-01  0.000000e+00  0.000000e+00  5.700000e-01  1.000000e+00  1.000000e+00  0.000000e+00  0.000000e+00  0.000000e+00  5.700000e-01  1.000000e+00  1.000000e+00  0.000000e+00  0.000000e+00  0.000000e+00  5.700000e-01  1.000000e+00  1.000000e+00  0.000000e+00  0.000000e+00  0.000000e+00  5.700000e-01  1.000000e+00  1.000000e+00  0.000000e+00  0.000000e+00  0.000000e+00  5.700000e-01  
7.608870e-01  2.038679e+00  6.491676e-01  0.000000e+00  0.000000e+00  5.700000e-01  7.608870e-01  2.038679e+00  9.381246e-01  0.000000e+00  0.000000e+00  5.700000e-01  1.000000e+00  1.000000e+00  0.000000e+00  0.000000e+00  0.000000e+00  5.700000e-01  1.000000e+00  1.000000e+00  0.000000e+00  0.000000e+00  0.000000e+00  5.700000e-01  1.000000e+00  1.000000e+00  0.000000e+00  0.000000e+00  0.000000e+00  5.700000e-01  1.000000e+00  1.000000e+00  0.000000e+00  0.000000e+00  0.000000e+00  5.700000e-01  
9.358435e-01  3.407838e+00  5.538186e-01  0.000000e+00  0.000000e+00  5.700000e-01  9.358435e-01  3.407838e+00  7.112564e-01  0.000000e+00  0.000000e+00  5.700000e-01  1.000000e+00  1.000000e+00  0.000000e+00  0.000000e+00  0.000000e+00  5.700000e-01  1.000000e+00  1.000000e+00  0.000000e+00  0.000000e+00  0.000000e+00  5.700000e-01  1.000000e+00  1.000000e+00  0.000000e+00  0.000000e+00  0.000000e+00  5.700000e-01  1.000000e+00  1.000000e+00  0.000000e+00  0.000000e+00  0.000000e+00  5.700000e-01  
7.503710e-01  3.173020e+00  4.359567e-01  0.000000e+00  0.000000e+00  5.700000e-01  7.503710e-01  3.173020e+00  7.568625e-01  0.000000e+00  0.000000e+00  5.700000e-01  1.000000e+00  1.000000e+00  0.000000e+00  0.000000e+00  0.000000e+00  5.700000e-01  1.000000e+00  1.000000e+00  0.000000e+00  0.000000e+00  0.000000e+00  5.700000e-01  1.000000e+00  1.000000e+00  0.000000e+00  0.000000e+00  0.000000e+00  5.700000e-01  1.000000e+00  1.000000e+00  0.000000e+00  0.000000e+00  0.000000e+00  5.700000e-01  
5.737385e-01  1.429619e+00  6.403551e-01  0.000000e+00  0.000000e+00  5.700000e-01  5.737385e-01  1.429619e+00  3.695055e-01  0.000000e+00  0.000000e+00  5.700000e-01  1.000000e+00  1.000000e+00  0.000000e+00  0.000000e+00  0.000000e+00  5.700000e-01  1.000000e+00  1.000000e+00  0.000000e+00  0.000000e+00  0.000000e+00  5.700000e-01  1.000000e+00  1.000000e+00  0.000000e+00  0.000000e+00  0.000000e+00  5.700000e-01  1.000000e+00  1.000000e+00  0.000000e+00  0.000000e+00  0.000000e+00  5.700000e-01  
5.422649e-01  6.818968e-01  6.393634e-01  0.000000e+00  0.000000e+00  5.700000e-01  5.422649e-01  6.818968e-01  -1.783893e-01  0.000000e+00  0.000000e+00  5.700000e-01  1.000000e+00  1.000000e+00  0.000000e+00  0.000000e+00  0.000000e+00  5.700000e-01  1.000000e+00  1.000000e+00  0.000000e+00  0.000000e+00  0.000000e+00  5.700000e-01  1.000000e+00  1.000000e+00  0.000000e+00  0.000000e+00  0.000000e+00  5.700000e-01  1.000000e+00  1.000000e+00  0.000000e+00  0.000000e+00  0.000000e+00  5.700000e-01  
1.063367e+00  4.814967e+00  5.792853e-01  0.000000e+00  0.000000e+00  5.700000e-01  1.063367e+00  4.814967e+00  9.479709e-01  0.000000e+00  0.000000e+00  5.700000e-01  1.000000e+00  1.000000e+00  0.000000e+00  0.000000e+00  0.000000e+00  5.700000e-01  1.000000e+00  1.000000e+00  0.000000e+00  0.000000e+00  0.000000e+00  5.700000e-01  1.000000e+00  1.000000e+00  0.000000e+00  0.000000e+00  0.000000e+00  5.700000e-01  1.000000e+00  1.000000e+00  0.000000e+00  0.000000e+00  0.000000e+00  5.700000e-01  
6.046871e-01  1.672155e+00  6.048813e-01  0.000000e+00  0.000000e+00  5.700000e-01  6.046871e-01  1.672155e+00  -2.523455e-01  0.000000e+00  0.000000e+00  5.700000e-01  1.000000e+00  1.000000e+00  0.000000e+00  0.000000e+00  0.000000e+00  5.700000e-01  1.000000e+00  1.000000e+00  0.000000e+00  0.000000e+00  0.000000e+00  5.700000e-01  1.000000e+00  1.000000e+00  0.000000e+00  0.000000e+00  0.000000e+00  5.700000e-01  1.000000e+00  1.000000e+00  0.000000e+00  0.000000e+00  0.000000e+00  5.700000e-01  
1.261740e+00  3.748598e+00  7.834069e-01  0.000000e+00  0.000000e+00  5.700000e-01  1.261740e+00  3.748598e+00  3.455705e-01  0.000000e+00  0.000000e+00  5.700000e-01  1.000000e+00  1.000000e+00  0.000000e+00  0.000000e+00  0.000000e+00  5.700000e-01  1.000000e+00  1.000000e+00  0.000000e+00  0.000000e+00  0.000000e+00  5.700000e-01  1.000000e+00  1.000000e+00  0.000000e+00  0.000000e+00  0.000000e+00  5.700000e-01  1.000000e+00  1.000000e+00  0.000000e+00  0.000000e+00  0.000000e+00  5.700000e-01  
1.053418e+00  3.786245e+00  5.518002e-01  0.000000e+00  0.000000e+00  5.700000e-01  1.053418e+00  3.786245e+00  8.217658e-01  0.000000e+00  0.000000e+00  5.700000e-01  1.000000e+00  1.000000e+00  0.000000e+00  0.000000e+00  0.000000e+00  5.700000e-01  1.000000e+00  1.000000e+00  0.000000e+00  0.000000e+00  0.000000e+00  5.700000e-01  1.000000e+00  1.000000e+00  0.000000e+00  0.000000e+00  0.000000e+00  5.700000e-01  1.000000e+00  1.000000e+00  0.000000e+00  0.000000e+00  0.000000e+00  5.700000e-01  
7.730535e-01  1.984422e+00  5.622920e-01  0.000000e+00  0.000000e+00  5.700000e-01  7.730535e-01  1.984422e+00  8.699428e-01  0.000000e+00  0.000000e+00  5.700000e-01  1.000000e+00  1.000000e+00  0.000000e+00  0.000000e+00  0.000000e+00  5.700000e-01  1.000000e+00  1.000000e+00  0.000000e+00  0.000000e+00  0.000000e+00  5.700000e-01  1.000000e+00  1.000000e+00  0.000000e+00  0.000000e+00  0.000000e+00  5.700000e-01  1.000000e+00  1.000000e+00  0.000000e+00  0.000000e+00  0.000000e+00  5.700000e-01  
5.911912e-01  2.357317e+00  5.393506e-01  0.000000e+00  0.000000e+00  5.700000e-01  5.911912e-01  2.357317e+00  7.680644e-01  0.000000e+00  0.000000e+00  5.700000e-01  1.000000e+00  1.000000e+00  0.000000e+00  0.000000e+00  0.000000e+00  5.700000e-01  1.000000e+00  1.000000e+00  0.000000e+00  0.000000e+00  0.000000e+00  5.700000e-01  1.000000e+00  1.000000e+00  0.000000e+00  0.000000e+00  0.000000e+00  5.700000e-01  1.000000e+00  1.000000e+00  0.000000e+00  0.000000e+00  0.000000e+00  5.700000e-01  
6.242352e-01  1.011264e+00  7.402318e-01  0.000000e+00  0.000000e+00  5.700000e-01  6.242352e-01  1.011264e+00  9.886684e-01  0.000000e+00  0.000000e+00  5.700000e-01  1.000000e+00  1.000000e+00  0.000000e+00  0.000000e+00  0.000000e+00  5.700000e-01  1.000000e+00  1.000000e+00  0.000000e+00  0.000000e+00  0.000000e+00  5.700000e-01  1.000000e+00  1.000000e+00  0.000000e+00  0.000000e+00  0.000000e+00  5.700000e-01  1.000000e+00  1.000000e+00  0.000000e+00  0.000000e+00  0.000000e+00  5.700000e-01  
6.775070e-01  1.177419e+00  6.643219e-01  0.000000e+00  0.000000e+00  5.700000e-01  6.775070e-01  1.177419e+00  6.545396e-01  0.000000e+00  0.000000e+00  5.700000e-01  1.000000e+00  1.000000e+00  0.000000e+00  0.000000e+00  0.000000e+00  5.700000e-01  1.000000e+00  1.000000e+00  0.000000e+00  0.000000e+00  0.000000e+00  5.700000e-01  1.000000e+00  1.000000e+00  0.000000e+00  0.000000e+00  0.000000e+00  5.700000e-01  1.000000e+00  1.000000e+00  0.000000e+00  0.000000e+00  0.000000e+00  5.700000e-01  
4.142103e-01  6.594148e-01  6.603834e-01  0.000000e+00  0.000000e+00  5.700000e-01  4.142103e-01  6.594148e-01  8.931374e-01  0.000000e+00  0.000000e+00  5.700000e-01  1.000000e+00  1.000000e+00  0.000000e+00  0.000000e+00  0.000000e+00  5.700000e-01  1.000000e+00  1.000000e+00  0.000000e+00  0.000000e+00  0.000000e+00  5.700000e-01  1.000000e+00  1.000000e+00  0.000000e+00  0.000000e+00  0.000000e+00  5.700000e-01  1.000000e+00  1.000000e+00  0.000000e+00  0.000000e+00  0.000000e+00  5.700000e-01  
4.063789e-01  1.089402e+00  5.042413e-01  0.000000e+00  0.000000e+00  5.700000e-01  4.063789e-01  1.089402e+00  5.459031e-01  0.000000e+00  0.000000e+00  5.700000e-01  1.000000e+00  1.000000e+00  0.000000e+00  0.000000e+00  0.000000e+00  5.700000e-01  1.000000e+00  1.000000e+00  0.000000e+00  0.000000e+00  0.000000e+00  5.700000e-01  1.000000e+00  1.000000e+00  0.000000e+00  0.000000e+00  0.000000e+00  5.700000e-01  1.000000e+00  1.000000e+00  0.000000e+00  0.000000e+00  0.000000e+00  5.700000e-01  
4.899882e-01  6.139868e-01  6.020537e-01  0.000000e+00  0.000000e+00  5.700000e-01  4.899882e-01  6.139868e-01  8.287179e-01  0.000000e+00  0.000000e+00  5.700000e-01  1.000000e+00  1.000000e+00  0.000000e+00  0.000000e+00  0.000000e+00  5.700000e-01  1.000000e+00  1.000000e+00  0.000000e+00  0.000000e+00  0.000000e+00  5.700000e-01  1.000000e+00  1.000000e+00  0.000000e+00  0.000000e+00  0.000000e+00  5.700000e-01  1.000000e+00  1.000000e+00  0.000000e+00  0.000000e+00  0.000000e+00  5.700000e-01  
9.214417e-01  3.435086e+00  4.819706e-01  0.000000e+00  0.000000e+00  5.700000e-01  9.214417e-01  3.435086e+00  7.687798e-01  0.000000e+00  0.000000e+00  5.700000e-01  1.000000e+00  1.000000e+00  0.000000e+00  0.000000e+00  0.000000e+00  5.700000e-01  1.000000e+00  1.000000e+00  0.000000e+00  0.000000e+00  0.000000e+00  5.700000e-01  1.000000e+00  1.000000e+00  0.000000e+00  0.000000e+00  0.000000e+00  5.700000e-01  1.000000e+00  1.000000e+00  0.000000e+00  0.000000e+00  0.000000e+00  5.700000e-01  
7.786791e-01  1.647581e+00  7.045767e-01  0.000000e+00  0.000000e+00  5.700000e-01  7.786791e-01  1.647581e+00  5.298706e-01  0.000000e+00  0.000000e+00  5.700000e-01  1.000000e+00  1.000000e+00  0.000000e+00  0.000000e+00  0.000000e+00  5.700000e-01  1.000000e+00  1.000000e+00  0.000000e+00  0.000000e+00  0.000000e+00  5.700000e-01  1.000000e+00  1.000000e+00  0.000000e+00  0.000000e+00  0.000000e+00  5.700000e-01  1.000000e+00  1.000000e+00  0.000000e+00  0.000000e+00  0.000000e+00  5.700000e-01  
4.460561e-01  1.106542e+00  5.279129e-01  0.000000e+00  0.000000e+00  5.700000e-01  4.460561e-01  1.106542e+00  5.171666e-01  0.000000e+00  0.000000e+00  5.700000e-01  1.000000e+00  1.000000e+00  0.000000e+00  0.000000e+00  0.000000e+00  5.700000e-01  1.000000e+00  1.000000e+00  0.000000e+00  0.000000e+00  0.000000e+00  5.700000e-01  1.000000e+00  1.000000e+00  0.000000e+00  0.000000e+00  0.000000e+00  5.700000e-01  1.000000e+00  1.000000e+00  0.000000e+00  0.000000e+00  0.000000e+00  5.700000e-01  
9.430765e-01  4.040177e+00  6.518453e-01  0.000000e+00  0.000000e+00  5.700000e-01  9.430765e-01  4.040177e+00  9.668379e-01  0.000000e+00  0.000000e+00  5.700000e-01  1.000000e+00  1.000000e+00  0.000000e+00  0.000000e+00  0.000000e+00  5.700000e-01  1.000000e+00  1.000000e+00  0.000000e+00  0.000000e+00  0.000000e+00  5.700000e-01  1.000000e+00  1.000000e+00  0.000000e+00  0.000000e+00  0.000000e+00  5.700000e-01  1.000000e+00  1.000000e+00  0.000000e+00  0.000000e+00  0.000000e+00  5.700000e-01  
8.202336e-01  3.209981e+00  6.256402e-01  0.000000e+00  0.000000e+00  5.700000e-01  8.202336e-01  3.209981e+00  9.103190e-01  0.000000e+00  0.000000e+00  5.700000e-01  1.000000e+00  1.000000e+00  0.000000e+00  0.000000e+00  0.000000e+00  5.700000e-01  1.000000e+00  1.000000e+00  0.000000e+00  0.000000e+00  0.000000e+00  5.700000e-01  1.000000e+00  1.000000e+00  0.000000e+00  0.000000e+00  0.000000e+00  5.700000e-01  1.000000e+00  1.000000e+00  0.000000e+00  0.000000e+00  0.000000e+00  5.700000e-01  
8.872435e-01  3.005649e+00  7.084032e-01  0.000000e+00  0.000000e+00  5.700000e-01  8.872435e-01  3.005649e+00  4.001139e-01  0.000000e+00  0.000000e+00  5.700000e-01  1.000000e+00  1.000000e+00  0.000000e+00  0.000000e+00  0.000000e+00  5.700000e-01  1.000000e+00  1.000000e+00  0.000000e+00  0.000000e+00  0.000000e+00  5.700000e-01  1.000000e+00  1.000000e+00  0.000000e+00  0.000000e+00  0.000000e+00  5.700000e-01  1.000000e+00  1.000000e+00  0.000000e+00  0.000000e+00  0.000000e+00  5.700000e-01  
6.881984e-01  1.974381e+00  5.085817e-01  0.000000e+00  0.000000e+00  5.700000e-01  6.881984e-01  1.974381e+00  7.907097e-01  0.000000e+00  0.000000e+00  5.700000e-01  1.000000e+00  1.000000e+00  0.000000e+00  0.000000e+00  0.000000e+00  5.700000e-01  1.000000e+00  1.000000e+00  0.000000e+00  0.000000e+00  0.000000e+00  5.700000e-01  1.000000e+00  1.000000e+00  0.000000e+00  0.000000e+00  0.000000e+00  5.700000e-01  1.000000e+00  1.000000e+00  0.000000e+00  0.000000e+00  0.000000e+00  5.700000e-01  
9.606075e-01  3.328523e+00  7.064572e-01  0.000000e+00  0.000000e+00  5.700000e-01  9.606075e-01  3.328523e+00  9.765056e-01  0.000000e+00  0.000000e+00  5.700000e-01  1.000000e+00  1.000000e+00  0.000000e+00  0.000000e+00  0.000000e+00  5.700000e-01  1.000000e+00  1.000000e+00  0.000000e+00  0.000000e+00  0.000000e+00  5.700000e-01  1.000000e+00  1.000000e+00  0.000000e+00  0.000000e+00  0.000000e+00  5.700000e-01  1.000000e+00  1.000000e+00  0.000000e+00  0.000000e+00  0.000000e+00  5.700000e-01  
8.493319e-01  2.911506e+00  5.687269e-01  0.000000e+00  0.000000e+00  5.700000e-01  8.493319e-01  2.911506e+00  8.526028e-01  0.000000e+00  0.000000e+00  5.700000e-01  1.000000e+00  1.000000e+00  0.000000e+00  0.000000e+00  0.000000e+00  5.700000e-01  1.000000e+00  1.000000e+00  0.000000e+00  0.000000e+00  0.000000e+00  5.700000e-01  1.000000e+00  1.000000e+00  0.000000e+00  0.000000e+00  0.000000e+00  5.700000e-01  1.000000e+00  1.000000e+00  0.000000e+00  0.000000e+00  0.000000e+00  5.700000e-01  
1.032090e+00  4.183526e+00  6.995238e-01  0.000000e+00  0.000000e+00  5.700000e-01  1.032090e+00  4.183526e+00  6.831400e-01  0.000000e+00  0.000000e+00  5.700000e-01  1.000000e+00  1.000000e+00  0.000000e+00  0.000000e+00  0.000000e+00  5.700000e-01  1.000000e+00  1.000000e+00  0.000000e+00  0.000000e+00  0.000000e+00  5.700000e-01  1.000000e+00  1.000000e+00  0.000000e+00  0.000000e+00  0.000000e+00  5.700000e-01  1.000000e+00  1.000000e+00  0.000000e+00  0.000000e+00  0.000000e+00  5.700000e-01  
9.534318e-01  3.101212e+00  6.217369e-01  0.000000e+00  0.000000e+00  5.700000e-01  9.534318e-01  3.101212e+00  8.564456e-01  0.000000e+00  0.000000e+00  5.700000e-01  1.000000e+00  1.000000e+00  0.000000e+00  0.000000e+00  0.000000e+00  5.700000e-01  1.000000e+00  1.000000e+00  0.000000e+00  0.000000e+00  0.000000e+00  5.700000e-01  1.000000e+00  1.000000e+00  0.000000e+00  0.000000e+00  0.000000e+00  5.700000e-01  1.000000e+00  1.000000e+00  0.000000e+00  0.000000e+00  0.000000e+00  5.700000e-01  
1.019730e+00  3.454507e+00  7.107453e-01  0.000000e+00  0.000000e+00  5.700000e-01  1.019730e+00  3.454507e+00  6.900778e-01  0.000000e+00  0.000000e+00  5.700000e-01  1.000000e+00  1.000000e+00  0.000000e+00  0.000000e+00  0.000000e+00  5.700000e-01  1.000000e+00  1.000000e+00  0.000000e+00  0.000000e+00  0.000000e+00  5.700000e-01  1.000000e+00  1.000000e+00  0.000000e+00  0.000000e+00  0.000000e+00  5.700000e-01  1.000000e+00  1.000000e+00  0.000000e+00  0.000000e+00  0.000000e+00  5.700000e-01  
6.169451e-01  2.609868e+00  5.623762e-01  0.000000e+00  0.000000e+00  5.700000e-01  6.169451e-01  2.609868e+00  8.325436e-01  0.000000e+00  0.000000e+00  5.700000e-01  1.000000e+00  1.000000e+00  0.000000e+00  0.000000e+00  0.000000e+00  5.700000e-01  1.000000e+00  1.000000e+00  0.000000e+00  0.000000e+00  0.000000e+00  5.700000e-01  1.000000e+00  1.000000e+00  0.000000e+00  0.000000e+00  0.000000e+00  5.700000e-01  1.000000e+00  1.000000e+00  0.000000e+00  0.000000e+00  0.000000e+00  5.700000e-01  
8.083501e-01  2.547019e+00  5.574899e-01  0.000000e+00  0.000000e+00  5.700000e-01  8.083501e-01  2.547019e+00  4.246227e-01  0.000000e+00  0.000000e+00  5.700000e-01  1.000000e+00  1.000000e+00  0.000000e+00  0.000000e+00  0.000000e+00  5.700000e-01  1.000000e+00  1.000000e+00  0.000000e+00  0.000000e+00  0.000000e+00  5.700000e-01  1.000000e+00  1.000000e+00  0.000000e+00  0.000000e+00  0.000000e+00  5.700000e-01  1.000000e+00  1.000000e+00  0.000000e+00  0.000000e+00  0.000000e+00  5.700000e-01  
8.669212e-01  3.076195e+00  6.556470e-01  0.000000e+00  0.000000e+00  5.700000e-01  8.669212e-01  3.076195e+00  3.728589e-01  0.000000e+00  0.000000e+00  5.700000e-01  1.000000e+00  1.000000e+00  0.000000e+00  0.000000e+00  0.000000e+00  5.700000e-01  1.000000e+00  1.000000e+00  0.000000e+00  0.000000e+00  0.000000e+00  5.700000e-01  1.000000e+00  1.000000e+00  0.000000e+00  0.000000e+00  0.000000e+00  5.700000e-01  1.000000e+00  1.000000e+00  0.000000e+00  0.000000e+00  0.000000e+00  5.700000e-01  
1.304058e+00  6.019870e+00  5.570020e-01  0.000000e+00  0.000000e+00  5.700000e-01  1.304058e+00  6.019870e+00  9.327801e-01  0.000000e+00  0.000000e+00  5.700000e-01  1.000000e+00  1.000000e+00  0.000000e+00  0.000000e+00  0.000000e+00  5.700000e-01  1.000000e+00  1.000000e+00  0.000000e+00  0.000000e+00  0.000000e+00  5.700000e-01  1.000000e+00  1.000000e+00  0.000000e+00  0.000000e+00  0.000000e+00  5.700000e-01  1.000000e+00  1.000000e+00  0.000000e+00  0.000000e+00  0.000000e+00  5.700000e-01  
3.142492e-01  7.206159e-01  5.065867e-01  0.000000e+00  0.000000e+00  5.700000e-01  3.142492e-01  7.206159e-01  9.552322e-01  0.000000e+00  0.000000e+00  5.700000e-01  1.000000e+00  1.000000e+00  0.000000e+00  0.000000e+00  0.000000e+00  5.700000e-01  1.000000e+00  1.000000e+00  0.000000e+00  0.000000e+00  0.000000e+00  5.700000e-01  1.000000e+00  1.000000e+00  0.000000e+00  0.000000e+00  0.000000e+00  5.700000e-01  1.000000e+00  1.000000e+00  0.000000e+00  0.000000e+00  0.000000e+00  5.700000e-01  
1.059800e+00  4.808198e+00  6.470985e-01  0.000000e+00  0.000000e+00  5.700000e-01  1.059800e+00  4.808198e+00  9.888666e-01  0.000000e+00  0.000000e+00  5.700000e-01  1.000000e+00  1.000000e+00  0.000000e+00  0.000000e+00  0.000000e+00  5.700000e-01  1.000000e+00  1.000000e+00  0.000000e+00  0.000000e+00  0.000000e+00  5.700000e-01  1.000000e+00  1.000000e+00  0.000000e+00  0.000000e+00  0.000000e+00  5.700000e-01  1.000000e+00  1.000000e+00  0.000000e+00  0.000000e+00  0.000000e+00  5.700000e-01  
7.582126e-01  2.202396e+00  5.980681e-01  0.000000e+00  0.000000e+00  5.700000e-01  7.582126e-01  2.202396e+00  6.639737e-01  0.000000e+00  0.000000e+00  5.700000e-01  1.000000e+00  1.000000e+00  0.000000e+00  0.000000e+00  0.000000e+00  5.700000e-01  1.000000e+00  1.000000e+00  0.000000e+00  0.000000e+00  0.000000e+00  5.700000e-01  1.000000e+00  1.000000e+00  0.000000e+00  0.000000e+00  0.000000e+00  5.700000e-01  1.000000e+00  1.000000e+00  0.000000e+00  0.000000e+00  0.000000e+00  5.700000e-01  
7.509893e-01  2.017447e+00  6.702335e-01  0.000000e+00  0.000000e+00  5.700000e-01  7.509893e-01  2.017447e+00  -1.203111e-01  0.000000e+00  0.000000e+00  5.700000e-01  1.000000e+00  1.000000e+00  0.000000e+00  0.000000e+00  0.000000e+00  5.700000e-01  1.000000e+00  1.000000e+00  0.000000e+00  0.000000e+00  0.000000e+00  5.700000e-01  1.000000e+00  1.000000e+00  0.000000e+00  0.000000e+00  0.000000e+00  5.700000e-01  1.000000e+00  1.000000e+00  0.000000e+00  0.000000e+00  0.000000e+00  5.700000e-01  
1.163134e+00  4.362497e+00  5.938208e-01  0.000000e+00  0.000000e+00  5.700000e-01  1.163134e+00  4.362497e+00  8.665724e-01  0.000000e+00  0.000000e+00  5.700000e-01  1.000000e+00  1.000000e+00  0.000000e+00  0.000000e+00  0.000000e+00  5.700000e-01  1.000000e+00  1.000000e+00  0.000000e+00  0.000000e+00  0.000000e+00  5.700000e-01  1.000000e+00  1.000000e+00  0.000000e+00  0.000000e+00  0.000000e+00  5.700000e-01  1.000000e+00  1.000000e+00  0.000000e+00  0.000000e+00  0.000000e+00  5.700000e-01  
5.053706e-01  6.090151e-01  6.815791e-01  0.000000e+00  0.000000e+00  5.700000e-01  5.053706e-01  6.090151e-01  6.747906e-01  0.000000e+00  0.000000e+00  5.700000e-01  1.000000e+00  1.000000e+00  0.000000e+00  0.000000e+00  0.000000e+00  5.700000e-01  1.000000e+00  1.000000e+00  0.000000e+00  0.000000e+00  0.000000e+00  5.700000e-01  1.000000e+00  1.000000e+00  0.000000e+00  0.000000e+00  0.000000e+00  5.700000e-01  1.000000e+00  1.000000e+00  0.000000e+00  0.000000e+00  0.000000e+00  5.700000e-01  
7.114276e-01  1.584335e+00  7.219898e-01  0.000000e+00  0.000000e+00  5.700000e-01  7.114276e-01  1.584335e+00  2.074056e-01  0.000000e+00  0.000000e+00  5.700000e-01  1.000000e+00  1.000000e+00  0.000000e+00  0.000000e+00  0.000000e+00  5.700000e-01  1.000000e+00  1.000000e+00  0.000000e+00  0.000000e+00  0.000000e+00  5.700000e-01  1.000000e+00  1.000000e+00  0.000000e+00  0.000000e+00  0.000000e+00  5.700000e-01  1.000000e+00  1.000000e+00  0.000000e+00  0.000000e+00  0.000000e+00  5.700000e-01  
8.889513e-01  1.688533e+00  6.609250e-01  0.000000e+00  0.000000e+00  5.700000e-01  8.889513e-01  1.688533e+00  9.774708e-01  0.000000e+00  0.000000e+00  5.700000e-01  1.000000e+00  1.000000e+00  0.000000e+00  0.000000e+00  0.000000e+00  5.700000e-01  1.000000e+00  1.000000e+00  0.000000e+00  0.000000e+00  0.000000e+00  5.700000e-01  1.000000e+00  1.000000e+00  0.000000e+00  0.000000e+00  0.000000e+00  5.700000e-01  1.000000e+00  1.000000e+00  0.000000e+00  0.000000e+00  0.000000e+00  5.700000e-01  
9.281644e-01  2.609636e+00  6.979304e-01  0.000000e+00  0.000000e+00  5.700000e-01  9.281644e-01  2.609636e+00  2.290292e-01  0.000000e+00  0.000000e+00  5.700000e-01  1.000000e+00  1.000000e+00  0.000000e+00  0.000000e+00  0.000000e+00  5.700000e-01  1.000000e+00  1.000000e+00  0.000000e+00  0.000000e+00  0.000000e+00  5.700000e-01  1.000000e+00  1.000000e+00  0.000000e+00  0.000000e+00  0.000000e+00  5.700000e-01  1.000000e+00  1.000000e+00  0.000000e+00  0.000000e+00  0.000000e+00  5.700000e-01  
7.258187e-01  2.637952e+00  5.882471e-01  0.000000e+00  0.000000e+00  5.700000e-01  7.258187e-01  2.637952e+00  2.440505e-01  0.000000e+00  0.000000e+00  5.700000e-01  1.000000e+00  1.000000e+00  0.000000e+00  0.000000e+00  0.000000e+00  5.700000e-01  1.000000e+00  1.000000e+00  0.000000e+00  0.000000e+00  0.000000e+00  5.700000e-01  1.000000e+00  1.000000e+00  0.000000e+00  0.000000e+00  0.000000e+00  5.700000e-01  1.000000e+00  1.000000e+00  0.000000e+00  0.000000e+00  0.000000e+00  5.700000e-01  
7.258632e-01  2.783844e+00  5.090641e-01  0.000000e+00  0.000000e+00  5.700000e-01  7.258632e-01  2.783844e+00  7.616495e-01  0.000000e+00  0.000000e+00  5.700000e-01  1.000000e+00  1.000000e+00  0.000000e+00  0.000000e+00  0.000000e+00  5.700000e-01  1.000000e+00  1.000000e+00  0.000000e+00  0.000000e+00  0.000000e+00  5.700000e-01  1.000000e+00  1.000000e+00  0.000000e+00  0.000000e+00  0.000000e+00  5.700000e-01  1.000000e+00  1.000000e+00  0.000000e+00  0.000000e+00  0.000000e+00  5.700000e-01  
5.726601e-01  8.393397e-01  6.540348e-01  0.000000e+00  0.000000e+00  5.700000e-01  5.726601e-01  8.393397e-01  7.603040e-01  0.000000e+00  0.000000e+00  5.700000e-01  1.000000e+00  1.000000e+00  0.000000e+00  0.000000e+00  0.000000e+00  5.700000e-01  1.000000e+00  1.000000e+00  0.000000e+00  0.000000e+00  0.000000e+00  5.700000e-01  1.000000e+00  1.000000e+00  0.000000e+00  0.000000e+00  0.000000e+00  5.700000e-01  1.000000e+00  1.000000e+00  0.000000e+00  0.000000e+00  0.000000e+00  5.700000e-01  
7.628084e-01  1.995364e+00  6.892111e-01  0.000000e+00  0.000000e+00  5.700000e-01  7.628084e-01  1.995364e+00  1.492870e-01  0.000000e+00  0.000000e+00  5.700000e-01  1.000000e+00  1.000000e+00  0.000000e+00  0.000000e+00  0.000000e+00  5.700000e-01  1.000000e+00  1.000000e+00  0.000000e+00  0.000000e+00  0.000000e+00  5.700000e-01  1.000000e+00  1.000000e+00  0.000000e+00  0.000000e+00  0.000000e+00  5.700000e-01  1.000000e+00  1.000000e+00  0.000000e+00  0.000000e+00  0.000000e+00  5.700000e-01  
7.622116e-01  3.080539e+00  5.480512e-01  0.000000e+00  0.000000e+00  5.700000e-01  7.622116e-01  3.080539e+00  9.593919e-01  0.000000e+00  0.000000e+00  5.700000e-01  1.000000e+00  1.000000e+00  0.000000e+00  0.000000e+00  0.000000e+00  5.700000e-01  1.000000e+00  1.000000e+00  0.000000e+00  0.000000e+00  0.000000e+00  5.700000e-01  1.000000e+00  1.000000e+00  0.000000e+00  0.000000e+00  0.000000e+00  5.700000e-01  1.000000e+00  1.000000e+00  0.000000e+00  0.000000e+00  0.000000e+00  5.700000e-01  
9.326211e-01  2.894596e+00  5.660943e-01  0.000000e+00  0.000000e+00  5.700000e-01  9.326211e-01  2.894596e+00  8.422011e-01  0.000000e+00  0.000000e+00  5.700000e-01  1.000000e+00  1.000000e+00  0.000000e+00  0.000000e+00  0.000000e+00  5.700000e-01  1.000000e+00  1.000000e+00  0.000000e+00  0.000000e+00  0.000000e+00  5.700000e-01  1.000000e+00  1.000000e+00  0.000000e+00  0.000000e+00  0.000000e+00  5.700000e-01  1.000000e+00  1.000000e+00  0.000000e+00  0.000000e+00  0.000000e+00  5.700000e-01  
1.112041e+00  3.279536e+00  6.086969e-01  0.000000e+00  0.000000e+00  5.700000e-01  1.112041e+00  3.279536e+00  9.014481e-01  0.000000e+00  0.000000e+00  5.700000e-01  1.000000e+00  1.000000e+00  0.000000e+00  0.000000e+00  0.000000e+00  5.700000e-01  1.000000e+00  1.000000e+00  0.000000e+00  0.000000e+00  0.000000e+00  5.700000e-01  1.000000e+00  1.000000e+00  0.000000e+00  0.000000e+00  0.000000e+00  5.700000e-01  1.000000e+00  1.000000e+00  0.000000e+00  0.000000e+00  0.000000e+00  5.700000e-01  
9.547011e-01  2.227946e+00  6.505398e-01  0.000000e+00  0.000000e+00  5.700000e-01  9.547011e-01  2.227946e+00  7.162647e-01  0.000000e+00  0.000000e+00  5.700000e-01  1.000000e+00  1.000000e+00  0.000000e+00  0.000000e+00  0.000000e+00  5.700000e-01  1.000000e+00  1.000000e+00  0.000000e+00  0.000000e+00  0.000000e+00  5.700000e-01  1.000000e+00  1.000000e+00  0.000000e+00  0.000000e+00  0.000000e+00  5.700000e-01  1.000000e+00  1.000000e+00  0.000000e+00  0.000000e+00  0.000000e+00  5.700000e-01  
1.010338e+00  3.772074e+00  5.789655e-01  0.000000e+00  0.000000e+00  5.700000e-01  1.010338e+00  3.772074e+00  8.335451e-01  0.000000e+00  0.000000e+00  5.700000e-01  1.000000e+00  1.000000e+00  0.000000e+00  0.000000e+00  0.000000e+00  5.700000e-01  1.000000e+00  1.000000e+00  0.000000e+00  0.000000e+00  0.000000e+00  5.700000e-01  1.000000e+00  1.000000e+00  0.000000e+00  0.000000e+00  0.000000e+00  5.700000e-01  1.000000e+00  1.000000e+00  0.000000e+00  0.000000e+00  0.000000e+00  5.700000e-01  
7.350639e-01  1.901779e+00  6.343184e-01  0.000000e+00  0.000000e+00  5.700000e-01  7.350639e-01  1.901779e+00  9.362419e-01  0.000000e+00  0.000000e+00  5.700000e-01  1.000000e+00  1.000000e+00  0.000000e+00  0.000000e+00  0.000000e+00  5.700000e-01  1.000000e+00  1.000000e+00  0.000000e+00  0.000000e+00  0.000000e+00  5.700000e-01  1.000000e+00  1.000000e+00  0.000000e+00  0.000000e+00  0.000000e+00  5.700000e-01  1.000000e+00  1.000000e+00  0.000000e+00  0.000000e+00  0.000000e+00  5.700000e-01  
9.977666e-01  3.294604e+00  6.461384e-01  0.000000e+00  0.000000e+00  5.700000e-01  9.977666e-01  3.294604e+00  6.763562e-01  0.000000e+00  0.000000e+00  5.700000e-01  1.000000e+00  1.000000e+00  0.000000e+00  0.000000e+00  0.000000e+00  5.700000e-01  1.000000e+00  1.000000e+00  0.000000e+00  0.000000e+00  0.000000e+00  5.700000e-01  1.000000e+00  1.000000e+00  0.000000e+00  0.000000e+00  0.000000e+00  5.700000e-01  1.000000e+00  1.000000e+00  0.000000e+00  0.000000e+00  0.000000e+00  5.700000e-01  
4.737189e-01  9.752743e-01  4.618861e-01  0.000000e+00  0.000000e+00  5.700000e-01  4.737189e-01  9.752743e-01  9.540238e-01  0.000000e+00  0.000000e+00  5.700000e-01  1.000000e+00  1.000000e+00  0.000000e+00  0.000000e+00  0.000000e+00  5.700000e-01  1.000000e+00  1.000000e+00  0.000000e+00  0.000000e+00  0.000000e+00  5.700000e-01  1.000000e+00  1.000000e+00  0.000000e+00  0.000000e+00  0.000000e+00  5.700000e-01  1.000000e+00  1.000000e+00  0.000000e+00  0.000000e+00  0.000000e+00  5.700000e-01  
7.308902e-01  2.257079e+00  6.305402e-01  0.000000e+00  0.000000e+00  5.700000e-01  7.308902e-01  2.257079e+00  2.399352e-01  0.000000e+00  0.000000e+00  5.700000e-01  1.000000e+00  1.000000e+00  0.000000e+00  0.000000e+00  0.000000e+00  5.700000e-01  1.000000e+00  1.000000e+00  0.000000e+00  0.000000e+00  0.000000e+00  5.700000e-01  1.000000e+00  1.000000e+00  0.000000e+00  0.000000e+00  0.000000e+00  5.700000e-01  1.000000e+00  1.000000e+00  0.000000e+00  0.000000e+00  0.000000e+00  5.700000e-01  
6.636983e-01  1.736570e+00  6.903253e-01  0.000000e+00  0.000000e+00  5.700000e-01  6.636983e-01  1.736570e+00  1.290715e-01  0.000000e+00  0.000000e+00  5.700000e-01  1.000000e+00  1.000000e+00  0.000000e+00  0.000000e+00  0.000000e+00  5.700000e-01  1.000000e+00  1.000000e+00  0.000000e+00  0.000000e+00  0.000000e+00  5.700000e-01  1.000000e+00  1.000000e+00  0.000000e+00  0.000000e+00  0.000000e+00  5.700000e-01  1.000000e+00  1.000000e+00  0.000000e+00  0.000000e+00  0.000000e+00  5.700000e-01  
7.364350e-01  2.657786e+00  4.789668e-01  0.000000e+00  0.000000e+00  5.700000e-01  7.364350e-01  2.657786e+00  9.480704e-01  0.000000e+00  0.000000e+00  5.700000e-01  1.000000e+00  1.000000e+00  0.000000e+00  0.000000e+00  0.000000e+00  5.700000e-01  1.000000e+00  1.000000e+00  0.000000e+00  0.000000e+00  0.000000e+00  5.700000e-01  1.000000e+00  1.000000e+00  0.000000e+00  0.000000e+00  0.000000e+00  5.700000e-01  1.000000e+00  1.000000e+00  0.000000e+00  0.000000e+00  0.000000e+00  5.700000e-01  
5.678676e-01  1.682216e+00  5.566790e-01  0.000000e+00  0.000000e+00  5.700000e-01  5.678676e-01  1.682216e+00  4.294110e-01  0.000000e+00  0.000000e+00  5.700000e-01  1.000000e+00  1.000000e+00  0.000000e+00  0.000000e+00  0.000000e+00  5.700000e-01  1.000000e+00  1.000000e+00  0.000000e+00  0.000000e+00  0.000000e+00  5.700000e-01  1.000000e+00  1.000000e+00  0.000000e+00  0.000000e+00  0.000000e+00  5.700000e-01  1.000000e+00  1.000000e+00  0.000000e+00  0.000000e+00  0.000000e+00  5.700000e-01  
1.120041e+00  5.236925e+00  6.460244e-01  0.000000e+00  0.000000e+00  5.700000e-01  1.120041e+00  5.236925e+00  5.447788e-01  0.000000e+00  0.000000e+00  5.700000e-01  1.000000e+00  1.000000e+00  0.000000e+00  0.000000e+00  0.000000e+00  5.700000e-01  1.000000e+00  1.000000e+00  0.000000e+00  0.000000e+00  0.000000e+00  5.700000e-01  1.000000e+00  1.000000e+00  0.000000e+00  0.000000e+00  0.000000e+00  5.700000e-01  1.000000e+00  1.000000e+00  0.000000e+00  0.000000e+00  0.000000e+00  5.700000e-01  
5.626479e-01  1.424118e+00  5.558245e-01  0.000000e+00  0.000000e+00  5.700000e-01  5.626479e-01  1.424118e+00  6.955601e-01  0.000000e+00  0.000000e+00  5.700000e-01  1.000000e+00  1.000000e+00  0.000000e+00  0.000000e+00  0.000000e+00  5.700000e-01  1.000000e+00  1.000000e+00  0.000000e+00  0.000000e+00  0.000000e+00  5.700000e-01  1.000000e+00  1.000000e+00  0.000000e+00  0.000000e+00  0.000000e+00  5.700000e-01  1.000000e+00  1.000000e+00  0.000000e+00  0.000000e+00  0.000000e+00  5.700000e-01  
7.673970e-01  2.388769e+00  5.892749e-01  0.000000e+00  0.000000e+00  5.700000e-01  7.673970e-01  2.388769e+00  8.824030e-01  0.000000e+00  0.000000e+00  5.700000e-01  1.000000e+00  1.000000e+00  0.000000e+00  0.000000e+00  0.000000e+00  5.700000e-01  1.000000e+00  1.000000e+00  0.000000e+00  0.000000e+00  0.000000e+00  5.700000e-01  1.000000e+00  1.000000e+00  0.000000e+00  0.000000e+00  0.000000e+00  5.700000e-01  1.000000e+00  1.000000e+00  0.000000e+00  0.000000e+00  0.000000e+00  5.700000e-01  
8.003179e-01  1.372196e+00  7.555046e-01  0.000000e+00  0.000000e+00  5.700000e-01  8.003179e-01  1.372196e+00  9.447336e-01  0.000000e+00  0.000000e+00  5.700000e-01  1.000000e+00  1.000000e+00  0.000000e+00  0.000000e+00  0.000000e+00  5.700000e-01  1.000000e+00  1.000000e+00  0.000000e+00  0.000000e+00  0.000000e+00  5.700000e-01  1.000000e+00  1.000000e+00  0.000000e+00  0.000000e+00  0.000000e+00  5.700000e-01  1.000000e+00  1.000000e+00  0.000000e+00  0.000000e+00  0.000000e+00  5.700000e-01  
4.251772e-01  1.288204e+00  5.586600e-01  0.000000e+00  0.000000e+00  5.700000e-01  4.251772e-01  1.288204e+00  3.354156e-01  0.000000e+00  0.000000e+00  5.700000e-01  1.000000e+00  1.000000e+00  0.000000e+00  0.000000e+00  0.000000e+00  5.700000e-01  1.000000e+00  1.000000e+00  0.000000e+00  0.000000e+00  0.000000e+00  5.700000e-01  1.000000e+00  1.000000e+00  0.000000e+00  0.000000e+00  0.000000e+00  5.700000e-01  1.000000e+00  1.000000e+00  0.000000e+00  0.000000e+00  0.000000e+00  5.700000e-01  
8.622787e-01  3.180714e+00  5.971509e-01  0.000000e+00  0.000000e+00  5.700000e-01  8.622787e-01  3.180714e+00  6.909239e-01  0.000000e+00  0.000000e+00  5.700000e-01  1.000000e+00  1.000000e+00  0.000000e+00  0.000000e+00  0.000000e+00  5.700000e-01  1.000000e+00  1.000000e+00  0.000000e+00  0.000000e+00  0.000000e+00  5.700000e-01  1.000000e+00  1.000000e+00  0.000000e+00  0.000000e+00  0.000000e+00  5.700000e-01  1.000000e+00  1.000000e+00  0.000000e+00  0.000000e+00  0.000000e+00  5.700000e-01  
6.499686e-01  1.449166e+00  6.946394e-01  0.000000e+00  0.000000e+00  5.700000e-01  6.499686e-01  1.449166e+00  9.429114e-01  0.000000e+00  0.000000e+00  5.700000e-01  1.000000e+00  1.000000e+00  0.000000e+00  0.000000e+00  0.000000e+00  5.700000e-01  1.000000e+00  1.000000e+00  0.000000e+00  0.000000e+00  0.000000e+00  5.700000e-01  1.000000e+00  1.000000e+00  0.000000e+00  0.000000e+00  0.000000e+00  5.700000e-01  1.000000e+00  1.000000e+00  0.000000e+00  0.000000e+00  0.000000e+00  5.700000e-01  
9.807324e-01  4.042473e+00  6.106057e-01  0.000000e+00  0.000000e+00  5.700000e-01  9.807324e-01  4.042473e+00  2.706909e-01  0.000000e+00  0.000000e+00  5.700000e-01  1.000000e+00  1.000000e+00  0.000000e+00  0.000000e+00  0.000000e+00  5.700000e-01  1.000000e+00  1.000000e+00  0.000000e+00  0.000000e+00  0.000000e+00  5.700000e-01  1.000000e+00  1.000000e+00  0.000000e+00  0.000000e+00  0.000000e+00  5.700000e-01  1.000000e+00  1.000000e+00  0.000000e+00  0.000000e+00  0.000000e+00  5.700000e-01  
3.927079e-01  6.423672e-01  6.635033e-01  0.000000e+00  0.000000e+00  5.700000e-01  3.927079e-01  6.423672e-01  6.298113e-01  0.000000e+00  0.000000e+00  5.700000e-01  1.000000e+00  1.000000e+00  0.000000e+00  0.000000e+00  0.000000e+00  5.700000e-01  1.000000e+00  1.000000e+00  0.000000e+00  0.000000e+00  0.000000e+00  5.700000e-01  1.000000e+00  1.000000e+00  0.000000e+00  0.000000e+00  0.000000e+00  5.700000e-01  1.000000e+00  1.000000e+00  0.000000e+00  0.000000e+00  0.000000e+00  5.700000e-01  
8.752337e-01  1.842816e+00  6.840485e-01  0.000000e+00  0.000000e+00  5.700000e-01  8.752337e-01  1.842816e+00  2.007594e-01  0.000000e+00  0.000000e+00  5.700000e-01  1.000000e+00  1.000000e+00  0.000000e+00  0.000000e+00  0.000000e+00  5.700000e-01  1.000000e+00  1.000000e+00  0.000000e+00  0.000000e+00  0.000000e+00  5.700000e-01  1.000000e+00  1.000000e+00  0.000000e+00  0.000000e+00  0.000000e+00  5.700000e-01  1.000000e+00  1.000000e+00  0.000000e+00  0.000000e+00  0.000000e+00  5.700000e-01  
8.212923e-01  1.684324e+00  6.498264e-01  0.000000e+00  0.000000e+00  5.700000e-01  8.212923e-01  1.684324e+00  2.159624e-01  0.000000e+00  0.000000e+00  5.700000e-01  1.000000e+00  1.000000e+00  0.000000e+00  0.000000e+00  0.000000e+00  5.700000e-01  1.000000e+00  1.000000e+00  0.000000e+00  0.000000e+00  0.000000e+00  5.700000e-01  1.000000e+00  1.000000e+00  0.000000e+00  0.000000e+00  0.000000e+00  5.700000e-01  1.000000e+00  1.000000e+00  0.000000e+00  0.000000e+00  0.000000e+00  5.700000e-01  
8.327972e-01  2.712423e+00  6.025311e-01  0.000000e+00  0.000000e+00  5.700000e-01  8.327972e-01  2.712423e+00  9.116503e-01  0.000000e+00  0.000000e+00  5.700000e-01  1.000000e+00  1.000000e+00  0.000000e+00  0.000000e+00  0.000000e+00  5.700000e-01  1.000000e+00  1.000000e+00  0.000000e+00  0.000000e+00  0.000000e+00  5.700000e-01  1.000000e+00  1.000000e+00  0.000000e+00  0.000000e+00  0.000000e+00  5.700000e-01  1.000000e+00  1.000000e+00  0.000000e+00  0.000000e+00  0.000000e+00  5.700000e-01  
6.649354e-01  7.186012e-01  7.237903e-01  0.000000e+00  0.000000e+00  5.700000e-01  6.649354e-01  7.186012e-01  3.958194e-01  0.000000e+00  0.000000e+00  5.700000e-01  1.000000e+00  1.000000e+00  0.000000e+00  0.000000e+00  0.000000e+00  5.700000e-01  1.000000e+00  1.000000e+00  0.000000e+00  0.000000e+00  0.000000e+00  5.700000e-01  1.000000e+00  1.000000e+00  0.000000e+00  0.000000e+00  0.000000e+00  5.700000e-01  1.000000e+00  1.000000e+00  0.000000e+00  0.000000e+00  0.000000e+00  5.700000e-01  
6.587204e-01  1.550544e+00  5.386937e-01  0.000000e+00  0.000000e+00  5.700000e-01  6.587204e-01  1.550544e+00  8.432361e-01  0.000000e+00  0.000000e+00  5.700000e-01  1.000000e+00  1.000000e+00  0.000000e+00  0.000000e+00  0.000000e+00  5.700000e-01  1.000000e+00  1.000000e+00  0.000000e+00  0.000000e+00  0.000000e+00  5.700000e-01  1.000000e+00  1.000000e+00  0.000000e+00  0.000000e+00  0.000000e+00  5.700000e-01  1.000000e+00  1.000000e+00  0.000000e+00  0.000000e+00  0.000000e+00  5.700000e-01  
7.523140e-01  1.100446e+00  7.660722e-01  0.000000e+00  0.000000e+00  5.700000e-01  7.523140e-01  1.100446e+00  8.646626e-01  0.000000e+00  0.000000e+00  5.700000e-01  1.000000e+00  1.000000e+00  0.000000e+00  0.000000e+00  0.000000e+00  5.700000e-01  1.000000e+00  1.000000e+00  0.000000e+00  0.000000e+00  0.000000e+00  5.700000e-01  1.000000e+00  1.000000e+00  0.000000e+00  0.000000e+00  0.000000e+00  5.700000e-01  1.000000e+00  1.000000e+00  0.000000e+00  0.000000e+00  0.000000e+00  5.700000e-01  
7.793093e-01  2.614803e+00  6.083251e-01  0.000000e+00  0.000000e+00  5.700000e-01  7.793093e-01  2.614803e+00  8.684208e-01  0.000000e+00  0.000000e+00  5.700000e-01  1.000000e+00  1.000000e+00  0.000000e+00  0.000000e+00  0.000000e+00  5.700000e-01  1.000000e+00  1.000000e+00  0.000000e+00  0.000000e+00  0.000000e+00  5.700000e-01  1.000000e+00  1.000000e+00  0.000000e+00  0.000000e+00  0.000000e+00  5.700000e-01  1.000000e+00  1.000000e+00  0.000000e+00  0.000000e+00  0.000000e+00  5.700000e-01  
7.275156e-01  1.543683e+00  5.811910e-01  0.000000e+00  0.000000e+00  5.700000e-01  7.275156e-01  1.543683e+00  8.728667e-01  0.000000e+00  0.000000e+00  5.700000e-01  1.000000e+00  1.000000e+00  0.000000e+00  0.000000e+00  0.000000e+00  5.700000e-01  1.000000e+00  1.000000e+00  0.000000e+00  0.000000e+00  0.000000e+00  5.700000e-01  1.000000e+00  1.000000e+00  0.000000e+00  0.000000e+00  0.000000e+00  5.700000e-01  1.000000e+00  1.000000e+00  0.000000e+00  0.000000e+00  0.000000e+00  5.700000e-01  
8.048984e-01  2.184784e+00  6.629014e-01  0.000000e+00  0.000000e+00  5.700000e-01  8.048984e-01  2.184784e+00  7.903741e-01  0.000000e+00  0.000000e+00  5.700000e-01  1.000000e+00  1.000000e+00  0.000000e+00  0.000000e+00  0.000000e+00  5.700000e-01  1.000000e+00  1.000000e+00  0.000000e+00  0.000000e+00  0.000000e+00  5.700000e-01  1.000000e+00  1.000000e+00  0.000000e+00  0.000000e+00  0.000000e+00  5.700000e-01  1.000000e+00  1.000000e+00  0.000000e+00  0.000000e+00  0.000000e+00  5.700000e-01  
4.954924e-01  4.676281e-01  7.178106e-01  0.000000e+00  0.000000e+00  5.700000e-01  4.954924e-01  4.676281e-01  -1.928261e-01  0.000000e+00  0.000000e+00  5.700000e-01  1.000000e+00  1.000000e+00  0.000000e+00  0.000000e+00  0.000000e+00  5.700000e-01  1.000000e+00  1.000000e+00  0.000000e+00  0.000000e+00  0.000000e+00  5.700000e-01  1.000000e+00  1.000000e+00  0.000000e+00  0.000000e+00  0.000000e+00  5.700000e-01  1.000000e+00  1.000000e+00  0.000000e+00  0.000000e+00  0.000000e+00  5.700000e-01  
6.323765e-01  1.244434e+00  6.205153e-01  0.000000e+00  0.000000e+00  5.700000e-01  6.323765e-01  1.244434e+00  2.443874e-02  0.000000e+00  0.000000e+00  5.700000e-01  1.000000e+00  1.000000e+00  0.000000e+00  0.000000e+00  0.000000e+00  5.700000e-01  1.000000e+00  1.000000e+00  0.000000e+00  0.000000e+00  0.000000e+00  5.700000e-01  1.000000e+00  1.000000e+00  0.000000e+00  0.000000e+00  0.000000e+00  5.700000e-01  1.000000e+00  1.000000e+00  0.000000e+00  0.000000e+00  0.000000e+00  5.700000e-01  
3.075887e-01  6.899512e-02  5.905986e-01  0.000000e+00  0.000000e+00  5.700000e-01  3.075887e-01  6.899512e-02  8.428840e-01  0.000000e+00  0.000000e+00  5.700000e-01  1.000000e+00  1.000000e+00  0.000000e+00  0.000000e+00  0.000000e+00  5.700000e-01  1.000000e+00  1.000000e+00  0.000000e+00  0.000000e+00  0.000000e+00  5.700000e-01  1.000000e+00  1.000000e+00  0.000000e+00  0.000000e+00  0.000000e+00  5.700000e-01  1.000000e+00  1.000000e+00  0.000000e+00  0.000000e+00  0.000000e+00  5.700000e-01  
8.140772e-01  3.529519e+00  5.835548e-01  0.000000e+00  0.000000e+00  5.700000e-01  8.140772e-01  3.529519e+00  4.704721e-01  0.000000e+00  0.000000e+00  5.700000e-01  1.000000e+00  1.000000e+00  0.000000e+00  0.000000e+00  0.000000e+00  5.700000e-01  1.000000e+00  1.000000e+00  0.000000e+00  0.000000e+00  0.000000e+00  5.700000e-01  1.000000e+00  1.000000e+00  0.000000e+00  0.000000e+00  0.000000e+00  5.700000e-01  1.000000e+00  1.000000e+00  0.000000e+00  0.000000e+00  0.000000e+00  5.700000e-01  
7.374274e-01  1.325815e+00  6.275127e-01  0.000000e+00  0.000000e+00  5.700000e-01  7.374274e-01  1.325815e+00  9.069595e-01  0.000000e+00  0.000000e+00  5.700000e-01  1.000000e+00  1.000000e+00  0.000000e+00  0.000000e+00  0.000000e+00  5.700000e-01  1.000000e+00  1.000000e+00  0.000000e+00  0.000000e+00  0.000000e+00  5.700000e-01  1.000000e+00  1.000000e+00  0.000000e+00  0.000000e+00  0.000000e+00  5.700000e-01  1.000000e+00  1.000000e+00  0.000000e+00  0.000000e+00  0.000000e+00  5.700000e-01  
2.999890e-01  4.019591e-01  5.617220e-01  0.000000e+00  0.000000e+00  5.700000e-01  2.999890e-01  4.019591e-01  5.760714e-01  0.000000e+00  0.000000e+00  5.700000e-01  1.000000e+00  1.000000e+00  0.000000e+00  0.000000e+00  0.000000e+00  5.700000e-01  1.000000e+00  1.000000e+00  0.000000e+00  0.000000e+00  0.000000e+00  5.700000e-01  1.000000e+00  1.000000e+00  0.000000e+00  0.000000e+00  0.000000e+00  5.700000e-01  1.000000e+00  1.000000e+00  0.000000e+00  0.000000e+00  0.000000e+00  5.700000e-01  
7.545886e-01  2.632514e+00  6.634036e-01  0.000000e+00  0.000000e+00  5.700000e-01  7.545886e-01  2.632514e+00  3.177254e-01  0.000000e+00  0.000000e+00  5.700000e-01  1.000000e+00  1.000000e+00  0.000000e+00  0.000000e+00  0.000000e+00  5.700000e-01  1.000000e+00  1.000000e+00  0.000000e+00  0.000000e+00  0.000000e+00  5.700000e-01  1.000000e+00  1.000000e+00  0.000000e+00  0.000000e+00  0.000000e+00  5.700000e-01  1.000000e+00  1.000000e+00  0.000000e+00  0.000000e+00  0.000000e+00  5.700000e-01  
4.841689e-01  1.692156e+00  5.116405e-01  0.000000e+00  0.000000e+00  5.700000e-01  4.841689e-01  1.692156e+00  4.300700e-01  0.000000e+00  0.000000e+00  5.700000e-01  1.000000e+00  1.000000e+00  0.000000e+00  0.000000e+00  0.000000e+00  5.700000e-01  1.000000e+00  1.000000e+00  0.000000e+00  0.000000e+00  0.000000e+00  5.700000e-01  1.000000e+00  1.000000e+00  0.000000e+00  0.000000e+00  0.000000e+00  5.700000e-01  1.000000e+00  1.000000e+00  0.000000e+00  0.000000e+00  0.000000e+00  5.700000e-01  
5.710930e-01  2.004277e+00  5.680854e-01  0.000000e+00  0.000000e+00  5.700000e-01  5.710930e-01  2.004277e+00  6.260700e-01  0.000000e+00  0.000000e+00  5.700000e-01  1.000000e+00  1.000000e+00  0.000000e+00  0.000000e+00  0.000000e+00  5.700000e-01  1.000000e+00  1.000000e+00  0.000000e+00  0.000000e+00  0.000000e+00  5.700000e-01  1.000000e+00  1.000000e+00  0.000000e+00  0.000000e+00  0.000000e+00  5.700000e-01  1.000000e+00  1.000000e+00  0.000000e+00  0.000000e+00  0.000000e+00  5.700000e-01  
4.595950e-01  8.190850e-01  5.217019e-01  0.000000e+00  0.000000e+00  5.700000e-01  4.595950e-01  8.190850e-01  7.352738e-01  0.000000e+00  0.000000e+00  5.700000e-01  1.000000e+00  1.000000e+00  0.000000e+00  0.000000e+00  0.000000e+00  5.700000e-01  1.000000e+00  1.000000e+00  0.000000e+00  0.000000e+00  0.000000e+00  5.700000e-01  1.000000e+00  1.000000e+00  0.000000e+00  0.000000e+00  0.000000e+00  5.700000e-01  1.000000e+00  1.000000e+00  0.000000e+00  0.000000e+00  0.000000e+00  5.700000e-01  
6.705881e-01  1.690167e+00  6.296004e-01  0.000000e+00  0.000000e+00  5.700000e-01  6.705881e-01  1.690167e+00  8.217741e-01  0.000000e+00  0.000000e+00  5.700000e-01  1.000000e+00  1.000000e+00  0.000000e+00  0.000000e+00  0.000000e+00  5.700000e-01  1.000000e+00  1.000000e+00  0.000000e+00  0.000000e+00  0.000000e+00  5.700000e-01  1.000000e+00  1.000000e+00  0.000000e+00  0.000000e+00  0.000000e+00  5.700000e-01  1.000000e+00  1.000000e+00  0.000000e+00  0.000000e+00  0.000000e+00  5.700000e-01  
8.193107e-01  1.817256e+00  6.146329e-01  0.000000e+00  0.000000e+00  5.700000e-01  8.193107e-01  1.817256e+00  9.428064e-01  0.000000e+00  0.000000e+00  5.700000e-01  1.000000e+00  1.000000e+00  0.000000e+00  0.000000e+00  0.000000e+00  5.700000e-01  1.000000e+00  1.000000e+00  0.000000e+00  0.000000e+00  0.000000e+00  5.700000e-01  1.000000e+00  1.000000e+00  0.000000e+00  0.000000e+00  0.000000e+00  5.700000e-01  1.000000e+00  1.000000e+00  0.000000e+00  0.000000e+00  0.000000e+00  5.700000e-01  
1.262671e+00  4.759360e+00  7.494503e-01  0.000000e+00  0.000000e+00  5.700000e-01  1.262671e+00  4.759360e+00  1.689806e-01  0.000000e+00  0.000000e+00  5.700000e-01  1.000000e+00  1.000000e+00  0.000000e+00  0.000000e+00  0.000000e+00  5.700000e-01  1.000000e+00  1.000000e+00  0.000000e+00  0.000000e+00  0.000000e+00  5.700000e-01  1.000000e+00  1.000000e+00  0.000000e+00  0.000000e+00  0.000000e+00  5.700000e-01  1.000000e+00  1.000000e+00  0.000000e+00  0.000000e+00  0.000000e+00  5.700000e-01  
4.915301e-01  1.250506e+00  6.206783e-01  0.000000e+00  0.000000e+00  5.700000e-01  4.915301e-01  1.250506e+00  7.841353e-01  0.000000e+00  0.000000e+00  5.700000e-01  1.000000e+00  1.000000e+00  0.000000e+00  0.000000e+00  0.000000e+00  5.700000e-01  1.000000e+00  1.000000e+00  0.000000e+00  0.000000e+00  0.000000e+00  5.700000e-01  1.000000e+00  1.000000e+00  0.000000e+00  0.000000e+00  0.000000e+00  5.700000e-01  1.000000e+00  1.000000e+00  0.000000e+00  0.000000e+00  0.000000e+00  5.700000e-01  
8.436969e-01  2.481349e+00  6.290556e-01  0.000000e+00  0.000000e+00  5.700000e-01  8.436969e-01  2.481349e+00  5.695745e-01  0.000000e+00  0.000000e+00  5.700000e-01  1.000000e+00  1.000000e+00  0.000000e+00  0.000000e+00  0.000000e+00  5.700000e-01  1.000000e+00  1.000000e+00  0.000000e+00  0.000000e+00  0.000000e+00  5.700000e-01  1.000000e+00  1.000000e+00  0.000000e+00  0.000000e+00  0.000000e+00  5.700000e-01  1.000000e+00  1.000000e+00  0.000000e+00  0.000000e+00  0.000000e+00  5.700000e-01  
7.432208e-01  1.229744e+00  7.084733e-01  0.000000e+00  0.000000e+00  5.700000e-01  7.432208e-01  1.229744e+00  6.664957e-01  0.000000e+00  0.000000e+00  5.700000e-01  1.000000e+00  1.000000e+00  0.000000e+00  0.000000e+00  0.000000e+00  5.700000e-01  1.000000e+00  1.000000e+00  0.000000e+00  0.000000e+00  0.000000e+00  5.700000e-01  1.000000e+00  1.000000e+00  0.000000e+00  0.000000e+00  0.000000e+00  5.700000e-01  1.000000e+00  1.000000e+00  0.000000e+00  0.000000e+00  0.000000e+00  5.700000e-01  
7.212749e-01  1.171226e+00  6.999445e-01  0.000000e+00  0.000000e+00  5.700000e-01  7.212749e-01  1.171226e+00  6.521144e-01  0.000000e+00  0.000000e+00  5.700000e-01  1.000000e+00  1.000000e+00  0.000000e+00  0.000000e+00  0.000000e+00  5.700000e-01  1.000000e+00  1.000000e+00  0.000000e+00  0.000000e+00  0.000000e+00  5.700000e-01  1.000000e+00  1.000000e+00  0.000000e+00  0.000000e+00  0.000000e+00  5.700000e-01  1.000000e+00  1.000000e+00  0.000000e+00  0.000000e+00  0.000000e+00  5.700000e-01  
6.413251e-01  6.930381e-01  7.672558e-01  0.000000e+00  0.000000e+00  5.700000e-01  6.413251e-01  6.930381e-01  5.496916e-01  0.000000e+00  0.000000e+00  5.700000e-01  1.000000e+00  1.000000e+00  0.000000e+00  0.000000e+00  0.000000e+00  5.700000e-01  1.000000e+00  1.000000e+00  0.000000e+00  0.000000e+00  0.000000e+00  5.700000e-01  1.000000e+00  1.000000e+00  0.000000e+00  0.000000e+00  0.000000e+00  5.700000e-01  1.000000e+00  1.000000e+00  0.000000e+00  0.000000e+00  0.000000e+00  5.700000e-01  
1.265161e+00  4.300455e+00  6.648598e-01  0.000000e+00  0.000000e+00  5.700000e-01  1.265161e+00  4.300455e+00  5.083818e-01  0.000000e+00  0.000000e+00  5.700000e-01  1.000000e+00  1.000000e+00  0.000000e+00  0.000000e+00  0.000000e+00  5.700000e-01  1.000000e+00  1.000000e+00  0.000000e+00  0.000000e+00  0.000000e+00  5.700000e-01  1.000000e+00  1.000000e+00  0.000000e+00  0.000000e+00  0.000000e+00  5.700000e-01  1.000000e+00  1.000000e+00  0.000000e+00  0.000000e+00  0.000000e+00  5.700000e-01  
8.831816e-01  2.066436e+00  6.058689e-01  0.000000e+00  0.000000e+00  5.700000e-01  8.831816e-01  2.066436e+00  7.092844e-01  0.000000e+00  0.000000e+00  5.700000e-01  1.000000e+00  1.000000e+00  0.000000e+00  0.000000e+00  0.000000e+00  5.700000e-01  1.000000e+00  1.000000e+00  0.000000e+00  0.000000e+00  0.000000e+00  5.700000e-01  1.000000e+00  1.000000e+00  0.000000e+00  0.000000e+00  0.000000e+00  5.700000e-01  1.000000e+00  1.000000e+00  0.000000e+00  0.000000e+00  0.000000e+00  5.700000e-01  
8.913815e-01  3.930152e+00  5.285978e-01  0.000000e+00  0.000000e+00  5.700000e-01  8.913815e-01  3.930152e+00  7.920941e-01  0.000000e+00  0.000000e+00  5.700000e-01  1.000000e+00  1.000000e+00  0.000000e+00  0.000000e+00  0.000000e+00  5.700000e-01  1.000000e+00  1.000000e+00  0.000000e+00  0.000000e+00  0.000000e+00  5.700000e-01  1.000000e+00  1.000000e+00  0.000000e+00  0.000000e+00  0.000000e+00  5.700000e-01  1.000000e+00  1.000000e+00  0.000000e+00  0.000000e+00  0.000000e+00  5.700000e-01  
7.330495e-01  1.824813e+00  6.161128e-01  0.000000e+00  0.000000e+00  5.700000e-01  7.330495e-01  1.824813e+00  5.635585e-01  0.000000e+00  0.000000e+00  5.700000e-01  1.000000e+00  1.000000e+00  0.000000e+00  0.000000e+00  0.000000e+00  5.700000e-01  1.000000e+00  1.000000e+00  0.000000e+00  0.000000e+00  0.000000e+00  5.700000e-01  1.000000e+00  1.000000e+00  0.000000e+00  0.000000e+00  0.000000e+00  5.700000e-01  1.000000e+00  1.000000e+00  0.000000e+00  0.000000e+00  0.000000e+00  5.700000e-01  
1.054182e+00  3.081865e+00  6.352720e-01  0.000000e+00  0.000000e+00  5.700000e-01  1.054182e+00  3.081865e+00  2.225779e-01  0.000000e+00  0.000000e+00  5.700000e-01  1.000000e+00  1.000000e+00  0.000000e+00  0.000000e+00  0.000000e+00  5.700000e-01  1.000000e+00  1.000000e+00  0.000000e+00  0.000000e+00  0.000000e+00  5.700000e-01  1.000000e+00  1.000000e+00  0.000000e+00  0.000000e+00  0.000000e+00  5.700000e-01  1.000000e+00  1.000000e+00  0.000000e+00  0.000000e+00  0.000000e+00  5.700000e-01  
9.340416e-01  2.040007e+00  7.644723e-01  0.000000e+00  0.000000e+00  5.700000e-01  9.340416e-01  2.040007e+00  6.498877e-01  0.000000e+00  0.000000e+00  5.700000e-01  1.000000e+00  1.000000e+00  0.000000e+00  0.000000e+00  0.000000e+00  5.700000e-01  1.000000e+00  1.000000e+00  0.000000e+00  0.000000e+00  0.000000e+00  5.700000e-01  1.000000e+00  1.000000e+00  0.000000e+00  0.000000e+00  0.000000e+00  5.700000e-01  1.000000e+00  1.000000e+00  0.000000e+00  0.000000e+00  0.000000e+00  5.700000e-01  
1.078936e+00  3.663976e+00  5.971858e-01  0.000000e+00  0.000000e+00  5.700000e-01  1.078936e+00  3.663976e+00  6.384484e-01  0.000000e+00  0.000000e+00  5.700000e-01  1.000000e+00  1.000000e+00  0.000000e+00  0.000000e+00  0.000000e+00  5.700000e-01  1.000000e+00  1.000000e+00  0.000000e+00  0.000000e+00  0.000000e+00  5.700000e-01  1.000000e+00  1.000000e+00  0.000000e+00  0.000000e+00  0.000000e+00  5.700000e-01  1.000000e+00  1.000000e+00  0.000000e+00  0.000000e+00  0.000000e+00  5.700000e-01  
5.693379e-01  1.405096e+00  6.315765e-01  0.000000e+00  0.000000e+00  5.700000e-01  5.693379e-01  1.405096e+00  2.319900e-01  0.000000e+00  0.000000e+00  5.700000e-01  1.000000e+00  1.000000e+00  0.000000e+00  0.000000e+00  0.000000e+00  5.700000e-01  1.000000e+00  1.000000e+00  0.000000e+00  0.000000e+00  0.000000e+00  5.700000e-01  1.000000e+00  1.000000e+00  0.000000e+00  0.000000e+00  0.000000e+00  5.700000e-01  1.000000e+00  1.000000e+00  0.000000e+00  0.000000e+00  0.000000e+00  5.700000e-01  
6.206828e-01  2.708295e+00  5.045397e-01  0.000000e+00  0.000000e+00  5.700000e-01  6.206828e-01  2.708295e+00  9.254909e-01  0.000000e+00  0.000000e+00  5.700000e-01  1.000000e+00  1.000000e+00  0.000000e+00  0.000000e+00  0.000000e+00  5.700000e-01  1.000000e+00  1.000000e+00  0.000000e+00  0.000000e+00  0.000000e+00  5.700000e-01  1.000000e+00  1.000000e+00  0.000000e+00  0.000000e+00  0.000000e+00  5.700000e-01  1.000000e+00  1.000000e+00  0.000000e+00  0.000000e+00  0.000000e+00  5.700000e-01  
8.019736e-01  1.290889e+00  6.751948e-01  0.000000e+00  0.000000e+00  5.700000e-01  8.019736e-01  1.290889e+00  7.458964e-01  0.000000e+00  0.000000e+00  5.700000e-01  1.000000e+00  1.000000e+00  0.000000e+00  0.000000e+00  0.000000e+00  5.700000e-01  1.000000e+00  1.000000e+00  0.000000e+00  0.000000e+00  0.000000e+00  5.700000e-01  1.000000e+00  1.000000e+00  0.000000e+00  0.000000e+00  0.000000e+00  5.700000e-01  1.000000e+00  1.000000e+00  0.000000e+00  0.000000e+00  0.000000e+00  5.700000e-01  
1.186653e+00  5.692139e+00  5.275085e-01  0.000000e+00  0.000000e+00  5.700000e-01  1.186653e+00  5.692139e+00  8.619903e-01  0.000000e+00  0.000000e+00  5.700000e-01  1.000000e+00  1.000000e+00  0.000000e+00  0.000000e+00  0.000000e+00  5.700000e-01  1.000000e+00  1.000000e+00  0.000000e+00  0.000000e+00  0.000000e+00  5.700000e-01  1.000000e+00  1.000000e+00  0.000000e+00  0.000000e+00  0.000000e+00  5.700000e-01  1.000000e+00  1.000000e+00  0.000000e+00  0.000000e+00  0.000000e+00  5.700000e-01  
5.759903e-01  9.176317e-01  6.482925e-01  0.000000e+00  0.000000e+00  5.700000e-01  5.759903e-01  9.176317e-01  7.858467e-01  0.000000e+00  0.000000e+00  5.700000e-01  1.000000e+00  1.000000e+00  0.000000e+00  0.000000e+00  0.000000e+00  5.700000e-01  1.000000e+00  1.000000e+00  0.000000e+00  0.000000e+00  0.000000e+00  5.700000e-01  1.000000e+00  1.000000e+00  0.000000e+00  0.000000e+00  0.000000e+00  5.700000e-01  1.000000e+00  1.000000e+00  0.000000e+00  0.000000e+00  0.000000e+00  5.700000e-01  
5.979235e-01  9.002795e-01  7.101780e-01  0.000000e+00  0.000000e+00  5.700000e-01  5.979235e-01  9.002795e-01  6.989474e-01  0.000000e+00  0.000000e+00  5.700000e-01  1.000000e+00  1.000000e+00  0.000000e+00  0.000000e+00  0.000000e+00  5.700000e-01  1.000000e+00  1.000000e+00  0.000000e+00  0.000000e+00  0.000000e+00  5.700000e-01  1.000000e+00  1.000000e+00  0.000000e+00  0.000000e+00  0.000000e+00  5.700000e-01  1.000000e+00  1.000000e+00  0.000000e+00  0.000000e+00  0.000000e+00  5.700000e-01  
1.139356e+00  3.201240e+00  5.812697e-01  0.000000e+00  0.000000e+00  5.700000e-01  1.139356e+00  3.201240e+00  7.866493e-01  0.000000e+00  0.000000e+00  5.700000e-01  1.000000e+00  1.000000e+00  0.000000e+00  0.000000e+00  0.000000e+00  5.700000e-01  1.000000e+00  1.000000e+00  0.000000e+00  0.000000e+00  0.000000e+00  5.700000e-01  1.000000e+00  1.000000e+00  0.000000e+00  0.000000e+00  0.000000e+00  5.700000e-01  1.000000e+00  1.000000e+00  0.000000e+00  0.000000e+00  0.000000e+00  5.700000e-01  
9.353950e-01  3.237064e+00  6.182373e-01  0.000000e+00  0.000000e+00  5.700000e-01  9.353950e-01  3.237064e+00  9.999670e-01  0.000000e+00  0.000000e+00  5.700000e-01  1.000000e+00  1.000000e+00  0.000000e+00  0.000000e+00  0.000000e+00  5.700000e-01  1.000000e+00  1.000000e+00  0.000000e+00  0.000000e+00  0.000000e+00  5.700000e-01  1.000000e+00  1.000000e+00  0.000000e+00  0.000000e+00  0.000000e+00  5.700000e-01  1.000000e+00  1.000000e+00  0.000000e+00  0.000000e+00  0.000000e+00  5.700000e-01  
9.970987e-01  3.077704e+00  6.795214e-01  0.000000e+00  0.000000e+00  5.700000e-01  9.970987e-01  3.077704e+00  7.020520e-01  0.000000e+00  0.000000e+00  5.700000e-01  1.000000e+00  1.000000e+00  0.000000e+00  0.000000e+00  0.000000e+00  5.700000e-01  1.000000e+00  1.000000e+00  0.000000e+00  0.000000e+00  0.000000e+00  5.700000e-01  1.000000e+00  1.000000e+00  0.000000e+00  0.000000e+00  0.000000e+00  5.700000e-01  1.000000e+00  1.000000e+00  0.000000e+00  0.000000e+00  0.000000e+00  5.700000e-01  
6.446254e-01  2.959031e+00  4.746923e-01  0.000000e+00  0.000000e+00  5.700000e-01  6.446254e-01  2.959031e+00  6.963776e-01  0.000000e+00  0.000000e+00  5.700000e-01  1.000000e+00  1.000000e+00  0.000000e+00  0.000000e+00  0.000000e+00  5.700000e-01  1.000000e+00  1.000000e+00  0.000000e+00  0.000000e+00  0.000000e+00  5.700000e-01  1.000000e+00  1.000000e+00  0.000000e+00  0.000000e+00  0.000000e+00  5.700000e-01  1.000000e+00  1.000000e+00  0.000000e+00  0.000000e+00  0.000000e+00  5.700000e-01  
7.997522e-01  3.822465e+00  5.046993e-01  0.000000e+00  0.000000e+00  5.700000e-01  7.997522e-01  3.822465e+00  9.778804e-01  0.000000e+00  0.000000e+00  5.700000e-01  1.000000e+00  1.000000e+00  0.000000e+00  0.000000e+00  0.000000e+00  5.700000e-01  1.000000e+00  1.000000e+00  0.000000e+00  0.000000e+00  0.000000e+00  5.700000e-01  1.000000e+00  1.000000e+00  0.000000e+00  0.000000e+00  0.000000e+00  5.700000e-01  1.000000e+00  1.000000e+00  0.000000e+00  0.000000e+00  0.000000e+00  5.700000e-01  
9.025013e-01  2.751446e+00  6.435136e-01  0.000000e+00  0.000000e+00  5.700000e-01  9.025013e-01  2.751446e+00  4.657990e-01  0.000000e+00  0.000000e+00  5.700000e-01  1.000000e+00  1.000000e+00  0.000000e+00  0.000000e+00  0.000000e+00  5.700000e-01  1.000000e+00  1.000000e+00  0.000000e+00  0.000000e+00  0.000000e+00  5.700000e-01  1.000000e+00  1.000000e+00  0.000000e+00  0.000000e+00  0.000000e+00  5.700000e-01  1.000000e+00  1.000000e+00  0.000000e+00  0.000000e+00  0.000000e+00  5.700000e-01  
4.989349e-01  7.166940e-01  6.626256e-01  0.000000e+00  0.000000e+00  5.700000e-01  4.989349e-01  7.166940e-01  8.928213e-01  0.000000e+00  0.000000e+00  5.700000e-01  1.000000e+00  1.000000e+00  0.000000e+00  0.000000e+00  0.000000e+00  5.700000e-01  1.000000e+00  1.000000e+00  0.000000e+00  0.000000e+00  0.000000e+00  5.700000e-01  1.000000e+00  1.000000e+00  0.000000e+00  0.000000e+00  0.000000e+00  5.700000e-01  1.000000e+00  1.000000e+00  0.000000e+00  0.000000e+00  0.000000e+00  5.700000e-01  
7.826704e-01  1.542040e+00  7.033876e-01  0.000000e+00  0.000000e+00  5.700000e-01  7.826704e-01  1.542040e+00  3.294827e-01  0.000000e+00  0.000000e+00  5.700000e-01  1.000000e+00  1.000000e+00  0.000000e+00  0.000000e+00  0.000000e+00  5.700000e-01  1.000000e+00  1.000000e+00  0.000000e+00  0.000000e+00  0.000000e+00  5.700000e-01  1.000000e+00  1.000000e+00  0.000000e+00  0.000000e+00  0.000000e+00  5.700000e-01  1.000000e+00  1.000000e+00  0.000000e+00  0.000000e+00  0.000000e+00  5.700000e-01  
1.052110e+00  3.355506e+00  6.610493e-01  0.000000e+00  0.000000e+00  5.700000e-01  1.052110e+00  3.355506e+00  -1.475853e-01  0.000000e+00  0.000000e+00  5.700000e-01  1.000000e+00  1.000000e+00  0.000000e+00  0.000000e+00  0.000000e+00  5.700000e-01  1.000000e+00  1.000000e+00  0.000000e+00  0.000000e+00  0.000000e+00  5.700000e-01  1.000000e+00  1.000000e+00  0.000000e+00  0.000000e+00  0.000000e+00  5.700000e-01  1.000000e+00  1.000000e+00  0.000000e+00  0.000000e+00  0.000000e+00  5.700000e-01  
8.018383e-01  1.873941e+00  6.402020e-01  0.000000e+00  0.000000e+00  5.700000e-01  8.018383e-01  1.873941e+00  7.744461e-01  0.000000e+00  0.000000e+00  5.700000e-01  1.000000e+00  1.000000e+00  0.000000e+00  0.000000e+00  0.000000e+00  5.700000e-01  1.000000e+00  1.000000e+00  0.000000e+00  0.000000e+00  0.000000e+00  5.700000e-01  1.000000e+00  1.000000e+00  0.000000e+00  0.000000e+00  0.000000e+00  5.700000e-01  1.000000e+00  1.000000e+00  0.000000e+00  0.000000e+00  0.000000e+00  5.700000e-01  
8.270283e-01  2.938255e+00  6.081698e-01  0.000000e+00  0.000000e+00  5.700000e-01  8.270283e-01  2.938255e+00  8.899055e-01  0.000000e+00  0.000000e+00  5.700000e-01  1.000000e+00  1.000000e+00  0.000000e+00  0.000000e+00  0.000000e+00  5.700000e-01  1.000000e+00  1.000000e+00  0.000000e+00  0.000000e+00  0.000000e+00  5.700000e-01  1.000000e+00  1.000000e+00  0.000000e+00  0.000000e+00  0.000000e+00  5.700000e-01  1.000000e+00  1.000000e+00  0.000000e+00  0.000000e+00  0.000000e+00  5.700000e-01  
1.000791e+00  3.567961e+00  5.932187e-01  0.000000e+00  0.000000e+00  5.700000e-01  1.000791e+00  3.567961e+00  8.220673e-01  0.000000e+00  0.000000e+00  5.700000e-01  1.000000e+00  1.000000e+00  0.000000e+00  0.000000e+00  0.000000e+00  5.700000e-01  1.000000e+00  1.000000e+00  0.000000e+00  0.000000e+00  0.000000e+00  5.700000e-01  1.000000e+00  1.000000e+00  0.000000e+00  0.000000e+00  0.000000e+00  5.700000e-01  1.000000e+00  1.000000e+00  0.000000e+00  0.000000e+00  0.000000e+00  5.700000e-01  
1.068748e+00  2.707987e+00  6.498770e-01  0.000000e+00  0.000000e+00  5.700000e-01  1.068748e+00  2.707987e+00  7.179909e-01  0.000000e+00  0.000000e+00  5.700000e-01  1.000000e+00  1.000000e+00  0.000000e+00  0.000000e+00  0.000000e+00  5.700000e-01  1.000000e+00  1.000000e+00  0.000000e+00  0.000000e+00  0.000000e+00  5.700000e-01  1.000000e+00  1.000000e+00  0.000000e+00  0.000000e+00  0.000000e+00  5.700000e-01  1.000000e+00  1.000000e+00  0.000000e+00  0.000000e+00  0.000000e+00  5.700000e-01  
8.782817e-01  2.557232e+00  6.082660e-01  0.000000e+00  0.000000e+00  5.700000e-01  8.782817e-01  2.557232e+00  7.752779e-01  0.000000e+00  0.000000e+00  5.700000e-01  1.000000e+00  1.000000e+00  0.000000e+00  0.000000e+00  0.000000e+00  5.700000e-01  1.000000e+00  1.000000e+00  0.000000e+00  0.000000e+00  0.000000e+00  5.700000e-01  1.000000e+00  1.000000e+00  0.000000e+00  0.000000e+00  0.000000e+00  5.700000e-01  1.000000e+00  1.000000e+00  0.000000e+00  0.000000e+00  0.000000e+00  5.700000e-01  
7.336766e-01  2.331614e+00  6.149361e-01  0.000000e+00  0.000000e+00  5.700000e-01  7.336766e-01  2.331614e+00  7.935081e-01  0.000000e+00  0.000000e+00  5.700000e-01  1.000000e+00  1.000000e+00  0.000000e+00  0.000000e+00  0.000000e+00  5.700000e-01  1.000000e+00  1.000000e+00  0.000000e+00  0.000000e+00  0.000000e+00  5.700000e-01  1.000000e+00  1.000000e+00  0.000000e+00  0.000000e+00  0.000000e+00  5.700000e-01  1.000000e+00  1.000000e+00  0.000000e+00  0.000000e+00  0.000000e+00  5.700000e-01  
1.436654e+00  4.674582e+00  6.220160e-01  0.000000e+00  0.000000e+00  5.700000e-01  1.436654e+00  4.674582e+00  8.357464e-01  0.000000e+00  0.000000e+00  5.700000e-01  1.000000e+00  1.000000e+00  0.000000e+00  0.000000e+00  0.000000e+00  5.700000e-01  1.000000e+00  1.000000e+00  0.000000e+00  0.000000e+00  0.000000e+00  5.700000e-01  1.000000e+00  1.000000e+00  0.000000e+00  0.000000e+00  0.000000e+00  5.700000e-01  1.000000e+00  1.000000e+00  0.000000e+00  0.000000e+00  0.000000e+00  5.700000e-01  
8.111088e-01  2.008534e+00  6.804321e-01  0.000000e+00  0.000000e+00  5.700000e-01  8.111088e-01  2.008534e+00  5.661253e-01  0.000000e+00  0.000000e+00  5.700000e-01  1.000000e+00  1.000000e+00  0.000000e+00  0.000000e+00  0.000000e+00  5.700000e-01  1.000000e+00  1.000000e+00  0.000000e+00  0.000000e+00  0.000000e+00  5.700000e-01  1.000000e+00  1.000000e+00  0.000000e+00  0.000000e+00  0.000000e+00  5.700000e-01  1.000000e+00  1.000000e+00  0.000000e+00  0.000000e+00  0.000000e+00  5.700000e-01  
4.814098e-01  1.529362e+00  4.577180e-01  0.000000e+00  0.000000e+00  5.700000e-01  4.814098e-01  1.529362e+00  9.876237e-01  0.000000e+00  0.000000e+00  5.700000e-01  1.000000e+00  1.000000e+00  0.000000e+00  0.000000e+00  0.000000e+00  5.700000e-01  1.000000e+00  1.000000e+00  0.000000e+00  0.000000e+00  0.000000e+00  5.700000e-01  1.000000e+00  1.000000e+00  0.000000e+00  0.000000e+00  0.000000e+00  5.700000e-01  1.000000e+00  1.000000e+00  0.000000e+00  0.000000e+00  0.000000e+00  5.700000e-01  
9.889861e-01  3.984041e+00  5.598001e-01  0.000000e+00  0.000000e+00  5.700000e-01  9.889861e-01  3.984041e+00  9.918630e-01  0.000000e+00  0.000000e+00  5.700000e-01  1.000000e+00  1.000000e+00  0.000000e+00  0.000000e+00  0.000000e+00  5.700000e-01  1.000000e+00  1.000000e+00  0.000000e+00  0.000000e+00  0.000000e+00  5.700000e-01  1.000000e+00  1.000000e+00  0.000000e+00  0.000000e+00  0.000000e+00  5.700000e-01  1.000000e+00  1.000000e+00  0.000000e+00  0.000000e+00  0.000000e+00  5.700000e-01  
4.697284e-01  1.091754e+00  5.196386e-01  0.000000e+00  0.000000e+00  5.700000e-01  4.697284e-01  1.091754e+00  7.788045e-01  0.000000e+00  0.000000e+00  5.700000e-01  1.000000e+00  1.000000e+00  0.000000e+00  0.000000e+00  0.000000e+00  5.700000e-01  1.000000e+00  1.000000e+00  0.000000e+00  0.000000e+00  0.000000e+00  5.700000e-01  1.000000e+00  1.000000e+00  0.000000e+00  0.000000e+00  0.000000e+00  5.700000e-01  1.000000e+00  1.000000e+00  0.000000e+00  0.000000e+00  0.000000e+00  5.700000e-01  
1.066971e+00  4.170889e+00  6.164418e-01  0.000000e+00  0.000000e+00  5.700000e-01  1.066971e+00  4.170889e+00  2.069682e-01  0.000000e+00  0.000000e+00  5.700000e-01  1.000000e+00  1.000000e+00  0.000000e+00  0.000000e+00  0.000000e+00  5.700000e-01  1.000000e+00  1.000000e+00  0.000000e+00  0.000000e+00  0.000000e+00  5.700000e-01  1.000000e+00  1.000000e+00  0.000000e+00  0.000000e+00  0.000000e+00  5.700000e-01  1.000000e+00  1.000000e+00  0.000000e+00  0.000000e+00  0.000000e+00  5.700000e-01  
4.875954e-01  4.750533e-01  6.716167e-01  0.000000e+00  0.000000e+00  5.700000e-01  4.875954e-01  4.750533e-01  8.708969e-01  0.000000e+00  0.000000e+00  5.700000e-01  1.000000e+00  1.000000e+00  0.000000e+00  0.000000e+00  0.000000e+00  5.700000e-01  1.000000e+00  1.000000e+00  0.000000e+00  0.000000e+00  0.000000e+00  5.700000e-01  1.000000e+00  1.000000e+00  0.000000e+00  0.000000e+00  0.000000e+00  5.700000e-01  1.000000e+00  1.000000e+00  0.000000e+00  0.000000e+00  0.000000e+00  5.700000e-01  
8.451879e-01  4.170653e+00  4.947695e-01  0.000000e+00  0.000000e+00  5.700000e-01  8.451879e-01  4.170653e+00  6.882546e-01  0.000000e+00  0.000000e+00  5.700000e-01  1.000000e+00  1.000000e+00  0.000000e+00  0.000000e+00  0.000000e+00  5.700000e-01  1.000000e+00  1.000000e+00  0.000000e+00  0.000000e+00  0.000000e+00  5.700000e-01  1.000000e+00  1.000000e+00  0.000000e+00  0.000000e+00  0.000000e+00  5.700000e-01  1.000000e+00  1.000000e+00  0.000000e+00  0.000000e+00  0.000000e+00  5.700000e-01  
4.064516e-01  4.538362e-01  5.560014e-01  0.000000e+00  0.000000e+00  5.700000e-01  4.064516e-01  4.538362e-01  9.935810e-01  0.000000e+00  0.000000e+00  5.700000e-01  1.000000e+00  1.000000e+00  0.000000e+00  0.000000e+00  0.000000e+00  5.700000e-01  1.000000e+00  1.000000e+00  0.000000e+00  0.000000e+00  0.000000e+00  5.700000e-01  1.000000e+00  1.000000e+00  0.000000e+00  0.000000e+00  0.000000e+00  5.700000e-01  1.000000e+00  1.000000e+00  0.000000e+00  0.000000e+00  0.000000e+00  5.700000e-01  
5.547788e-01  1.078549e+00  7.007774e-01  0.000000e+00  0.000000e+00  5.700000e-01  5.547788e-01  1.078549e+00  9.029416e-01  0.000000e+00  0.000000e+00  5.700000e-01  1.000000e+00  1.000000e+00  0.000000e+00  0.000000e+00  0.000000e+00  5.700000e-01  1.000000e+00  1.000000e+00  0.000000e+00  0.000000e+00  0.000000e+00  5.700000e-01  1.000000e+00  1.000000e+00  0.000000e+00  0.000000e+00  0.000000e+00  5.700000e-01  1.000000e+00  1.000000e+00  0.000000e+00  0.000000e+00  0.000000e+00  5.700000e-01  
6.019212e-01  1.274294e+00  5.479429e-01  0.000000e+00  0.000000e+00  5.700000e-01  6.019212e-01  1.274294e+00  4.847772e-01  0.000000e+00  0.000000e+00  5.700000e-01  1.000000e+00  1.000000e+00  0.000000e+00  0.000000e+00  0.000000e+00  5.700000e-01  1.000000e+00  1.000000e+00  0.000000e+00  0.000000e+00  0.000000e+00  5.700000e-01  1.000000e+00  1.000000e+00  0.000000e+00  0.000000e+00  0.000000e+00  5.700000e-01  1.000000e+00  1.000000e+00  0.000000e+00  0.000000e+00  0.000000e+00  5.700000e-01  
6.010345e-01  2.109280e+00  5.414043e-01  0.000000e+00  0.000000e+00  5.700000e-01  6.010345e-01  2.109280e+00  9.629775e-01  0.000000e+00  0.000000e+00  5.700000e-01  1.000000e+00  1.000000e+00  0.000000e+00  0.000000e+00  0.000000e+00  5.700000e-01  1.000000e+00  1.000000e+00  0.000000e+00  0.000000e+00  0.000000e+00  5.700000e-01  1.000000e+00  1.000000e+00  0.000000e+00  0.000000e+00  0.000000e+00  5.700000e-01  1.000000e+00  1.000000e+00  0.000000e+00  0.000000e+00  0.000000e+00  5.700000e-01  
8.877318e-01  3.590727e+00  5.554174e-01  0.000000e+00  0.000000e+00  5.700000e-01  8.877318e-01  3.590727e+00  5.265260e-01  0.000000e+00  0.000000e+00  5.700000e-01  1.000000e+00  1.000000e+00  0.000000e+00  0.000000e+00  0.000000e+00  5.700000e-01  1.000000e+00  1.000000e+00  0.000000e+00  0.000000e+00  0.000000e+00  5.700000e-01  1.000000e+00  1.000000e+00  0.000000e+00  0.000000e+00  0.000000e+00  5.700000e-01  1.000000e+00  1.000000e+00  0.000000e+00  0.000000e+00  0.000000e+00  5.700000e-01  
4.964293e-01  1.033370e+00  5.647445e-01  0.000000e+00  0.000000e+00  5.700000e-01  4.964293e-01  1.033370e+00  7.758089e-01  0.000000e+00  0.000000e+00  5.700000e-01  1.000000e+00  1.000000e+00  0.000000e+00  0.000000e+00  0.000000e+00  5.700000e-01  1.000000e+00  1.000000e+00  0.000000e+00  0.000000e+00  0.000000e+00  5.700000e-01  1.000000e+00  1.000000e+00  0.000000e+00  0.000000e+00  0.000000e+00  5.700000e-01  1.000000e+00  1.000000e+00  0.000000e+00  0.000000e+00  0.000000e+00  5.700000e-01  
1.081448e+00  3.542704e+00  6.826314e-01  0.000000e+00  0.000000e+00  5.700000e-01  1.081448e+00  3.542704e+00  4.087412e-01  0.000000e+00  0.000000e+00  5.700000e-01  1.000000e+00  1.000000e+00  0.000000e+00  0.000000e+00  0.000000e+00  5.700000e-01  1.000000e+00  1.000000e+00  0.000000e+00  0.000000e+00  0.000000e+00  5.700000e-01  1.000000e+00  1.000000e+00  0.000000e+00  0.000000e+00  0.000000e+00  5.700000e-01  1.000000e+00  1.000000e+00  0.000000e+00  0.000000e+00  0.000000e+00  5.700000e-01  
7.647097e-01  2.635712e+00  6.242092e-01  0.000000e+00  0.000000e+00  5.700000e-01  7.647097e-01  2.635712e+00  8.107479e-01  0.000000e+00  0.000000e+00  5.700000e-01  1.000000e+00  1.000000e+00  0.000000e+00  0.000000e+00  0.000000e+00  5.700000e-01  1.000000e+00  1.000000e+00  0.000000e+00  0.000000e+00  0.000000e+00  5.700000e-01  1.000000e+00  1.000000e+00  0.000000e+00  0.000000e+00  0.000000e+00  5.700000e-01  1.000000e+00  1.000000e+00  0.000000e+00  0.000000e+00  0.000000e+00  5.700000e-01  
4.887554e-01  3.225545e-01  7.846818e-01  0.000000e+00  0.000000e+00  5.700000e-01  4.887554e-01  3.225545e-01  -8.423191e-02  0.000000e+00  0.000000e+00  5.700000e-01  1.000000e+00  1.000000e+00  0.000000e+00  0.000000e+00  0.000000e+00  5.700000e-01  1.000000e+00  1.000000e+00  0.000000e+00  0.000000e+00  0.000000e+00  5.700000e-01  1.000000e+00  1.000000e+00  0.000000e+00  0.000000e+00  0.000000e+00  5.700000e-01  1.000000e+00  1.000000e+00  0.000000e+00  0.000000e+00  0.000000e+00  5.700000e-01  
7.970231e-01  2.481782e+00  5.877414e-01  0.000000e+00  0.000000e+00  5.700000e-01  7.970231e-01  2.481782e+00  4.007040e-01  0.000000e+00  0.000000e+00  5.700000e-01  1.000000e+00  1.000000e+00  0.000000e+00  0.000000e+00  0.000000e+00  5.700000e-01  1.000000e+00  1.000000e+00  0.000000e+00  0.000000e+00  0.000000e+00  5.700000e-01  1.000000e+00  1.000000e+00  0.000000e+00  0.000000e+00  0.000000e+00  5.700000e-01  1.000000e+00  1.000000e+00  0.000000e+00  0.000000e+00  0.000000e+00  5.700000e-01  
1.111405e+00  4.161008e+00  6.804994e-01  0.000000e+00  0.000000e+00  5.700000e-01  1.111405e+00  4.161008e+00  6.442868e-01  0.000000e+00  0.000000e+00  5.700000e-01  1.000000e+00  1.000000e+00  0.000000e+00  0.000000e+00  0.000000e+00  5.700000e-01  1.000000e+00  1.000000e+00  0.000000e+00  0.000000e+00  0.000000e+00  5.700000e-01  1.000000e+00  1.000000e+00  0.000000e+00  0.000000e+00  0.000000e+00  5.700000e-01  1.000000e+00  1.000000e+00  0.000000e+00  0.000000e+00  0.000000e+00  5.700000e-01  
9.594879e-01  3.457880e+00  5.258005e-01  0.000000e+00  0.000000e+00  5.700000e-01  9.594879e-01  3.457880e+00  7.625789e-01  0.000000e+00  0.000000e+00  5.700000e-01  1.000000e+00  1.000000e+00  0.000000e+00  0.000000e+00  0.000000e+00  5.700000e-01  1.000000e+00  1.000000e+00  0.000000e+00  0.000000e+00  0.000000e+00  5.700000e-01  1.000000e+00  1.000000e+00  0.000000e+00  0.000000e+00  0.000000e+00  5.700000e-01  1.000000e+00  1.000000e+00  0.000000e+00  0.000000e+00  0.000000e+00  5.700000e-01  
7.454988e-01  2.575999e+00  5.564006e-01  0.000000e+00  0.000000e+00  5.700000e-01  7.454988e-01  2.575999e+00  4.880892e-01  0.000000e+00  0.000000e+00  5.700000e-01  1.000000e+00  1.000000e+00  0.000000e+00  0.000000e+00  0.000000e+00  5.700000e-01  1.000000e+00  1.000000e+00  0.000000e+00  0.000000e+00  0.000000e+00  5.700000e-01  1.000000e+00  1.000000e+00  0.000000e+00  0.000000e+00  0.000000e+00  5.700000e-01  1.000000e+00  1.000000e+00  0.000000e+00  0.000000e+00  0.000000e+00  5.700000e-01  
7.098925e-01  2.121317e+00  5.917870e-01  0.000000e+00  0.000000e+00  5.700000e-01  7.098925e-01  2.121317e+00  3.123771e-01  0.000000e+00  0.000000e+00  5.700000e-01  1.000000e+00  1.000000e+00  0.000000e+00  0.000000e+00  0.000000e+00  5.700000e-01  1.000000e+00  1.000000e+00  0.000000e+00  0.000000e+00  0.000000e+00  5.700000e-01  1.000000e+00  1.000000e+00  0.000000e+00  0.000000e+00  0.000000e+00  5.700000e-01  1.000000e+00  1.000000e+00  0.000000e+00  0.000000e+00  0.000000e+00  5.700000e-01  
8.235202e-01  1.767550e+00  6.610036e-01  0.000000e+00  0.000000e+00  5.700000e-01  8.235202e-01  1.767550e+00  6.277139e-01  0.000000e+00  0.000000e+00  5.700000e-01  1.000000e+00  1.000000e+00  0.000000e+00  0.000000e+00  0.000000e+00  5.700000e-01  1.000000e+00  1.000000e+00  0.000000e+00  0.000000e+00  0.000000e+00  5.700000e-01  1.000000e+00  1.000000e+00  0.000000e+00  0.000000e+00  0.000000e+00  5.700000e-01  1.000000e+00  1.000000e+00  0.000000e+00  0.000000e+00  0.000000e+00  5.700000e-01  
9.107736e-01  2.447207e+00  7.541423e-01  0.000000e+00  0.000000e+00  5.700000e-01  9.107736e-01  2.447207e+00  1.246873e-01  0.000000e+00  0.000000e+00  5.700000e-01  1.000000e+00  1.000000e+00  0.000000e+00  0.000000e+00  0.000000e+00  5.700000e-01  1.000000e+00  1.000000e+00  0.000000e+00  0.000000e+00  0.000000e+00  5.700000e-01  1.000000e+00  1.000000e+00  0.000000e+00  0.000000e+00  0.000000e+00  5.700000e-01  1.000000e+00  1.000000e+00  0.000000e+00  0.000000e+00  0.000000e+00  5.700000e-01  
3.948177e-01  8.477040e-01  6.265081e-01  0.000000e+00  0.000000e+00  5.700000e-01  3.948177e-01  8.477040e-01  9.795235e-01  0.000000e+00  0.000000e+00  5.700000e-01  1.000000e+00  1.000000e+00  0.000000e+00  0.000000e+00  0.000000e+00  5.700000e-01  1.000000e+00  1.000000e+00  0.000000e+00  0.000000e+00  0.000000e+00  5.700000e-01  1.000000e+00  1.000000e+00  0.000000e+00  0.000000e+00  0.000000e+00  5.700000e-01  1.000000e+00  1.000000e+00  0.000000e+00  0.000000e+00  0.000000e+00  5.700000e-01  
8.938666e-01  2.099993e+00  6.973997e-01  0.000000e+00  0.000000e+00  5.700000e-01  8.938666e-01  2.099993e+00  7.743749e-01  0.000000e+00  0.000000e+00  5.700000e-01  1.000000e+00  1.000000e+00  0.000000e+00  0.000000e+00  0.000000e+00  5.700000e-01  1.000000e+00  1.000000e+00  0.000000e+00  0.000000e+00  0.000000e+00  5.700000e-01  1.000000e+00  1.000000e+00  0.000000e+00  0.000000e+00  0.000000e+00  5.700000e-01  1.000000e+00  1.000000e+00  0.000000e+00  0.000000e+00  0.000000e+00  5.700000e-01  
1.038948e+00  2.423917e+00  7.535506e-01  0.000000e+00  0.000000e+00  5.700000e-01  1.038948e+00  2.423917e+00  8.421212e-01  0.000000e+00  0.000000e+00  5.700000e-01  1.000000e+00  1.000000e+00  0.000000e+00  0.000000e+00  0.000000e+00  5.700000e-01  1.000000e+00  1.000000e+00  0.000000e+00  0.000000e+00  0.000000e+00  5.700000e-01  1.000000e+00  1.000000e+00  0.000000e+00  0.000000e+00  0.000000e+00  5.700000e-01  1.000000e+00  1.000000e+00  0.000000e+00  0.000000e+00  0.000000e+00  5.700000e-01  
4.182224e-01  6.386253e-01  5.774072e-01  0.000000e+00  0.000000e+00  5.700000e-01  4.182224e-01  6.386253e-01  5.548600e-01  0.000000e+00  0.000000e+00  5.700000e-01  1.000000e+00  1.000000e+00  0.000000e+00  0.000000e+00  0.000000e+00  5.700000e-01  1.000000e+00  1.000000e+00  0.000000e+00  0.000000e+00  0.000000e+00  5.700000e-01  1.000000e+00  1.000000e+00  0.000000e+00  0.000000e+00  0.000000e+00  5.700000e-01  1.000000e+00  1.000000e+00  0.000000e+00  0.000000e+00  0.000000e+00  5.700000e-01  
9.129466e-01  3.043137e+00  6.198269e-01  0.000000e+00  0.000000e+00  5.700000e-01  9.129466e-01  3.043137e+00  3.600538e-02  0.000000e+00  0.000000e+00  5.700000e-01  1.000000e+00  1.000000e+00  0.000000e+00  0.000000e+00  0.000000e+00  5.700000e-01  1.000000e+00  1.000000e+00  0.000000e+00  0.000000e+00  0.000000e+00  5.700000e-01  1.000000e+00  1.000000e+00  0.000000e+00  0.000000e+00  0.000000e+00  5.700000e-01  1.000000e+00  1.000000e+00  0.000000e+00  0.000000e+00  0.000000e+00  5.700000e-01  
4.046814e-01  4.934164e-01  6.511686e-01  0.000000e+00  0.000000e+00  5.700000e-01  4.046814e-01  4.934164e-01  8.910844e-01  0.000000e+00  0.000000e+00  5.700000e-01  1.000000e+00  1.000000e+00  0.000000e+00  0.000000e+00  0.000000e+00  5.700000e-01  1.000000e+00  1.000000e+00  0.000000e+00  0.000000e+00  0.000000e+00  5.700000e-01  1.000000e+00  1.000000e+00  0.000000e+00  0.000000e+00  0.000000e+00  5.700000e-01  1.000000e+00  1.000000e+00  0.000000e+00  0.000000e+00  0.000000e+00  5.700000e-01  
1.009343e+00  2.743272e+00  6.800684e-01  0.000000e+00  0.000000e+00  5.700000e-01  1.009343e+00  2.743272e+00  3.413125e-01  0.000000e+00  0.000000e+00  5.700000e-01  1.000000e+00  1.000000e+00  0.000000e+00  0.000000e+00  0.000000e+00  5.700000e-01  1.000000e+00  1.000000e+00  0.000000e+00  0.000000e+00  0.000000e+00  5.700000e-01  1.000000e+00  1.000000e+00  0.000000e+00  0.000000e+00  0.000000e+00  5.700000e-01  1.000000e+00  1.000000e+00  0.000000e+00  0.000000e+00  0.000000e+00  5.700000e-01  
6.151136e-01  1.157940e+00  6.638923e-01  0.000000e+00  0.000000e+00  5.700000e-01  6.151136e-01  1.157940e+00  4.007022e-01  0.000000e+00  0.000000e+00  5.700000e-01  1.000000e+00  1.000000e+00  0.000000e+00  0.000000e+00  0.000000e+00  5.700000e-01  1.000000e+00  1.000000e+00  0.000000e+00  0.000000e+00  0.000000e+00  5.700000e-01  1.000000e+00  1.000000e+00  0.000000e+00  0.000000e+00  0.000000e+00  5.700000e-01  1.000000e+00  1.000000e+00  0.000000e+00  0.000000e+00  0.000000e+00  5.700000e-01  
6.092439e-01  1.246677e+00  7.251331e-01  0.000000e+00  0.000000e+00  5.700000e-01  6.092439e-01  1.246677e+00  3.370070e-01  0.000000e+00  0.000000e+00  5.700000e-01  1.000000e+00  1.000000e+00  0.000000e+00  0.000000e+00  0.000000e+00  5.700000e-01  1.000000e+00  1.000000e+00  0.000000e+00  0.000000e+00  0.000000e+00  5.700000e-01  1.000000e+00  1.000000e+00  0.000000e+00  0.000000e+00  0.000000e+00  5.700000e-01  1.000000e+00  1.000000e+00  0.000000e+00  0.000000e+00  0.000000e+00  5.700000e-01  
7.353249e-01  1.179043e+00  6.700416e-01  0.000000e+00  0.000000e+00  5.700000e-01  7.353249e-01  1.179043e+00  9.867873e-01  0.000000e+00  0.000000e+00  5.700000e-01  1.000000e+00  1.000000e+00  0.000000e+00  0.000000e+00  0.000000e+00  5.700000e-01  1.000000e+00  1.000000e+00  0.000000e+00  0.000000e+00  0.000000e+00  5.700000e-01  1.000000e+00  1.000000e+00  0.000000e+00  0.000000e+00  0.000000e+00  5.700000e-01  1.000000e+00  1.000000e+00  0.000000e+00  0.000000e+00  0.000000e+00  5.700000e-01  
4.817097e-01  1.223936e+00  5.879100e-01  0.000000e+00  0.000000e+00  5.700000e-01  4.817097e-01  1.223936e+00  8.618552e-01  0.000000e+00  0.000000e+00  5.700000e-01  1.000000e+00  1.000000e+00  0.000000e+00  0.000000e+00  0.000000e+00  5.700000e-01  1.000000e+00  1.000000e+00  0.000000e+00  0.000000e+00  0.000000e+00  5.700000e-01  1.000000e+00  1.000000e+00  0.000000e+00  0.000000e+00  0.000000e+00  5.700000e-01  1.000000e+00  1.000000e+00  0.000000e+00  0.000000e+00  0.000000e+00  5.700000e-01  
1.136540e+00  3.778434e+00  5.711467e-01  0.000000e+00  0.000000e+00  5.700000e-01  1.136540e+00  3.778434e+00  9.176402e-01  0.000000e+00  0.000000e+00  5.700000e-01  1.000000e+00  1.000000e+00  0.000000e+00  0.000000e+00  0.000000e+00  5.700000e-01  1.000000e+00  1.000000e+00  0.000000e+00  0.000000e+00  0.000000e+00  5.700000e-01  1.000000e+00  1.000000e+00  0.000000e+00  0.000000e+00  0.000000e+00  5.700000e-01  1.000000e+00  1.000000e+00  0.000000e+00  0.000000e+00  0.000000e+00  5.700000e-01  
8.074142e-01  2.387580e+00  6.431975e-01  0.000000e+00  0.000000e+00  5.700000e-01  8.074142e-01  2.387580e+00  2.219641e-02  0.000000e+00  0.000000e+00  5.700000e-01  1.000000e+00  1.000000e+00  0.000000e+00  0.000000e+00  0.000000e+00  5.700000e-01  1.000000e+00  1.000000e+00  0.000000e+00  0.000000e+00  0.000000e+00  5.700000e-01  1.000000e+00  1.000000e+00  0.000000e+00  0.000000e+00  0.000000e+00  5.700000e-01  1.000000e+00  1.000000e+00  0.000000e+00  0.000000e+00  0.000000e+00  5.700000e-01  
8.308911e-01  2.102218e+00  6.959219e-01  0.000000e+00  0.000000e+00  5.700000e-01  8.308911e-01  2.102218e+00  5.605683e-01  0.000000e+00  0.000000e+00  5.700000e-01  1.000000e+00  1.000000e+00  0.000000e+00  0.000000e+00  0.000000e+00  5.700000e-01  1.000000e+00  1.000000e+00  0.000000e+00  0.000000e+00  0.000000e+00  5.700000e-01  1.000000e+00  1.000000e+00  0.000000e+00  0.000000e+00  0.000000e+00  5.700000e-01  1.000000e+00  1.000000e+00  0.000000e+00  0.000000e+00  0.000000e+00  5.700000e-01  
8.018934e-01  2.568016e+00  6.610948e-01  0.000000e+00  0.000000e+00  5.700000e-01  8.018934e-01  2.568016e+00  8.727483e-01  0.000000e+00  0.000000e+00  5.700000e-01  1.000000e+00  1.000000e+00  0.000000e+00  0.000000e+00  0.000000e+00  5.700000e-01  1.000000e+00  1.000000e+00  0.000000e+00  0.000000e+00  0.000000e+00  5.700000e-01  1.000000e+00  1.000000e+00  0.000000e+00  0.000000e+00  0.000000e+00  5.700000e-01  1.000000e+00  1.000000e+00  0.000000e+00  0.000000e+00  0.000000e+00  5.700000e-01  
7.173776e-01  1.643255e+00  7.110234e-01  0.000000e+00  0.000000e+00  5.700000e-01  7.173776e-01  1.643255e+00  5.615298e-01  0.000000e+00  0.000000e+00  5.700000e-01  1.000000e+00  1.000000e+00  0.000000e+00  0.000000e+00  0.000000e+00  5.700000e-01  1.000000e+00  1.000000e+00  0.000000e+00  0.000000e+00  0.000000e+00  5.700000e-01  1.000000e+00  1.000000e+00  0.000000e+00  0.000000e+00  0.000000e+00  5.700000e-01  1.000000e+00  1.000000e+00  0.000000e+00  0.000000e+00  0.000000e+00  5.700000e-01  
8.125538e-01  1.586765e+00  6.589951e-01  0.000000e+00  0.000000e+00  5.700000e-01  8.125538e-01  1.586765e+00  9.107886e-01  0.000000e+00  0.000000e+00  5.700000e-01  1.000000e+00  1.000000e+00  0.000000e+00  0.000000e+00  0.000000e+00  5.700000e-01  1.000000e+00  1.000000e+00  0.000000e+00  0.000000e+00  0.000000e+00  5.700000e-01  1.000000e+00  1.000000e+00  0.000000e+00  0.000000e+00  0.000000e+00  5.700000e-01  1.000000e+00  1.000000e+00  0.000000e+00  0.000000e+00  0.000000e+00  5.700000e-01  
7.806088e-01  1.796506e+00  6.505699e-01  0.000000e+00  0.000000e+00  5.700000e-01  7.806088e-01  1.796506e+00  9.938989e-01  0.000000e+00  0.000000e+00  5.700000e-01  1.000000e+00  1.000000e+00  0.000000e+00  0.000000e+00  0.000000e+00  5.700000e-01  1.000000e+00  1.000000e+00  0.000000e+00  0.000000e+00  0.000000e+00  5.700000e-01  1.000000e+00  1.000000e+00  0.000000e+00  0.000000e+00  0.000000e+00  5.700000e-01  1.000000e+00  1.000000e+00  0.000000e+00  0.000000e+00  0.000000e+00  5.700000e-01  
8.906233e-01  2.289587e+00  6.748456e-01  0.000000e+00  0.000000e+00  5.700000e-01  8.906233e-01  2.289587e+00  9.936724e-01  0.000000e+00  0.000000e+00  5.700000e-01  1.000000e+00  1.000000e+00  0.000000e+00  0.000000e+00  0.000000e+00  5.700000e-01  1.000000e+00  1.000000e+00  0.000000e+00  0.000000e+00  0.000000e+00  5.700000e-01  1.000000e+00  1.000000e+00  0.000000e+00  0.000000e+00  0.000000e+00  5.700000e-01  1.000000e+00  1.000000e+00  0.000000e+00  0.000000e+00  0.000000e+00  5.700000e-01  
6.611525e-01  7.789263e-01  7.191578e-01  0.000000e+00  0.000000e+00  5.700000e-01  6.611525e-01  7.789263e-01  5.997375e-01  0.000000e+00  0.000000e+00  5.700000e-01  1.000000e+00  1.000000e+00  0.000000e+00  0.000000e+00  0.000000e+00  5.700000e-01  1.000000e+00  1.000000e+00  0.000000e+00  0.000000e+00  0.000000e+00  5.700000e-01  1.000000e+00  1.000000e+00  0.000000e+00  0.000000e+00  0.000000e+00  5.700000e-01  1.000000e+00  1.000000e+00  0.000000e+00  0.000000e+00  0.000000e+00  5.700000e-01  
8.664820e-01  1.682539e+00  6.863171e-01  0.000000e+00  0.000000e+00  5.700000e-01  8.664820e-01  1.682539e+00  8.920056e-01  0.000000e+00  0.000000e+00  5.700000e-01  1.000000e+00  1.000000e+00  0.000000e+00  0.000000e+00  0.000000e+00  5.700000e-01  1.000000e+00  1.000000e+00  0.000000e+00  0.000000e+00  0.000000e+00  5.700000e-01  1.000000e+00  1.000000e+00  0.000000e+00  0.000000e+00  0.000000e+00  5.700000e-01  1.000000e+00  1.000000e+00  0.000000e+00  0.000000e+00  0.000000e+00  5.700000e-01  
6.103957e-01  1.012969e+00  7.041848e-01  0.000000e+00  0.000000e+00  5.700000e-01  6.103957e-01  1.012969e+00  9.552014e-01  0.000000e+00  0.000000e+00  5.700000e-01  1.000000e+00  1.000000e+00  0.000000e+00  0.000000e+00  0.000000e+00  5.700000e-01  1.000000e+00  1.000000e+00  0.000000e+00  0.000000e+00  0.000000e+00  5.700000e-01  1.000000e+00  1.000000e+00  0.000000e+00  0.000000e+00  0.000000e+00  5.700000e-01  1.000000e+00  1.000000e+00  0.000000e+00  0.000000e+00  0.000000e+00  5.700000e-01  
8.463411e-01  2.292769e+00  7.540752e-01  0.000000e+00  0.000000e+00  5.700000e-01  8.463411e-01  2.292769e+00  7.683408e-01  0.000000e+00  0.000000e+00  5.700000e-01  1.000000e+00  1.000000e+00  0.000000e+00  0.000000e+00  0.000000e+00  5.700000e-01  1.000000e+00  1.000000e+00  0.000000e+00  0.000000e+00  0.000000e+00  5.700000e-01  1.000000e+00  1.000000e+00  0.000000e+00  0.000000e+00  0.000000e+00  5.700000e-01  1.000000e+00  1.000000e+00  0.000000e+00  0.000000e+00  0.000000e+00  5.700000e-01  
7.145174e-01  1.389381e+00  6.100615e-01  0.000000e+00  0.000000e+00  5.700000e-01  7.145174e-01  1.389381e+00  1.021748e-01  0.000000e+00  0.000000e+00  5.700000e-01  1.000000e+00  1.000000e+00  0.000000e+00  0.000000e+00  0.000000e+00  5.700000e-01  1.000000e+00  1.000000e+00  0.000000e+00  0.000000e+00  0.000000e+00  5.700000e-01  1.000000e+00  1.000000e+00  0.000000e+00  0.000000e+00  0.000000e+00  5.700000e-01  1.000000e+00  1.000000e+00  0.000000e+00  0.000000e+00  0.000000e+00  5.700000e-01  
7.964221e-01  2.012456e+00  6.260097e-01  0.000000e+00  0.000000e+00  5.700000e-01  7.964221e-01  2.012456e+00  8.411202e-01  0.000000e+00  0.000000e+00  5.700000e-01  1.000000e+00  1.000000e+00  0.000000e+00  0.000000e+00  0.000000e+00  5.700000e-01  1.000000e+00  1.000000e+00  0.000000e+00  0.000000e+00  0.000000e+00  5.700000e-01  1.000000e+00  1.000000e+00  0.000000e+00  0.000000e+00  0.000000e+00  5.700000e-01  1.000000e+00  1.000000e+00  0.000000e+00  0.000000e+00  0.000000e+00  5.700000e-01  
9.032179e-01  2.597114e+00  7.170480e-01  0.000000e+00  0.000000e+00  5.700000e-01  9.032179e-01  2.597114e+00  -1.817220e-02  0.000000e+00  0.000000e+00  5.700000e-01  1.000000e+00  1.000000e+00  0.000000e+00  0.000000e+00  0.000000e+00  5.700000e-01  1.000000e+00  1.000000e+00  0.000000e+00  0.000000e+00  0.000000e+00  5.700000e-01  1.000000e+00  1.000000e+00  0.000000e+00  0.000000e+00  0.000000e+00  5.700000e-01  1.000000e+00  1.000000e+00  0.000000e+00  0.000000e+00  0.000000e+00  5.700000e-01  
1.062608e+00  2.323878e+00  6.856391e-01  0.000000e+00  0.000000e+00  5.700000e-01  1.062608e+00  2.323878e+00  9.927838e-01  0.000000e+00  0.000000e+00  5.700000e-01  1.000000e+00  1.000000e+00  0.000000e+00  0.000000e+00  0.000000e+00  5.700000e-01  1.000000e+00  1.000000e+00  0.000000e+00  0.000000e+00  0.000000e+00  5.700000e-01  1.000000e+00  1.000000e+00  0.000000e+00  0.000000e+00  0.000000e+00  5.700000e-01  1.000000e+00  1.000000e+00  0.000000e+00  0.000000e+00  0.000000e+00  5.700000e-01  
7.801593e-01  2.220698e+00  6.543066e-01  0.000000e+00  0.000000e+00  5.700000e-01  7.801593e-01  2.220698e+00  7.749271e-01  0.000000e+00  0.000000e+00  5.700000e-01  1.000000e+00  1.000000e+00  0.000000e+00  0.000000e+00  0.000000e+00  5.700000e-01  1.000000e+00  1.000000e+00  0.000000e+00  0.000000e+00  0.000000e+00  5.700000e-01  1.000000e+00  1.000000e+00  0.000000e+00  0.000000e+00  0.000000e+00  5.700000e-01  1.000000e+00  1.000000e+00  0.000000e+00  0.000000e+00  0.000000e+00  5.700000e-01  
4.962624e-01  8.070911e-01  7.002425e-01  0.000000e+00  0.000000e+00  5.700000e-01  4.962624e-01  8.070911e-01  1.346135e-01  0.000000e+00  0.000000e+00  5.700000e-01  1.000000e+00  1.000000e+00  0.000000e+00  0.000000e+00  0.000000e+00  5.700000e-01  1.000000e+00  1.000000e+00  0.000000e+00  0.000000e+00  0.000000e+00  5.700000e-01  1.000000e+00  1.000000e+00  0.000000e+00  0.000000e+00  0.000000e+00  5.700000e-01  1.000000e+00  1.000000e+00  0.000000e+00  0.000000e+00  0.000000e+00  5.700000e-01  
1.010007e+00  4.374515e+00  5.207479e-01  0.000000e+00  0.000000e+00  5.700000e-01  1.010007e+00  4.374515e+00  4.310660e-01  0.000000e+00  0.000000e+00  5.700000e-01  1.000000e+00  1.000000e+00  0.000000e+00  0.000000e+00  0.000000e+00  5.700000e-01  1.000000e+00  1.000000e+00  0.000000e+00  0.000000e+00  0.000000e+00  5.700000e-01  1.000000e+00  1.000000e+00  0.000000e+00  0.000000e+00  0.000000e+00  5.700000e-01  1.000000e+00  1.000000e+00  0.000000e+00  0.000000e+00  0.000000e+00  5.700000e-01  
7.964498e-01  1.733752e+00  7.126274e-01  0.000000e+00  0.000000e+00  5.700000e-01  7.964498e-01  1.733752e+00  3.697894e-01  0.000000e+00  0.000000e+00  5.700000e-01  1.000000e+00  1.000000e+00  0.000000e+00  0.000000e+00  0.000000e+00  5.700000e-01  1.000000e+00  1.000000e+00  0.000000e+00  0.000000e+00  0.000000e+00  5.700000e-01  1.000000e+00  1.000000e+00  0.000000e+00  0.000000e+00  0.000000e+00  5.700000e-01  1.000000e+00  1.000000e+00  0.000000e+00  0.000000e+00  0.000000e+00  5.700000e-01  
1.344815e+00  4.891975e+00  6.890136e-01  0.000000e+00  0.000000e+00  5.700000e-01  1.344815e+00  4.891975e+00  3.273594e-02  0.000000e+00  0.000000e+00  5.700000e-01  1.000000e+00  1.000000e+00  0.000000e+00  0.000000e+00  0.000000e+00  5.700000e-01  1.000000e+00  1.000000e+00  0.000000e+00  0.000000e+00  0.000000e+00  5.700000e-01  1.000000e+00  1.000000e+00  0.000000e+00  0.000000e+00  0.000000e+00  5.700000e-01  1.000000e+00  1.000000e+00  0.000000e+00  0.000000e+00  0.000000e+00  5.700000e-01  
5.648803e-01  1.349810e+00  6.142797e-01  0.000000e+00  0.000000e+00  5.700000e-01  5.648803e-01  1.349810e+00  3.655511e-02  0.000000e+00  0.000000e+00  5.700000e-01  1.000000e+00  1.000000e+00  0.000000e+00  0.000000e+00  0.000000e+00  5.700000e-01  1.000000e+00  1.000000e+00  0.000000e+00  0.000000e+00  0.000000e+00  5.700000e-01  1.000000e+00  1.000000e+00  0.000000e+00  0.000000e+00  0.000000e+00  5.700000e-01  1.000000e+00  1.000000e+00  0.000000e+00  0.000000e+00  0.000000e+00  5.700000e-01  
7.884045e-01  3.092180e+00  6.186261e-01  0.000000e+00  0.000000e+00  5.700000e-01  7.884045e-01  3.092180e+00  8.582098e-01  0.000000e+00  0.000000e+00  5.700000e-01  1.000000e+00  1.000000e+00  0.000000e+00  0.000000e+00  0.000000e+00  5.700000e-01  1.000000e+00  1.000000e+00  0.000000e+00  0.000000e+00  0.000000e+00  5.700000e-01  1.000000e+00  1.000000e+00  0.000000e+00  0.000000e+00  0.000000e+00  5.700000e-01  1.000000e+00  1.000000e+00  0.000000e+00  0.000000e+00  0.000000e+00  5.700000e-01  
8.648981e-01  2.424474e+00  6.927887e-01  0.000000e+00  0.000000e+00  5.700000e-01  8.648981e-01  2.424474e+00  7.852660e-01  0.000000e+00  0.000000e+00  5.700000e-01  1.000000e+00  1.000000e+00  0.000000e+00  0.000000e+00  0.000000e+00  5.700000e-01  1.000000e+00  1.000000e+00  0.000000e+00  0.000000e+00  0.000000e+00  5.700000e-01  1.000000e+00  1.000000e+00  0.000000e+00  0.000000e+00  0.000000e+00  5.700000e-01  1.000000e+00  1.000000e+00  0.000000e+00  0.000000e+00  0.000000e+00  5.700000e-01  
8.768216e-01  3.408845e+00  6.092011e-01  0.000000e+00  0.000000e+00  5.700000e-01  8.768216e-01  3.408845e+00  9.718441e-01  0.000000e+00  0.000000e+00  5.700000e-01  1.000000e+00  1.000000e+00  0.000000e+00  0.000000e+00  0.000000e+00  5.700000e-01  1.000000e+00  1.000000e+00  0.000000e+00  0.000000e+00  0.000000e+00  5.700000e-01  1.000000e+00  1.000000e+00  0.000000e+00  0.000000e+00  0.000000e+00  5.700000e-01  1.000000e+00  1.000000e+00  0.000000e+00  0.000000e+00  0.000000e+00  5.700000e-01  
4.254804e-01  1.600943e+00  5.122926e-01  0.000000e+00  0.000000e+00  5.700000e-01  4.254804e-01  1.600943e+00  9.181505e-01  0.000000e+00  0.000000e+00  5.700000e-01  1.000000e+00  1.000000e+00  0.000000e+00  0.000000e+00  0.000000e+00  5.700000e-01  1.000000e+00  1.000000e+00  0.000000e+00  0.000000e+00  0.000000e+00  5.700000e-01  1.000000e+00  1.000000e+00  0.000000e+00  0.000000e+00  0.000000e+00  5.700000e-01  1.000000e+00  1.000000e+00  0.000000e+00  0.000000e+00  0.000000e+00  5.700000e-01  
5.940651e-01  2.069304e+00  5.273377e-01  0.000000e+00  0.000000e+00  5.700000e-01  5.940651e-01  2.069304e+00  4.055580e-01  0.000000e+00  0.000000e+00  5.700000e-01  1.000000e+00  1.000000e+00  0.000000e+00  0.000000e+00  0.000000e+00  5.700000e-01  1.000000e+00  1.000000e+00  0.000000e+00  0.000000e+00  0.000000e+00  5.700000e-01  1.000000e+00  1.000000e+00  0.000000e+00  0.000000e+00  0.000000e+00  5.700000e-01  1.000000e+00  1.000000e+00  0.000000e+00  0.000000e+00  0.000000e+00  5.700000e-01  
6.261002e-01  1.460314e+00  5.586823e-01  0.000000e+00  0.000000e+00  5.700000e-01  6.261002e-01  1.460314e+00  6.419553e-01  0.000000e+00  0.000000e+00  5.700000e-01  1.000000e+00  1.000000e+00  0.000000e+00  0.000000e+00  0.000000e+00  5.700000e-01  1.000000e+00  1.000000e+00  0.000000e+00  0.000000e+00  0.000000e+00  5.700000e-01  1.000000e+00  1.000000e+00  0.000000e+00  0.000000e+00  0.000000e+00  5.700000e-01  1.000000e+00  1.000000e+00  0.000000e+00  0.000000e+00  0.000000e+00  5.700000e-01  
8.439204e-01  1.304914e+00  7.793229e-01  0.000000e+00  0.000000e+00  5.700000e-01  8.439204e-01  1.304914e+00  4.864399e-01  0.000000e+00  0.000000e+00  5.700000e-01  1.000000e+00  1.000000e+00  0.000000e+00  0.000000e+00  0.000000e+00  5.700000e-01  1.000000e+00  1.000000e+00  0.000000e+00  0.000000e+00  0.000000e+00  5.700000e-01  1.000000e+00  1.000000e+00  0.000000e+00  0.000000e+00  0.000000e+00  5.700000e-01  1.000000e+00  1.000000e+00  0.000000e+00  0.000000e+00  0.000000e+00  5.700000e-01  
8.859309e-01  2.118877e+00  6.336699e-01  0.000000e+00  0.000000e+00  5.700000e-01  8.859309e-01  2.118877e+00  9.500622e-01  0.000000e+00  0.000000e+00  5.700000e-01  1.000000e+00  1.000000e+00  0.000000e+00  0.000000e+00  0.000000e+00  5.700000e-01  1.000000e+00  1.000000e+00  0.000000e+00  0.000000e+00  0.000000e+00  5.700000e-01  1.000000e+00  1.000000e+00  0.000000e+00  0.000000e+00  0.000000e+00  5.700000e-01  1.000000e+00  1.000000e+00  0.000000e+00  0.000000e+00  0.000000e+00  5.700000e-01  
8.701502e-01  2.501194e+00  6.010596e-01  0.000000e+00  0.000000e+00  5.700000e-01  8.701502e-01  2.501194e+00  5.597841e-01  0.000000e+00  0.000000e+00  5.700000e-01  1.000000e+00  1.000000e+00  0.000000e+00  0.000000e+00  0.000000e+00  5.700000e-01  1.000000e+00  1.000000e+00  0.000000e+00  0.000000e+00  0.000000e+00  5.700000e-01  1.000000e+00  1.000000e+00  0.000000e+00  0.000000e+00  0.000000e+00  5.700000e-01  1.000000e+00  1.000000e+00  0.000000e+00  0.000000e+00  0.000000e+00  5.700000e-01  
8.236225e-01  2.264504e+00  6.700629e-01  0.000000e+00  0.000000e+00  5.700000e-01  8.236225e-01  2.264504e+00  7.045255e-01  0.000000e+00  0.000000e+00  5.700000e-01  1.000000e+00  1.000000e+00  0.000000e+00  0.000000e+00  0.000000e+00  5.700000e-01  1.000000e+00  1.000000e+00  0.000000e+00  0.000000e+00  0.000000e+00  5.700000e-01  1.000000e+00  1.000000e+00  0.000000e+00  0.000000e+00  0.000000e+00  5.700000e-01  1.000000e+00  1.000000e+00  0.000000e+00  0.000000e+00  0.000000e+00  5.700000e-01  
4.118164e-01  9.968079e-01  5.749294e-01  0.000000e+00  0.000000e+00  5.700000e-01  4.118164e-01  9.968079e-01  8.997328e-01  0.000000e+00  0.000000e+00  5.700000e-01  1.000000e+00  1.000000e+00  0.000000e+00  0.000000e+00  0.000000e+00  5.700000e-01  1.000000e+00  1.000000e+00  0.000000e+00  0.000000e+00  0.000000e+00  5.700000e-01  1.000000e+00  1.000000e+00  0.000000e+00  0.000000e+00  0.000000e+00  5.700000e-01  1.000000e+00  1.000000e+00  0.000000e+00  0.000000e+00  0.000000e+00  5.700000e-01  
1.081025e+00  3.742684e+00  5.669065e-01  0.000000e+00  0.000000e+00  5.700000e-01  1.081025e+00  3.742684e+00  9.646958e-01  0.000000e+00  0.000000e+00  5.700000e-01  1.000000e+00  1.000000e+00  0.000000e+00  0.000000e+00  0.000000e+00  5.700000e-01  1.000000e+00  1.000000e+00  0.000000e+00  0.000000e+00  0.000000e+00  5.700000e-01  1.000000e+00  1.000000e+00  0.000000e+00  0.000000e+00  0.000000e+00  5.700000e-01  1.000000e+00  1.000000e+00  0.000000e+00  0.000000e+00  0.000000e+00  5.700000e-01  
3.818405e-01  1.139464e+00  5.119122e-01  0.000000e+00  0.000000e+00  5.700000e-01  3.818405e-01  1.139464e+00  5.351065e-01  0.000000e+00  0.000000e+00  5.700000e-01  1.000000e+00  1.000000e+00  0.000000e+00  0.000000e+00  0.000000e+00  5.700000e-01  1.000000e+00  1.000000e+00  0.000000e+00  0.000000e+00  0.000000e+00  5.700000e-01  1.000000e+00  1.000000e+00  0.000000e+00  0.000000e+00  0.000000e+00  5.700000e-01  1.000000e+00  1.000000e+00  0.000000e+00  0.000000e+00  0.000000e+00  5.700000e-01  
6.739396e-01  8.706579e-01  7.186318e-01  0.000000e+00  0.000000e+00  5.700000e-01  6.739396e-01  8.706579e-01  4.755294e-01  0.000000e+00  0.000000e+00  5.700000e-01  1.000000e+00  1.000000e+00  0.000000e+00  0.000000e+00  0.000000e+00  5.700000e-01  1.000000e+00  1.000000e+00  0.000000e+00  0.000000e+00  0.000000e+00  5.700000e-01  1.000000e+00  1.000000e+00  0.000000e+00  0.000000e+00  0.000000e+00  5.700000e-01  1.000000e+00  1.000000e+00  0.000000e+00  0.000000e+00  0.000000e+00  5.700000e-01  
5.016676e-01  1.137344e+00  5.773211e-01  0.000000e+00  0.000000e+00  5.700000e-01  5.016676e-01  1.137344e+00  3.894114e-01  0.000000e+00  0.000000e+00  5.700000e-01  1.000000e+00  1.000000e+00  0.000000e+00  0.000000e+00  0.000000e+00  5.700000e-01  1.000000e+00  1.000000e+00  0.000000e+00  0.000000e+00  0.000000e+00  5.700000e-01  1.000000e+00  1.000000e+00  0.000000e+00  0.000000e+00  0.000000e+00  5.700000e-01  1.000000e+00  1.000000e+00  0.000000e+00  0.000000e+00  0.000000e+00  5.700000e-01  
8.211780e-01  2.264325e+00  6.425835e-01  0.000000e+00  0.000000e+00  5.700000e-01  8.211780e-01  2.264325e+00  -2.180721e-01  0.000000e+00  0.000000e+00  5.700000e-01  1.000000e+00  1.000000e+00  0.000000e+00  0.000000e+00  0.000000e+00  5.700000e-01  1.000000e+00  1.000000e+00  0.000000e+00  0.000000e+00  0.000000e+00  5.700000e-01  1.000000e+00  1.000000e+00  0.000000e+00  0.000000e+00  0.000000e+00  5.700000e-01  1.000000e+00  1.000000e+00  0.000000e+00  0.000000e+00  0.000000e+00  5.700000e-01  
7.030674e-01  1.465379e+00  6.285177e-01  0.000000e+00  0.000000e+00  5.700000e-01  7.030674e-01  1.465379e+00  5.879323e-01  0.000000e+00  0.000000e+00  5.700000e-01  1.000000e+00  1.000000e+00  0.000000e+00  0.000000e+00  0.000000e+00  5.700000e-01  1.000000e+00  1.000000e+00  0.000000e+00  0.000000e+00  0.000000e+00  5.700000e-01  1.000000e+00  1.000000e+00  0.000000e+00  0.000000e+00  0.000000e+00  5.700000e-01  1.000000e+00  1.000000e+00  0.000000e+00  0.000000e+00  0.000000e+00  5.700000e-01  
1.278419e+00  4.947744e+00  7.064743e-01  0.000000e+00  0.000000e+00  5.700000e-01  1.278419e+00  4.947744e+00  1.566436e-01  0.000000e+00  0.000000e+00  5.700000e-01  1.000000e+00  1.000000e+00  0.000000e+00  0.000000e+00  0.000000e+00  5.700000e-01  1.000000e+00  1.000000e+00  0.000000e+00  0.000000e+00  0.000000e+00  5.700000e-01  1.000000e+00  1.000000e+00  0.000000e+00  0.000000e+00  0.000000e+00  5.700000e-01  1.000000e+00  1.000000e+00  0.000000e+00  0.000000e+00  0.000000e+00  5.700000e-01  
6.009200e-01  8.045842e-01  6.630581e-01  0.000000e+00  0.000000e+00  5.700000e-01  6.009200e-01  8.045842e-01  8.345756e-01  0.000000e+00  0.000000e+00  5.700000e-01  1.000000e+00  1.000000e+00  0.000000e+00  0.000000e+00  0.000000e+00  5.700000e-01  1.000000e+00  1.000000e+00  0.000000e+00  0.000000e+00  0.000000e+00  5.700000e-01  1.000000e+00  1.000000e+00  0.000000e+00  0.000000e+00  0.000000e+00  5.700000e-01  1.000000e+00  1.000000e+00  0.000000e+00  0.000000e+00  0.000000e+00  5.700000e-01  
1.126763e+00  3.325949e+00  7.132869e-01  0.000000e+00  0.000000e+00  5.700000e-01  1.126763e+00  3.325949e+00  4.102380e-01  0.000000e+00  0.000000e+00  5.700000e-01  1.000000e+00  1.000000e+00  0.000000e+00  0.000000e+00  0.000000e+00  5.700000e-01  1.000000e+00  1.000000e+00  0.000000e+00  0.000000e+00  0.000000e+00  5.700000e-01  1.000000e+00  1.000000e+00  0.000000e+00  0.000000e+00  0.000000e+00  5.700000e-01  1.000000e+00  1.000000e+00  0.000000e+00  0.000000e+00  0.000000e+00  5.700000e-01  
9.270455e-01  3.858925e+00  6.720284e-01  0.000000e+00  0.000000e+00  5.700000e-01  9.270455e-01  3.858925e+00  9.611465e-01  0.000000e+00  0.000000e+00  5.700000e-01  1.000000e+00  1.000000e+00  0.000000e+00  0.000000e+00  0.000000e+00  5.700000e-01  1.000000e+00  1.000000e+00  0.000000e+00  0.000000e+00  0.000000e+00  5.700000e-01  1.000000e+00  1.000000e+00  0.000000e+00  0.000000e+00  0.000000e+00  5.700000e-01  1.000000e+00  1.000000e+00  0.000000e+00  0.000000e+00  0.000000e+00  5.700000e-01  
7.430829e-01  1.700276e+00  6.118702e-01  0.000000e+00  0.000000e+00  5.700000e-01  7.430829e-01  1.700276e+00  9.219487e-01  0.000000e+00  0.000000e+00  5.700000e-01  1.000000e+00  1.000000e+00  0.000000e+00  0.000000e+00  0.000000e+00  5.700000e-01  1.000000e+00  1.000000e+00  0.000000e+00  0.000000e+00  0.000000e+00  5.700000e-01  1.000000e+00  1.000000e+00  0.000000e+00  0.000000e+00  0.000000e+00  5.700000e-01  1.000000e+00  1.000000e+00  0.000000e+00  0.000000e+00  0.000000e+00  5.700000e-01  
9.792193e-01  3.269154e+00  5.811276e-01  0.000000e+00  0.000000e+00  5.700000e-01  9.792193e-01  3.269154e+00  6.199206e-01  0.000000e+00  0.000000e+00  5.700000e-01  1.000000e+00  1.000000e+00  0.000000e+00  0.000000e+00  0.000000e+00  5.700000e-01  1.000000e+00  1.000000e+00  0.000000e+00  0.000000e+00  0.000000e+00  5.700000e-01  1.000000e+00  1.000000e+00  0.000000e+00  0.000000e+00  0.000000e+00  5.700000e-01  1.000000e+00  1.000000e+00  0.000000e+00  0.000000e+00  0.000000e+00  5.700000e-01  
7.718692e-01  2.894271e+00  6.392556e-01  0.000000e+00  0.000000e+00  5.700000e-01  7.718692e-01  2.894271e+00  3.479248e-02  0.000000e+00  0.000000e+00  5.700000e-01  1.000000e+00  1.000000e+00  0.000000e+00  0.000000e+00  0.000000e+00  5.700000e-01  1.000000e+00  1.000000e+00  0.000000e+00  0.000000e+00  0.000000e+00  5.700000e-01  1.000000e+00  1.000000e+00  0.000000e+00  0.000000e+00  0.000000e+00  5.700000e-01  1.000000e+00  1.000000e+00  0.000000e+00  0.000000e+00  0.000000e+00  5.700000e-01  
9.541561e-01  2.671434e+00  6.977857e-01  0.000000e+00  0.000000e+00  5.700000e-01  9.541561e-01  2.671434e+00  -2.534239e-01  0.000000e+00  0.000000e+00  5.700000e-01  1.000000e+00  1.000000e+00  0.000000e+00  0.000000e+00  0.000000e+00  5.700000e-01  1.000000e+00  1.000000e+00  0.000000e+00  0.000000e+00  0.000000e+00  5.700000e-01  1.000000e+00  1.000000e+00  0.000000e+00  0.000000e+00  0.000000e+00  5.700000e-01  1.000000e+00  1.000000e+00  0.000000e+00  0.000000e+00  0.000000e+00  5.700000e-01  
6.014680e-01  2.289230e+00  5.696141e-01  0.000000e+00  0.000000e+00  5.700000e-01  6.014680e-01  2.289230e+00  8.101686e-01  0.000000e+00  0.000000e+00  5.700000e-01  1.000000e+00  1.000000e+00  0.000000e+00  0.000000e+00  0.000000e+00  5.700000e-01  1.000000e+00  1.000000e+00  0.000000e+00  0.000000e+00  0.000000e+00  5.700000e-01  1.000000e+00  1.000000e+00  0.000000e+00  0.000000e+00  0.000000e+00  5.700000e-01  1.000000e+00  1.000000e+00  0.000000e+00  0.000000e+00  0.000000e+00  5.700000e-01  
1.131005e+00  3.595717e+00  7.315743e-01  0.000000e+00  0.000000e+00  5.700000e-01  1.131005e+00  3.595717e+00  2.721027e-01  0.000000e+00  0.000000e+00  5.700000e-01  1.000000e+00  1.000000e+00  0.000000e+00  0.000000e+00  0.000000e+00  5.700000e-01  1.000000e+00  1.000000e+00  0.000000e+00  0.000000e+00  0.000000e+00  5.700000e-01  1.000000e+00  1.000000e+00  0.000000e+00  0.000000e+00  0.000000e+00  5.700000e-01  1.000000e+00  1.000000e+00  0.000000e+00  0.000000e+00  0.000000e+00  5.700000e-01  
5.736874e-01  2.171082e+00  5.305998e-01  0.000000e+00  0.000000e+00  5.700000e-01  5.736874e-01  2.171082e+00  6.303885e-01  0.000000e+00  0.000000e+00  5.700000e-01  1.000000e+00  1.000000e+00  0.000000e+00  0.000000e+00  0.000000e+00  5.700000e-01  1.000000e+00  1.000000e+00  0.000000e+00  0.000000e+00  0.000000e+00  5.700000e-01  1.000000e+00  1.000000e+00  0.000000e+00  0.000000e+00  0.000000e+00  5.700000e-01  1.000000e+00  1.000000e+00  0.000000e+00  0.000000e+00  0.000000e+00  5.700000e-01  
1.159271e+00  4.976896e+00  6.023482e-01  0.000000e+00  0.000000e+00  5.700000e-01  1.159271e+00  4.976896e+00  3.927783e-01  0.000000e+00  0.000000e+00  5.700000e-01  1.000000e+00  1.000000e+00  0.000000e+00  0.000000e+00  0.000000e+00  5.700000e-01  1.000000e+00  1.000000e+00  0.000000e+00  0.000000e+00  0.000000e+00  5.700000e-01  1.000000e+00  1.000000e+00  0.000000e+00  0.000000e+00  0.000000e+00  5.700000e-01  1.000000e+00  1.000000e+00  0.000000e+00  0.000000e+00  0.000000e+00  5.700000e-01  
6.998728e-01  2.269674e+00  5.493097e-01  0.000000e+00  0.000000e+00  5.700000e-01  6.998728e-01  2.269674e+00  5.868467e-01  0.000000e+00  0.000000e+00  5.700000e-01  1.000000e+00  1.000000e+00  0.000000e+00  0.000000e+00  0.000000e+00  5.700000e-01  1.000000e+00  1.000000e+00  0.000000e+00  0.000000e+00  0.000000e+00  5.700000e-01  1.000000e+00  1.000000e+00  0.000000e+00  0.000000e+00  0.000000e+00  5.700000e-01  1.000000e+00  1.000000e+00  0.000000e+00  0.000000e+00  0.000000e+00  5.700000e-01  
6.754445e-01  1.953972e+00  6.242102e-01  0.000000e+00  0.000000e+00  5.700000e-01  6.754445e-01  1.953972e+00  9.343392e-01  0.000000e+00  0.000000e+00  5.700000e-01  1.000000e+00  1.000000e+00  0.000000e+00  0.000000e+00  0.000000e+00  5.700000e-01  1.000000e+00  1.000000e+00  0.000000e+00  0.000000e+00  0.000000e+00  5.700000e-01  1.000000e+00  1.000000e+00  0.000000e+00  0.000000e+00  0.000000e+00  5.700000e-01  1.000000e+00  1.000000e+00  0.000000e+00  0.000000e+00  0.000000e+00  5.700000e-01  
7.924109e-01  2.458146e+00  6.260768e-01  0.000000e+00  0.000000e+00  5.700000e-01  7.924109e-01  2.458146e+00  4.245417e-01  0.000000e+00  0.000000e+00  5.700000e-01  1.000000e+00  1.000000e+00  0.000000e+00  0.000000e+00  0.000000e+00  5.700000e-01  1.000000e+00  1.000000e+00  0.000000e+00  0.000000e+00  0.000000e+00  5.700000e-01  1.000000e+00  1.000000e+00  0.000000e+00  0.000000e+00  0.000000e+00  5.700000e-01  1.000000e+00  1.000000e+00  0.000000e+00  0.000000e+00  0.000000e+00  5.700000e-01  
5.816115e-01  2.067491e+00  5.206880e-01  0.000000e+00  0.000000e+00  5.700000e-01  5.816115e-01  2.067491e+00  6.177322e-01  0.000000e+00  0.000000e+00  5.700000e-01  1.000000e+00  1.000000e+00  0.000000e+00  0.000000e+00  0.000000e+00  5.700000e-01  1.000000e+00  1.000000e+00  0.000000e+00  0.000000e+00  0.000000e+00  5.700000e-01  1.000000e+00  1.000000e+00  0.000000e+00  0.000000e+00  0.000000e+00  5.700000e-01  1.000000e+00  1.000000e+00  0.000000e+00  0.000000e+00  0.000000e+00  5.700000e-01  
8.317943e-01  2.425852e+00  6.218022e-01  0.000000e+00  0.000000e+00  5.700000e-01  8.317943e-01  2.425852e+00  6.715942e-01  0.000000e+00  0.000000e+00  5.700000e-01  1.000000e+00  1.000000e+00  0.000000e+00  0.000000e+00  0.000000e+00  5.700000e-01  1.000000e+00  1.000000e+00  0.000000e+00  0.000000e+00  0.000000e+00  5.700000e-01  1.000000e+00  1.000000e+00  0.000000e+00  0.000000e+00  0.000000e+00  5.700000e-01  1.000000e+00  1.000000e+00  0.000000e+00  0.000000e+00  0.000000e+00  5.700000e-01  
5.267111e-01  1.479964e+00  5.237755e-01  0.000000e+00  0.000000e+00  5.700000e-01  5.267111e-01  1.479964e+00  6.652453e-01  0.000000e+00  0.000000e+00  5.700000e-01  1.000000e+00  1.000000e+00  0.000000e+00  0.000000e+00  0.000000e+00  5.700000e-01  1.000000e+00  1.000000e+00  0.000000e+00  0.000000e+00  0.000000e+00  5.700000e-01  1.000000e+00  1.000000e+00  0.000000e+00  0.000000e+00  0.000000e+00  5.700000e-01  1.000000e+00  1.000000e+00  0.000000e+00  0.000000e+00  0.000000e+00  5.700000e-01  
7.495098e-01  2.616910e+00  5.172198e-01  0.000000e+00  0.000000e+00  5.700000e-01  7.495098e-01  2.616910e+00  1.955104e-01  0.000000e+00  0.000000e+00  5.700000e-01  1.000000e+00  1.000000e+00  0.000000e+00  0.000000e+00  0.000000e+00  5.700000e-01  1.000000e+00  1.000000e+00  0.000000e+00  0.000000e+00  0.000000e+00  5.700000e-01  1.000000e+00  1.000000e+00  0.000000e+00  0.000000e+00  0.000000e+00  5.700000e-01  1.000000e+00  1.000000e+00  0.000000e+00  0.000000e+00  0.000000e+00  5.700000e-01  
1.166609e+00  3.303718e+00  7.765958e-01  0.000000e+00  0.000000e+00  5.700000e-01  1.166609e+00  3.303718e+00  1.473469e-01  0.000000e+00  0.000000e+00  5.700000e-01  1.000000e+00  1.000000e+00  0.000000e+00  0.000000e+00  0.000000e+00  5.700000e-01  1.000000e+00  1.000000e+00  0.000000e+00  0.000000e+00  0.000000e+00  5.700000e-01  1.000000e+00  1.000000e+00  0.000000e+00  0.000000e+00  0.000000e+00  5.700000e-01  1.000000e+00  1.000000e+00  0.000000e+00  0.000000e+00  0.000000e+00  5.700000e-01  
1.183426e+00  5.437332e+00  5.822266e-01  0.000000e+00  0.000000e+00  5.700000e-01  1.183426e+00  5.437332e+00  5.949528e-01  0.000000e+00  0.000000e+00  5.700000e-01  1.000000e+00  1.000000e+00  0.000000e+00  0.000000e+00  0.000000e+00  5.700000e-01  1.000000e+00  1.000000e+00  0.000000e+00  0.000000e+00  0.000000e+00  5.700000e-01  1.000000e+00  1.000000e+00  0.000000e+00  0.000000e+00  0.000000e+00  5.700000e-01  1.000000e+00  1.000000e+00  0.000000e+00  0.000000e+00  0.000000e+00  5.700000e-01  
1.270964e+00  4.111398e+00  6.505398e-01  0.000000e+00  0.000000e+00  5.700000e-01  1.270964e+00  4.111398e+00  7.590414e-01  0.000000e+00  0.000000e+00  5.700000e-01  1.000000e+00  1.000000e+00  0.000000e+00  0.000000e+00  0.000000e+00  5.700000e-01  1.000000e+00  1.000000e+00  0.000000e+00  0.000000e+00  0.000000e+00  5.700000e-01  1.000000e+00  1.000000e+00  0.000000e+00  0.000000e+00  0.000000e+00  5.700000e-01  1.000000e+00  1.000000e+00  0.000000e+00  0.000000e+00  0.000000e+00  5.700000e-01  
1.134685e+00  3.422298e+00  6.143249e-01  0.000000e+00  0.000000e+00  5.700000e-01  1.134685e+00  3.422298e+00  7.912649e-01  0.000000e+00  0.000000e+00  5.700000e-01  1.000000e+00  1.000000e+00  0.000000e+00  0.000000e+00  0.000000e+00  5.700000e-01  1.000000e+00  1.000000e+00  0.000000e+00  0.000000e+00  0.000000e+00  5.700000e-01  1.000000e+00  1.000000e+00  0.000000e+00  0.000000e+00  0.000000e+00  5.700000e-01  1.000000e+00  1.000000e+00  0.000000e+00  0.000000e+00  0.000000e+00  5.700000e-01  
9.430293e-01  3.412253e+00  6.115198e-01  0.000000e+00  0.000000e+00  5.700000e-01  9.430293e-01  3.412253e+00  9.446506e-01  0.000000e+00  0.000000e+00  5.700000e-01  1.000000e+00  1.000000e+00  0.000000e+00  0.000000e+00  0.000000e+00  5.700000e-01  1.000000e+00  1.000000e+00  0.000000e+00  0.000000e+00  0.000000e+00  5.700000e-01  1.000000e+00  1.000000e+00  0.000000e+00  0.000000e+00  0.000000e+00  5.700000e-01  1.000000e+00  1.000000e+00  0.000000e+00  0.000000e+00  0.000000e+00  5.700000e-01  
9.576278e-01  2.411464e+00  6.105471e-01  0.000000e+00  0.000000e+00  5.700000e-01  9.576278e-01  2.411464e+00  9.933326e-01  0.000000e+00  0.000000e+00  5.700000e-01  1.000000e+00  1.000000e+00  0.000000e+00  0.000000e+00  0.000000e+00  5.700000e-01  1.000000e+00  1.000000e+00  0.000000e+00  0.000000e+00  0.000000e+00  5.700000e-01  1.000000e+00  1.000000e+00  0.000000e+00  0.000000e+00  0.000000e+00  5.700000e-01  1.000000e+00  1.000000e+00  0.000000e+00  0.000000e+00  0.000000e+00  5.700000e-01  
5.286223e-01  1.492158e+00  6.513414e-01  0.000000e+00  0.000000e+00  5.700000e-01  5.286223e-01  1.492158e+00  4.686330e-01  0.000000e+00  0.000000e+00  5.700000e-01  1.000000e+00  1.000000e+00  0.000000e+00  0.000000e+00  0.000000e+00  5.700000e-01  1.000000e+00  1.000000e+00  0.000000e+00  0.000000e+00  0.000000e+00  5.700000e-01  1.000000e+00  1.000000e+00  0.000000e+00  0.000000e+00  0.000000e+00  5.700000e-01  1.000000e+00  1.000000e+00  0.000000e+00  0.000000e+00  0.000000e+00  5.700000e-01  
7.648911e-01  2.188942e+00  5.902963e-01  0.000000e+00  0.000000e+00  5.700000e-01  7.648911e-01  2.188942e+00  3.802049e-01  0.000000e+00  0.000000e+00  5.700000e-01  1.000000e+00  1.000000e+00  0.000000e+00  0.000000e+00  0.000000e+00  5.700000e-01  1.000000e+00  1.000000e+00  0.000000e+00  0.000000e+00  0.000000e+00  5.700000e-01  1.000000e+00  1.000000e+00  0.000000e+00  0.000000e+00  0.000000e+00  5.700000e-01  1.000000e+00  1.000000e+00  0.000000e+00  0.000000e+00  0.000000e+00  5.700000e-01  
1.029350e+00  2.597889e+00  7.275337e-01  0.000000e+00  0.000000e+00  5.700000e-01  1.029350e+00  2.597889e+00  5.788094e-01  0.000000e+00  0.000000e+00  5.700000e-01  1.000000e+00  1.000000e+00  0.000000e+00  0.000000e+00  0.000000e+00  5.700000e-01  1.000000e+00  1.000000e+00  0.000000e+00  0.000000e+00  0.000000e+00  5.700000e-01  1.000000e+00  1.000000e+00  0.000000e+00  0.000000e+00  0.000000e+00  5.700000e-01  1.000000e+00  1.000000e+00  0.000000e+00  0.000000e+00  0.000000e+00  5.700000e-01  
1.200264e+00  4.171567e+00  6.408568e-01  0.000000e+00  0.000000e+00  5.700000e-01  1.200264e+00  4.171567e+00  4.412245e-01  0.000000e+00  0.000000e+00  5.700000e-01  1.000000e+00  1.000000e+00  0.000000e+00  0.000000e+00  0.000000e+00  5.700000e-01  1.000000e+00  1.000000e+00  0.000000e+00  0.000000e+00  0.000000e+00  5.700000e-01  1.000000e+00  1.000000e+00  0.000000e+00  0.000000e+00  0.000000e+00  5.700000e-01  1.000000e+00  1.000000e+00  0.000000e+00  0.000000e+00  0.000000e+00  5.700000e-01  
4.021361e-01  9.342231e-01  5.933582e-01  0.000000e+00  0.000000e+00  5.700000e-01  4.021361e-01  9.342231e-01  5.220146e-01  0.000000e+00  0.000000e+00  5.700000e-01  1.000000e+00  1.000000e+00  0.000000e+00  0.000000e+00  0.000000e+00  5.700000e-01  1.000000e+00  1.000000e+00  0.000000e+00  0.000000e+00  0.000000e+00  5.700000e-01  1.000000e+00  1.000000e+00  0.000000e+00  0.000000e+00  0.000000e+00  5.700000e-01  1.000000e+00  1.000000e+00  0.000000e+00  0.000000e+00  0.000000e+00  5.700000e-01  
7.926944e-01  1.439738e+00  6.669394e-01  0.000000e+00  0.000000e+00  5.700000e-01  7.926944e-01  1.439738e+00  3.082364e-01  0.000000e+00  0.000000e+00  5.700000e-01  1.000000e+00  1.000000e+00  0.000000e+00  0.000000e+00  0.000000e+00  5.700000e-01  1.000000e+00  1.000000e+00  0.000000e+00  0.000000e+00  0.000000e+00  5.700000e-01  1.000000e+00  1.000000e+00  0.000000e+00  0.000000e+00  0.000000e+00  5.700000e-01  1.000000e+00  1.000000e+00  0.000000e+00  0.000000e+00  0.000000e+00  5.700000e-01  
1.010159e+00  4.772825e+00  5.377787e-01  0.000000e+00  0.000000e+00  5.700000e-01  1.010159e+00  4.772825e+00  3.204082e-01  0.000000e+00  0.000000e+00  5.700000e-01  1.000000e+00  1.000000e+00  0.000000e+00  0.000000e+00  0.000000e+00  5.700000e-01  1.000000e+00  1.000000e+00  0.000000e+00  0.000000e+00  0.000000e+00  5.700000e-01  1.000000e+00  1.000000e+00  0.000000e+00  0.000000e+00  0.000000e+00  5.700000e-01  1.000000e+00  1.000000e+00  0.000000e+00  0.000000e+00  0.000000e+00  5.700000e-01  
1.003245e+00  2.568310e+00  5.775950e-01  0.000000e+00  0.000000e+00  5.700000e-01  1.003245e+00  2.568310e+00  7.371473e-01  0.000000e+00  0.000000e+00  5.700000e-01  1.000000e+00  1.000000e+00  0.000000e+00  0.000000e+00  0.000000e+00  5.700000e-01  1.000000e+00  1.000000e+00  0.000000e+00  0.000000e+00  0.000000e+00  5.700000e-01  1.000000e+00  1.000000e+00  0.000000e+00  0.000000e+00  0.000000e+00  5.700000e-01  1.000000e+00  1.000000e+00  0.000000e+00  0.000000e+00  0.000000e+00  5.700000e-01  
5.525103e-01  1.856892e+00  4.364797e-01  0.000000e+00  0.000000e+00  5.700000e-01  5.525103e-01  1.856892e+00  7.349273e-01  0.000000e+00  0.000000e+00  5.700000e-01  1.000000e+00  1.000000e+00  0.000000e+00  0.000000e+00  0.000000e+00  5.700000e-01  1.000000e+00  1.000000e+00  0.000000e+00  0.000000e+00  0.000000e+00  5.700000e-01  1.000000e+00  1.000000e+00  0.000000e+00  0.000000e+00  0.000000e+00  5.700000e-01  1.000000e+00  1.000000e+00  0.000000e+00  0.000000e+00  0.000000e+00  5.700000e-01  
9.117664e-01  2.927876e+00  6.699480e-01  0.000000e+00  0.000000e+00  5.700000e-01  9.117664e-01  2.927876e+00  4.433308e-01  0.000000e+00  0.000000e+00  5.700000e-01  1.000000e+00  1.000000e+00  0.000000e+00  0.000000e+00  0.000000e+00  5.700000e-01  1.000000e+00  1.000000e+00  0.000000e+00  0.000000e+00  0.000000e+00  5.700000e-01  1.000000e+00  1.000000e+00  0.000000e+00  0.000000e+00  0.000000e+00  5.700000e-01  1.000000e+00  1.000000e+00  0.000000e+00  0.000000e+00  0.000000e+00  5.700000e-01  
8.887016e-01  3.344576e+00  6.301618e-01  0.000000e+00  0.000000e+00  5.700000e-01  8.887016e-01  3.344576e+00  5.932565e-01  0.000000e+00  0.000000e+00  5.700000e-01  1.000000e+00  1.000000e+00  0.000000e+00  0.000000e+00  0.000000e+00  5.700000e-01  1.000000e+00  1.000000e+00  0.000000e+00  0.000000e+00  0.000000e+00  5.700000e-01  1.000000e+00  1.000000e+00  0.000000e+00  0.000000e+00  0.000000e+00  5.700000e-01  1.000000e+00  1.000000e+00  0.000000e+00  0.000000e+00  0.000000e+00  5.700000e-01  
7.001228e-01  2.077858e+00  5.619054e-01  0.000000e+00  0.000000e+00  5.700000e-01  7.001228e-01  2.077858e+00  6.147128e-01  0.000000e+00  0.000000e+00  5.700000e-01  1.000000e+00  1.000000e+00  0.000000e+00  0.000000e+00  0.000000e+00  5.700000e-01  1.000000e+00  1.000000e+00  0.000000e+00  0.000000e+00  0.000000e+00  5.700000e-01  1.000000e+00  1.000000e+00  0.000000e+00  0.000000e+00  0.000000e+00  5.700000e-01  1.000000e+00  1.000000e+00  0.000000e+00  0.000000e+00  0.000000e+00  5.700000e-01  
8.087311e-01  2.952471e+00  4.792740e-01  0.000000e+00  0.000000e+00  5.700000e-01  8.087311e-01  2.952471e+00  8.382962e-01  0.000000e+00  0.000000e+00  5.700000e-01  1.000000e+00  1.000000e+00  0.000000e+00  0.000000e+00  0.000000e+00  5.700000e-01  1.000000e+00  1.000000e+00  0.000000e+00  0.000000e+00  0.000000e+00  5.700000e-01  1.000000e+00  1.000000e+00  0.000000e+00  0.000000e+00  0.000000e+00  5.700000e-01  1.000000e+00  1.000000e+00  0.000000e+00  0.000000e+00  0.000000e+00  5.700000e-01  
1.068510e+00  4.291242e+00  5.269764e-01  0.000000e+00  0.000000e+00  5.700000e-01  1.068510e+00  4.291242e+00  7.705405e-01  0.000000e+00  0.000000e+00  5.700000e-01  1.000000e+00  1.000000e+00  0.000000e+00  0.000000e+00  0.000000e+00  5.700000e-01  1.000000e+00  1.000000e+00  0.000000e+00  0.000000e+00  0.000000e+00  5.700000e-01  1.000000e+00  1.000000e+00  0.000000e+00  0.000000e+00  0.000000e+00  5.700000e-01  1.000000e+00  1.000000e+00  0.000000e+00  0.000000e+00  0.000000e+00  5.700000e-01  
6.676593e-01  2.211042e+00  5.514053e-01  0.000000e+00  0.000000e+00  5.700000e-01  6.676593e-01  2.211042e+00  3.338717e-01  0.000000e+00  0.000000e+00  5.700000e-01  1.000000e+00  1.000000e+00  0.000000e+00  0.000000e+00  0.000000e+00  5.700000e-01  1.000000e+00  1.000000e+00  0.000000e+00  0.000000e+00  0.000000e+00  5.700000e-01  1.000000e+00  1.000000e+00  0.000000e+00  0.000000e+00  0.000000e+00  5.700000e-01  1.000000e+00  1.000000e+00  0.000000e+00  0.000000e+00  0.000000e+00  5.700000e-01  
8.080182e-01  1.555609e+00  7.296197e-01  0.000000e+00  0.000000e+00  5.700000e-01  8.080182e-01  1.555609e+00  4.002853e-01  0.000000e+00  0.000000e+00  5.700000e-01  1.000000e+00  1.000000e+00  0.000000e+00  0.000000e+00  0.000000e+00  5.700000e-01  1.000000e+00  1.000000e+00  0.000000e+00  0.000000e+00  0.000000e+00  5.700000e-01  1.000000e+00  1.000000e+00  0.000000e+00  0.000000e+00  0.000000e+00  5.700000e-01  1.000000e+00  1.000000e+00  0.000000e+00  0.000000e+00  0.000000e+00  5.700000e-01  
8.260329e-01  2.848681e+00  4.844422e-01  0.000000e+00  0.000000e+00  5.700000e-01  8.260329e-01  2.848681e+00  7.464545e-01  0.000000e+00  0.000000e+00  5.700000e-01  1.000000e+00  1.000000e+00  0.000000e+00  0.000000e+00  0.000000e+00  5.700000e-01  1.000000e+00  1.000000e+00  0.000000e+00  0.000000e+00  0.000000e+00  5.700000e-01  1.000000e+00  1.000000e+00  0.000000e+00  0.000000e+00  0.000000e+00  5.700000e-01  1.000000e+00  1.000000e+00  0.000000e+00  0.000000e+00  0.000000e+00  5.700000e-01  
7.012291e-01  2.368877e+00  6.159423e-01  0.000000e+00  0.000000e+00  5.700000e-01  7.012291e-01  2.368877e+00  1.778480e-01  0.000000e+00  0.000000e+00  5.700000e-01  1.000000e+00  1.000000e+00  0.000000e+00  0.000000e+00  0.000000e+00  5.700000e-01  1.000000e+00  1.000000e+00  0.000000e+00  0.000000e+00  0.000000e+00  5.700000e-01  1.000000e+00  1.000000e+00  0.000000e+00  0.000000e+00  0.000000e+00  5.700000e-01  1.000000e+00  1.000000e+00  0.000000e+00  0.000000e+00  0.000000e+00  5.700000e-01  
9.180635e-01  3.520853e+00  6.929426e-01  0.000000e+00  0.000000e+00  5.700000e-01  9.180635e-01  3.520853e+00  2.071126e-01  0.000000e+00  0.000000e+00  5.700000e-01  1.000000e+00  1.000000e+00  0.000000e+00  0.000000e+00  0.000000e+00  5.700000e-01  1.000000e+00  1.000000e+00  0.000000e+00  0.000000e+00  0.000000e+00  5.700000e-01  1.000000e+00  1.000000e+00  0.000000e+00  0.000000e+00  0.000000e+00  5.700000e-01  1.000000e+00  1.000000e+00  0.000000e+00  0.000000e+00  0.000000e+00  5.700000e-01  
7.215775e-01  2.521053e+00  6.331234e-01  0.000000e+00  0.000000e+00  5.700000e-01  7.215775e-01  2.521053e+00  9.649689e-01  0.000000e+00  0.000000e+00  5.700000e-01  1.000000e+00  1.000000e+00  0.000000e+00  0.000000e+00  0.000000e+00  5.700000e-01  1.000000e+00  1.000000e+00  0.000000e+00  0.000000e+00  0.000000e+00  5.700000e-01  1.000000e+00  1.000000e+00  0.000000e+00  0.000000e+00  0.000000e+00  5.700000e-01  1.000000e+00  1.000000e+00  0.000000e+00  0.000000e+00  0.000000e+00  5.700000e-01  
5.890117e-01  1.103348e+00  7.194743e-01  0.000000e+00  0.000000e+00  5.700000e-01  5.890117e-01  1.103348e+00  2.644421e-01  0.000000e+00  0.000000e+00  5.700000e-01  1.000000e+00  1.000000e+00  0.000000e+00  0.000000e+00  0.000000e+00  5.700000e-01  1.000000e+00  1.000000e+00  0.000000e+00  0.000000e+00  0.000000e+00  5.700000e-01  1.000000e+00  1.000000e+00  0.000000e+00  0.000000e+00  0.000000e+00  5.700000e-01  1.000000e+00  1.000000e+00  0.000000e+00  0.000000e+00  0.000000e+00  5.700000e-01  
9.089750e-01  2.307139e+00  6.982542e-01  0.000000e+00  0.000000e+00  5.700000e-01  9.089750e-01  2.307139e+00  9.020616e-01  0.000000e+00  0.000000e+00  5.700000e-01  1.000000e+00  1.000000e+00  0.000000e+00  0.000000e+00  0.000000e+00  5.700000e-01  1.000000e+00  1.000000e+00  0.000000e+00  0.000000e+00  0.000000e+00  5.700000e-01  1.000000e+00  1.000000e+00  0.000000e+00  0.000000e+00  0.000000e+00  5.700000e-01  1.000000e+00  1.000000e+00  0.000000e+00  0.000000e+00  0.000000e+00  5.700000e-01  
7.053091e-01  2.672187e+00  4.741970e-01  0.000000e+00  0.000000e+00  5.700000e-01  7.053091e-01  2.672187e+00  9.754557e-01  0.000000e+00  0.000000e+00  5.700000e-01  1.000000e+00  1.000000e+00  0.000000e+00  0.000000e+00  0.000000e+00  5.700000e-01  1.000000e+00  1.000000e+00  0.000000e+00  0.000000e+00  0.000000e+00  5.700000e-01  1.000000e+00  1.000000e+00  0.000000e+00  0.000000e+00  0.000000e+00  5.700000e-01  1.000000e+00  1.000000e+00  0.000000e+00  0.000000e+00  0.000000e+00  5.700000e-01  
8.314472e-01  2.075613e+00  7.222641e-01  0.000000e+00  0.000000e+00  5.700000e-01  8.314472e-01  2.075613e+00  5.493837e-01  0.000000e+00  0.000000e+00  5.700000e-01  1.000000e+00  1.000000e+00  0.000000e+00  0.000000e+00  0.000000e+00  5.700000e-01  1.000000e+00  1.000000e+00  0.000000e+00  0.000000e+00  0.000000e+00  5.700000e-01  1.000000e+00  1.000000e+00  0.000000e+00  0.000000e+00  0.000000e+00  5.700000e-01  1.000000e+00  1.000000e+00  0.000000e+00  0.000000e+00  0.000000e+00  5.700000e-01  
1.179123e+00  4.013346e+00  7.443570e-01  0.000000e+00  0.000000e+00  5.700000e-01  1.179123e+00  4.013346e+00  8.065146e-01  0.000000e+00  0.000000e+00  5.700000e-01  1.000000e+00  1.000000e+00  0.000000e+00  0.000000e+00  0.000000e+00  5.700000e-01  1.000000e+00  1.000000e+00  0.000000e+00  0.000000e+00  0.000000e+00  5.700000e-01  1.000000e+00  1.000000e+00  0.000000e+00  0.000000e+00  0.000000e+00  5.700000e-01  1.000000e+00  1.000000e+00  0.000000e+00  0.000000e+00  0.000000e+00  5.700000e-01  
8.776670e-01  2.418794e+00  6.619002e-01  0.000000e+00  0.000000e+00  5.700000e-01  8.776670e-01  2.418794e+00  5.603955e-01  0.000000e+00  0.000000e+00  5.700000e-01  1.000000e+00  1.000000e+00  0.000000e+00  0.000000e+00  0.000000e+00  5.700000e-01  1.000000e+00  1.000000e+00  0.000000e+00  0.000000e+00  0.000000e+00  5.700000e-01  1.000000e+00  1.000000e+00  0.000000e+00  0.000000e+00  0.000000e+00  5.700000e-01  1.000000e+00  1.000000e+00  0.000000e+00  0.000000e+00  0.000000e+00  5.700000e-01  
5.673169e-01  1.966158e+00  4.820071e-01  0.000000e+00  0.000000e+00  5.700000e-01  5.673169e-01  1.966158e+00  7.747284e-01  0.000000e+00  0.000000e+00  5.700000e-01  1.000000e+00  1.000000e+00  0.000000e+00  0.000000e+00  0.000000e+00  5.700000e-01  1.000000e+00  1.000000e+00  0.000000e+00  0.000000e+00  0.000000e+00  5.700000e-01  1.000000e+00  1.000000e+00  0.000000e+00  0.000000e+00  0.000000e+00  5.700000e-01  1.000000e+00  1.000000e+00  0.000000e+00  0.000000e+00  0.000000e+00  5.700000e-01  
6.570280e-01  7.966611e-01  8.595673e-01  0.000000e+00  0.000000e+00  5.700000e-01  6.570280e-01  7.966611e-01  1.841567e-01  0.000000e+00  0.000000e+00  5.700000e-01  1.000000e+00  1.000000e+00  0.000000e+00  0.000000e+00  0.000000e+00  5.700000e-01  1.000000e+00  1.000000e+00  0.000000e+00  0.000000e+00  0.000000e+00  5.700000e-01  1.000000e+00  1.000000e+00  0.000000e+00  0.000000e+00  0.000000e+00  5.700000e-01  1.000000e+00  1.000000e+00  0.000000e+00  0.000000e+00  0.000000e+00  5.700000e-01  
5.170127e-01  1.277392e+00  5.591114e-01  0.000000e+00  0.000000e+00  5.700000e-01  5.170127e-01  1.277392e+00  5.023696e-01  0.000000e+00  0.000000e+00  5.700000e-01  1.000000e+00  1.000000e+00  0.000000e+00  0.000000e+00  0.000000e+00  5.700000e-01  1.000000e+00  1.000000e+00  0.000000e+00  0.000000e+00  0.000000e+00  5.700000e-01  1.000000e+00  1.000000e+00  0.000000e+00  0.000000e+00  0.000000e+00  5.700000e-01  1.000000e+00  1.000000e+00  0.000000e+00  0.000000e+00  0.000000e+00  5.700000e-01  
1.036711e+00  4.905696e+00  5.318578e-01  0.000000e+00  0.000000e+00  5.700000e-01  1.036711e+00  4.905696e+00  9.147556e-01  0.000000e+00  0.000000e+00  5.700000e-01  1.000000e+00  1.000000e+00  0.000000e+00  0.000000e+00  0.000000e+00  5.700000e-01  1.000000e+00  1.000000e+00  0.000000e+00  0.000000e+00  0.000000e+00  5.700000e-01  1.000000e+00  1.000000e+00  0.000000e+00  0.000000e+00  0.000000e+00  5.700000e-01  1.000000e+00  1.000000e+00  0.000000e+00  0.000000e+00  0.000000e+00  5.700000e-01  
1.044527e+00  3.294604e+00  7.216262e-01  0.000000e+00  0.000000e+00  5.700000e-01  1.044527e+00  3.294604e+00  9.552007e-01  0.000000e+00  0.000000e+00  5.700000e-01  1.000000e+00  1.000000e+00  0.000000e+00  0.000000e+00  0.000000e+00  5.700000e-01  1.000000e+00  1.000000e+00  0.000000e+00  0.000000e+00  0.000000e+00  5.700000e-01  1.000000e+00  1.000000e+00  0.000000e+00  0.000000e+00  0.000000e+00  5.700000e-01  1.000000e+00  1.000000e+00  0.000000e+00  0.000000e+00  0.000000e+00  5.700000e-01  
7.070807e-01  3.439831e+00  5.330794e-01  0.000000e+00  0.000000e+00  5.700000e-01  7.070807e-01  3.439831e+00  4.731148e-01  0.000000e+00  0.000000e+00  5.700000e-01  1.000000e+00  1.000000e+00  0.000000e+00  0.000000e+00  0.000000e+00  5.700000e-01  1.000000e+00  1.000000e+00  0.000000e+00  0.000000e+00  0.000000e+00  5.700000e-01  1.000000e+00  1.000000e+00  0.000000e+00  0.000000e+00  0.000000e+00  5.700000e-01  1.000000e+00  1.000000e+00  0.000000e+00  0.000000e+00  0.000000e+00  5.700000e-01  
6.160393e-01  1.880041e+00  5.654302e-01  0.000000e+00  0.000000e+00  5.700000e-01  6.160393e-01  1.880041e+00  1.540125e-01  0.000000e+00  0.000000e+00  5.700000e-01  1.000000e+00  1.000000e+00  0.000000e+00  0.000000e+00  0.000000e+00  5.700000e-01  1.000000e+00  1.000000e+00  0.000000e+00  0.000000e+00  0.000000e+00  5.700000e-01  1.000000e+00  1.000000e+00  0.000000e+00  0.000000e+00  0.000000e+00  5.700000e-01  1.000000e+00  1.000000e+00  0.000000e+00  0.000000e+00  0.000000e+00  5.700000e-01  
9.393067e-01  2.380158e+00  6.844418e-01  0.000000e+00  0.000000e+00  5.700000e-01  9.393067e-01  2.380158e+00  5.572861e-02  0.000000e+00  0.000000e+00  5.700000e-01  1.000000e+00  1.000000e+00  0.000000e+00  0.000000e+00  0.000000e+00  5.700000e-01  1.000000e+00  1.000000e+00  0.000000e+00  0.000000e+00  0.000000e+00  5.700000e-01  1.000000e+00  1.000000e+00  0.000000e+00  0.000000e+00  0.000000e+00  5.700000e-01  1.000000e+00  1.000000e+00  0.000000e+00  0.000000e+00  0.000000e+00  5.700000e-01  
6.942990e-01  1.700604e+00  6.413701e-01  0.000000e+00  0.000000e+00  5.700000e-01  6.942990e-01  1.700604e+00  5.735565e-01  0.000000e+00  0.000000e+00  5.700000e-01  1.000000e+00  1.000000e+00  0.000000e+00  0.000000e+00  0.000000e+00  5.700000e-01  1.000000e+00  1.000000e+00  0.000000e+00  0.000000e+00  0.000000e+00  5.700000e-01  1.000000e+00  1.000000e+00  0.000000e+00  0.000000e+00  0.000000e+00  5.700000e-01  1.000000e+00  1.000000e+00  0.000000e+00  0.000000e+00  0.000000e+00  5.700000e-01  
9.075274e-01  2.157890e+00  6.713314e-01  0.000000e+00  0.000000e+00  5.700000e-01  9.075274e-01  2.157890e+00  7.062632e-01  0.000000e+00  0.000000e+00  5.700000e-01  1.000000e+00  1.000000e+00  0.000000e+00  0.000000e+00  0.000000e+00  5.700000e-01  1.000000e+00  1.000000e+00  0.000000e+00  0.000000e+00  0.000000e+00  5.700000e-01  1.000000e+00  1.000000e+00  0.000000e+00  0.000000e+00  0.000000e+00  5.700000e-01  1.000000e+00  1.000000e+00  0.000000e+00  0.000000e+00  0.000000e+00  5.700000e-01  
1.070431e+00  3.401831e+00  6.330369e-01  0.000000e+00  0.000000e+00  5.700000e-01  1.070431e+00  3.401831e+00  9.111416e-01  0.000000e+00  0.000000e+00  5.700000e-01  1.000000e+00  1.000000e+00  0.000000e+00  0.000000e+00  0.000000e+00  5.700000e-01  1.000000e+00  1.000000e+00  0.000000e+00  0.000000e+00  0.000000e+00  5.700000e-01  1.000000e+00  1.000000e+00  0.000000e+00  0.000000e+00  0.000000e+00  5.700000e-01  1.000000e+00  1.000000e+00  0.000000e+00  0.000000e+00  0.000000e+00  5.700000e-01  
7.196558e-01  1.657777e+00  6.579889e-01  0.000000e+00  0.000000e+00  5.700000e-01  7.196558e-01  1.657777e+00  9.405273e-01  0.000000e+00  0.000000e+00  5.700000e-01  1.000000e+00  1.000000e+00  0.000000e+00  0.000000e+00  0.000000e+00  5.700000e-01  1.000000e+00  1.000000e+00  0.000000e+00  0.000000e+00  0.000000e+00  5.700000e-01  1.000000e+00  1.000000e+00  0.000000e+00  0.000000e+00  0.000000e+00  5.700000e-01  1.000000e+00  1.000000e+00  0.000000e+00  0.000000e+00  0.000000e+00  5.700000e-01  
1.190375e+00  4.943327e+00  5.716551e-01  0.000000e+00  0.000000e+00  5.700000e-01  1.190375e+00  4.943327e+00  1.202774e-01  0.000000e+00  0.000000e+00  5.700000e-01  1.000000e+00  1.000000e+00  0.000000e+00  0.000000e+00  0.000000e+00  5.700000e-01  1.000000e+00  1.000000e+00  0.000000e+00  0.000000e+00  0.000000e+00  5.700000e-01  1.000000e+00  1.000000e+00  0.000000e+00  0.000000e+00  0.000000e+00  5.700000e-01  1.000000e+00  1.000000e+00  0.000000e+00  0.000000e+00  0.000000e+00  5.700000e-01  
9.528341e-01  2.481827e+00  7.028597e-01  0.000000e+00  0.000000e+00  5.700000e-01  9.528341e-01  2.481827e+00  5.472587e-01  0.000000e+00  0.000000e+00  5.700000e-01  1.000000e+00  1.000000e+00  0.000000e+00  0.000000e+00  0.000000e+00  5.700000e-01  1.000000e+00  1.000000e+00  0.000000e+00  0.000000e+00  0.000000e+00  5.700000e-01  1.000000e+00  1.000000e+00  0.000000e+00  0.000000e+00  0.000000e+00  5.700000e-01  1.000000e+00  1.000000e+00  0.000000e+00  0.000000e+00  0.000000e+00  5.700000e-01  
1.015111e+00  2.991841e+00  5.718316e-01  0.000000e+00  0.000000e+00  5.700000e-01  1.015111e+00  2.991841e+00  8.155555e-01  0.000000e+00  0.000000e+00  5.700000e-01  1.000000e+00  1.000000e+00  0.000000e+00  0.000000e+00  0.000000e+00  5.700000e-01  1.000000e+00  1.000000e+00  0.000000e+00  0.000000e+00  0.000000e+00  5.700000e-01  1.000000e+00  1.000000e+00  0.000000e+00  0.000000e+00  0.000000e+00  5.700000e-01  1.000000e+00  1.000000e+00  0.000000e+00  0.000000e+00  0.000000e+00  5.700000e-01  
8.115976e-01  3.138421e+00  5.672699e-01  0.000000e+00  0.000000e+00  5.700000e-01  8.115976e-01  3.138421e+00  9.582436e-02  0.000000e+00  0.000000e+00  5.700000e-01  1.000000e+00  1.000000e+00  0.000000e+00  0.000000e+00  0.000000e+00  5.700000e-01  1.000000e+00  1.000000e+00  0.000000e+00  0.000000e+00  0.000000e+00  5.700000e-01  1.000000e+00  1.000000e+00  0.000000e+00  0.000000e+00  0.000000e+00  5.700000e-01  1.000000e+00  1.000000e+00  0.000000e+00  0.000000e+00  0.000000e+00  5.700000e-01  
3.486629e-01  6.579885e-01  6.186991e-01  0.000000e+00  0.000000e+00  5.700000e-01  3.486629e-01  6.579885e-01  9.731404e-01  0.000000e+00  0.000000e+00  5.700000e-01  1.000000e+00  1.000000e+00  0.000000e+00  0.000000e+00  0.000000e+00  5.700000e-01  1.000000e+00  1.000000e+00  0.000000e+00  0.000000e+00  0.000000e+00  5.700000e-01  1.000000e+00  1.000000e+00  0.000000e+00  0.000000e+00  0.000000e+00  5.700000e-01  1.000000e+00  1.000000e+00  0.000000e+00  0.000000e+00  0.000000e+00  5.700000e-01  
9.549586e-01  2.648919e+00  5.662214e-01  0.000000e+00  0.000000e+00  5.700000e-01  9.549586e-01  2.648919e+00  8.956978e-01  0.000000e+00  0.000000e+00  5.700000e-01  1.000000e+00  1.000000e+00  0.000000e+00  0.000000e+00  0.000000e+00  5.700000e-01  1.000000e+00  1.000000e+00  0.000000e+00  0.000000e+00  0.000000e+00  5.700000e-01  1.000000e+00  1.000000e+00  0.000000e+00  0.000000e+00  0.000000e+00  5.700000e-01  1.000000e+00  1.000000e+00  0.000000e+00  0.000000e+00  0.000000e+00  5.700000e-01  
8.145900e-01  2.182676e+00  7.455103e-01  0.000000e+00  0.000000e+00  5.700000e-01  8.145900e-01  2.182676e+00  9.928625e-01  0.000000e+00  0.000000e+00  5.700000e-01  1.000000e+00  1.000000e+00  0.000000e+00  0.000000e+00  0.000000e+00  5.700000e-01  1.000000e+00  1.000000e+00  0.000000e+00  0.000000e+00  0.000000e+00  5.700000e-01  1.000000e+00  1.000000e+00  0.000000e+00  0.000000e+00  0.000000e+00  5.700000e-01  1.000000e+00  1.000000e+00  0.000000e+00  0.000000e+00  0.000000e+00  5.700000e-01  
9.233647e-01  2.936997e+00  6.017179e-01  0.000000e+00  0.000000e+00  5.700000e-01  9.233647e-01  2.936997e+00  8.257987e-01  0.000000e+00  0.000000e+00  5.700000e-01  1.000000e+00  1.000000e+00  0.000000e+00  0.000000e+00  0.000000e+00  5.700000e-01  1.000000e+00  1.000000e+00  0.000000e+00  0.000000e+00  0.000000e+00  5.700000e-01  1.000000e+00  1.000000e+00  0.000000e+00  0.000000e+00  0.000000e+00  5.700000e-01  1.000000e+00  1.000000e+00  0.000000e+00  0.000000e+00  0.000000e+00  5.700000e-01  
7.699274e-01  2.149202e+00  6.017451e-01  0.000000e+00  0.000000e+00  5.700000e-01  7.699274e-01  2.149202e+00  1.655645e-01  0.000000e+00  0.000000e+00  5.700000e-01  1.000000e+00  1.000000e+00  0.000000e+00  0.000000e+00  0.000000e+00  5.700000e-01  1.000000e+00  1.000000e+00  0.000000e+00  0.000000e+00  0.000000e+00  5.700000e-01  1.000000e+00  1.000000e+00  0.000000e+00  0.000000e+00  0.000000e+00  5.700000e-01  1.000000e+00  1.000000e+00  0.000000e+00  0.000000e+00  0.000000e+00  5.700000e-01  
5.957555e-01  1.416079e+00  5.115446e-01  0.000000e+00  0.000000e+00  5.700000e-01  5.957555e-01  1.416079e+00  8.506333e-01  0.000000e+00  0.000000e+00  5.700000e-01  1.000000e+00  1.000000e+00  0.000000e+00  0.000000e+00  0.000000e+00  5.700000e-01  1.000000e+00  1.000000e+00  0.000000e+00  0.000000e+00  0.000000e+00  5.700000e-01  1.000000e+00  1.000000e+00  0.000000e+00  0.000000e+00  0.000000e+00  5.700000e-01  1.000000e+00  1.000000e+00  0.000000e+00  0.000000e+00  0.000000e+00  5.700000e-01  
5.592974e-01  1.735565e+00  5.565032e-01  0.000000e+00  0.000000e+00  5.700000e-01  5.592974e-01  1.735565e+00  9.303856e-01  0.000000e+00  0.000000e+00  5.700000e-01  1.000000e+00  1.000000e+00  0.000000e+00  0.000000e+00  0.000000e+00  5.700000e-01  1.000000e+00  1.000000e+00  0.000000e+00  0.000000e+00  0.000000e+00  5.700000e-01  1.000000e+00  1.000000e+00  0.000000e+00  0.000000e+00  0.000000e+00  5.700000e-01  1.000000e+00  1.000000e+00  0.000000e+00  0.000000e+00  0.000000e+00  5.700000e-01  
6.554454e-01  2.253035e+00  5.710261e-01  0.000000e+00  0.000000e+00  5.700000e-01  6.554454e-01  2.253035e+00  8.620105e-01  0.000000e+00  0.000000e+00  5.700000e-01  1.000000e+00  1.000000e+00  0.000000e+00  0.000000e+00  0.000000e+00  5.700000e-01  1.000000e+00  1.000000e+00  0.000000e+00  0.000000e+00  0.000000e+00  5.700000e-01  1.000000e+00  1.000000e+00  0.000000e+00  0.000000e+00  0.000000e+00  5.700000e-01  1.000000e+00  1.000000e+00  0.000000e+00  0.000000e+00  0.000000e+00  5.700000e-01  
8.375407e-01  3.048292e+00  6.241377e-01  0.000000e+00  0.000000e+00  5.700000e-01  8.375407e-01  3.048292e+00  2.613306e-01  0.000000e+00  0.000000e+00  5.700000e-01  1.000000e+00  1.000000e+00  0.000000e+00  0.000000e+00  0.000000e+00  5.700000e-01  1.000000e+00  1.000000e+00  0.000000e+00  0.000000e+00  0.000000e+00  5.700000e-01  1.000000e+00  1.000000e+00  0.000000e+00  0.000000e+00  0.000000e+00  5.700000e-01  1.000000e+00  1.000000e+00  0.000000e+00  0.000000e+00  0.000000e+00  5.700000e-01  
7.147706e-01  1.494529e+00  6.741361e-01  0.000000e+00  0.000000e+00  5.700000e-01  7.147706e-01  1.494529e+00  -3.483135e-02  0.000000e+00  0.000000e+00  5.700000e-01  1.000000e+00  1.000000e+00  0.000000e+00  0.000000e+00  0.000000e+00  5.700000e-01  1.000000e+00  1.000000e+00  0.000000e+00  0.000000e+00  0.000000e+00  5.700000e-01  1.000000e+00  1.000000e+00  0.000000e+00  0.000000e+00  0.000000e+00  5.700000e-01  1.000000e+00  1.000000e+00  0.000000e+00  0.000000e+00  0.000000e+00  5.700000e-01  
6.705061e-01  2.206868e+00  5.378022e-01  0.000000e+00  0.000000e+00  5.700000e-01  6.705061e-01  2.206868e+00  4.866763e-01  0.000000e+00  0.000000e+00  5.700000e-01  1.000000e+00  1.000000e+00  0.000000e+00  0.000000e+00  0.000000e+00  5.700000e-01  1.000000e+00  1.000000e+00  0.000000e+00  0.000000e+00  0.000000e+00  5.700000e-01  1.000000e+00  1.000000e+00  0.000000e+00  0.000000e+00  0.000000e+00  5.700000e-01  1.000000e+00  1.000000e+00  0.000000e+00  0.000000e+00  0.000000e+00  5.700000e-01  
7.846555e-01  1.426226e+00  8.204268e-01  0.000000e+00  0.000000e+00  5.700000e-01  7.846555e-01  1.426226e+00  1.696243e-01  0.000000e+00  0.000000e+00  5.700000e-01  1.000000e+00  1.000000e+00  0.000000e+00  0.000000e+00  0.000000e+00  5.700000e-01  1.000000e+00  1.000000e+00  0.000000e+00  0.000000e+00  0.000000e+00  5.700000e-01  1.000000e+00  1.000000e+00  0.000000e+00  0.000000e+00  0.000000e+00  5.700000e-01  1.000000e+00  1.000000e+00  0.000000e+00  0.000000e+00  0.000000e+00  5.700000e-01  
7.540336e-01  1.565667e+00  6.342248e-01  0.000000e+00  0.000000e+00  5.700000e-01  7.540336e-01  1.565667e+00  7.056195e-01  0.000000e+00  0.000000e+00  5.700000e-01  1.000000e+00  1.000000e+00  0.000000e+00  0.000000e+00  0.000000e+00  5.700000e-01  1.000000e+00  1.000000e+00  0.000000e+00  0.000000e+00  0.000000e+00  5.700000e-01  1.000000e+00  1.000000e+00  0.000000e+00  0.000000e+00  0.000000e+00  5.700000e-01  1.000000e+00  1.000000e+00  0.000000e+00  0.000000e+00  0.000000e+00  5.700000e-01  
4.435239e-01  5.767087e-01  5.453229e-01  0.000000e+00  0.000000e+00  5.700000e-01  4.435239e-01  5.767087e-01  4.024106e-01  0.000000e+00  0.000000e+00  5.700000e-01  1.000000e+00  1.000000e+00  0.000000e+00  0.000000e+00  0.000000e+00  5.700000e-01  1.000000e+00  1.000000e+00  0.000000e+00  0.000000e+00  0.000000e+00  5.700000e-01  1.000000e+00  1.000000e+00  0.000000e+00  0.000000e+00  0.000000e+00  5.700000e-01  1.000000e+00  1.000000e+00  0.000000e+00  0.000000e+00  0.000000e+00  5.700000e-01  
9.335718e-01  2.028811e+00  7.142977e-01  0.000000e+00  0.000000e+00  5.700000e-01  9.335718e-01  2.028811e+00  7.555763e-01  0.000000e+00  0.000000e+00  5.700000e-01  1.000000e+00  1.000000e+00  0.000000e+00  0.000000e+00  0.000000e+00  5.700000e-01  1.000000e+00  1.000000e+00  0.000000e+00  0.000000e+00  0.000000e+00  5.700000e-01  1.000000e+00  1.000000e+00  0.000000e+00  0.000000e+00  0.000000e+00  5.700000e-01  1.000000e+00  1.000000e+00  0.000000e+00  0.000000e+00  0.000000e+00  5.700000e-01  
8.243321e-01  2.281977e+00  6.283296e-01  0.000000e+00  0.000000e+00  5.700000e-01  8.243321e-01  2.281977e+00  6.666375e-01  0.000000e+00  0.000000e+00  5.700000e-01  1.000000e+00  1.000000e+00  0.000000e+00  0.000000e+00  0.000000e+00  5.700000e-01  1.000000e+00  1.000000e+00  0.000000e+00  0.000000e+00  0.000000e+00  5.700000e-01  1.000000e+00  1.000000e+00  0.000000e+00  0.000000e+00  0.000000e+00  5.700000e-01  1.000000e+00  1.000000e+00  0.000000e+00  0.000000e+00  0.000000e+00  5.700000e-01  
7.865275e-01  1.411709e+00  6.668646e-01  0.000000e+00  0.000000e+00  5.700000e-01  7.865275e-01  1.411709e+00  5.966703e-01  0.000000e+00  0.000000e+00  5.700000e-01  1.000000e+00  1.000000e+00  0.000000e+00  0.000000e+00  0.000000e+00  5.700000e-01  1.000000e+00  1.000000e+00  0.000000e+00  0.000000e+00  0.000000e+00  5.700000e-01  1.000000e+00  1.000000e+00  0.000000e+00  0.000000e+00  0.000000e+00  5.700000e-01  1.000000e+00  1.000000e+00  0.000000e+00  0.000000e+00  0.000000e+00  5.700000e-01  
5.793427e-01  1.525314e+00  6.333838e-01  0.000000e+00  0.000000e+00  5.700000e-01  5.793427e-01  1.525314e+00  4.853024e-01  0.000000e+00  0.000000e+00  5.700000e-01  1.000000e+00  1.000000e+00  0.000000e+00  0.000000e+00  0.000000e+00  5.700000e-01  1.000000e+00  1.000000e+00  0.000000e+00  0.000000e+00  0.000000e+00  5.700000e-01  1.000000e+00  1.000000e+00  0.000000e+00  0.000000e+00  0.000000e+00  5.700000e-01  1.000000e+00  1.000000e+00  0.000000e+00  0.000000e+00  0.000000e+00  5.700000e-01  
8.344729e-01  2.278587e+00  6.433453e-01  0.000000e+00  0.000000e+00  5.700000e-01  8.344729e-01  2.278587e+00  5.436059e-01  0.000000e+00  0.000000e+00  5.700000e-01  1.000000e+00  1.000000e+00  0.000000e+00  0.000000e+00  0.000000e+00  5.700000e-01  1.000000e+00  1.000000e+00  0.000000e+00  0.000000e+00  0.000000e+00  5.700000e-01  1.000000e+00  1.000000e+00  0.000000e+00  0.000000e+00  0.000000e+00  5.700000e-01  1.000000e+00  1.000000e+00  0.000000e+00  0.000000e+00  0.000000e+00  5.700000e-01  
1.487514e+00  6.337003e+00  5.760889e-01  0.000000e+00  0.000000e+00  5.700000e-01  1.487514e+00  6.337003e+00  8.765433e-01  0.000000e+00  0.000000e+00  5.700000e-01  1.000000e+00  1.000000e+00  0.000000e+00  0.000000e+00  0.000000e+00  5.700000e-01  1.000000e+00  1.000000e+00  0.000000e+00  0.000000e+00  0.000000e+00  5.700000e-01  1.000000e+00  1.000000e+00  0.000000e+00  0.000000e+00  0.000000e+00  5.700000e-01  1.000000e+00  1.000000e+00  0.000000e+00  0.000000e+00  0.000000e+00  5.700000e-01  
1.050194e+00  2.713872e+00  6.207447e-01  0.000000e+00  0.000000e+00  5.700000e-01  1.050194e+00  2.713872e+00  6.928577e-01  0.000000e+00  0.000000e+00  5.700000e-01  1.000000e+00  1.000000e+00  0.000000e+00  0.000000e+00  0.000000e+00  5.700000e-01  1.000000e+00  1.000000e+00  0.000000e+00  0.000000e+00  0.000000e+00  5.700000e-01  1.000000e+00  1.000000e+00  0.000000e+00  0.000000e+00  0.000000e+00  5.700000e-01  1.000000e+00  1.000000e+00  0.000000e+00  0.000000e+00  0.000000e+00  5.700000e-01  
1.129216e+00  3.256013e+00  6.671822e-01  0.000000e+00  0.000000e+00  5.700000e-01  1.129216e+00  3.256013e+00  5.853171e-01  0.000000e+00  0.000000e+00  5.700000e-01  1.000000e+00  1.000000e+00  0.000000e+00  0.000000e+00  0.000000e+00  5.700000e-01  1.000000e+00  1.000000e+00  0.000000e+00  0.000000e+00  0.000000e+00  5.700000e-01  1.000000e+00  1.000000e+00  0.000000e+00  0.000000e+00  0.000000e+00  5.700000e-01  1.000000e+00  1.000000e+00  0.000000e+00  0.000000e+00  0.000000e+00  5.700000e-01  
9.486240e-01  3.302470e+00  7.338073e-01  0.000000e+00  0.000000e+00  5.700000e-01  9.486240e-01  3.302470e+00  8.869251e-01  0.000000e+00  0.000000e+00  5.700000e-01  1.000000e+00  1.000000e+00  0.000000e+00  0.000000e+00  0.000000e+00  5.700000e-01  1.000000e+00  1.000000e+00  0.000000e+00  0.000000e+00  0.000000e+00  5.700000e-01  1.000000e+00  1.000000e+00  0.000000e+00  0.000000e+00  0.000000e+00  5.700000e-01  1.000000e+00  1.000000e+00  0.000000e+00  0.000000e+00  0.000000e+00  5.700000e-01  
7.762222e-01  2.574470e+00  5.725690e-01  0.000000e+00  0.000000e+00  5.700000e-01  7.762222e-01  2.574470e+00  8.414139e-01  0.000000e+00  0.000000e+00  5.700000e-01  1.000000e+00  1.000000e+00  0.000000e+00  0.000000e+00  0.000000e+00  5.700000e-01  1.000000e+00  1.000000e+00  0.000000e+00  0.000000e+00  0.000000e+00  5.700000e-01  1.000000e+00  1.000000e+00  0.000000e+00  0.000000e+00  0.000000e+00  5.700000e-01  1.000000e+00  1.000000e+00  0.000000e+00  0.000000e+00  0.000000e+00  5.700000e-01  
1.062449e+00  3.939153e+00  6.566572e-01  0.000000e+00  0.000000e+00  5.700000e-01  1.062449e+00  3.939153e+00  4.660391e-01  0.000000e+00  0.000000e+00  5.700000e-01  1.000000e+00  1.000000e+00  0.000000e+00  0.000000e+00  0.000000e+00  5.700000e-01  1.000000e+00  1.000000e+00  0.000000e+00  0.000000e+00  0.000000e+00  5.700000e-01  1.000000e+00  1.000000e+00  0.000000e+00  0.000000e+00  0.000000e+00  5.700000e-01  1.000000e+00  1.000000e+00  0.000000e+00  0.000000e+00  0.000000e+00  5.700000e-01  
5.491762e-01  9.883078e-01  5.821133e-01  0.000000e+00  0.000000e+00  5.700000e-01  5.491762e-01  9.883078e-01  8.712827e-01  0.000000e+00  0.000000e+00  5.700000e-01  1.000000e+00  1.000000e+00  0.000000e+00  0.000000e+00  0.000000e+00  5.700000e-01  1.000000e+00  1.000000e+00  0.000000e+00  0.000000e+00  0.000000e+00  5.700000e-01  1.000000e+00  1.000000e+00  0.000000e+00  0.000000e+00  0.000000e+00  5.700000e-01  1.000000e+00  1.000000e+00  0.000000e+00  0.000000e+00  0.000000e+00  5.700000e-01  
6.581925e-01  1.328471e+00  6.736448e-01  0.000000e+00  0.000000e+00  5.700000e-01  6.581925e-01  1.328471e+00  3.999847e-01  0.000000e+00  0.000000e+00  5.700000e-01  1.000000e+00  1.000000e+00  0.000000e+00  0.000000e+00  0.000000e+00  5.700000e-01  1.000000e+00  1.000000e+00  0.000000e+00  0.000000e+00  0.000000e+00  5.700000e-01  1.000000e+00  1.000000e+00  0.000000e+00  0.000000e+00  0.000000e+00  5.700000e-01  1.000000e+00  1.000000e+00  0.000000e+00  0.000000e+00  0.000000e+00  5.700000e-01  
1.284303e+00  5.295785e+00  5.338771e-01  0.000000e+00  0.000000e+00  5.700000e-01  1.284303e+00  5.295785e+00  9.942505e-01  0.000000e+00  0.000000e+00  5.700000e-01  1.000000e+00  1.000000e+00  0.000000e+00  0.000000e+00  0.000000e+00  5.700000e-01  1.000000e+00  1.000000e+00  0.000000e+00  0.000000e+00  0.000000e+00  5.700000e-01  1.000000e+00  1.000000e+00  0.000000e+00  0.000000e+00  0.000000e+00  5.700000e-01  1.000000e+00  1.000000e+00  0.000000e+00  0.000000e+00  0.000000e+00  5.700000e-01  
7.782219e-01  1.975667e+00  5.896457e-01  0.000000e+00  0.000000e+00  5.700000e-01  7.782219e-01  1.975667e+00  2.020738e-01  0.000000e+00  0.000000e+00  5.700000e-01  1.000000e+00  1.000000e+00  0.000000e+00  0.000000e+00  0.000000e+00  5.700000e-01  1.000000e+00  1.000000e+00  0.000000e+00  0.000000e+00  0.000000e+00  5.700000e-01  1.000000e+00  1.000000e+00  0.000000e+00  0.000000e+00  0.000000e+00  5.700000e-01  1.000000e+00  1.000000e+00  0.000000e+00  0.000000e+00  0.000000e+00  5.700000e-01  
7.755308e-01  2.737489e+00  6.242528e-01  0.000000e+00  0.000000e+00  5.700000e-01  7.755308e-01  2.737489e+00  9.969971e-01  0.000000e+00  0.000000e+00  5.700000e-01  1.000000e+00  1.000000e+00  0.000000e+00  0.000000e+00  0.000000e+00  5.700000e-01  1.000000e+00  1.000000e+00  0.000000e+00  0.000000e+00  0.000000e+00  5.700000e-01  1.000000e+00  1.000000e+00  0.000000e+00  0.000000e+00  0.000000e+00  5.700000e-01  1.000000e+00  1.000000e+00  0.000000e+00  0.000000e+00  0.000000e+00  5.700000e-01  
7.904075e-01  1.363762e+00  7.249179e-01  0.000000e+00  0.000000e+00  5.700000e-01  7.904075e-01  1.363762e+00  9.719958e-01  0.000000e+00  0.000000e+00  5.700000e-01  1.000000e+00  1.000000e+00  0.000000e+00  0.000000e+00  0.000000e+00  5.700000e-01  1.000000e+00  1.000000e+00  0.000000e+00  0.000000e+00  0.000000e+00  5.700000e-01  1.000000e+00  1.000000e+00  0.000000e+00  0.000000e+00  0.000000e+00  5.700000e-01  1.000000e+00  1.000000e+00  0.000000e+00  0.000000e+00  0.000000e+00  5.700000e-01  
1.078077e+00  4.301891e+00  6.351041e-01  0.000000e+00  0.000000e+00  5.700000e-01  1.078077e+00  4.301891e+00  3.953271e-01  0.000000e+00  0.000000e+00  5.700000e-01  1.000000e+00  1.000000e+00  0.000000e+00  0.000000e+00  0.000000e+00  5.700000e-01  1.000000e+00  1.000000e+00  0.000000e+00  0.000000e+00  0.000000e+00  5.700000e-01  1.000000e+00  1.000000e+00  0.000000e+00  0.000000e+00  0.000000e+00  5.700000e-01  1.000000e+00  1.000000e+00  0.000000e+00  0.000000e+00  0.000000e+00  5.700000e-01  
8.130711e-01  1.981035e+00  6.858089e-01  0.000000e+00  0.000000e+00  5.700000e-01  8.130711e-01  1.981035e+00  8.940036e-01  0.000000e+00  0.000000e+00  5.700000e-01  1.000000e+00  1.000000e+00  0.000000e+00  0.000000e+00  0.000000e+00  5.700000e-01  1.000000e+00  1.000000e+00  0.000000e+00  0.000000e+00  0.000000e+00  5.700000e-01  1.000000e+00  1.000000e+00  0.000000e+00  0.000000e+00  0.000000e+00  5.700000e-01  1.000000e+00  1.000000e+00  0.000000e+00  0.000000e+00  0.000000e+00  5.700000e-01  
7.358963e-01  3.545805e+00  5.526999e-01  0.000000e+00  0.000000e+00  5.700000e-01  7.358963e-01  3.545805e+00  3.563796e-01  0.000000e+00  0.000000e+00  5.700000e-01  1.000000e+00  1.000000e+00  0.000000e+00  0.000000e+00  0.000000e+00  5.700000e-01  1.000000e+00  1.000000e+00  0.000000e+00  0.000000e+00  0.000000e+00  5.700000e-01  1.000000e+00  1.000000e+00  0.000000e+00  0.000000e+00  0.000000e+00  5.700000e-01  1.000000e+00  1.000000e+00  0.000000e+00  0.000000e+00  0.000000e+00  5.700000e-01  
1.049382e+00  4.543225e+00  5.208678e-01  0.000000e+00  0.000000e+00  5.700000e-01  1.049382e+00  4.543225e+00  4.635907e-01  0.000000e+00  0.000000e+00  5.700000e-01  1.000000e+00  1.000000e+00  0.000000e+00  0.000000e+00  0.000000e+00  5.700000e-01  1.000000e+00  1.000000e+00  0.000000e+00  0.000000e+00  0.000000e+00  5.700000e-01  1.000000e+00  1.000000e+00  0.000000e+00  0.000000e+00  0.000000e+00  5.700000e-01  1.000000e+00  1.000000e+00  0.000000e+00  0.000000e+00  0.000000e+00  5.700000e-01  
9.203949e-01  3.864765e+00  5.436186e-01  0.000000e+00  0.000000e+00  5.700000e-01  9.203949e-01  3.864765e+00  4.467223e-01  0.000000e+00  0.000000e+00  5.700000e-01  1.000000e+00  1.000000e+00  0.000000e+00  0.000000e+00  0.000000e+00  5.700000e-01  1.000000e+00  1.000000e+00  0.000000e+00  0.000000e+00  0.000000e+00  5.700000e-01  1.000000e+00  1.000000e+00  0.000000e+00  0.000000e+00  0.000000e+00  5.700000e-01  1.000000e+00  1.000000e+00  0.000000e+00  0.000000e+00  0.000000e+00  5.700000e-01  
7.580967e-01  3.012406e+00  5.628777e-01  0.000000e+00  0.000000e+00  5.700000e-01  7.580967e-01  3.012406e+00  3.265977e-03  0.000000e+00  0.000000e+00  5.700000e-01  1.000000e+00  1.000000e+00  0.000000e+00  0.000000e+00  0.000000e+00  5.700000e-01  1.000000e+00  1.000000e+00  0.000000e+00  0.000000e+00  0.000000e+00  5.700000e-01  1.000000e+00  1.000000e+00  0.000000e+00  0.000000e+00  0.000000e+00  5.700000e-01  1.000000e+00  1.000000e+00  0.000000e+00  0.000000e+00  0.000000e+00  5.700000e-01  
8.418834e-01  3.371524e+00  5.781538e-01  0.000000e+00  0.000000e+00  5.700000e-01  8.418834e-01  3.371524e+00  -6.071085e-02  0.000000e+00  0.000000e+00  5.700000e-01  1.000000e+00  1.000000e+00  0.000000e+00  0.000000e+00  0.000000e+00  5.700000e-01  1.000000e+00  1.000000e+00  0.000000e+00  0.000000e+00  0.000000e+00  5.700000e-01  1.000000e+00  1.000000e+00  0.000000e+00  0.000000e+00  0.000000e+00  5.700000e-01  1.000000e+00  1.000000e+00  0.000000e+00  0.000000e+00  0.000000e+00  5.700000e-01  
8.076730e-01  1.353104e+00  8.115884e-01  0.000000e+00  0.000000e+00  5.700000e-01  8.076730e-01  1.353104e+00  9.620363e-01  0.000000e+00  0.000000e+00  5.700000e-01  1.000000e+00  1.000000e+00  0.000000e+00  0.000000e+00  0.000000e+00  5.700000e-01  1.000000e+00  1.000000e+00  0.000000e+00  0.000000e+00  0.000000e+00  5.700000e-01  1.000000e+00  1.000000e+00  0.000000e+00  0.000000e+00  0.000000e+00  5.700000e-01  1.000000e+00  1.000000e+00  0.000000e+00  0.000000e+00  0.000000e+00  5.700000e-01  
1.036227e+00  4.230756e+00  5.468726e-01  0.000000e+00  0.000000e+00  5.700000e-01  1.036227e+00  4.230756e+00  4.470407e-01  0.000000e+00  0.000000e+00  5.700000e-01  1.000000e+00  1.000000e+00  0.000000e+00  0.000000e+00  0.000000e+00  5.700000e-01  1.000000e+00  1.000000e+00  0.000000e+00  0.000000e+00  0.000000e+00  5.700000e-01  1.000000e+00  1.000000e+00  0.000000e+00  0.000000e+00  0.000000e+00  5.700000e-01  1.000000e+00  1.000000e+00  0.000000e+00  0.000000e+00  0.000000e+00  5.700000e-01  
8.859198e-01  2.112905e+00  6.274509e-01  0.000000e+00  0.000000e+00  5.700000e-01  8.859198e-01  2.112905e+00  1.147158e-01  0.000000e+00  0.000000e+00  5.700000e-01  1.000000e+00  1.000000e+00  0.000000e+00  0.000000e+00  0.000000e+00  5.700000e-01  1.000000e+00  1.000000e+00  0.000000e+00  0.000000e+00  0.000000e+00  5.700000e-01  1.000000e+00  1.000000e+00  0.000000e+00  0.000000e+00  0.000000e+00  5.700000e-01  1.000000e+00  1.000000e+00  0.000000e+00  0.000000e+00  0.000000e+00  5.700000e-01  
7.229388e-01  1.353140e+00  6.954337e-01  0.000000e+00  0.000000e+00  5.700000e-01  7.229388e-01  1.353140e+00  3.354546e-01  0.000000e+00  0.000000e+00  5.700000e-01  1.000000e+00  1.000000e+00  0.000000e+00  0.000000e+00  0.000000e+00  5.700000e-01  1.000000e+00  1.000000e+00  0.000000e+00  0.000000e+00  0.000000e+00  5.700000e-01  1.000000e+00  1.000000e+00  0.000000e+00  0.000000e+00  0.000000e+00  5.700000e-01  1.000000e+00  1.000000e+00  0.000000e+00  0.000000e+00  0.000000e+00  5.700000e-01  
8.382049e-01  2.158809e+00  7.502999e-01  0.000000e+00  0.000000e+00  5.700000e-01  8.382049e-01  2.158809e+00  4.304324e-01  0.000000e+00  0.000000e+00  5.700000e-01  1.000000e+00  1.000000e+00  0.000000e+00  0.000000e+00  0.000000e+00  5.700000e-01  1.000000e+00  1.000000e+00  0.000000e+00  0.000000e+00  0.000000e+00  5.700000e-01  1.000000e+00  1.000000e+00  0.000000e+00  0.000000e+00  0.000000e+00  5.700000e-01  1.000000e+00  1.000000e+00  0.000000e+00  0.000000e+00  0.000000e+00  5.700000e-01  
8.504251e-01  2.813050e+00  6.535673e-01  0.000000e+00  0.000000e+00  5.700000e-01  8.504251e-01  2.813050e+00  6.873701e-01  0.000000e+00  0.000000e+00  5.700000e-01  1.000000e+00  1.000000e+00  0.000000e+00  0.000000e+00  0.000000e+00  5.700000e-01  1.000000e+00  1.000000e+00  0.000000e+00  0.000000e+00  0.000000e+00  5.700000e-01  1.000000e+00  1.000000e+00  0.000000e+00  0.000000e+00  0.000000e+00  5.700000e-01  1.000000e+00  1.000000e+00  0.000000e+00  0.000000e+00  0.000000e+00  5.700000e-01  
8.706145e-01  2.265634e+00  7.352436e-01  0.000000e+00  0.000000e+00  5.700000e-01  8.706145e-01  2.265634e+00  8.904772e-01  0.000000e+00  0.000000e+00  5.700000e-01  1.000000e+00  1.000000e+00  0.000000e+00  0.000000e+00  0.000000e+00  5.700000e-01  1.000000e+00  1.000000e+00  0.000000e+00  0.000000e+00  0.000000e+00  5.700000e-01  1.000000e+00  1.000000e+00  0.000000e+00  0.000000e+00  0.000000e+00  5.700000e-01  1.000000e+00  1.000000e+00  0.000000e+00  0.000000e+00  0.000000e+00  5.700000e-01  
6.434748e-01  1.477301e+00  6.365428e-01  0.000000e+00  0.000000e+00  5.700000e-01  6.434748e-01  1.477301e+00  8.536002e-01  0.000000e+00  0.000000e+00  5.700000e-01  1.000000e+00  1.000000e+00  0.000000e+00  0.000000e+00  0.000000e+00  5.700000e-01  1.000000e+00  1.000000e+00  0.000000e+00  0.000000e+00  0.000000e+00  5.700000e-01  1.000000e+00  1.000000e+00  0.000000e+00  0.000000e+00  0.000000e+00  5.700000e-01  1.000000e+00  1.000000e+00  0.000000e+00  0.000000e+00  0.000000e+00  5.700000e-01  
1.214657e+00  4.313971e+00  6.504703e-01  0.000000e+00  0.000000e+00  5.700000e-01  1.214657e+00  4.313971e+00  5.702207e-01  0.000000e+00  0.000000e+00  5.700000e-01  1.000000e+00  1.000000e+00  0.000000e+00  0.000000e+00  0.000000e+00  5.700000e-01  1.000000e+00  1.000000e+00  0.000000e+00  0.000000e+00  0.000000e+00  5.700000e-01  1.000000e+00  1.000000e+00  0.000000e+00  0.000000e+00  0.000000e+00  5.700000e-01  1.000000e+00  1.000000e+00  0.000000e+00  0.000000e+00  0.000000e+00  5.700000e-01  
3.429511e-01  4.178571e-01  5.782065e-01  0.000000e+00  0.000000e+00  5.700000e-01  3.429511e-01  4.178571e-01  8.044302e-02  0.000000e+00  0.000000e+00  5.700000e-01  1.000000e+00  1.000000e+00  0.000000e+00  0.000000e+00  0.000000e+00  5.700000e-01  1.000000e+00  1.000000e+00  0.000000e+00  0.000000e+00  0.000000e+00  5.700000e-01  1.000000e+00  1.000000e+00  0.000000e+00  0.000000e+00  0.000000e+00  5.700000e-01  1.000000e+00  1.000000e+00  0.000000e+00  0.000000e+00  0.000000e+00  5.700000e-01  
7.848437e-01  2.137564e+00  6.894029e-01  0.000000e+00  0.000000e+00  5.700000e-01  7.848437e-01  2.137564e+00  9.576725e-01  0.000000e+00  0.000000e+00  5.700000e-01  1.000000e+00  1.000000e+00  0.000000e+00  0.000000e+00  0.000000e+00  5.700000e-01  1.000000e+00  1.000000e+00  0.000000e+00  0.000000e+00  0.000000e+00  5.700000e-01  1.000000e+00  1.000000e+00  0.000000e+00  0.000000e+00  0.000000e+00  5.700000e-01  1.000000e+00  1.000000e+00  0.000000e+00  0.000000e+00  0.000000e+00  5.700000e-01  
1.034962e+00  4.012126e+00  5.605983e-01  0.000000e+00  0.000000e+00  5.700000e-01  1.034962e+00  4.012126e+00  9.910193e-01  0.000000e+00  0.000000e+00  5.700000e-01  1.000000e+00  1.000000e+00  0.000000e+00  0.000000e+00  0.000000e+00  5.700000e-01  1.000000e+00  1.000000e+00  0.000000e+00  0.000000e+00  0.000000e+00  5.700000e-01  1.000000e+00  1.000000e+00  0.000000e+00  0.000000e+00  0.000000e+00  5.700000e-01  1.000000e+00  1.000000e+00  0.000000e+00  0.000000e+00  0.000000e+00  5.700000e-01  
9.743421e-01  2.980178e+00  6.477298e-01  0.000000e+00  0.000000e+00  5.700000e-01  9.743421e-01  2.980178e+00  7.926553e-01  0.000000e+00  0.000000e+00  5.700000e-01  1.000000e+00  1.000000e+00  0.000000e+00  0.000000e+00  0.000000e+00  5.700000e-01  1.000000e+00  1.000000e+00  0.000000e+00  0.000000e+00  0.000000e+00  5.700000e-01  1.000000e+00  1.000000e+00  0.000000e+00  0.000000e+00  0.000000e+00  5.700000e-01  1.000000e+00  1.000000e+00  0.000000e+00  0.000000e+00  0.000000e+00  5.700000e-01  
8.119019e-01  2.676909e+00  5.369817e-01  0.000000e+00  0.000000e+00  5.700000e-01  8.119019e-01  2.676909e+00  9.842794e-01  0.000000e+00  0.000000e+00  5.700000e-01  1.000000e+00  1.000000e+00  0.000000e+00  0.000000e+00  0.000000e+00  5.700000e-01  1.000000e+00  1.000000e+00  0.000000e+00  0.000000e+00  0.000000e+00  5.700000e-01  1.000000e+00  1.000000e+00  0.000000e+00  0.000000e+00  0.000000e+00  5.700000e-01  1.000000e+00  1.000000e+00  0.000000e+00  0.000000e+00  0.000000e+00  5.700000e-01  
7.329677e-01  1.584917e+00  6.470459e-01  0.000000e+00  0.000000e+00  5.700000e-01  7.329677e-01  1.584917e+00  7.455664e-01  0.000000e+00  0.000000e+00  5.700000e-01  1.000000e+00  1.000000e+00  0.000000e+00  0.000000e+00  0.000000e+00  5.700000e-01  1.000000e+00  1.000000e+00  0.000000e+00  0.000000e+00  0.000000e+00  5.700000e-01  1.000000e+00  1.000000e+00  0.000000e+00  0.000000e+00  0.000000e+00  5.700000e-01  1.000000e+00  1.000000e+00  0.000000e+00  0.000000e+00  0.000000e+00  5.700000e-01  
8.384683e-01  2.477763e+00  7.008086e-01  0.000000e+00  0.000000e+00  5.700000e-01  8.384683e-01  2.477763e+00  9.552866e-01  0.000000e+00  0.000000e+00  5.700000e-01  1.000000e+00  1.000000e+00  0.000000e+00  0.000000e+00  0.000000e+00  5.700000e-01  1.000000e+00  1.000000e+00  0.000000e+00  0.000000e+00  0.000000e+00  5.700000e-01  1.000000e+00  1.000000e+00  0.000000e+00  0.000000e+00  0.000000e+00  5.700000e-01  1.000000e+00  1.000000e+00  0.000000e+00  0.000000e+00  0.000000e+00  5.700000e-01  
6.411852e-01  1.467773e+00  6.886958e-01  0.000000e+00  0.000000e+00  5.700000e-01  6.411852e-01  1.467773e+00  4.720295e-01  0.000000e+00  0.000000e+00  5.700000e-01  1.000000e+00  1.000000e+00  0.000000e+00  0.000000e+00  0.000000e+00  5.700000e-01  1.000000e+00  1.000000e+00  0.000000e+00  0.000000e+00  0.000000e+00  5.700000e-01  1.000000e+00  1.000000e+00  0.000000e+00  0.000000e+00  0.000000e+00  5.700000e-01  1.000000e+00  1.000000e+00  0.000000e+00  0.000000e+00  0.000000e+00  5.700000e-01  
8.805635e-01  2.447777e+00  6.338750e-01  0.000000e+00  0.000000e+00  5.700000e-01  8.805635e-01  2.447777e+00  9.521007e-01  0.000000e+00  0.000000e+00  5.700000e-01  1.000000e+00  1.000000e+00  0.000000e+00  0.000000e+00  0.000000e+00  5.700000e-01  1.000000e+00  1.000000e+00  0.000000e+00  0.000000e+00  0.000000e+00  5.700000e-01  1.000000e+00  1.000000e+00  0.000000e+00  0.000000e+00  0.000000e+00  5.700000e-01  1.000000e+00  1.000000e+00  0.000000e+00  0.000000e+00  0.000000e+00  5.700000e-01  
8.869570e-01  2.456796e+00  6.821923e-01  0.000000e+00  0.000000e+00  5.700000e-01  8.869570e-01  2.456796e+00  5.066213e-01  0.000000e+00  0.000000e+00  5.700000e-01  1.000000e+00  1.000000e+00  0.000000e+00  0.000000e+00  0.000000e+00  5.700000e-01  1.000000e+00  1.000000e+00  0.000000e+00  0.000000e+00  0.000000e+00  5.700000e-01  1.000000e+00  1.000000e+00  0.000000e+00  0.000000e+00  0.000000e+00  5.700000e-01  1.000000e+00  1.000000e+00  0.000000e+00  0.000000e+00  0.000000e+00  5.700000e-01  
6.732756e-01  2.330432e+00  5.027439e-01  0.000000e+00  0.000000e+00  5.700000e-01  6.732756e-01  2.330432e+00  9.351046e-01  0.000000e+00  0.000000e+00  5.700000e-01  1.000000e+00  1.000000e+00  0.000000e+00  0.000000e+00  0.000000e+00  5.700000e-01  1.000000e+00  1.000000e+00  0.000000e+00  0.000000e+00  0.000000e+00  5.700000e-01  1.000000e+00  1.000000e+00  0.000000e+00  0.000000e+00  0.000000e+00  5.700000e-01  1.000000e+00  1.000000e+00  0.000000e+00  0.000000e+00  0.000000e+00  5.700000e-01  
7.613301e-01  2.355762e+00  6.820016e-01  0.000000e+00  0.000000e+00  5.700000e-01  7.613301e-01  2.355762e+00  8.021200e-01  0.000000e+00  0.000000e+00  5.700000e-01  1.000000e+00  1.000000e+00  0.000000e+00  0.000000e+00  0.000000e+00  5.700000e-01  1.000000e+00  1.000000e+00  0.000000e+00  0.000000e+00  0.000000e+00  5.700000e-01  1.000000e+00  1.000000e+00  0.000000e+00  0.000000e+00  0.000000e+00  5.700000e-01  1.000000e+00  1.000000e+00  0.000000e+00  0.000000e+00  0.000000e+00  5.700000e-01  
4.985522e-01  7.491807e-01  7.403733e-01  0.000000e+00  0.000000e+00  5.700000e-01  4.985522e-01  7.491807e-01  8.126848e-01  0.000000e+00  0.000000e+00  5.700000e-01  1.000000e+00  1.000000e+00  0.000000e+00  0.000000e+00  0.000000e+00  5.700000e-01  1.000000e+00  1.000000e+00  0.000000e+00  0.000000e+00  0.000000e+00  5.700000e-01  1.000000e+00  1.000000e+00  0.000000e+00  0.000000e+00  0.000000e+00  5.700000e-01  1.000000e+00  1.000000e+00  0.000000e+00  0.000000e+00  0.000000e+00  5.700000e-01  
8.085278e-01  1.728732e+00  6.736880e-01  0.000000e+00  0.000000e+00  5.700000e-01  8.085278e-01  1.728732e+00  8.985742e-01  0.000000e+00  0.000000e+00  5.700000e-01  1.000000e+00  1.000000e+00  0.000000e+00  0.000000e+00  0.000000e+00  5.700000e-01  1.000000e+00  1.000000e+00  0.000000e+00  0.000000e+00  0.000000e+00  5.700000e-01  1.000000e+00  1.000000e+00  0.000000e+00  0.000000e+00  0.000000e+00  5.700000e-01  1.000000e+00  1.000000e+00  0.000000e+00  0.000000e+00  0.000000e+00  5.700000e-01  
1.178180e+00  5.775047e+00  5.435433e-01  0.000000e+00  0.000000e+00  5.700000e-01  1.178180e+00  5.775047e+00  7.304885e-01  0.000000e+00  0.000000e+00  5.700000e-01  1.000000e+00  1.000000e+00  0.000000e+00  0.000000e+00  0.000000e+00  5.700000e-01  1.000000e+00  1.000000e+00  0.000000e+00  0.000000e+00  0.000000e+00  5.700000e-01  1.000000e+00  1.000000e+00  0.000000e+00  0.000000e+00  0.000000e+00  5.700000e-01  1.000000e+00  1.000000e+00  0.000000e+00  0.000000e+00  0.000000e+00  5.700000e-01  
8.416598e-01  4.138733e+00  5.386386e-01  0.000000e+00  0.000000e+00  5.700000e-01  8.416598e-01  4.138733e+00  6.641071e-01  0.000000e+00  0.000000e+00  5.700000e-01  1.000000e+00  1.000000e+00  0.000000e+00  0.000000e+00  0.000000e+00  5.700000e-01  1.000000e+00  1.000000e+00  0.000000e+00  0.000000e+00  0.000000e+00  5.700000e-01  1.000000e+00  1.000000e+00  0.000000e+00  0.000000e+00  0.000000e+00  5.700000e-01  1.000000e+00  1.000000e+00  0.000000e+00  0.000000e+00  0.000000e+00  5.700000e-01  
9.572101e-01  3.232666e+00  6.164822e-01  0.000000e+00  0.000000e+00  5.700000e-01  9.572101e-01  3.232666e+00  3.447258e-02  0.000000e+00  0.000000e+00  5.700000e-01  1.000000e+00  1.000000e+00  0.000000e+00  0.000000e+00  0.000000e+00  5.700000e-01  1.000000e+00  1.000000e+00  0.000000e+00  0.000000e+00  0.000000e+00  5.700000e-01  1.000000e+00  1.000000e+00  0.000000e+00  0.000000e+00  0.000000e+00  5.700000e-01  1.000000e+00  1.000000e+00  0.000000e+00  0.000000e+00  0.000000e+00  5.700000e-01  
9.279039e-01  4.005515e+00  5.465787e-01  0.000000e+00  0.000000e+00  5.700000e-01  9.279039e-01  4.005515e+00  8.836246e-01  0.000000e+00  0.000000e+00  5.700000e-01  1.000000e+00  1.000000e+00  0.000000e+00  0.000000e+00  0.000000e+00  5.700000e-01  1.000000e+00  1.000000e+00  0.000000e+00  0.000000e+00  0.000000e+00  5.700000e-01  1.000000e+00  1.000000e+00  0.000000e+00  0.000000e+00  0.000000e+00  5.700000e-01  1.000000e+00  1.000000e+00  0.000000e+00  0.000000e+00  0.000000e+00  5.700000e-01  
9.173747e-01  3.164774e+00  6.920274e-01  0.000000e+00  0.000000e+00  5.700000e-01  9.173747e-01  3.164774e+00  6.518521e-01  0.000000e+00  0.000000e+00  5.700000e-01  1.000000e+00  1.000000e+00  0.000000e+00  0.000000e+00  0.000000e+00  5.700000e-01  1.000000e+00  1.000000e+00  0.000000e+00  0.000000e+00  0.000000e+00  5.700000e-01  1.000000e+00  1.000000e+00  0.000000e+00  0.000000e+00  0.000000e+00  5.700000e-01  1.000000e+00  1.000000e+00  0.000000e+00  0.000000e+00  0.000000e+00  5.700000e-01  
5.938032e-01  1.550756e+00  5.998591e-01  0.000000e+00  0.000000e+00  5.700000e-01  5.938032e-01  1.550756e+00  2.993426e-01  0.000000e+00  0.000000e+00  5.700000e-01  1.000000e+00  1.000000e+00  0.000000e+00  0.000000e+00  0.000000e+00  5.700000e-01  1.000000e+00  1.000000e+00  0.000000e+00  0.000000e+00  0.000000e+00  5.700000e-01  1.000000e+00  1.000000e+00  0.000000e+00  0.000000e+00  0.000000e+00  5.700000e-01  1.000000e+00  1.000000e+00  0.000000e+00  0.000000e+00  0.000000e+00  5.700000e-01  
3.635573e-01  1.302335e+00  4.393194e-01  0.000000e+00  0.000000e+00  5.700000e-01  3.635573e-01  1.302335e+00  9.273666e-01  0.000000e+00  0.000000e+00  5.700000e-01  1.000000e+00  1.000000e+00  0.000000e+00  0.000000e+00  0.000000e+00  5.700000e-01  1.000000e+00  1.000000e+00  0.000000e+00  0.000000e+00  0.000000e+00  5.700000e-01  1.000000e+00  1.000000e+00  0.000000e+00  0.000000e+00  0.000000e+00  5.700000e-01  1.000000e+00  1.000000e+00  0.000000e+00  0.000000e+00  0.000000e+00  5.700000e-01  
1.258371e+00  4.683545e+00  6.054336e-01  0.000000e+00  0.000000e+00  5.700000e-01  1.258371e+00  4.683545e+00  9.390544e-01  0.000000e+00  0.000000e+00  5.700000e-01  1.000000e+00  1.000000e+00  0.000000e+00  0.000000e+00  0.000000e+00  5.700000e-01  1.000000e+00  1.000000e+00  0.000000e+00  0.000000e+00  0.000000e+00  5.700000e-01  1.000000e+00  1.000000e+00  0.000000e+00  0.000000e+00  0.000000e+00  5.700000e-01  1.000000e+00  1.000000e+00  0.000000e+00  0.000000e+00  0.000000e+00  5.700000e-01  
4.157985e-01  1.088740e+00  5.224818e-01  0.000000e+00  0.000000e+00  5.700000e-01  4.157985e-01  1.088740e+00  8.396144e-01  0.000000e+00  0.000000e+00  5.700000e-01  1.000000e+00  1.000000e+00  0.000000e+00  0.000000e+00  0.000000e+00  5.700000e-01  1.000000e+00  1.000000e+00  0.000000e+00  0.000000e+00  0.000000e+00  5.700000e-01  1.000000e+00  1.000000e+00  0.000000e+00  0.000000e+00  0.000000e+00  5.700000e-01  1.000000e+00  1.000000e+00  0.000000e+00  0.000000e+00  0.000000e+00  5.700000e-01  
1.236963e+00  3.199875e+00  7.742949e-01  0.000000e+00  0.000000e+00  5.700000e-01  1.236963e+00  3.199875e+00  9.964519e-01  0.000000e+00  0.000000e+00  5.700000e-01  1.000000e+00  1.000000e+00  0.000000e+00  0.000000e+00  0.000000e+00  5.700000e-01  1.000000e+00  1.000000e+00  0.000000e+00  0.000000e+00  0.000000e+00  5.700000e-01  1.000000e+00  1.000000e+00  0.000000e+00  0.000000e+00  0.000000e+00  5.700000e-01  1.000000e+00  1.000000e+00  0.000000e+00  0.000000e+00  0.000000e+00  5.700000e-01  
1.146089e+00  5.111586e+00  5.407170e-01  0.000000e+00  0.000000e+00  5.700000e-01  1.146089e+00  5.111586e+00  9.160295e-01  0.000000e+00  0.000000e+00  5.700000e-01  1.000000e+00  1.000000e+00  0.000000e+00  0.000000e+00  0.000000e+00  5.700000e-01  1.000000e+00  1.000000e+00  0.000000e+00  0.000000e+00  0.000000e+00  5.700000e-01  1.000000e+00  1.000000e+00  0.000000e+00  0.000000e+00  0.000000e+00  5.700000e-01  1.000000e+00  1.000000e+00  0.000000e+00  0.000000e+00  0.000000e+00  5.700000e-01  
8.817466e-01  2.255965e+00  5.372500e-01  0.000000e+00  0.000000e+00  5.700000e-01  8.817466e-01  2.255965e+00  9.693354e-01  0.000000e+00  0.000000e+00  5.700000e-01  1.000000e+00  1.000000e+00  0.000000e+00  0.000000e+00  0.000000e+00  5.700000e-01  1.000000e+00  1.000000e+00  0.000000e+00  0.000000e+00  0.000000e+00  5.700000e-01  1.000000e+00  1.000000e+00  0.000000e+00  0.000000e+00  0.000000e+00  5.700000e-01  1.000000e+00  1.000000e+00  0.000000e+00  0.000000e+00  0.000000e+00  5.700000e-01  
1.065856e+00  2.676818e+00  7.551142e-01  0.000000e+00  0.000000e+00  5.700000e-01  1.065856e+00  2.676818e+00  7.085068e-01  0.000000e+00  0.000000e+00  5.700000e-01  1.000000e+00  1.000000e+00  0.000000e+00  0.000000e+00  0.000000e+00  5.700000e-01  1.000000e+00  1.000000e+00  0.000000e+00  0.000000e+00  0.000000e+00  5.700000e-01  1.000000e+00  1.000000e+00  0.000000e+00  0.000000e+00  0.000000e+00  5.700000e-01  1.000000e+00  1.000000e+00  0.000000e+00  0.000000e+00  0.000000e+00  5.700000e-01  
1.155722e+00  4.322744e+00  6.631685e-01  0.000000e+00  0.000000e+00  5.700000e-01  1.155722e+00  4.322744e+00  3.505167e-01  0.000000e+00  0.000000e+00  5.700000e-01  1.000000e+00  1.000000e+00  0.000000e+00  0.000000e+00  0.000000e+00  5.700000e-01  1.000000e+00  1.000000e+00  0.000000e+00  0.000000e+00  0.000000e+00  5.700000e-01  1.000000e+00  1.000000e+00  0.000000e+00  0.000000e+00  0.000000e+00  5.700000e-01  1.000000e+00  1.000000e+00  0.000000e+00  0.000000e+00  0.000000e+00  5.700000e-01  
8.433057e-01  2.816334e+00  6.662084e-01  0.000000e+00  0.000000e+00  5.700000e-01  8.433057e-01  2.816334e+00  7.181620e-01  0.000000e+00  0.000000e+00  5.700000e-01  1.000000e+00  1.000000e+00  0.000000e+00  0.000000e+00  0.000000e+00  5.700000e-01  1.000000e+00  1.000000e+00  0.000000e+00  0.000000e+00  0.000000e+00  5.700000e-01  1.000000e+00  1.000000e+00  0.000000e+00  0.000000e+00  0.000000e+00  5.700000e-01  1.000000e+00  1.000000e+00  0.000000e+00  0.000000e+00  0.000000e+00  5.700000e-01  
5.516109e-01  2.639635e-01  7.785001e-01  0.000000e+00  0.000000e+00  5.700000e-01  5.516109e-01  2.639635e-01  8.356826e-01  0.000000e+00  0.000000e+00  5.700000e-01  1.000000e+00  1.000000e+00  0.000000e+00  0.000000e+00  0.000000e+00  5.700000e-01  1.000000e+00  1.000000e+00  0.000000e+00  0.000000e+00  0.000000e+00  5.700000e-01  1.000000e+00  1.000000e+00  0.000000e+00  0.000000e+00  0.000000e+00  5.700000e-01  1.000000e+00  1.000000e+00  0.000000e+00  0.000000e+00  0.000000e+00  5.700000e-01  
4.077701e-01  1.760766e+00  5.135294e-01  0.000000e+00  0.000000e+00  5.700000e-01  4.077701e-01  1.760766e+00  8.421891e-01  0.000000e+00  0.000000e+00  5.700000e-01  1.000000e+00  1.000000e+00  0.000000e+00  0.000000e+00  0.000000e+00  5.700000e-01  1.000000e+00  1.000000e+00  0.000000e+00  0.000000e+00  0.000000e+00  5.700000e-01  1.000000e+00  1.000000e+00  0.000000e+00  0.000000e+00  0.000000e+00  5.700000e-01  1.000000e+00  1.000000e+00  0.000000e+00  0.000000e+00  0.000000e+00  5.700000e-01  
8.709033e-01  2.370507e+00  6.443368e-01  0.000000e+00  0.000000e+00  5.700000e-01  8.709033e-01  2.370507e+00  6.132205e-01  0.000000e+00  0.000000e+00  5.700000e-01  1.000000e+00  1.000000e+00  0.000000e+00  0.000000e+00  0.000000e+00  5.700000e-01  1.000000e+00  1.000000e+00  0.000000e+00  0.000000e+00  0.000000e+00  5.700000e-01  1.000000e+00  1.000000e+00  0.000000e+00  0.000000e+00  0.000000e+00  5.700000e-01  1.000000e+00  1.000000e+00  0.000000e+00  0.000000e+00  0.000000e+00  5.700000e-01  
1.235918e+00  5.205892e+00  6.732690e-01  0.000000e+00  0.000000e+00  5.700000e-01  1.235918e+00  5.205892e+00  8.027471e-01  0.000000e+00  0.000000e+00  5.700000e-01  1.000000e+00  1.000000e+00  0.000000e+00  0.000000e+00  0.000000e+00  5.700000e-01  1.000000e+00  1.000000e+00  0.000000e+00  0.000000e+00  0.000000e+00  5.700000e-01  1.000000e+00  1.000000e+00  0.000000e+00  0.000000e+00  0.000000e+00  5.700000e-01  1.000000e+00  1.000000e+00  0.000000e+00  0.000000e+00  0.000000e+00  5.700000e-01  
1.082782e+00  3.278777e+00  6.158355e-01  0.000000e+00  0.000000e+00  5.700000e-01  1.082782e+00  3.278777e+00  7.026190e-01  0.000000e+00  0.000000e+00  5.700000e-01  1.000000e+00  1.000000e+00  0.000000e+00  0.000000e+00  0.000000e+00  5.700000e-01  1.000000e+00  1.000000e+00  0.000000e+00  0.000000e+00  0.000000e+00  5.700000e-01  1.000000e+00  1.000000e+00  0.000000e+00  0.000000e+00  0.000000e+00  5.700000e-01  1.000000e+00  1.000000e+00  0.000000e+00  0.000000e+00  0.000000e+00  5.700000e-01  
6.757756e-01  1.681164e+00  5.441788e-01  0.000000e+00  0.000000e+00  5.700000e-01  6.757756e-01  1.681164e+00  2.157454e-01  0.000000e+00  0.000000e+00  5.700000e-01  1.000000e+00  1.000000e+00  0.000000e+00  0.000000e+00  0.000000e+00  5.700000e-01  1.000000e+00  1.000000e+00  0.000000e+00  0.000000e+00  0.000000e+00  5.700000e-01  1.000000e+00  1.000000e+00  0.000000e+00  0.000000e+00  0.000000e+00  5.700000e-01  1.000000e+00  1.000000e+00  0.000000e+00  0.000000e+00  0.000000e+00  5.700000e-01  
7.262281e-01  2.684488e+00  4.993937e-01  0.000000e+00  0.000000e+00  5.700000e-01  7.262281e-01  2.684488e+00  2.335787e-01  0.000000e+00  0.000000e+00  5.700000e-01  1.000000e+00  1.000000e+00  0.000000e+00  0.000000e+00  0.000000e+00  5.700000e-01  1.000000e+00  1.000000e+00  0.000000e+00  0.000000e+00  0.000000e+00  5.700000e-01  1.000000e+00  1.000000e+00  0.000000e+00  0.000000e+00  0.000000e+00  5.700000e-01  1.000000e+00  1.000000e+00  0.000000e+00  0.000000e+00  0.000000e+00  5.700000e-01  
1.076477e+00  2.170979e+00  7.387184e-01  0.000000e+00  0.000000e+00  5.700000e-01  1.076477e+00  2.170979e+00  6.494732e-01  0.000000e+00  0.000000e+00  5.700000e-01  1.000000e+00  1.000000e+00  0.000000e+00  0.000000e+00  0.000000e+00  5.700000e-01  1.000000e+00  1.000000e+00  0.000000e+00  0.000000e+00  0.000000e+00  5.700000e-01  1.000000e+00  1.000000e+00  0.000000e+00  0.000000e+00  0.000000e+00  5.700000e-01  1.000000e+00  1.000000e+00  0.000000e+00  0.000000e+00  0.000000e+00  5.700000e-01  
7.090058e-01  1.476900e+00  6.750231e-01  0.000000e+00  0.000000e+00  5.700000e-01  7.090058e-01  1.476900e+00  6.550961e-01  0.000000e+00  0.000000e+00  5.700000e-01  1.000000e+00  1.000000e+00  0.000000e+00  0.000000e+00  0.000000e+00  5.700000e-01  1.000000e+00  1.000000e+00  0.000000e+00  0.000000e+00  0.000000e+00  5.700000e-01  1.000000e+00  1.000000e+00  0.000000e+00  0.000000e+00  0.000000e+00  5.700000e-01  1.000000e+00  1.000000e+00  0.000000e+00  0.000000e+00  0.000000e+00  5.700000e-01  
6.608345e-01  7.065662e-01  7.696044e-01  0.000000e+00  0.000000e+00  5.700000e-01  6.608345e-01  7.065662e-01  9.842229e-01  0.000000e+00  0.000000e+00  5.700000e-01  1.000000e+00  1.000000e+00  0.000000e+00  0.000000e+00  0.000000e+00  5.700000e-01  1.000000e+00  1.000000e+00  0.000000e+00  0.000000e+00  0.000000e+00  5.700000e-01  1.000000e+00  1.000000e+00  0.000000e+00  0.000000e+00  0.000000e+00  5.700000e-01  1.000000e+00  1.000000e+00  0.000000e+00  0.000000e+00  0.000000e+00  5.700000e-01  
5.402753e-01  1.207207e+00  6.294859e-01  0.000000e+00  0.000000e+00  5.700000e-01  5.402753e-01  1.207207e+00  5.631888e-01  0.000000e+00  0.000000e+00  5.700000e-01  1.000000e+00  1.000000e+00  0.000000e+00  0.000000e+00  0.000000e+00  5.700000e-01  1.000000e+00  1.000000e+00  0.000000e+00  0.000000e+00  0.000000e+00  5.700000e-01  1.000000e+00  1.000000e+00  0.000000e+00  0.000000e+00  0.000000e+00  5.700000e-01  1.000000e+00  1.000000e+00  0.000000e+00  0.000000e+00  0.000000e+00  5.700000e-01  
8.642505e-01  3.616243e+00  6.141888e-01  0.000000e+00  0.000000e+00  5.700000e-01  8.642505e-01  3.616243e+00  7.665585e-01  0.000000e+00  0.000000e+00  5.700000e-01  1.000000e+00  1.000000e+00  0.000000e+00  0.000000e+00  0.000000e+00  5.700000e-01  1.000000e+00  1.000000e+00  0.000000e+00  0.000000e+00  0.000000e+00  5.700000e-01  1.000000e+00  1.000000e+00  0.000000e+00  0.000000e+00  0.000000e+00  5.700000e-01  1.000000e+00  1.000000e+00  0.000000e+00  0.000000e+00  0.000000e+00  5.700000e-01  
5.896076e-01  2.915949e+00  4.657805e-01  0.000000e+00  0.000000e+00  5.700000e-01  5.896076e-01  2.915949e+00  9.734671e-01  0.000000e+00  0.000000e+00  5.700000e-01  1.000000e+00  1.000000e+00  0.000000e+00  0.000000e+00  0.000000e+00  5.700000e-01  1.000000e+00  1.000000e+00  0.000000e+00  0.000000e+00  0.000000e+00  5.700000e-01  1.000000e+00  1.000000e+00  0.000000e+00  0.000000e+00  0.000000e+00  5.700000e-01  1.000000e+00  1.000000e+00  0.000000e+00  0.000000e+00  0.000000e+00  5.700000e-01  
5.710405e-01  2.420946e+00  4.804446e-01  0.000000e+00  0.000000e+00  5.700000e-01  5.710405e-01  2.420946e+00  5.927327e-01  0.000000e+00  0.000000e+00  5.700000e-01  1.000000e+00  1.000000e+00  0.000000e+00  0.000000e+00  0.000000e+00  5.700000e-01  1.000000e+00  1.000000e+00  0.000000e+00  0.000000e+00  0.000000e+00  5.700000e-01  1.000000e+00  1.000000e+00  0.000000e+00  0.000000e+00  0.000000e+00  5.700000e-01  1.000000e+00  1.000000e+00  0.000000e+00  0.000000e+00  0.000000e+00  5.700000e-01  
7.279974e-01  1.215574e+00  6.565604e-01  0.000000e+00  0.000000e+00  5.700000e-01  7.279974e-01  1.215574e+00  3.362306e-01  0.000000e+00  0.000000e+00  5.700000e-01  1.000000e+00  1.000000e+00  0.000000e+00  0.000000e+00  0.000000e+00  5.700000e-01  1.000000e+00  1.000000e+00  0.000000e+00  0.000000e+00  0.000000e+00  5.700000e-01  1.000000e+00  1.000000e+00  0.000000e+00  0.000000e+00  0.000000e+00  5.700000e-01  1.000000e+00  1.000000e+00  0.000000e+00  0.000000e+00  0.000000e+00  5.700000e-01  
9.303965e-01  2.828116e+00  6.480142e-01  0.000000e+00  0.000000e+00  5.700000e-01  9.303965e-01  2.828116e+00  4.314939e-01  0.000000e+00  0.000000e+00  5.700000e-01  1.000000e+00  1.000000e+00  0.000000e+00  0.000000e+00  0.000000e+00  5.700000e-01  1.000000e+00  1.000000e+00  0.000000e+00  0.000000e+00  0.000000e+00  5.700000e-01  1.000000e+00  1.000000e+00  0.000000e+00  0.000000e+00  0.000000e+00  5.700000e-01  1.000000e+00  1.000000e+00  0.000000e+00  0.000000e+00  0.000000e+00  5.700000e-01  
1.065337e+00  3.919930e+00  6.943278e-01  0.000000e+00  0.000000e+00  5.700000e-01  1.065337e+00  3.919930e+00  8.832655e-01  0.000000e+00  0.000000e+00  5.700000e-01  1.000000e+00  1.000000e+00  0.000000e+00  0.000000e+00  0.000000e+00  5.700000e-01  1.000000e+00  1.000000e+00  0.000000e+00  0.000000e+00  0.000000e+00  5.700000e-01  1.000000e+00  1.000000e+00  0.000000e+00  0.000000e+00  0.000000e+00  5.700000e-01  1.000000e+00  1.000000e+00  0.000000e+00  0.000000e+00  0.000000e+00  5.700000e-01  
5.751314e-01  1.471195e+00  5.511823e-01  0.000000e+00  0.000000e+00  5.700000e-01  5.751314e-01  1.471195e+00  9.102440e-01  0.000000e+00  0.000000e+00  5.700000e-01  1.000000e+00  1.000000e+00  0.000000e+00  0.000000e+00  0.000000e+00  5.700000e-01  1.000000e+00  1.000000e+00  0.000000e+00  0.000000e+00  0.000000e+00  5.700000e-01  1.000000e+00  1.000000e+00  0.000000e+00  0.000000e+00  0.000000e+00  5.700000e-01  1.000000e+00  1.000000e+00  0.000000e+00  0.000000e+00  0.000000e+00  5.700000e-01  
9.115431e-01  3.029408e+00  6.290643e-01  0.000000e+00  0.000000e+00  5.700000e-01  9.115431e-01  3.029408e+00  5.937562e-01  0.000000e+00  0.000000e+00  5.700000e-01  1.000000e+00  1.000000e+00  0.000000e+00  0.000000e+00  0.000000e+00  5.700000e-01  1.000000e+00  1.000000e+00  0.000000e+00  0.000000e+00  0.000000e+00  5.700000e-01  1.000000e+00  1.000000e+00  0.000000e+00  0.000000e+00  0.000000e+00  5.700000e-01  1.000000e+00  1.000000e+00  0.000000e+00  0.000000e+00  0.000000e+00  5.700000e-01  
8.201761e-01  3.153108e+00  5.387030e-01  0.000000e+00  0.000000e+00  5.700000e-01  8.201761e-01  3.153108e+00  9.065588e-01  0.000000e+00  0.000000e+00  5.700000e-01  1.000000e+00  1.000000e+00  0.000000e+00  0.000000e+00  0.000000e+00  5.700000e-01  1.000000e+00  1.000000e+00  0.000000e+00  0.000000e+00  0.000000e+00  5.700000e-01  1.000000e+00  1.000000e+00  0.000000e+00  0.000000e+00  0.000000e+00  5.700000e-01  1.000000e+00  1.000000e+00  0.000000e+00  0.000000e+00  0.000000e+00  5.700000e-01  
8.420618e-01  1.861477e+00  7.039129e-01  0.000000e+00  0.000000e+00  5.700000e-01  8.420618e-01  1.861477e+00  5.605523e-01  0.000000e+00  0.000000e+00  5.700000e-01  1.000000e+00  1.000000e+00  0.000000e+00  0.000000e+00  0.000000e+00  5.700000e-01  1.000000e+00  1.000000e+00  0.000000e+00  0.000000e+00  0.000000e+00  5.700000e-01  1.000000e+00  1.000000e+00  0.000000e+00  0.000000e+00  0.000000e+00  5.700000e-01  1.000000e+00  1.000000e+00  0.000000e+00  0.000000e+00  0.000000e+00  5.700000e-01  
5.627781e-01  2.043468e+00  5.277993e-01  0.000000e+00  0.000000e+00  5.700000e-01  5.627781e-01  2.043468e+00  5.411564e-01  0.000000e+00  0.000000e+00  5.700000e-01  1.000000e+00  1.000000e+00  0.000000e+00  0.000000e+00  0.000000e+00  5.700000e-01  1.000000e+00  1.000000e+00  0.000000e+00  0.000000e+00  0.000000e+00  5.700000e-01  1.000000e+00  1.000000e+00  0.000000e+00  0.000000e+00  0.000000e+00  5.700000e-01  1.000000e+00  1.000000e+00  0.000000e+00  0.000000e+00  0.000000e+00  5.700000e-01  
7.821302e-01  3.136984e+00  5.066285e-01  0.000000e+00  0.000000e+00  5.700000e-01  7.821302e-01  3.136984e+00  7.845060e-01  0.000000e+00  0.000000e+00  5.700000e-01  1.000000e+00  1.000000e+00  0.000000e+00  0.000000e+00  0.000000e+00  5.700000e-01  1.000000e+00  1.000000e+00  0.000000e+00  0.000000e+00  0.000000e+00  5.700000e-01  1.000000e+00  1.000000e+00  0.000000e+00  0.000000e+00  0.000000e+00  5.700000e-01  1.000000e+00  1.000000e+00  0.000000e+00  0.000000e+00  0.000000e+00  5.700000e-01  
6.198453e-01  1.476699e+00  5.530363e-01  0.000000e+00  0.000000e+00  5.700000e-01  6.198453e-01  1.476699e+00  9.055348e-01  0.000000e+00  0.000000e+00  5.700000e-01  1.000000e+00  1.000000e+00  0.000000e+00  0.000000e+00  0.000000e+00  5.700000e-01  1.000000e+00  1.000000e+00  0.000000e+00  0.000000e+00  0.000000e+00  5.700000e-01  1.000000e+00  1.000000e+00  0.000000e+00  0.000000e+00  0.000000e+00  5.700000e-01  1.000000e+00  1.000000e+00  0.000000e+00  0.000000e+00  0.000000e+00  5.700000e-01  
8.723789e-01  2.094611e+00  7.427495e-01  0.000000e+00  0.000000e+00  5.700000e-01  8.723789e-01  2.094611e+00  2.214113e-01  0.000000e+00  0.000000e+00  5.700000e-01  1.000000e+00  1.000000e+00  0.000000e+00  0.000000e+00  0.000000e+00  5.700000e-01  1.000000e+00  1.000000e+00  0.000000e+00  0.000000e+00  0.000000e+00  5.700000e-01  1.000000e+00  1.000000e+00  0.000000e+00  0.000000e+00  0.000000e+00  5.700000e-01  1.000000e+00  1.000000e+00  0.000000e+00  0.000000e+00  0.000000e+00  5.700000e-01  
6.972926e-01  2.005923e+00  6.855101e-01  0.000000e+00  0.000000e+00  5.700000e-01  6.972926e-01  2.005923e+00  7.152989e-01  0.000000e+00  0.000000e+00  5.700000e-01  1.000000e+00  1.000000e+00  0.000000e+00  0.000000e+00  0.000000e+00  5.700000e-01  1.000000e+00  1.000000e+00  0.000000e+00  0.000000e+00  0.000000e+00  5.700000e-01  1.000000e+00  1.000000e+00  0.000000e+00  0.000000e+00  0.000000e+00  5.700000e-01  1.000000e+00  1.000000e+00  0.000000e+00  0.000000e+00  0.000000e+00  5.700000e-01  
1.086414e+00  4.579737e+00  5.986035e-01  0.000000e+00  0.000000e+00  5.700000e-01  1.086414e+00  4.579737e+00  9.033018e-01  0.000000e+00  0.000000e+00  5.700000e-01  1.000000e+00  1.000000e+00  0.000000e+00  0.000000e+00  0.000000e+00  5.700000e-01  1.000000e+00  1.000000e+00  0.000000e+00  0.000000e+00  0.000000e+00  5.700000e-01  1.000000e+00  1.000000e+00  0.000000e+00  0.000000e+00  0.000000e+00  5.700000e-01  1.000000e+00  1.000000e+00  0.000000e+00  0.000000e+00  0.000000e+00  5.700000e-01  
9.770586e-01  2.131419e+00  7.239425e-01  0.000000e+00  0.000000e+00  5.700000e-01  9.770586e-01  2.131419e+00  7.113049e-01  0.000000e+00  0.000000e+00  5.700000e-01  1.000000e+00  1.000000e+00  0.000000e+00  0.000000e+00  0.000000e+00  5.700000e-01  1.000000e+00  1.000000e+00  0.000000e+00  0.000000e+00  0.000000e+00  5.700000e-01  1.000000e+00  1.000000e+00  0.000000e+00  0.000000e+00  0.000000e+00  5.700000e-01  1.000000e+00  1.000000e+00  0.000000e+00  0.000000e+00  0.000000e+00  5.700000e-01  
8.930285e-01  2.806031e+00  6.168962e-01  0.000000e+00  0.000000e+00  5.700000e-01  8.930285e-01  2.806031e+00  5.621377e-01  0.000000e+00  0.000000e+00  5.700000e-01  1.000000e+00  1.000000e+00  0.000000e+00  0.000000e+00  0.000000e+00  5.700000e-01  1.000000e+00  1.000000e+00  0.000000e+00  0.000000e+00  0.000000e+00  5.700000e-01  1.000000e+00  1.000000e+00  0.000000e+00  0.000000e+00  0.000000e+00  5.700000e-01  1.000000e+00  1.000000e+00  0.000000e+00  0.000000e+00  0.000000e+00  5.700000e-01  
5.846031e-01  1.438425e+00  5.744858e-01  0.000000e+00  0.000000e+00  5.700000e-01  5.846031e-01  1.438425e+00  3.279102e-01  0.000000e+00  0.000000e+00  5.700000e-01  1.000000e+00  1.000000e+00  0.000000e+00  0.000000e+00  0.000000e+00  5.700000e-01  1.000000e+00  1.000000e+00  0.000000e+00  0.000000e+00  0.000000e+00  5.700000e-01  1.000000e+00  1.000000e+00  0.000000e+00  0.000000e+00  0.000000e+00  5.700000e-01  1.000000e+00  1.000000e+00  0.000000e+00  0.000000e+00  0.000000e+00  5.700000e-01  
1.275450e+00  4.340644e+00  6.709228e-01  0.000000e+00  0.000000e+00  5.700000e-01  1.275450e+00  4.340644e+00  5.346928e-01  0.000000e+00  0.000000e+00  5.700000e-01  1.000000e+00  1.000000e+00  0.000000e+00  0.000000e+00  0.000000e+00  5.700000e-01  1.000000e+00  1.000000e+00  0.000000e+00  0.000000e+00  0.000000e+00  5.700000e-01  1.000000e+00  1.000000e+00  0.000000e+00  0.000000e+00  0.000000e+00  5.700000e-01  1.000000e+00  1.000000e+00  0.000000e+00  0.000000e+00  0.000000e+00  5.700000e-01  
9.000038e-01  1.726228e+00  8.244921e-01  0.000000e+00  0.000000e+00  5.700000e-01  9.000038e-01  1.726228e+00  6.357896e-01  0.000000e+00  0.000000e+00  5.700000e-01  1.000000e+00  1.000000e+00  0.000000e+00  0.000000e+00  0.000000e+00  5.700000e-01  1.000000e+00  1.000000e+00  0.000000e+00  0.000000e+00  0.000000e+00  5.700000e-01  1.000000e+00  1.000000e+00  0.000000e+00  0.000000e+00  0.000000e+00  5.700000e-01  1.000000e+00  1.000000e+00  0.000000e+00  0.000000e+00  0.000000e+00  5.700000e-01  
8.487065e-01  3.489836e+00  6.275705e-01  0.000000e+00  0.000000e+00  5.700000e-01  8.487065e-01  3.489836e+00  8.655707e-01  0.000000e+00  0.000000e+00  5.700000e-01  1.000000e+00  1.000000e+00  0.000000e+00  0.000000e+00  0.000000e+00  5.700000e-01  1.000000e+00  1.000000e+00  0.000000e+00  0.000000e+00  0.000000e+00  5.700000e-01  1.000000e+00  1.000000e+00  0.000000e+00  0.000000e+00  0.000000e+00  5.700000e-01  1.000000e+00  1.000000e+00  0.000000e+00  0.000000e+00  0.000000e+00  5.700000e-01  
5.353232e-01  1.401865e+00  6.006983e-01  0.000000e+00  0.000000e+00  5.700000e-01  5.353232e-01  1.401865e+00  9.621668e-01  0.000000e+00  0.000000e+00  5.700000e-01  1.000000e+00  1.000000e+00  0.000000e+00  0.000000e+00  0.000000e+00  5.700000e-01  1.000000e+00  1.000000e+00  0.000000e+00  0.000000e+00  0.000000e+00  5.700000e-01  1.000000e+00  1.000000e+00  0.000000e+00  0.000000e+00  0.000000e+00  5.700000e-01  1.000000e+00  1.000000e+00  0.000000e+00  0.000000e+00  0.000000e+00  5.700000e-01  
5.721058e-01  7.574531e-01  6.265457e-01  0.000000e+00  0.000000e+00  5.700000e-01  5.721058e-01  7.574531e-01  5.059828e-01  0.000000e+00  0.000000e+00  5.700000e-01  1.000000e+00  1.000000e+00  0.000000e+00  0.000000e+00  0.000000e+00  5.700000e-01  1.000000e+00  1.000000e+00  0.000000e+00  0.000000e+00  0.000000e+00  5.700000e-01  1.000000e+00  1.000000e+00  0.000000e+00  0.000000e+00  0.000000e+00  5.700000e-01  1.000000e+00  1.000000e+00  0.000000e+00  0.000000e+00  0.000000e+00  5.700000e-01  
1.059467e+00  4.496046e+00  5.425603e-01  0.000000e+00  0.000000e+00  5.700000e-01  1.059467e+00  4.496046e+00  6.434783e-01  0.000000e+00  0.000000e+00  5.700000e-01  1.000000e+00  1.000000e+00  0.000000e+00  0.000000e+00  0.000000e+00  5.700000e-01  1.000000e+00  1.000000e+00  0.000000e+00  0.000000e+00  0.000000e+00  5.700000e-01  1.000000e+00  1.000000e+00  0.000000e+00  0.000000e+00  0.000000e+00  5.700000e-01  1.000000e+00  1.000000e+00  0.000000e+00  0.000000e+00  0.000000e+00  5.700000e-01  
1.093968e+00  3.806724e+00  6.578516e-01  0.000000e+00  0.000000e+00  5.700000e-01  1.093968e+00  3.806724e+00  6.906170e-01  0.000000e+00  0.000000e+00  5.700000e-01  1.000000e+00  1.000000e+00  0.000000e+00  0.000000e+00  0.000000e+00  5.700000e-01  1.000000e+00  1.000000e+00  0.000000e+00  0.000000e+00  0.000000e+00  5.700000e-01  1.000000e+00  1.000000e+00  0.000000e+00  0.000000e+00  0.000000e+00  5.700000e-01  1.000000e+00  1.000000e+00  0.000000e+00  0.000000e+00  0.000000e+00  5.700000e-01  
1.080271e+00  3.706692e+00  6.117494e-01  0.000000e+00  0.000000e+00  5.700000e-01  1.080271e+00  3.706692e+00  8.796823e-01  0.000000e+00  0.000000e+00  5.700000e-01  1.000000e+00  1.000000e+00  0.000000e+00  0.000000e+00  0.000000e+00  5.700000e-01  1.000000e+00  1.000000e+00  0.000000e+00  0.000000e+00  0.000000e+00  5.700000e-01  1.000000e+00  1.000000e+00  0.000000e+00  0.000000e+00  0.000000e+00  5.700000e-01  1.000000e+00  1.000000e+00  0.000000e+00  0.000000e+00  0.000000e+00  5.700000e-01  
1.063106e+00  3.672862e+00  6.674071e-01  0.000000e+00  0.000000e+00  5.700000e-01  1.063106e+00  3.672862e+00  8.186394e-01  0.000000e+00  0.000000e+00  5.700000e-01  1.000000e+00  1.000000e+00  0.000000e+00  0.000000e+00  0.000000e+00  5.700000e-01  1.000000e+00  1.000000e+00  0.000000e+00  0.000000e+00  0.000000e+00  5.700000e-01  1.000000e+00  1.000000e+00  0.000000e+00  0.000000e+00  0.000000e+00  5.700000e-01  1.000000e+00  1.000000e+00  0.000000e+00  0.000000e+00  0.000000e+00  5.700000e-01  
5.932903e-01  1.258673e+00  6.448393e-01  0.000000e+00  0.000000e+00  5.700000e-01  5.932903e-01  1.258673e+00  -2.467281e-01  0.000000e+00  0.000000e+00  5.700000e-01  1.000000e+00  1.000000e+00  0.000000e+00  0.000000e+00  0.000000e+00  5.700000e-01  1.000000e+00  1.000000e+00  0.000000e+00  0.000000e+00  0.000000e+00  5.700000e-01  1.000000e+00  1.000000e+00  0.000000e+00  0.000000e+00  0.000000e+00  5.700000e-01  1.000000e+00  1.000000e+00  0.000000e+00  0.000000e+00  0.000000e+00  5.700000e-01  
5.853258e-01  1.318790e+00  6.555081e-01  0.000000e+00  0.000000e+00  5.700000e-01  5.853258e-01  1.318790e+00  1.549565e-01  0.000000e+00  0.000000e+00  5.700000e-01  1.000000e+00  1.000000e+00  0.000000e+00  0.000000e+00  0.000000e+00  5.700000e-01  1.000000e+00  1.000000e+00  0.000000e+00  0.000000e+00  0.000000e+00  5.700000e-01  1.000000e+00  1.000000e+00  0.000000e+00  0.000000e+00  0.000000e+00  5.700000e-01  1.000000e+00  1.000000e+00  0.000000e+00  0.000000e+00  0.000000e+00  5.700000e-01  
7.303930e-01  2.196310e+00  6.606717e-01  0.000000e+00  0.000000e+00  5.700000e-01  7.303930e-01  2.196310e+00  8.745139e-01  0.000000e+00  0.000000e+00  5.700000e-01  1.000000e+00  1.000000e+00  0.000000e+00  0.000000e+00  0.000000e+00  5.700000e-01  1.000000e+00  1.000000e+00  0.000000e+00  0.000000e+00  0.000000e+00  5.700000e-01  1.000000e+00  1.000000e+00  0.000000e+00  0.000000e+00  0.000000e+00  5.700000e-01  1.000000e+00  1.000000e+00  0.000000e+00  0.000000e+00  0.000000e+00  5.700000e-01  
1.258195e+00  3.818237e+00  6.612489e-01  0.000000e+00  0.000000e+00  5.700000e-01  1.258195e+00  3.818237e+00  8.118863e-01  0.000000e+00  0.000000e+00  5.700000e-01  1.000000e+00  1.000000e+00  0.000000e+00  0.000000e+00  0.000000e+00  5.700000e-01  1.000000e+00  1.000000e+00  0.000000e+00  0.000000e+00  0.000000e+00  5.700000e-01  1.000000e+00  1.000000e+00  0.000000e+00  0.000000e+00  0.000000e+00  5.700000e-01  1.000000e+00  1.000000e+00  0.000000e+00  0.000000e+00  0.000000e+00  5.700000e-01  
6.121877e-01  8.687275e-01  7.164335e-01  0.000000e+00  0.000000e+00  5.700000e-01  6.121877e-01  8.687275e-01  4.469765e-01  0.000000e+00  0.000000e+00  5.700000e-01  1.000000e+00  1.000000e+00  0.000000e+00  0.000000e+00  0.000000e+00  5.700000e-01  1.000000e+00  1.000000e+00  0.000000e+00  0.000000e+00  0.000000e+00  5.700000e-01  1.000000e+00  1.000000e+00  0.000000e+00  0.000000e+00  0.000000e+00  5.700000e-01  1.000000e+00  1.000000e+00  0.000000e+00  0.000000e+00  0.000000e+00  5.700000e-01  
7.252364e-01  1.515780e+00  7.424209e-01  0.000000e+00  0.000000e+00  5.700000e-01  7.252364e-01  1.515780e+00  6.540872e-01  0.000000e+00  0.000000e+00  5.700000e-01  1.000000e+00  1.000000e+00  0.000000e+00  0.000000e+00  0.000000e+00  5.700000e-01  1.000000e+00  1.000000e+00  0.000000e+00  0.000000e+00  0.000000e+00  5.700000e-01  1.000000e+00  1.000000e+00  0.000000e+00  0.000000e+00  0.000000e+00  5.700000e-01  1.000000e+00  1.000000e+00  0.000000e+00  0.000000e+00  0.000000e+00  5.700000e-01  
8.696388e-01  3.025207e+00  6.351332e-01  0.000000e+00  0.000000e+00  5.700000e-01  8.696388e-01  3.025207e+00  5.708901e-01  0.000000e+00  0.000000e+00  5.700000e-01  1.000000e+00  1.000000e+00  0.000000e+00  0.000000e+00  0.000000e+00  5.700000e-01  1.000000e+00  1.000000e+00  0.000000e+00  0.000000e+00  0.000000e+00  5.700000e-01  1.000000e+00  1.000000e+00  0.000000e+00  0.000000e+00  0.000000e+00  5.700000e-01  1.000000e+00  1.000000e+00  0.000000e+00  0.000000e+00  0.000000e+00  5.700000e-01  
4.258960e-01  7.365842e-01  6.459466e-01  0.000000e+00  0.000000e+00  5.700000e-01  4.258960e-01  7.365842e-01  9.914834e-01  0.000000e+00  0.000000e+00  5.700000e-01  1.000000e+00  1.000000e+00  0.000000e+00  0.000000e+00  0.000000e+00  5.700000e-01  1.000000e+00  1.000000e+00  0.000000e+00  0.000000e+00  0.000000e+00  5.700000e-01  1.000000e+00  1.000000e+00  0.000000e+00  0.000000e+00  0.000000e+00  5.700000e-01  1.000000e+00  1.000000e+00  0.000000e+00  0.000000e+00  0.000000e+00  5.700000e-01  
1.140451e+00  4.456821e+00  5.924261e-01  0.000000e+00  0.000000e+00  5.700000e-01  1.140451e+00  4.456821e+00  4.445042e-01  0.000000e+00  0.000000e+00  5.700000e-01  1.000000e+00  1.000000e+00  0.000000e+00  0.000000e+00  0.000000e+00  5.700000e-01  1.000000e+00  1.000000e+00  0.000000e+00  0.000000e+00  0.000000e+00  5.700000e-01  1.000000e+00  1.000000e+00  0.000000e+00  0.000000e+00  0.000000e+00  5.700000e-01  1.000000e+00  1.000000e+00  0.000000e+00  0.000000e+00  0.000000e+00  5.700000e-01  
3.883319e-01  8.024492e-01  5.340388e-01  0.000000e+00  0.000000e+00  5.700000e-01  3.883319e-01  8.024492e-01  7.454334e-01  0.000000e+00  0.000000e+00  5.700000e-01  1.000000e+00  1.000000e+00  0.000000e+00  0.000000e+00  0.000000e+00  5.700000e-01  1.000000e+00  1.000000e+00  0.000000e+00  0.000000e+00  0.000000e+00  5.700000e-01  1.000000e+00  1.000000e+00  0.000000e+00  0.000000e+00  0.000000e+00  5.700000e-01  1.000000e+00  1.000000e+00  0.000000e+00  0.000000e+00  0.000000e+00  5.700000e-01  
5.302332e-01  1.301295e+00  6.781448e-01  0.000000e+00  0.000000e+00  5.700000e-01  5.302332e-01  1.301295e+00  8.422351e-01  0.000000e+00  0.000000e+00  5.700000e-01  1.000000e+00  1.000000e+00  0.000000e+00  0.000000e+00  0.000000e+00  5.700000e-01  1.000000e+00  1.000000e+00  0.000000e+00  0.000000e+00  0.000000e+00  5.700000e-01  1.000000e+00  1.000000e+00  0.000000e+00  0.000000e+00  0.000000e+00  5.700000e-01  1.000000e+00  1.000000e+00  0.000000e+00  0.000000e+00  0.000000e+00  5.700000e-01  
9.512830e-01  3.566373e+00  6.031116e-01  0.000000e+00  0.000000e+00  5.700000e-01  9.512830e-01  3.566373e+00  1.359642e-02  0.000000e+00  0.000000e+00  5.700000e-01  1.000000e+00  1.000000e+00  0.000000e+00  0.000000e+00  0.000000e+00  5.700000e-01  1.000000e+00  1.000000e+00  0.000000e+00  0.000000e+00  0.000000e+00  5.700000e-01  1.000000e+00  1.000000e+00  0.000000e+00  0.000000e+00  0.000000e+00  5.700000e-01  1.000000e+00  1.000000e+00  0.000000e+00  0.000000e+00  0.000000e+00  5.700000e-01  
9.267445e-01  2.311782e+00  7.599048e-01  0.000000e+00  0.000000e+00  5.700000e-01  9.267445e-01  2.311782e+00  8.332213e-01  0.000000e+00  0.000000e+00  5.700000e-01  1.000000e+00  1.000000e+00  0.000000e+00  0.000000e+00  0.000000e+00  5.700000e-01  1.000000e+00  1.000000e+00  0.000000e+00  0.000000e+00  0.000000e+00  5.700000e-01  1.000000e+00  1.000000e+00  0.000000e+00  0.000000e+00  0.000000e+00  5.700000e-01  1.000000e+00  1.000000e+00  0.000000e+00  0.000000e+00  0.000000e+00  5.700000e-01  
6.382037e-01  1.946336e+00  5.146568e-01  0.000000e+00  0.000000e+00  5.700000e-01  6.382037e-01  1.946336e+00  9.803832e-01  0.000000e+00  0.000000e+00  5.700000e-01  1.000000e+00  1.000000e+00  0.000000e+00  0.000000e+00  0.000000e+00  5.700000e-01  1.000000e+00  1.000000e+00  0.000000e+00  0.000000e+00  0.000000e+00  5.700000e-01  1.000000e+00  1.000000e+00  0.000000e+00  0.000000e+00  0.000000e+00  5.700000e-01  1.000000e+00  1.000000e+00  0.000000e+00  0.000000e+00  0.000000e+00  5.700000e-01  
6.485648e-01  1.430779e+00  5.827017e-01  0.000000e+00  0.000000e+00  5.700000e-01  6.485648e-01  1.430779e+00  5.361137e-01  0.000000e+00  0.000000e+00  5.700000e-01  1.000000e+00  1.000000e+00  0.000000e+00  0.000000e+00  0.000000e+00  5.700000e-01  1.000000e+00  1.000000e+00  0.000000e+00  0.000000e+00  0.000000e+00  5.700000e-01  1.000000e+00  1.000000e+00  0.000000e+00  0.000000e+00  0.000000e+00  5.700000e-01  1.000000e+00  1.000000e+00  0.000000e+00  0.000000e+00  0.000000e+00  5.700000e-01  
8.424092e-01  3.453549e+00  6.075765e-01  0.000000e+00  0.000000e+00  5.700000e-01  8.424092e-01  3.453549e+00  2.399676e-01  0.000000e+00  0.000000e+00  5.700000e-01  1.000000e+00  1.000000e+00  0.000000e+00  0.000000e+00  0.000000e+00  5.700000e-01  1.000000e+00  1.000000e+00  0.000000e+00  0.000000e+00  0.000000e+00  5.700000e-01  1.000000e+00  1.000000e+00  0.000000e+00  0.000000e+00  0.000000e+00  5.700000e-01  1.000000e+00  1.000000e+00  0.000000e+00  0.000000e+00  0.000000e+00  5.700000e-01  
8.910380e-01  2.911310e+00  6.238742e-01  0.000000e+00  0.000000e+00  5.700000e-01  8.910380e-01  2.911310e+00  6.653450e-01  0.000000e+00  0.000000e+00  5.700000e-01  1.000000e+00  1.000000e+00  0.000000e+00  0.000000e+00  0.000000e+00  5.700000e-01  1.000000e+00  1.000000e+00  0.000000e+00  0.000000e+00  0.000000e+00  5.700000e-01  1.000000e+00  1.000000e+00  0.000000e+00  0.000000e+00  0.000000e+00  5.700000e-01  1.000000e+00  1.000000e+00  0.000000e+00  0.000000e+00  0.000000e+00  5.700000e-01  
7.929782e-01  2.026362e+00  6.556599e-01  0.000000e+00  0.000000e+00  5.700000e-01  7.929782e-01  2.026362e+00  3.057050e-01  0.000000e+00  0.000000e+00  5.700000e-01  1.000000e+00  1.000000e+00  0.000000e+00  0.000000e+00  0.000000e+00  5.700000e-01  1.000000e+00  1.000000e+00  0.000000e+00  0.000000e+00  0.000000e+00  5.700000e-01  1.000000e+00  1.000000e+00  0.000000e+00  0.000000e+00  0.000000e+00  5.700000e-01  1.000000e+00  1.000000e+00  0.000000e+00  0.000000e+00  0.000000e+00  5.700000e-01  
5.111840e-01  1.137968e+00  5.370835e-01  0.000000e+00  0.000000e+00  5.700000e-01  5.111840e-01  1.137968e+00  3.975090e-01  0.000000e+00  0.000000e+00  5.700000e-01  1.000000e+00  1.000000e+00  0.000000e+00  0.000000e+00  0.000000e+00  5.700000e-01  1.000000e+00  1.000000e+00  0.000000e+00  0.000000e+00  0.000000e+00  5.700000e-01  1.000000e+00  1.000000e+00  0.000000e+00  0.000000e+00  0.000000e+00  5.700000e-01  1.000000e+00  1.000000e+00  0.000000e+00  0.000000e+00  0.000000e+00  5.700000e-01  
8.933026e-01  3.073194e+00  5.319790e-01  0.000000e+00  0.000000e+00  5.700000e-01  8.933026e-01  3.073194e+00  8.625394e-01  0.000000e+00  0.000000e+00  5.700000e-01  1.000000e+00  1.000000e+00  0.000000e+00  0.000000e+00  0.000000e+00  5.700000e-01  1.000000e+00  1.000000e+00  0.000000e+00  0.000000e+00  0.000000e+00  5.700000e-01  1.000000e+00  1.000000e+00  0.000000e+00  0.000000e+00  0.000000e+00  5.700000e-01  1.000000e+00  1.000000e+00  0.000000e+00  0.000000e+00  0.000000e+00  5.700000e-01  
9.488298e-01  3.422799e+00  5.481879e-01  0.000000e+00  0.000000e+00  5.700000e-01  9.488298e-01  3.422799e+00  3.331815e-01  0.000000e+00  0.000000e+00  5.700000e-01  1.000000e+00  1.000000e+00  0.000000e+00  0.000000e+00  0.000000e+00  5.700000e-01  1.000000e+00  1.000000e+00  0.000000e+00  0.000000e+00  0.000000e+00  5.700000e-01  1.000000e+00  1.000000e+00  0.000000e+00  0.000000e+00  0.000000e+00  5.700000e-01  1.000000e+00  1.000000e+00  0.000000e+00  0.000000e+00  0.000000e+00  5.700000e-01  
1.286392e+00  4.955123e+00  6.918297e-01  0.000000e+00  0.000000e+00  5.700000e-01  1.286392e+00  4.955123e+00  6.460087e-01  0.000000e+00  0.000000e+00  5.700000e-01  1.000000e+00  1.000000e+00  0.000000e+00  0.000000e+00  0.000000e+00  5.700000e-01  1.000000e+00  1.000000e+00  0.000000e+00  0.000000e+00  0.000000e+00  5.700000e-01  1.000000e+00  1.000000e+00  0.000000e+00  0.000000e+00  0.000000e+00  5.700000e-01  1.000000e+00  1.000000e+00  0.000000e+00  0.000000e+00  0.000000e+00  5.700000e-01  
1.206355e+00  4.906168e+00  7.329709e-01  0.000000e+00  0.000000e+00  5.700000e-01  1.206355e+00  4.906168e+00  3.974771e-01  0.000000e+00  0.000000e+00  5.700000e-01  1.000000e+00  1.000000e+00  0.000000e+00  0.000000e+00  0.000000e+00  5.700000e-01  1.000000e+00  1.000000e+00  0.000000e+00  0.000000e+00  0.000000e+00  5.700000e-01  1.000000e+00  1.000000e+00  0.000000e+00  0.000000e+00  0.000000e+00  5.700000e-01  1.000000e+00  1.000000e+00  0.000000e+00  0.000000e+00  0.000000e+00  5.700000e-01  
9.134023e-01  3.652560e+00  6.401982e-01  0.000000e+00  0.000000e+00  5.700000e-01  9.134023e-01  3.652560e+00  4.100227e-01  0.000000e+00  0.000000e+00  5.700000e-01  1.000000e+00  1.000000e+00  0.000000e+00  0.000000e+00  0.000000e+00  5.700000e-01  1.000000e+00  1.000000e+00  0.000000e+00  0.000000e+00  0.000000e+00  5.700000e-01  1.000000e+00  1.000000e+00  0.000000e+00  0.000000e+00  0.000000e+00  5.700000e-01  1.000000e+00  1.000000e+00  0.000000e+00  0.000000e+00  0.000000e+00  5.700000e-01  
9.770658e-01  3.466211e+00  5.450464e-01  0.000000e+00  0.000000e+00  5.700000e-01  9.770658e-01  3.466211e+00  5.263680e-01  0.000000e+00  0.000000e+00  5.700000e-01  1.000000e+00  1.000000e+00  0.000000e+00  0.000000e+00  0.000000e+00  5.700000e-01  1.000000e+00  1.000000e+00  0.000000e+00  0.000000e+00  0.000000e+00  5.700000e-01  1.000000e+00  1.000000e+00  0.000000e+00  0.000000e+00  0.000000e+00  5.700000e-01  1.000000e+00  1.000000e+00  0.000000e+00  0.000000e+00  0.000000e+00  5.700000e-01  
1.000731e+00  2.138811e+00  7.292265e-01  0.000000e+00  0.000000e+00  5.700000e-01  1.000731e+00  2.138811e+00  7.853090e-01  0.000000e+00  0.000000e+00  5.700000e-01  1.000000e+00  1.000000e+00  0.000000e+00  0.000000e+00  0.000000e+00  5.700000e-01  1.000000e+00  1.000000e+00  0.000000e+00  0.000000e+00  0.000000e+00  5.700000e-01  1.000000e+00  1.000000e+00  0.000000e+00  0.000000e+00  0.000000e+00  5.700000e-01  1.000000e+00  1.000000e+00  0.000000e+00  0.000000e+00  0.000000e+00  5.700000e-01  
1.033456e+00  4.068282e+00  6.020983e-01  0.000000e+00  0.000000e+00  5.700000e-01  1.033456e+00  4.068282e+00  8.557226e-01  0.000000e+00  0.000000e+00  5.700000e-01  1.000000e+00  1.000000e+00  0.000000e+00  0.000000e+00  0.000000e+00  5.700000e-01  1.000000e+00  1.000000e+00  0.000000e+00  0.000000e+00  0.000000e+00  5.700000e-01  1.000000e+00  1.000000e+00  0.000000e+00  0.000000e+00  0.000000e+00  5.700000e-01  1.000000e+00  1.000000e+00  0.000000e+00  0.000000e+00  0.000000e+00  5.700000e-01  
6.806960e-01  1.597709e+00  6.283488e-01  0.000000e+00  0.000000e+00  5.700000e-01  6.806960e-01  1.597709e+00  6.568685e-01  0.000000e+00  0.000000e+00  5.700000e-01  1.000000e+00  1.000000e+00  0.000000e+00  0.000000e+00  0.000000e+00  5.700000e-01  1.000000e+00  1.000000e+00  0.000000e+00  0.000000e+00  0.000000e+00  5.700000e-01  1.000000e+00  1.000000e+00  0.000000e+00  0.000000e+00  0.000000e+00  5.700000e-01  1.000000e+00  1.000000e+00  0.000000e+00  0.000000e+00  0.000000e+00  5.700000e-01  
3.915581e-01  1.066824e+00  5.370343e-01  0.000000e+00  0.000000e+00  5.700000e-01  3.915581e-01  1.066824e+00  8.141352e-01  0.000000e+00  0.000000e+00  5.700000e-01  1.000000e+00  1.000000e+00  0.000000e+00  0.000000e+00  0.000000e+00  5.700000e-01  1.000000e+00  1.000000e+00  0.000000e+00  0.000000e+00  0.000000e+00  5.700000e-01  1.000000e+00  1.000000e+00  0.000000e+00  0.000000e+00  0.000000e+00  5.700000e-01  1.000000e+00  1.000000e+00  0.000000e+00  0.000000e+00  0.000000e+00  5.700000e-01  
8.942680e-01  2.299173e+00  7.237505e-01  0.000000e+00  0.000000e+00  5.700000e-01  8.942680e-01  2.299173e+00  4.932452e-01  0.000000e+00  0.000000e+00  5.700000e-01  1.000000e+00  1.000000e+00  0.000000e+00  0.000000e+00  0.000000e+00  5.700000e-01  1.000000e+00  1.000000e+00  0.000000e+00  0.000000e+00  0.000000e+00  5.700000e-01  1.000000e+00  1.000000e+00  0.000000e+00  0.000000e+00  0.000000e+00  5.700000e-01  1.000000e+00  1.000000e+00  0.000000e+00  0.000000e+00  0.000000e+00  5.700000e-01  
6.889509e-01  2.533693e+00  6.090416e-01  0.000000e+00  0.000000e+00  5.700000e-01  6.889509e-01  2.533693e+00  9.765595e-01  0.000000e+00  0.000000e+00  5.700000e-01  1.000000e+00  1.000000e+00  0.000000e+00  0.000000e+00  0.000000e+00  5.700000e-01  1.000000e+00  1.000000e+00  0.000000e+00  0.000000e+00  0.000000e+00  5.700000e-01  1.000000e+00  1.000000e+00  0.000000e+00  0.000000e+00  0.000000e+00  5.700000e-01  1.000000e+00  1.000000e+00  0.000000e+00  0.000000e+00  0.000000e+00  5.700000e-01  
9.571095e-01  2.293463e+00  7.061607e-01  0.000000e+00  0.000000e+00  5.700000e-01  9.571095e-01  2.293463e+00  8.350945e-01  0.000000e+00  0.000000e+00  5.700000e-01  1.000000e+00  1.000000e+00  0.000000e+00  0.000000e+00  0.000000e+00  5.700000e-01  1.000000e+00  1.000000e+00  0.000000e+00  0.000000e+00  0.000000e+00  5.700000e-01  1.000000e+00  1.000000e+00  0.000000e+00  0.000000e+00  0.000000e+00  5.700000e-01  1.000000e+00  1.000000e+00  0.000000e+00  0.000000e+00  0.000000e+00  5.700000e-01  
6.656033e-01  2.034847e+00  5.098115e-01  0.000000e+00  0.000000e+00  5.700000e-01  6.656033e-01  2.034847e+00  9.393383e-01  0.000000e+00  0.000000e+00  5.700000e-01  1.000000e+00  1.000000e+00  0.000000e+00  0.000000e+00  0.000000e+00  5.700000e-01  1.000000e+00  1.000000e+00  0.000000e+00  0.000000e+00  0.000000e+00  5.700000e-01  1.000000e+00  1.000000e+00  0.000000e+00  0.000000e+00  0.000000e+00  5.700000e-01  1.000000e+00  1.000000e+00  0.000000e+00  0.000000e+00  0.000000e+00  5.700000e-01  
7.279122e-01  3.362797e+00  5.061142e-01  0.000000e+00  0.000000e+00  5.700000e-01  7.279122e-01  3.362797e+00  4.096203e-01  0.000000e+00  0.000000e+00  5.700000e-01  1.000000e+00  1.000000e+00  0.000000e+00  0.000000e+00  0.000000e+00  5.700000e-01  1.000000e+00  1.000000e+00  0.000000e+00  0.000000e+00  0.000000e+00  5.700000e-01  1.000000e+00  1.000000e+00  0.000000e+00  0.000000e+00  0.000000e+00  5.700000e-01  1.000000e+00  1.000000e+00  0.000000e+00  0.000000e+00  0.000000e+00  5.700000e-01  
1.068913e+00  2.818085e+00  6.688969e-01  0.000000e+00  0.000000e+00  5.700000e-01  1.068913e+00  2.818085e+00  7.593039e-01  0.000000e+00  0.000000e+00  5.700000e-01  1.000000e+00  1.000000e+00  0.000000e+00  0.000000e+00  0.000000e+00  5.700000e-01  1.000000e+00  1.000000e+00  0.000000e+00  0.000000e+00  0.000000e+00  5.700000e-01  1.000000e+00  1.000000e+00  0.000000e+00  0.000000e+00  0.000000e+00  5.700000e-01  1.000000e+00  1.000000e+00  0.000000e+00  0.000000e+00  0.000000e+00  5.700000e-01  
6.005566e-01  2.019464e+00  5.952296e-01  0.000000e+00  0.000000e+00  5.700000e-01  6.005566e-01  2.019464e+00  8.675153e-01  0.000000e+00  0.000000e+00  5.700000e-01  1.000000e+00  1.000000e+00  0.000000e+00  0.000000e+00  0.000000e+00  5.700000e-01  1.000000e+00  1.000000e+00  0.000000e+00  0.000000e+00  0.000000e+00  5.700000e-01  1.000000e+00  1.000000e+00  0.000000e+00  0.000000e+00  0.000000e+00  5.700000e-01  1.000000e+00  1.000000e+00  0.000000e+00  0.000000e+00  0.000000e+00  5.700000e-01  
8.613491e-01  4.310869e+00  5.179698e-01  0.000000e+00  0.000000e+00  5.700000e-01  8.613491e-01  4.310869e+00  5.911697e-01  0.000000e+00  0.000000e+00  5.700000e-01  1.000000e+00  1.000000e+00  0.000000e+00  0.000000e+00  0.000000e+00  5.700000e-01  1.000000e+00  1.000000e+00  0.000000e+00  0.000000e+00  0.000000e+00  5.700000e-01  1.000000e+00  1.000000e+00  0.000000e+00  0.000000e+00  0.000000e+00  5.700000e-01  1.000000e+00  1.000000e+00  0.000000e+00  0.000000e+00  0.000000e+00  5.700000e-01  
7.266553e-01  2.481476e+00  5.980257e-01  0.000000e+00  0.000000e+00  5.700000e-01  7.266553e-01  2.481476e+00  6.980045e-01  0.000000e+00  0.000000e+00  5.700000e-01  1.000000e+00  1.000000e+00  0.000000e+00  0.000000e+00  0.000000e+00  5.700000e-01  1.000000e+00  1.000000e+00  0.000000e+00  0.000000e+00  0.000000e+00  5.700000e-01  1.000000e+00  1.000000e+00  0.000000e+00  0.000000e+00  0.000000e+00  5.700000e-01  1.000000e+00  1.000000e+00  0.000000e+00  0.000000e+00  0.000000e+00  5.700000e-01  
8.777108e-01  2.859107e+00  6.573055e-01  0.000000e+00  0.000000e+00  5.700000e-01  8.777108e-01  2.859107e+00  -3.816134e-02  0.000000e+00  0.000000e+00  5.700000e-01  1.000000e+00  1.000000e+00  0.000000e+00  0.000000e+00  0.000000e+00  5.700000e-01  1.000000e+00  1.000000e+00  0.000000e+00  0.000000e+00  0.000000e+00  5.700000e-01  1.000000e+00  1.000000e+00  0.000000e+00  0.000000e+00  0.000000e+00  5.700000e-01  1.000000e+00  1.000000e+00  0.000000e+00  0.000000e+00  0.000000e+00  5.700000e-01  
8.428319e-01  1.741622e+00  6.417485e-01  0.000000e+00  0.000000e+00  5.700000e-01  8.428319e-01  1.741622e+00  6.424868e-01  0.000000e+00  0.000000e+00  5.700000e-01  1.000000e+00  1.000000e+00  0.000000e+00  0.000000e+00  0.000000e+00  5.700000e-01  1.000000e+00  1.000000e+00  0.000000e+00  0.000000e+00  0.000000e+00  5.700000e-01  1.000000e+00  1.000000e+00  0.000000e+00  0.000000e+00  0.000000e+00  5.700000e-01  1.000000e+00  1.000000e+00  0.000000e+00  0.000000e+00  0.000000e+00  5.700000e-01  
4.600637e-01  4.815327e-01  7.574795e-01  0.000000e+00  0.000000e+00  5.700000e-01  4.600637e-01  4.815327e-01  3.260141e-01  0.000000e+00  0.000000e+00  5.700000e-01  1.000000e+00  1.000000e+00  0.000000e+00  0.000000e+00  0.000000e+00  5.700000e-01  1.000000e+00  1.000000e+00  0.000000e+00  0.000000e+00  0.000000e+00  5.700000e-01  1.000000e+00  1.000000e+00  0.000000e+00  0.000000e+00  0.000000e+00  5.700000e-01  1.000000e+00  1.000000e+00  0.000000e+00  0.000000e+00  0.000000e+00  5.700000e-01  
9.445950e-01  2.641421e+00  6.171134e-01  0.000000e+00  0.000000e+00  5.700000e-01  9.445950e-01  2.641421e+00  6.466122e-01  0.000000e+00  0.000000e+00  5.700000e-01  1.000000e+00  1.000000e+00  0.000000e+00  0.000000e+00  0.000000e+00  5.700000e-01  1.000000e+00  1.000000e+00  0.000000e+00  0.000000e+00  0.000000e+00  5.700000e-01  1.000000e+00  1.000000e+00  0.000000e+00  0.000000e+00  0.000000e+00  5.700000e-01  1.000000e+00  1.000000e+00  0.000000e+00  0.000000e+00  0.000000e+00  5.700000e-01  
8.293648e-01  1.807307e+00  6.335301e-01  0.000000e+00  0.000000e+00  5.700000e-01  8.293648e-01  1.807307e+00  6.272126e-01  0.000000e+00  0.000000e+00  5.700000e-01  1.000000e+00  1.000000e+00  0.000000e+00  0.000000e+00  0.000000e+00  5.700000e-01  1.000000e+00  1.000000e+00  0.000000e+00  0.000000e+00  0.000000e+00  5.700000e-01  1.000000e+00  1.000000e+00  0.000000e+00  0.000000e+00  0.000000e+00  5.700000e-01  1.000000e+00  1.000000e+00  0.000000e+00  0.000000e+00  0.000000e+00  5.700000e-01  
2.115780e-01  1.727284e-01  5.297486e-01  0.000000e+00  0.000000e+00  5.700000e-01  2.115780e-01  1.727284e-01  6.627375e-01  0.000000e+00  0.000000e+00  5.700000e-01  1.000000e+00  1.000000e+00  0.000000e+00  0.000000e+00  0.000000e+00  5.700000e-01  1.000000e+00  1.000000e+00  0.000000e+00  0.000000e+00  0.000000e+00  5.700000e-01  1.000000e+00  1.000000e+00  0.000000e+00  0.000000e+00  0.000000e+00  5.700000e-01  1.000000e+00  1.000000e+00  0.000000e+00  0.000000e+00  0.000000e+00  5.700000e-01  
7.840730e-01  2.783945e+00  6.612589e-01  0.000000e+00  0.000000e+00  5.700000e-01  7.840730e-01  2.783945e+00  9.725422e-01  0.000000e+00  0.000000e+00  5.700000e-01  1.000000e+00  1.000000e+00  0.000000e+00  0.000000e+00  0.000000e+00  5.700000e-01  1.000000e+00  1.000000e+00  0.000000e+00  0.000000e+00  0.000000e+00  5.700000e-01  1.000000e+00  1.000000e+00  0.000000e+00  0.000000e+00  0.000000e+00  5.700000e-01  1.000000e+00  1.000000e+00  0.000000e+00  0.000000e+00  0.000000e+00  5.700000e-01  
9.496436e-01  2.326433e+00  7.220340e-01  0.000000e+00  0.000000e+00  5.700000e-01  9.496436e-01  2.326433e+00  7.376715e-01  0.000000e+00  0.000000e+00  5.700000e-01  1.000000e+00  1.000000e+00  0.000000e+00  0.000000e+00  0.000000e+00  5.700000e-01  1.000000e+00  1.000000e+00  0.000000e+00  0.000000e+00  0.000000e+00  5.700000e-01  1.000000e+00  1.000000e+00  0.000000e+00  0.000000e+00  0.000000e+00  5.700000e-01  1.000000e+00  1.000000e+00  0.000000e+00  0.000000e+00  0.000000e+00  5.700000e-01  
1.108564e+00  3.978262e+00  6.295539e-01  0.000000e+00  0.000000e+00  5.700000e-01  1.108564e+00  3.978262e+00  5.447309e-01  0.000000e+00  0.000000e+00  5.700000e-01  1.000000e+00  1.000000e+00  0.000000e+00  0.000000e+00  0.000000e+00  5.700000e-01  1.000000e+00  1.000000e+00  0.000000e+00  0.000000e+00  0.000000e+00  5.700000e-01  1.000000e+00  1.000000e+00  0.000000e+00  0.000000e+00  0.000000e+00  5.700000e-01  1.000000e+00  1.000000e+00  0.000000e+00  0.000000e+00  0.000000e+00  5.700000e-01  
8.626820e-01  3.166570e+00  6.387812e-01  0.000000e+00  0.000000e+00  5.700000e-01  8.626820e-01  3.166570e+00  3.281465e-01  0.000000e+00  0.000000e+00  5.700000e-01  1.000000e+00  1.000000e+00  0.000000e+00  0.000000e+00  0.000000e+00  5.700000e-01  1.000000e+00  1.000000e+00  0.000000e+00  0.000000e+00  0.000000e+00  5.700000e-01  1.000000e+00  1.000000e+00  0.000000e+00  0.000000e+00  0.000000e+00  5.700000e-01  1.000000e+00  1.000000e+00  0.000000e+00  0.000000e+00  0.000000e+00  5.700000e-01  
7.032937e-01  2.586895e+00  6.272135e-01  0.000000e+00  0.000000e+00  5.700000e-01  7.032937e-01  2.586895e+00  4.933202e-01  0.000000e+00  0.000000e+00  5.700000e-01  1.000000e+00  1.000000e+00  0.000000e+00  0.000000e+00  0.000000e+00  5.700000e-01  1.000000e+00  1.000000e+00  0.000000e+00  0.000000e+00  0.000000e+00  5.700000e-01  1.000000e+00  1.000000e+00  0.000000e+00  0.000000e+00  0.000000e+00  5.700000e-01  1.000000e+00  1.000000e+00  0.000000e+00  0.000000e+00  0.000000e+00  5.700000e-01  
9.291423e-01  2.355357e+00  7.164243e-01  0.000000e+00  0.000000e+00  5.700000e-01  9.291423e-01  2.355357e+00  5.751287e-01  0.000000e+00  0.000000e+00  5.700000e-01  1.000000e+00  1.000000e+00  0.000000e+00  0.000000e+00  0.000000e+00  5.700000e-01  1.000000e+00  1.000000e+00  0.000000e+00  0.000000e+00  0.000000e+00  5.700000e-01  1.000000e+00  1.000000e+00  0.000000e+00  0.000000e+00  0.000000e+00  5.700000e-01  1.000000e+00  1.000000e+00  0.000000e+00  0.000000e+00  0.000000e+00  5.700000e-01  
7.459045e-01  2.609138e+00  5.147381e-01  0.000000e+00  0.000000e+00  5.700000e-01  7.459045e-01  2.609138e+00  8.290804e-01  0.000000e+00  0.000000e+00  5.700000e-01  1.000000e+00  1.000000e+00  0.000000e+00  0.000000e+00  0.000000e+00  5.700000e-01  1.000000e+00  1.000000e+00  0.000000e+00  0.000000e+00  0.000000e+00  5.700000e-01  1.000000e+00  1.000000e+00  0.000000e+00  0.000000e+00  0.000000e+00  5.700000e-01  1.000000e+00  1.000000e+00  0.000000e+00  0.000000e+00  0.000000e+00  5.700000e-01  
1.166308e+00  3.454668e+00  6.298042e-01  0.000000e+00  0.000000e+00  5.700000e-01  1.166308e+00  3.454668e+00  8.721423e-01  0.000000e+00  0.000000e+00  5.700000e-01  1.000000e+00  1.000000e+00  0.000000e+00  0.000000e+00  0.000000e+00  5.700000e-01  1.000000e+00  1.000000e+00  0.000000e+00  0.000000e+00  0.000000e+00  5.700000e-01  1.000000e+00  1.000000e+00  0.000000e+00  0.000000e+00  0.000000e+00  5.700000e-01  1.000000e+00  1.000000e+00  0.000000e+00  0.000000e+00  0.000000e+00  5.700000e-01  
1.107702e+00  3.192145e+00  7.315926e-01  0.000000e+00  0.000000e+00  5.700000e-01  1.107702e+00  3.192145e+00  8.719642e-01  0.000000e+00  0.000000e+00  5.700000e-01  1.000000e+00  1.000000e+00  0.000000e+00  0.000000e+00  0.000000e+00  5.700000e-01  1.000000e+00  1.000000e+00  0.000000e+00  0.000000e+00  0.000000e+00  5.700000e-01  1.000000e+00  1.000000e+00  0.000000e+00  0.000000e+00  0.000000e+00  5.700000e-01  1.000000e+00  1.000000e+00  0.000000e+00  0.000000e+00  0.000000e+00  5.700000e-01  
6.145411e-01  2.015742e+00  5.830591e-01  0.000000e+00  0.000000e+00  5.700000e-01  6.145411e-01  2.015742e+00  5.355334e-01  0.000000e+00  0.000000e+00  5.700000e-01  1.000000e+00  1.000000e+00  0.000000e+00  0.000000e+00  0.000000e+00  5.700000e-01  1.000000e+00  1.000000e+00  0.000000e+00  0.000000e+00  0.000000e+00  5.700000e-01  1.000000e+00  1.000000e+00  0.000000e+00  0.000000e+00  0.000000e+00  5.700000e-01  1.000000e+00  1.000000e+00  0.000000e+00  0.000000e+00  0.000000e+00  5.700000e-01  
7.291557e-01  2.233335e+00  5.592539e-01  0.000000e+00  0.000000e+00  5.700000e-01  7.291557e-01  2.233335e+00  6.751512e-01  0.000000e+00  0.000000e+00  5.700000e-01  1.000000e+00  1.000000e+00  0.000000e+00  0.000000e+00  0.000000e+00  5.700000e-01  1.000000e+00  1.000000e+00  0.000000e+00  0.000000e+00  0.000000e+00  5.700000e-01  1.000000e+00  1.000000e+00  0.000000e+00  0.000000e+00  0.000000e+00  5.700000e-01  1.000000e+00  1.000000e+00  0.000000e+00  0.000000e+00  0.000000e+00  5.700000e-01  
4.627680e-01  1.076011e+00  5.700473e-01  0.000000e+00  0.000000e+00  5.700000e-01  4.627680e-01  1.076011e+00  7.109216e-01  0.000000e+00  0.000000e+00  5.700000e-01  1.000000e+00  1.000000e+00  0.000000e+00  0.000000e+00  0.000000e+00  5.700000e-01  1.000000e+00  1.000000e+00  0.000000e+00  0.000000e+00  0.000000e+00  5.700000e-01  1.000000e+00  1.000000e+00  0.000000e+00  0.000000e+00  0.000000e+00  5.700000e-01  1.000000e+00  1.000000e+00  0.000000e+00  0.000000e+00  0.000000e+00  5.700000e-01  
1.054418e+00  3.841269e+00  5.358549e-01  0.000000e+00  0.000000e+00  5.700000e-01  1.054418e+00  3.841269e+00  5.769520e-01  0.000000e+00  0.000000e+00  5.700000e-01  1.000000e+00  1.000000e+00  0.000000e+00  0.000000e+00  0.000000e+00  5.700000e-01  1.000000e+00  1.000000e+00  0.000000e+00  0.000000e+00  0.000000e+00  5.700000e-01  1.000000e+00  1.000000e+00  0.000000e+00  0.000000e+00  0.000000e+00  5.700000e-01  1.000000e+00  1.000000e+00  0.000000e+00  0.000000e+00  0.000000e+00  5.700000e-01  
5.013959e-01  7.545028e-01  7.228192e-01  0.000000e+00  0.000000e+00  5.700000e-01  5.013959e-01  7.545028e-01  8.611840e-01  0.000000e+00  0.000000e+00  5.700000e-01  1.000000e+00  1.000000e+00  0.000000e+00  0.000000e+00  0.000000e+00  5.700000e-01  1.000000e+00  1.000000e+00  0.000000e+00  0.000000e+00  0.000000e+00  5.700000e-01  1.000000e+00  1.000000e+00  0.000000e+00  0.000000e+00  0.000000e+00  5.700000e-01  1.000000e+00  1.000000e+00  0.000000e+00  0.000000e+00  0.000000e+00  5.700000e-01  
4.078763e-01  9.201432e-01  5.246983e-01  0.000000e+00  0.000000e+00  5.700000e-01  4.078763e-01  9.201432e-01  7.621189e-01  0.000000e+00  0.000000e+00  5.700000e-01  1.000000e+00  1.000000e+00  0.000000e+00  0.000000e+00  0.000000e+00  5.700000e-01  1.000000e+00  1.000000e+00  0.000000e+00  0.000000e+00  0.000000e+00  5.700000e-01  1.000000e+00  1.000000e+00  0.000000e+00  0.000000e+00  0.000000e+00  5.700000e-01  1.000000e+00  1.000000e+00  0.000000e+00  0.000000e+00  0.000000e+00  5.700000e-01  
9.051756e-01  1.951971e+00  6.902512e-01  0.000000e+00  0.000000e+00  5.700000e-01  9.051756e-01  1.951971e+00  8.855963e-01  0.000000e+00  0.000000e+00  5.700000e-01  1.000000e+00  1.000000e+00  0.000000e+00  0.000000e+00  0.000000e+00  5.700000e-01  1.000000e+00  1.000000e+00  0.000000e+00  0.000000e+00  0.000000e+00  5.700000e-01  1.000000e+00  1.000000e+00  0.000000e+00  0.000000e+00  0.000000e+00  5.700000e-01  1.000000e+00  1.000000e+00  0.000000e+00  0.000000e+00  0.000000e+00  5.700000e-01  
5.253079e-01  1.763947e+00  5.538949e-01  0.000000e+00  0.000000e+00  5.700000e-01  5.253079e-01  1.763947e+00  6.558791e-01  0.000000e+00  0.000000e+00  5.700000e-01  1.000000e+00  1.000000e+00  0.000000e+00  0.000000e+00  0.000000e+00  5.700000e-01  1.000000e+00  1.000000e+00  0.000000e+00  0.000000e+00  0.000000e+00  5.700000e-01  1.000000e+00  1.000000e+00  0.000000e+00  0.000000e+00  0.000000e+00  5.700000e-01  1.000000e+00  1.000000e+00  0.000000e+00  0.000000e+00  0.000000e+00  5.700000e-01  
4.154203e-01  1.329754e+00  4.966520e-01  0.000000e+00  0.000000e+00  5.700000e-01  4.154203e-01  1.329754e+00  7.154282e-01  0.000000e+00  0.000000e+00  5.700000e-01  1.000000e+00  1.000000e+00  0.000000e+00  0.000000e+00  0.000000e+00  5.700000e-01  1.000000e+00  1.000000e+00  0.000000e+00  0.000000e+00  0.000000e+00  5.700000e-01  1.000000e+00  1.000000e+00  0.000000e+00  0.000000e+00  0.000000e+00  5.700000e-01  1.000000e+00  1.000000e+00  0.000000e+00  0.000000e+00  0.000000e+00  5.700000e-01  
8.458384e-01  3.065595e+00  7.060583e-01  0.000000e+00  0.000000e+00  5.700000e-01  8.458384e-01  3.065595e+00  3.868981e-01  0.000000e+00  0.000000e+00  5.700000e-01  1.000000e+00  1.000000e+00  0.000000e+00  0.000000e+00  0.000000e+00  5.700000e-01  1.000000e+00  1.000000e+00  0.000000e+00  0.000000e+00  0.000000e+00  5.700000e-01  1.000000e+00  1.000000e+00  0.000000e+00  0.000000e+00  0.000000e+00  5.700000e-01  1.000000e+00  1.000000e+00  0.000000e+00  0.000000e+00  0.000000e+00  5.700000e-01  
7.911900e-01  2.819780e+00  5.492140e-01  0.000000e+00  0.000000e+00  5.700000e-01  7.911900e-01  2.819780e+00  2.976210e-01  0.000000e+00  0.000000e+00  5.700000e-01  1.000000e+00  1.000000e+00  0.000000e+00  0.000000e+00  0.000000e+00  5.700000e-01  1.000000e+00  1.000000e+00  0.000000e+00  0.000000e+00  0.000000e+00  5.700000e-01  1.000000e+00  1.000000e+00  0.000000e+00  0.000000e+00  0.000000e+00  5.700000e-01  1.000000e+00  1.000000e+00  0.000000e+00  0.000000e+00  0.000000e+00  5.700000e-01  
1.100314e+00  3.779050e+00  5.908228e-01  0.000000e+00  0.000000e+00  5.700000e-01  1.100314e+00  3.779050e+00  8.427775e-01  0.000000e+00  0.000000e+00  5.700000e-01  1.000000e+00  1.000000e+00  0.000000e+00  0.000000e+00  0.000000e+00  5.700000e-01  1.000000e+00  1.000000e+00  0.000000e+00  0.000000e+00  0.000000e+00  5.700000e-01  1.000000e+00  1.000000e+00  0.000000e+00  0.000000e+00  0.000000e+00  5.700000e-01  1.000000e+00  1.000000e+00  0.000000e+00  0.000000e+00  0.000000e+00  5.700000e-01  
8.263919e-01  1.337558e+00  7.759711e-01  0.000000e+00  0.000000e+00  5.700000e-01  8.263919e-01  1.337558e+00  5.823176e-01  0.000000e+00  0.000000e+00  5.700000e-01  1.000000e+00  1.000000e+00  0.000000e+00  0.000000e+00  0.000000e+00  5.700000e-01  1.000000e+00  1.000000e+00  0.000000e+00  0.000000e+00  0.000000e+00  5.700000e-01  1.000000e+00  1.000000e+00  0.000000e+00  0.000000e+00  0.000000e+00  5.700000e-01  1.000000e+00  1.000000e+00  0.000000e+00  0.000000e+00  0.000000e+00  5.700000e-01  
1.139948e+00  3.607485e+00  5.673722e-01  0.000000e+00  0.000000e+00  5.700000e-01  1.139948e+00  3.607485e+00  6.888265e-01  0.000000e+00  0.000000e+00  5.700000e-01  1.000000e+00  1.000000e+00  0.000000e+00  0.000000e+00  0.000000e+00  5.700000e-01  1.000000e+00  1.000000e+00  0.000000e+00  0.000000e+00  0.000000e+00  5.700000e-01  1.000000e+00  1.000000e+00  0.000000e+00  0.000000e+00  0.000000e+00  5.700000e-01  1.000000e+00  1.000000e+00  0.000000e+00  0.000000e+00  0.000000e+00  5.700000e-01  
1.146462e+00  5.026616e+00  6.136016e-01  0.000000e+00  0.000000e+00  5.700000e-01  1.146462e+00  5.026616e+00  6.051093e-01  0.000000e+00  0.000000e+00  5.700000e-01  1.000000e+00  1.000000e+00  0.000000e+00  0.000000e+00  0.000000e+00  5.700000e-01  1.000000e+00  1.000000e+00  0.000000e+00  0.000000e+00  0.000000e+00  5.700000e-01  1.000000e+00  1.000000e+00  0.000000e+00  0.000000e+00  0.000000e+00  5.700000e-01  1.000000e+00  1.000000e+00  0.000000e+00  0.000000e+00  0.000000e+00  5.700000e-01  
6.287934e-01  6.614819e-01  8.272297e-01  0.000000e+00  0.000000e+00  5.700000e-01  6.287934e-01  6.614819e-01  9.209708e-01  0.000000e+00  0.000000e+00  5.700000e-01  1.000000e+00  1.000000e+00  0.000000e+00  0.000000e+00  0.000000e+00  5.700000e-01  1.000000e+00  1.000000e+00  0.000000e+00  0.000000e+00  0.000000e+00  5.700000e-01  1.000000e+00  1.000000e+00  0.000000e+00  0.000000e+00  0.000000e+00  5.700000e-01  1.000000e+00  1.000000e+00  0.000000e+00  0.000000e+00  0.000000e+00  5.700000e-01  
3.736673e-01  5.011616e-01  5.835554e-01  0.000000e+00  0.000000e+00  5.700000e-01  3.736673e-01  5.011616e-01  6.769642e-01  0.000000e+00  0.000000e+00  5.700000e-01  1.000000e+00  1.000000e+00  0.000000e+00  0.000000e+00  0.000000e+00  5.700000e-01  1.000000e+00  1.000000e+00  0.000000e+00  0.000000e+00  0.000000e+00  5.700000e-01  1.000000e+00  1.000000e+00  0.000000e+00  0.000000e+00  0.000000e+00  5.700000e-01  1.000000e+00  1.000000e+00  0.000000e+00  0.000000e+00  0.000000e+00  5.700000e-01  
5.120595e-01  9.766992e-01  6.493233e-01  0.000000e+00  0.000000e+00  5.700000e-01  5.120595e-01  9.766992e-01  4.280045e-01  0.000000e+00  0.000000e+00  5.700000e-01  1.000000e+00  1.000000e+00  0.000000e+00  0.000000e+00  0.000000e+00  5.700000e-01  1.000000e+00  1.000000e+00  0.000000e+00  0.000000e+00  0.000000e+00  5.700000e-01  1.000000e+00  1.000000e+00  0.000000e+00  0.000000e+00  0.000000e+00  5.700000e-01  1.000000e+00  1.000000e+00  0.000000e+00  0.000000e+00  0.000000e+00  5.700000e-01  
1.127630e+00  3.992406e+00  6.112719e-01  0.000000e+00  0.000000e+00  5.700000e-01  1.127630e+00  3.992406e+00  3.211705e-01  0.000000e+00  0.000000e+00  5.700000e-01  1.000000e+00  1.000000e+00  0.000000e+00  0.000000e+00  0.000000e+00  5.700000e-01  1.000000e+00  1.000000e+00  0.000000e+00  0.000000e+00  0.000000e+00  5.700000e-01  1.000000e+00  1.000000e+00  0.000000e+00  0.000000e+00  0.000000e+00  5.700000e-01  1.000000e+00  1.000000e+00  0.000000e+00  0.000000e+00  0.000000e+00  5.700000e-01  
9.974868e-01  4.147861e+00  5.894635e-01  0.000000e+00  0.000000e+00  5.700000e-01  9.974868e-01  4.147861e+00  3.675771e-02  0.000000e+00  0.000000e+00  5.700000e-01  1.000000e+00  1.000000e+00  0.000000e+00  0.000000e+00  0.000000e+00  5.700000e-01  1.000000e+00  1.000000e+00  0.000000e+00  0.000000e+00  0.000000e+00  5.700000e-01  1.000000e+00  1.000000e+00  0.000000e+00  0.000000e+00  0.000000e+00  5.700000e-01  1.000000e+00  1.000000e+00  0.000000e+00  0.000000e+00  0.000000e+00  5.700000e-01  
6.312032e-01  2.003567e+00  6.275427e-01  0.000000e+00  0.000000e+00  5.700000e-01  6.312032e-01  2.003567e+00  7.942384e-01  0.000000e+00  0.000000e+00  5.700000e-01  1.000000e+00  1.000000e+00  0.000000e+00  0.000000e+00  0.000000e+00  5.700000e-01  1.000000e+00  1.000000e+00  0.000000e+00  0.000000e+00  0.000000e+00  5.700000e-01  1.000000e+00  1.000000e+00  0.000000e+00  0.000000e+00  0.000000e+00  5.700000e-01  1.000000e+00  1.000000e+00  0.000000e+00  0.000000e+00  0.000000e+00  5.700000e-01  
9.178978e-01  1.996530e+00  6.571341e-01  0.000000e+00  0.000000e+00  5.700000e-01  9.178978e-01  1.996530e+00  9.202110e-01  0.000000e+00  0.000000e+00  5.700000e-01  1.000000e+00  1.000000e+00  0.000000e+00  0.000000e+00  0.000000e+00  5.700000e-01  1.000000e+00  1.000000e+00  0.000000e+00  0.000000e+00  0.000000e+00  5.700000e-01  1.000000e+00  1.000000e+00  0.000000e+00  0.000000e+00  0.000000e+00  5.700000e-01  1.000000e+00  1.000000e+00  0.000000e+00  0.000000e+00  0.000000e+00  5.700000e-01  
8.170571e-01  2.436471e+00  5.727822e-01  0.000000e+00  0.000000e+00  5.700000e-01  8.170571e-01  2.436471e+00  8.052020e-01  0.000000e+00  0.000000e+00  5.700000e-01  1.000000e+00  1.000000e+00  0.000000e+00  0.000000e+00  0.000000e+00  5.700000e-01  1.000000e+00  1.000000e+00  0.000000e+00  0.000000e+00  0.000000e+00  5.700000e-01  1.000000e+00  1.000000e+00  0.000000e+00  0.000000e+00  0.000000e+00  5.700000e-01  1.000000e+00  1.000000e+00  0.000000e+00  0.000000e+00  0.000000e+00  5.700000e-01  
8.047771e-01  2.268045e+00  6.627134e-01  0.000000e+00  0.000000e+00  5.700000e-01  8.047771e-01  2.268045e+00  5.962493e-01  0.000000e+00  0.000000e+00  5.700000e-01  1.000000e+00  1.000000e+00  0.000000e+00  0.000000e+00  0.000000e+00  5.700000e-01  1.000000e+00  1.000000e+00  0.000000e+00  0.000000e+00  0.000000e+00  5.700000e-01  1.000000e+00  1.000000e+00  0.000000e+00  0.000000e+00  0.000000e+00  5.700000e-01  1.000000e+00  1.000000e+00  0.000000e+00  0.000000e+00  0.000000e+00  5.700000e-01  
3.973850e-01  3.919065e-02  8.118466e-01  0.000000e+00  0.000000e+00  5.700000e-01  3.973850e-01  3.919065e-02  7.868044e-01  0.000000e+00  0.000000e+00  5.700000e-01  1.000000e+00  1.000000e+00  0.000000e+00  0.000000e+00  0.000000e+00  5.700000e-01  1.000000e+00  1.000000e+00  0.000000e+00  0.000000e+00  0.000000e+00  5.700000e-01  1.000000e+00  1.000000e+00  0.000000e+00  0.000000e+00  0.000000e+00  5.700000e-01  1.000000e+00  1.000000e+00  0.000000e+00  0.000000e+00  0.000000e+00  5.700000e-01  
9.021708e-01  4.203506e+00  5.469307e-01  0.000000e+00  0.000000e+00  5.700000e-01  9.021708e-01  4.203506e+00  9.004269e-01  0.000000e+00  0.000000e+00  5.700000e-01  1.000000e+00  1.000000e+00  0.000000e+00  0.000000e+00  0.000000e+00  5.700000e-01  1.000000e+00  1.000000e+00  0.000000e+00  0.000000e+00  0.000000e+00  5.700000e-01  1.000000e+00  1.000000e+00  0.000000e+00  0.000000e+00  0.000000e+00  5.700000e-01  1.000000e+00  1.000000e+00  0.000000e+00  0.000000e+00  0.000000e+00  5.700000e-01  
9.984015e-01  4.334983e+00  6.039427e-01  0.000000e+00  0.000000e+00  5.700000e-01  9.984015e-01  4.334983e+00  9.240738e-01  0.000000e+00  0.000000e+00  5.700000e-01  1.000000e+00  1.000000e+00  0.000000e+00  0.000000e+00  0.000000e+00  5.700000e-01  1.000000e+00  1.000000e+00  0.000000e+00  0.000000e+00  0.000000e+00  5.700000e-01  1.000000e+00  1.000000e+00  0.000000e+00  0.000000e+00  0.000000e+00  5.700000e-01  1.000000e+00  1.000000e+00  0.000000e+00  0.000000e+00  0.000000e+00  5.700000e-01  
5.873605e-01  6.505588e-01  7.569933e-01  0.000000e+00  0.000000e+00  5.700000e-01  5.873605e-01  6.505588e-01  8.938710e-01  0.000000e+00  0.000000e+00  5.700000e-01  1.000000e+00  1.000000e+00  0.000000e+00  0.000000e+00  0.000000e+00  5.700000e-01  1.000000e+00  1.000000e+00  0.000000e+00  0.000000e+00  0.000000e+00  5.700000e-01  1.000000e+00  1.000000e+00  0.000000e+00  0.000000e+00  0.000000e+00  5.700000e-01  1.000000e+00  1.000000e+00  0.000000e+00  0.000000e+00  0.000000e+00  5.700000e-01  
8.383021e-01  1.790327e+00  6.828774e-01  0.000000e+00  0.000000e+00  5.700000e-01  8.383021e-01  1.790327e+00  2.605885e-01  0.000000e+00  0.000000e+00  5.700000e-01  1.000000e+00  1.000000e+00  0.000000e+00  0.000000e+00  0.000000e+00  5.700000e-01  1.000000e+00  1.000000e+00  0.000000e+00  0.000000e+00  0.000000e+00  5.700000e-01  1.000000e+00  1.000000e+00  0.000000e+00  0.000000e+00  0.000000e+00  5.700000e-01  1.000000e+00  1.000000e+00  0.000000e+00  0.000000e+00  0.000000e+00  5.700000e-01  
8.192310e-01  1.945364e+00  6.295588e-01  0.000000e+00  0.000000e+00  5.700000e-01  8.192310e-01  1.945364e+00  7.099156e-01  0.000000e+00  0.000000e+00  5.700000e-01  1.000000e+00  1.000000e+00  0.000000e+00  0.000000e+00  0.000000e+00  5.700000e-01  1.000000e+00  1.000000e+00  0.000000e+00  0.000000e+00  0.000000e+00  5.700000e-01  1.000000e+00  1.000000e+00  0.000000e+00  0.000000e+00  0.000000e+00  5.700000e-01  1.000000e+00  1.000000e+00  0.000000e+00  0.000000e+00  0.000000e+00  5.700000e-01  
8.161067e-01  2.184900e+00  6.467640e-01  0.000000e+00  0.000000e+00  5.700000e-01  8.161067e-01  2.184900e+00  8.152782e-01  0.000000e+00  0.000000e+00  5.700000e-01  1.000000e+00  1.000000e+00  0.000000e+00  0.000000e+00  0.000000e+00  5.700000e-01  1.000000e+00  1.000000e+00  0.000000e+00  0.000000e+00  0.000000e+00  5.700000e-01  1.000000e+00  1.000000e+00  0.000000e+00  0.000000e+00  0.000000e+00  5.700000e-01  1.000000e+00  1.000000e+00  0.000000e+00  0.000000e+00  0.000000e+00  5.700000e-01  
1.078282e+00  4.626911e+00  6.163540e-01  0.000000e+00  0.000000e+00  5.700000e-01  1.078282e+00  4.626911e+00  7.753836e-01  0.000000e+00  0.000000e+00  5.700000e-01  1.000000e+00  1.000000e+00  0.000000e+00  0.000000e+00  0.000000e+00  5.700000e-01  1.000000e+00  1.000000e+00  0.000000e+00  0.000000e+00  0.000000e+00  5.700000e-01  1.000000e+00  1.000000e+00  0.000000e+00  0.000000e+00  0.000000e+00  5.700000e-01  1.000000e+00  1.000000e+00  0.000000e+00  0.000000e+00  0.000000e+00  5.700000e-01  
9.386859e-01  3.089630e+00  5.958772e-01  0.000000e+00  0.000000e+00  5.700000e-01  9.386859e-01  3.089630e+00  9.447444e-01  0.000000e+00  0.000000e+00  5.700000e-01  1.000000e+00  1.000000e+00  0.000000e+00  0.000000e+00  0.000000e+00  5.700000e-01  1.000000e+00  1.000000e+00  0.000000e+00  0.000000e+00  0.000000e+00  5.700000e-01  1.000000e+00  1.000000e+00  0.000000e+00  0.000000e+00  0.000000e+00  5.700000e-01  1.000000e+00  1.000000e+00  0.000000e+00  0.000000e+00  0.000000e+00  5.700000e-01  
5.367679e-01  2.286120e+00  5.366317e-01  0.000000e+00  0.000000e+00  5.700000e-01  5.367679e-01  2.286120e+00  9.810667e-01  0.000000e+00  0.000000e+00  5.700000e-01  1.000000e+00  1.000000e+00  0.000000e+00  0.000000e+00  0.000000e+00  5.700000e-01  1.000000e+00  1.000000e+00  0.000000e+00  0.000000e+00  0.000000e+00  5.700000e-01  1.000000e+00  1.000000e+00  0.000000e+00  0.000000e+00  0.000000e+00  5.700000e-01  1.000000e+00  1.000000e+00  0.000000e+00  0.000000e+00  0.000000e+00  5.700000e-01  
8.906358e-01  2.623663e+00  5.860571e-01  0.000000e+00  0.000000e+00  5.700000e-01  8.906358e-01  2.623663e+00  4.098235e-01  0.000000e+00  0.000000e+00  5.700000e-01  1.000000e+00  1.000000e+00  0.000000e+00  0.000000e+00  0.000000e+00  5.700000e-01  1.000000e+00  1.000000e+00  0.000000e+00  0.000000e+00  0.000000e+00  5.700000e-01  1.000000e+00  1.000000e+00  0.000000e+00  0.000000e+00  0.000000e+00  5.700000e-01  1.000000e+00  1.000000e+00  0.000000e+00  0.000000e+00  0.000000e+00  5.700000e-01  
5.092298e-01  1.270314e+00  4.725096e-01  0.000000e+00  0.000000e+00  5.700000e-01  5.092298e-01  1.270314e+00  8.113332e-01  0.000000e+00  0.000000e+00  5.700000e-01  1.000000e+00  1.000000e+00  0.000000e+00  0.000000e+00  0.000000e+00  5.700000e-01  1.000000e+00  1.000000e+00  0.000000e+00  0.000000e+00  0.000000e+00  5.700000e-01  1.000000e+00  1.000000e+00  0.000000e+00  0.000000e+00  0.000000e+00  5.700000e-01  1.000000e+00  1.000000e+00  0.000000e+00  0.000000e+00  0.000000e+00  5.700000e-01  
4.885267e-01  5.229125e-01  7.914072e-01  0.000000e+00  0.000000e+00  5.700000e-01  4.885267e-01  5.229125e-01  3.696337e-01  0.000000e+00  0.000000e+00  5.700000e-01  1.000000e+00  1.000000e+00  0.000000e+00  0.000000e+00  0.000000e+00  5.700000e-01  1.000000e+00  1.000000e+00  0.000000e+00  0.000000e+00  0.000000e+00  5.700000e-01  1.000000e+00  1.000000e+00  0.000000e+00  0.000000e+00  0.000000e+00  5.700000e-01  1.000000e+00  1.000000e+00  0.000000e+00  0.000000e+00  0.000000e+00  5.700000e-01  
1.120283e+00  3.169506e+00  8.505282e-01  0.000000e+00  0.000000e+00  5.700000e-01  1.120283e+00  3.169506e+00  8.297786e-01  0.000000e+00  0.000000e+00  5.700000e-01  1.000000e+00  1.000000e+00  0.000000e+00  0.000000e+00  0.000000e+00  5.700000e-01  1.000000e+00  1.000000e+00  0.000000e+00  0.000000e+00  0.000000e+00  5.700000e-01  1.000000e+00  1.000000e+00  0.000000e+00  0.000000e+00  0.000000e+00  5.700000e-01  1.000000e+00  1.000000e+00  0.000000e+00  0.000000e+00  0.000000e+00  5.700000e-01  
6.502979e-01  1.726244e+00  6.420797e-01  0.000000e+00  0.000000e+00  5.700000e-01  6.502979e-01  1.726244e+00  3.685066e-01  0.000000e+00  0.000000e+00  5.700000e-01  1.000000e+00  1.000000e+00  0.000000e+00  0.000000e+00  0.000000e+00  5.700000e-01  1.000000e+00  1.000000e+00  0.000000e+00  0.000000e+00  0.000000e+00  5.700000e-01  1.000000e+00  1.000000e+00  0.000000e+00  0.000000e+00  0.000000e+00  5.700000e-01  1.000000e+00  1.000000e+00  0.000000e+00  0.000000e+00  0.000000e+00  5.700000e-01  
8.826530e-01  3.772405e+00  5.615403e-01  0.000000e+00  0.000000e+00  5.700000e-01  8.826530e-01  3.772405e+00  7.268857e-01  0.000000e+00  0.000000e+00  5.700000e-01  1.000000e+00  1.000000e+00  0.000000e+00  0.000000e+00  0.000000e+00  5.700000e-01  1.000000e+00  1.000000e+00  0.000000e+00  0.000000e+00  0.000000e+00  5.700000e-01  1.000000e+00  1.000000e+00  0.000000e+00  0.000000e+00  0.000000e+00  5.700000e-01  1.000000e+00  1.000000e+00  0.000000e+00  0.000000e+00  0.000000e+00  5.700000e-01  
3.401679e-01  5.732119e-02  8.493773e-01  0.000000e+00  0.000000e+00  5.700000e-01  3.401679e-01  5.732119e-02  -1.545658e-01  0.000000e+00  0.000000e+00  5.700000e-01  1.000000e+00  1.000000e+00  0.000000e+00  0.000000e+00  0.000000e+00  5.700000e-01  1.000000e+00  1.000000e+00  0.000000e+00  0.000000e+00  0.000000e+00  5.700000e-01  1.000000e+00  1.000000e+00  0.000000e+00  0.000000e+00  0.000000e+00  5.700000e-01  1.000000e+00  1.000000e+00  0.000000e+00  0.000000e+00  0.000000e+00  5.700000e-01  
6.083948e-01  1.828597e+00  5.623895e-01  0.000000e+00  0.000000e+00  5.700000e-01  6.083948e-01  1.828597e+00  2.403940e-01  0.000000e+00  0.000000e+00  5.700000e-01  1.000000e+00  1.000000e+00  0.000000e+00  0.000000e+00  0.000000e+00  5.700000e-01  1.000000e+00  1.000000e+00  0.000000e+00  0.000000e+00  0.000000e+00  5.700000e-01  1.000000e+00  1.000000e+00  0.000000e+00  0.000000e+00  0.000000e+00  5.700000e-01  1.000000e+00  1.000000e+00  0.000000e+00  0.000000e+00  0.000000e+00  5.700000e-01  
1.358727e+00  5.809941e+00  6.018198e-01  0.000000e+00  0.000000e+00  5.700000e-01  1.358727e+00  5.809941e+00  3.152251e-01  0.000000e+00  0.000000e+00  5.700000e-01  1.000000e+00  1.000000e+00  0.000000e+00  0.000000e+00  0.000000e+00  5.700000e-01  1.000000e+00  1.000000e+00  0.000000e+00  0.000000e+00  0.000000e+00  5.700000e-01  1.000000e+00  1.000000e+00  0.000000e+00  0.000000e+00  0.000000e+00  5.700000e-01  1.000000e+00  1.000000e+00  0.000000e+00  0.000000e+00  0.000000e+00  5.700000e-01  
1.115538e+00  3.511738e+00  7.438346e-01  0.000000e+00  0.000000e+00  5.700000e-01  1.115538e+00  3.511738e+00  2.797368e-01  0.000000e+00  0.000000e+00  5.700000e-01  1.000000e+00  1.000000e+00  0.000000e+00  0.000000e+00  0.000000e+00  5.700000e-01  1.000000e+00  1.000000e+00  0.000000e+00  0.000000e+00  0.000000e+00  5.700000e-01  1.000000e+00  1.000000e+00  0.000000e+00  0.000000e+00  0.000000e+00  5.700000e-01  1.000000e+00  1.000000e+00  0.000000e+00  0.000000e+00  0.000000e+00  5.700000e-01  
6.921936e-01  1.821048e+00  5.956282e-01  0.000000e+00  0.000000e+00  5.700000e-01  6.921936e-01  1.821048e+00  -2.687949e-02  0.000000e+00  0.000000e+00  5.700000e-01  1.000000e+00  1.000000e+00  0.000000e+00  0.000000e+00  0.000000e+00  5.700000e-01  1.000000e+00  1.000000e+00  0.000000e+00  0.000000e+00  0.000000e+00  5.700000e-01  1.000000e+00  1.000000e+00  0.000000e+00  0.000000e+00  0.000000e+00  5.700000e-01  1.000000e+00  1.000000e+00  0.000000e+00  0.000000e+00  0.000000e+00  5.700000e-01  
3.887729e-01  1.274169e+00  4.985175e-01  0.000000e+00  0.000000e+00  5.700000e-01  3.887729e-01  1.274169e+00  7.181342e-01  0.000000e+00  0.000000e+00  5.700000e-01  1.000000e+00  1.000000e+00  0.000000e+00  0.000000e+00  0.000000e+00  5.700000e-01  1.000000e+00  1.000000e+00  0.000000e+00  0.000000e+00  0.000000e+00  5.700000e-01  1.000000e+00  1.000000e+00  0.000000e+00  0.000000e+00  0.000000e+00  5.700000e-01  1.000000e+00  1.000000e+00  0.000000e+00  0.000000e+00  0.000000e+00  5.700000e-01  
8.543048e-01  2.513124e+00  6.841908e-01  0.000000e+00  0.000000e+00  5.700000e-01  8.543048e-01  2.513124e+00  8.027420e-01  0.000000e+00  0.000000e+00  5.700000e-01  1.000000e+00  1.000000e+00  0.000000e+00  0.000000e+00  0.000000e+00  5.700000e-01  1.000000e+00  1.000000e+00  0.000000e+00  0.000000e+00  0.000000e+00  5.700000e-01  1.000000e+00  1.000000e+00  0.000000e+00  0.000000e+00  0.000000e+00  5.700000e-01  1.000000e+00  1.000000e+00  0.000000e+00  0.000000e+00  0.000000e+00  5.700000e-01  
9.106469e-01  2.336303e+00  5.586301e-01  0.000000e+00  0.000000e+00  5.700000e-01  9.106469e-01  2.336303e+00  9.597847e-01  0.000000e+00  0.000000e+00  5.700000e-01  1.000000e+00  1.000000e+00  0.000000e+00  0.000000e+00  0.000000e+00  5.700000e-01  1.000000e+00  1.000000e+00  0.000000e+00  0.000000e+00  0.000000e+00  5.700000e-01  1.000000e+00  1.000000e+00  0.000000e+00  0.000000e+00  0.000000e+00  5.700000e-01  1.000000e+00  1.000000e+00  0.000000e+00  0.000000e+00  0.000000e+00  5.700000e-01  
1.079820e+00  3.203914e+00  6.962386e-01  0.000000e+00  0.000000e+00  5.700000e-01  1.079820e+00  3.203914e+00  -1.835901e-02  0.000000e+00  0.000000e+00  5.700000e-01  1.000000e+00  1.000000e+00  0.000000e+00  0.000000e+00  0.000000e+00  5.700000e-01  1.000000e+00  1.000000e+00  0.000000e+00  0.000000e+00  0.000000e+00  5.700000e-01  1.000000e+00  1.000000e+00  0.000000e+00  0.000000e+00  0.000000e+00  5.700000e-01  1.000000e+00  1.000000e+00  0.000000e+00  0.000000e+00  0.000000e+00  5.700000e-01  
6.143861e-01  8.842283e-01  6.408362e-01  0.000000e+00  0.000000e+00  5.700000e-01  6.143861e-01  8.842283e-01  8.915617e-01  0.000000e+00  0.000000e+00  5.700000e-01  1.000000e+00  1.000000e+00  0.000000e+00  0.000000e+00  0.000000e+00  5.700000e-01  1.000000e+00  1.000000e+00  0.000000e+00  0.000000e+00  0.000000e+00  5.700000e-01  1.000000e+00  1.000000e+00  0.000000e+00  0.000000e+00  0.000000e+00  5.700000e-01  1.000000e+00  1.000000e+00  0.000000e+00  0.000000e+00  0.000000e+00  5.700000e-01  
8.301143e-01  3.681122e+00  5.379443e-01  0.000000e+00  0.000000e+00  5.700000e-01  8.301143e-01  3.681122e+00  4.722053e-01  0.000000e+00  0.000000e+00  5.700000e-01  1.000000e+00  1.000000e+00  0.000000e+00  0.000000e+00  0.000000e+00  5.700000e-01  1.000000e+00  1.000000e+00  0.000000e+00  0.000000e+00  0.000000e+00  5.700000e-01  1.000000e+00  1.000000e+00  0.000000e+00  0.000000e+00  0.000000e+00  5.700000e-01  1.000000e+00  1.000000e+00  0.000000e+00  0.000000e+00  0.000000e+00  5.700000e-01  
8.444068e-01  2.004807e+00  6.089753e-01  0.000000e+00  0.000000e+00  5.700000e-01  8.444068e-01  2.004807e+00  3.795063e-01  0.000000e+00  0.000000e+00  5.700000e-01  1.000000e+00  1.000000e+00  0.000000e+00  0.000000e+00  0.000000e+00  5.700000e-01  1.000000e+00  1.000000e+00  0.000000e+00  0.000000e+00  0.000000e+00  5.700000e-01  1.000000e+00  1.000000e+00  0.000000e+00  0.000000e+00  0.000000e+00  5.700000e-01  1.000000e+00  1.000000e+00  0.000000e+00  0.000000e+00  0.000000e+00  5.700000e-01  
8.014352e-01  1.778048e+00  6.293414e-01  0.000000e+00  0.000000e+00  5.700000e-01  8.014352e-01  1.778048e+00  9.622976e-01  0.000000e+00  0.000000e+00  5.700000e-01  1.000000e+00  1.000000e+00  0.000000e+00  0.000000e+00  0.000000e+00  5.700000e-01  1.000000e+00  1.000000e+00  0.000000e+00  0.000000e+00  0.000000e+00  5.700000e-01  1.000000e+00  1.000000e+00  0.000000e+00  0.000000e+00  0.000000e+00  5.700000e-01  1.000000e+00  1.000000e+00  0.000000e+00  0.000000e+00  0.000000e+00  5.700000e-01  
5.402017e-01  9.540377e-01  5.765372e-01  0.000000e+00  0.000000e+00  5.700000e-01  5.402017e-01  9.540377e-01  7.602537e-01  0.000000e+00  0.000000e+00  5.700000e-01  1.000000e+00  1.000000e+00  0.000000e+00  0.000000e+00  0.000000e+00  5.700000e-01  1.000000e+00  1.000000e+00  0.000000e+00  0.000000e+00  0.000000e+00  5.700000e-01  1.000000e+00  1.000000e+00  0.000000e+00  0.000000e+00  0.000000e+00  5.700000e-01  1.000000e+00  1.000000e+00  0.000000e+00  0.000000e+00  0.000000e+00  5.700000e-01  
7.258375e-01  1.040852e+00  7.625617e-01  0.000000e+00  0.000000e+00  5.700000e-01  7.258375e-01  1.040852e+00  4.132752e-01  0.000000e+00  0.000000e+00  5.700000e-01  1.000000e+00  1.000000e+00  0.000000e+00  0.000000e+00  0.000000e+00  5.700000e-01  1.000000e+00  1.000000e+00  0.000000e+00  0.000000e+00  0.000000e+00  5.700000e-01  1.000000e+00  1.000000e+00  0.000000e+00  0.000000e+00  0.000000e+00  5.700000e-01  1.000000e+00  1.000000e+00  0.000000e+00  0.000000e+00  0.000000e+00  5.700000e-01  
9.439414e-01  3.042739e+00  6.528516e-01  0.000000e+00  0.000000e+00  5.700000e-01  9.439414e-01  3.042739e+00  2.802840e-01  0.000000e+00  0.000000e+00  5.700000e-01  1.000000e+00  1.000000e+00  0.000000e+00  0.000000e+00  0.000000e+00  5.700000e-01  1.000000e+00  1.000000e+00  0.000000e+00  0.000000e+00  0.000000e+00  5.700000e-01  1.000000e+00  1.000000e+00  0.000000e+00  0.000000e+00  0.000000e+00  5.700000e-01  1.000000e+00  1.000000e+00  0.000000e+00  0.000000e+00  0.000000e+00  5.700000e-01  
5.525518e-01  1.238251e+00  6.222379e-01  0.000000e+00  0.000000e+00  5.700000e-01  5.525518e-01  1.238251e+00  2.483360e-01  0.000000e+00  0.000000e+00  5.700000e-01  1.000000e+00  1.000000e+00  0.000000e+00  0.000000e+00  0.000000e+00  5.700000e-01  1.000000e+00  1.000000e+00  0.000000e+00  0.000000e+00  0.000000e+00  5.700000e-01  1.000000e+00  1.000000e+00  0.000000e+00  0.000000e+00  0.000000e+00  5.700000e-01  1.000000e+00  1.000000e+00  0.000000e+00  0.000000e+00  0.000000e+00  5.700000e-01  
1.288384e+00  5.036483e+00  6.603174e-01  0.000000e+00  0.000000e+00  5.700000e-01  1.288384e+00  5.036483e+00  5.448581e-01  0.000000e+00  0.000000e+00  5.700000e-01  1.000000e+00  1.000000e+00  0.000000e+00  0.000000e+00  0.000000e+00  5.700000e-01  1.000000e+00  1.000000e+00  0.000000e+00  0.000000e+00  0.000000e+00  5.700000e-01  1.000000e+00  1.000000e+00  0.000000e+00  0.000000e+00  0.000000e+00  5.700000e-01  1.000000e+00  1.000000e+00  0.000000e+00  0.000000e+00  0.000000e+00  5.700000e-01  
5.797437e-01  1.182973e+00  6.337361e-01  0.000000e+00  0.000000e+00  5.700000e-01  5.797437e-01  1.182973e+00  1.336390e-01  0.000000e+00  0.000000e+00  5.700000e-01  1.000000e+00  1.000000e+00  0.000000e+00  0.000000e+00  0.000000e+00  5.700000e-01  1.000000e+00  1.000000e+00  0.000000e+00  0.000000e+00  0.000000e+00  5.700000e-01  1.000000e+00  1.000000e+00  0.000000e+00  0.000000e+00  0.000000e+00  5.700000e-01  1.000000e+00  1.000000e+00  0.000000e+00  0.000000e+00  0.000000e+00  5.700000e-01  
8.263222e-01  2.237995e+00  6.953639e-01  0.000000e+00  0.000000e+00  5.700000e-01  8.263222e-01  2.237995e+00  2.896739e-01  0.000000e+00  0.000000e+00  5.700000e-01  1.000000e+00  1.000000e+00  0.000000e+00  0.000000e+00  0.000000e+00  5.700000e-01  1.000000e+00  1.000000e+00  0.000000e+00  0.000000e+00  0.000000e+00  5.700000e-01  1.000000e+00  1.000000e+00  0.000000e+00  0.000000e+00  0.000000e+00  5.700000e-01  1.000000e+00  1.000000e+00  0.000000e+00  0.000000e+00  0.000000e+00  5.700000e-01  
9.588583e-01  2.554649e+00  5.809031e-01  0.000000e+00  0.000000e+00  5.700000e-01  9.588583e-01  2.554649e+00  6.485476e-01  0.000000e+00  0.000000e+00  5.700000e-01  1.000000e+00  1.000000e+00  0.000000e+00  0.000000e+00  0.000000e+00  5.700000e-01  1.000000e+00  1.000000e+00  0.000000e+00  0.000000e+00  0.000000e+00  5.700000e-01  1.000000e+00  1.000000e+00  0.000000e+00  0.000000e+00  0.000000e+00  5.700000e-01  1.000000e+00  1.000000e+00  0.000000e+00  0.000000e+00  0.000000e+00  5.700000e-01  
6.282354e-01  2.654330e+00  5.256663e-01  0.000000e+00  0.000000e+00  5.700000e-01  6.282354e-01  2.654330e+00  6.962616e-01  0.000000e+00  0.000000e+00  5.700000e-01  1.000000e+00  1.000000e+00  0.000000e+00  0.000000e+00  0.000000e+00  5.700000e-01  1.000000e+00  1.000000e+00  0.000000e+00  0.000000e+00  0.000000e+00  5.700000e-01  1.000000e+00  1.000000e+00  0.000000e+00  0.000000e+00  0.000000e+00  5.700000e-01  1.000000e+00  1.000000e+00  0.000000e+00  0.000000e+00  0.000000e+00  5.700000e-01  
4.304836e-01  4.631823e-01  6.199537e-01  0.000000e+00  0.000000e+00  5.700000e-01  4.304836e-01  4.631823e-01  9.387896e-01  0.000000e+00  0.000000e+00  5.700000e-01  1.000000e+00  1.000000e+00  0.000000e+00  0.000000e+00  0.000000e+00  5.700000e-01  1.000000e+00  1.000000e+00  0.000000e+00  0.000000e+00  0.000000e+00  5.700000e-01  1.000000e+00  1.000000e+00  0.000000e+00  0.000000e+00  0.000000e+00  5.700000e-01  1.000000e+00  1.000000e+00  0.000000e+00  0.000000e+00  0.000000e+00  5.700000e-01  
5.777526e-01  1.715740e+00  5.354971e-01  0.000000e+00  0.000000e+00  5.700000e-01  5.777526e-01  1.715740e+00  2.994227e-01  0.000000e+00  0.000000e+00  5.700000e-01  1.000000e+00  1.000000e+00  0.000000e+00  0.000000e+00  0.000000e+00  5.700000e-01  1.000000e+00  1.000000e+00  0.000000e+00  0.000000e+00  0.000000e+00  5.700000e-01  1.000000e+00  1.000000e+00  0.000000e+00  0.000000e+00  0.000000e+00  5.700000e-01  1.000000e+00  1.000000e+00  0.000000e+00  0.000000e+00  0.000000e+00  5.700000e-01  
8.886935e-01  2.991628e+00  6.076492e-01  0.000000e+00  0.000000e+00  5.700000e-01  8.886935e-01  2.991628e+00  9.015908e-01  0.000000e+00  0.000000e+00  5.700000e-01  1.000000e+00  1.000000e+00  0.000000e+00  0.000000e+00  0.000000e+00  5.700000e-01  1.000000e+00  1.000000e+00  0.000000e+00  0.000000e+00  0.000000e+00  5.700000e-01  1.000000e+00  1.000000e+00  0.000000e+00  0.000000e+00  0.000000e+00  5.700000e-01  1.000000e+00  1.000000e+00  0.000000e+00  0.000000e+00  0.000000e+00  5.700000e-01  
7.200758e-01  2.657457e+00  5.603837e-01  0.000000e+00  0.000000e+00  5.700000e-01  7.200758e-01  2.657457e+00  9.785153e-01  0.000000e+00  0.000000e+00  5.700000e-01  1.000000e+00  1.000000e+00  0.000000e+00  0.000000e+00  0.000000e+00  5.700000e-01  1.000000e+00  1.000000e+00  0.000000e+00  0.000000e+00  0.000000e+00  5.700000e-01  1.000000e+00  1.000000e+00  0.000000e+00  0.000000e+00  0.000000e+00  5.700000e-01  1.000000e+00  1.000000e+00  0.000000e+00  0.000000e+00  0.000000e+00  5.700000e-01  
7.969307e-01  1.865777e+00  6.909586e-01  0.000000e+00  0.000000e+00  5.700000e-01  7.969307e-01  1.865777e+00  7.996416e-01  0.000000e+00  0.000000e+00  5.700000e-01  1.000000e+00  1.000000e+00  0.000000e+00  0.000000e+00  0.000000e+00  5.700000e-01  1.000000e+00  1.000000e+00  0.000000e+00  0.000000e+00  0.000000e+00  5.700000e-01  1.000000e+00  1.000000e+00  0.000000e+00  0.000000e+00  0.000000e+00  5.700000e-01  1.000000e+00  1.000000e+00  0.000000e+00  0.000000e+00  0.000000e+00  5.700000e-01  
8.510183e-01  1.506709e+00  7.439561e-01  0.000000e+00  0.000000e+00  5.700000e-01  8.510183e-01  1.506709e+00  5.005241e-01  0.000000e+00  0.000000e+00  5.700000e-01  1.000000e+00  1.000000e+00  0.000000e+00  0.000000e+00  0.000000e+00  5.700000e-01  1.000000e+00  1.000000e+00  0.000000e+00  0.000000e+00  0.000000e+00  5.700000e-01  1.000000e+00  1.000000e+00  0.000000e+00  0.000000e+00  0.000000e+00  5.700000e-01  1.000000e+00  1.000000e+00  0.000000e+00  0.000000e+00  0.000000e+00  5.700000e-01  
5.484216e-01  9.577976e-01  6.527035e-01  0.000000e+00  0.000000e+00  5.700000e-01  5.484216e-01  9.577976e-01  8.854284e-01  0.000000e+00  0.000000e+00  5.700000e-01  1.000000e+00  1.000000e+00  0.000000e+00  0.000000e+00  0.000000e+00  5.700000e-01  1.000000e+00  1.000000e+00  0.000000e+00  0.000000e+00  0.000000e+00  5.700000e-01  1.000000e+00  1.000000e+00  0.000000e+00  0.000000e+00  0.000000e+00  5.700000e-01  1.000000e+00  1.000000e+00  0.000000e+00  0.000000e+00  0.000000e+00  5.700000e-01  
8.073046e-01  2.175207e+00  6.185695e-01  0.000000e+00  0.000000e+00  5.700000e-01  8.073046e-01  2.175207e+00  8.144690e-01  0.000000e+00  0.000000e+00  5.700000e-01  1.000000e+00  1.000000e+00  0.000000e+00  0.000000e+00  0.000000e+00  5.700000e-01  1.000000e+00  1.000000e+00  0.000000e+00  0.000000e+00  0.000000e+00  5.700000e-01  1.000000e+00  1.000000e+00  0.000000e+00  0.000000e+00  0.000000e+00  5.700000e-01  1.000000e+00  1.000000e+00  0.000000e+00  0.000000e+00  0.000000e+00  5.700000e-01  
7.735113e-01  2.267752e+00  5.701746e-01  0.000000e+00  0.000000e+00  5.700000e-01  7.735113e-01  2.267752e+00  -1.384562e-02  0.000000e+00  0.000000e+00  5.700000e-01  1.000000e+00  1.000000e+00  0.000000e+00  0.000000e+00  0.000000e+00  5.700000e-01  1.000000e+00  1.000000e+00  0.000000e+00  0.000000e+00  0.000000e+00  5.700000e-01  1.000000e+00  1.000000e+00  0.000000e+00  0.000000e+00  0.000000e+00  5.700000e-01  1.000000e+00  1.000000e+00  0.000000e+00  0.000000e+00  0.000000e+00  5.700000e-01  
9.193786e-01  3.956654e+00  5.185909e-01  0.000000e+00  0.000000e+00  5.700000e-01  9.193786e-01  3.956654e+00  5.552947e-01  0.000000e+00  0.000000e+00  5.700000e-01  1.000000e+00  1.000000e+00  0.000000e+00  0.000000e+00  0.000000e+00  5.700000e-01  1.000000e+00  1.000000e+00  0.000000e+00  0.000000e+00  0.000000e+00  5.700000e-01  1.000000e+00  1.000000e+00  0.000000e+00  0.000000e+00  0.000000e+00  5.700000e-01  1.000000e+00  1.000000e+00  0.000000e+00  0.000000e+00  0.000000e+00  5.700000e-01  
1.161520e+00  3.714917e+00  6.172924e-01  0.000000e+00  0.000000e+00  5.700000e-01  1.161520e+00  3.714917e+00  6.190439e-01  0.000000e+00  0.000000e+00  5.700000e-01  1.000000e+00  1.000000e+00  0.000000e+00  0.000000e+00  0.000000e+00  5.700000e-01  1.000000e+00  1.000000e+00  0.000000e+00  0.000000e+00  0.000000e+00  5.700000e-01  1.000000e+00  1.000000e+00  0.000000e+00  0.000000e+00  0.000000e+00  5.700000e-01  1.000000e+00  1.000000e+00  0.000000e+00  0.000000e+00  0.000000e+00  5.700000e-01  
1.374228e+00  5.355131e+00  6.449483e-01  0.000000e+00  0.000000e+00  5.700000e-01  1.374228e+00  5.355131e+00  4.672723e-01  0.000000e+00  0.000000e+00  5.700000e-01  1.000000e+00  1.000000e+00  0.000000e+00  0.000000e+00  0.000000e+00  5.700000e-01  1.000000e+00  1.000000e+00  0.000000e+00  0.000000e+00  0.000000e+00  5.700000e-01  1.000000e+00  1.000000e+00  0.000000e+00  0.000000e+00  0.000000e+00  5.700000e-01  1.000000e+00  1.000000e+00  0.000000e+00  0.000000e+00  0.000000e+00  5.700000e-01  
1.246353e+00  4.691432e+00  6.005960e-01  0.000000e+00  0.000000e+00  5.700000e-01  1.246353e+00  4.691432e+00  3.636714e-01  0.000000e+00  0.000000e+00  5.700000e-01  1.000000e+00  1.000000e+00  0.000000e+00  0.000000e+00  0.000000e+00  5.700000e-01  1.000000e+00  1.000000e+00  0.000000e+00  0.000000e+00  0.000000e+00  5.700000e-01  1.000000e+00  1.000000e+00  0.000000e+00  0.000000e+00  0.000000e+00  5.700000e-01  1.000000e+00  1.000000e+00  0.000000e+00  0.000000e+00  0.000000e+00  5.700000e-01  
9.708431e-01  3.292869e+00  5.771741e-01  0.000000e+00  0.000000e+00  5.700000e-01  9.708431e-01  3.292869e+00  7.583574e-01  0.000000e+00  0.000000e+00  5.700000e-01  1.000000e+00  1.000000e+00  0.000000e+00  0.000000e+00  0.000000e+00  5.700000e-01  1.000000e+00  1.000000e+00  0.000000e+00  0.000000e+00  0.000000e+00  5.700000e-01  1.000000e+00  1.000000e+00  0.000000e+00  0.000000e+00  0.000000e+00  5.700000e-01  1.000000e+00  1.000000e+00  0.000000e+00  0.000000e+00  0.000000e+00  5.700000e-01  
7.225960e-01  2.427275e+00  5.582674e-01  0.000000e+00  0.000000e+00  5.700000e-01  7.225960e-01  2.427275e+00  7.927161e-01  0.000000e+00  0.000000e+00  5.700000e-01  1.000000e+00  1.000000e+00  0.000000e+00  0.000000e+00  0.000000e+00  5.700000e-01  1.000000e+00  1.000000e+00  0.000000e+00  0.000000e+00  0.000000e+00  5.700000e-01  1.000000e+00  1.000000e+00  0.000000e+00  0.000000e+00  0.000000e+00  5.700000e-01  1.000000e+00  1.000000e+00  0.000000e+00  0.000000e+00  0.000000e+00  5.700000e-01  
7.119054e-01  1.454214e+00  5.850806e-01  0.000000e+00  0.000000e+00  5.700000e-01  7.119054e-01  1.454214e+00  9.841080e-01  0.000000e+00  0.000000e+00  5.700000e-01  1.000000e+00  1.000000e+00  0.000000e+00  0.000000e+00  0.000000e+00  5.700000e-01  1.000000e+00  1.000000e+00  0.000000e+00  0.000000e+00  0.000000e+00  5.700000e-01  1.000000e+00  1.000000e+00  0.000000e+00  0.000000e+00  0.000000e+00  5.700000e-01  1.000000e+00  1.000000e+00  0.000000e+00  0.000000e+00  0.000000e+00  5.700000e-01  
8.154646e-01  1.163408e+00  6.799350e-01  0.000000e+00  0.000000e+00  5.700000e-01  8.154646e-01  1.163408e+00  8.818462e-01  0.000000e+00  0.000000e+00  5.700000e-01  1.000000e+00  1.000000e+00  0.000000e+00  0.000000e+00  0.000000e+00  5.700000e-01  1.000000e+00  1.000000e+00  0.000000e+00  0.000000e+00  0.000000e+00  5.700000e-01  1.000000e+00  1.000000e+00  0.000000e+00  0.000000e+00  0.000000e+00  5.700000e-01  1.000000e+00  1.000000e+00  0.000000e+00  0.000000e+00  0.000000e+00  5.700000e-01  
5.630815e-01  6.797389e-01  7.797531e-01  0.000000e+00  0.000000e+00  5.700000e-01  5.630815e-01  6.797389e-01  3.153890e-02  0.000000e+00  0.000000e+00  5.700000e-01  1.000000e+00  1.000000e+00  0.000000e+00  0.000000e+00  0.000000e+00  5.700000e-01  1.000000e+00  1.000000e+00  0.000000e+00  0.000000e+00  0.000000e+00  5.700000e-01  1.000000e+00  1.000000e+00  0.000000e+00  0.000000e+00  0.000000e+00  5.700000e-01  1.000000e+00  1.000000e+00  0.000000e+00  0.000000e+00  0.000000e+00  5.700000e-01  
2.777979e-01  4.863023e-01  4.841842e-01  0.000000e+00  0.000000e+00  5.700000e-01  2.777979e-01  4.863023e-01  6.892490e-01  0.000000e+00  0.000000e+00  5.700000e-01  1.000000e+00  1.000000e+00  0.000000e+00  0.000000e+00  0.000000e+00  5.700000e-01  1.000000e+00  1.000000e+00  0.000000e+00  0.000000e+00  0.000000e+00  5.700000e-01  1.000000e+00  1.000000e+00  0.000000e+00  0.000000e+00  0.000000e+00  5.700000e-01  1.000000e+00  1.000000e+00  0.000000e+00  0.000000e+00  0.000000e+00  5.700000e-01  
5.520852e-01  1.834296e+00  5.821742e-01  0.000000e+00  0.000000e+00  5.700000e-01  5.520852e-01  1.834296e+00  6.391736e-01  0.000000e+00  0.000000e+00  5.700000e-01  1.000000e+00  1.000000e+00  0.000000e+00  0.000000e+00  0.000000e+00  5.700000e-01  1.000000e+00  1.000000e+00  0.000000e+00  0.000000e+00  0.000000e+00  5.700000e-01  1.000000e+00  1.000000e+00  0.000000e+00  0.000000e+00  0.000000e+00  5.700000e-01  1.000000e+00  1.000000e+00  0.000000e+00  0.000000e+00  0.000000e+00  5.700000e-01  
1.368159e+00  5.623405e+00  6.376114e-01  0.000000e+00  0.000000e+00  5.700000e-01  1.368159e+00  5.623405e+00  5.025229e-01  0.000000e+00  0.000000e+00  5.700000e-01  1.000000e+00  1.000000e+00  0.000000e+00  0.000000e+00  0.000000e+00  5.700000e-01  1.000000e+00  1.000000e+00  0.000000e+00  0.000000e+00  0.000000e+00  5.700000e-01  1.000000e+00  1.000000e+00  0.000000e+00  0.000000e+00  0.000000e+00  5.700000e-01  1.000000e+00  1.000000e+00  0.000000e+00  0.000000e+00  0.000000e+00  5.700000e-01  
7.455022e-01  3.129044e+00  5.785339e-01  0.000000e+00  0.000000e+00  5.700000e-01  7.455022e-01  3.129044e+00  1.082618e-01  0.000000e+00  0.000000e+00  5.700000e-01  1.000000e+00  1.000000e+00  0.000000e+00  0.000000e+00  0.000000e+00  5.700000e-01  1.000000e+00  1.000000e+00  0.000000e+00  0.000000e+00  0.000000e+00  5.700000e-01  1.000000e+00  1.000000e+00  0.000000e+00  0.000000e+00  0.000000e+00  5.700000e-01  1.000000e+00  1.000000e+00  0.000000e+00  0.000000e+00  0.000000e+00  5.700000e-01  
8.627020e-01  3.719882e+00  5.757799e-01  0.000000e+00  0.000000e+00  5.700000e-01  8.627020e-01  3.719882e+00  7.594700e-01  0.000000e+00  0.000000e+00  5.700000e-01  1.000000e+00  1.000000e+00  0.000000e+00  0.000000e+00  0.000000e+00  5.700000e-01  1.000000e+00  1.000000e+00  0.000000e+00  0.000000e+00  0.000000e+00  5.700000e-01  1.000000e+00  1.000000e+00  0.000000e+00  0.000000e+00  0.000000e+00  5.700000e-01  1.000000e+00  1.000000e+00  0.000000e+00  0.000000e+00  0.000000e+00  5.700000e-01  
8.527798e-01  2.078156e+00  6.418010e-01  0.000000e+00  0.000000e+00  5.700000e-01  8.527798e-01  2.078156e+00  9.961283e-01  0.000000e+00  0.000000e+00  5.700000e-01  1.000000e+00  1.000000e+00  0.000000e+00  0.000000e+00  0.000000e+00  5.700000e-01  1.000000e+00  1.000000e+00  0.000000e+00  0.000000e+00  0.000000e+00  5.700000e-01  1.000000e+00  1.000000e+00  0.000000e+00  0.000000e+00  0.000000e+00  5.700000e-01  1.000000e+00  1.000000e+00  0.000000e+00  0.000000e+00  0.000000e+00  5.700000e-01  
7.302999e-01  1.947495e+00  5.161466e-01  0.000000e+00  0.000000e+00  5.700000e-01  7.302999e-01  1.947495e+00  6.616424e-01  0.000000e+00  0.000000e+00  5.700000e-01  1.000000e+00  1.000000e+00  0.000000e+00  0.000000e+00  0.000000e+00  5.700000e-01  1.000000e+00  1.000000e+00  0.000000e+00  0.000000e+00  0.000000e+00  5.700000e-01  1.000000e+00  1.000000e+00  0.000000e+00  0.000000e+00  0.000000e+00  5.700000e-01  1.000000e+00  1.000000e+00  0.000000e+00  0.000000e+00  0.000000e+00  5.700000e-01  
9.085217e-01  1.972677e+00  7.207072e-01  0.000000e+00  0.000000e+00  5.700000e-01  9.085217e-01  1.972677e+00  7.878888e-01  0.000000e+00  0.000000e+00  5.700000e-01  1.000000e+00  1.000000e+00  0.000000e+00  0.000000e+00  0.000000e+00  5.700000e-01  1.000000e+00  1.000000e+00  0.000000e+00  0.000000e+00  0.000000e+00  5.700000e-01  1.000000e+00  1.000000e+00  0.000000e+00  0.000000e+00  0.000000e+00  5.700000e-01  1.000000e+00  1.000000e+00  0.000000e+00  0.000000e+00  0.000000e+00  5.700000e-01  
5.504510e-01  1.824565e+00  5.049927e-01  0.000000e+00  0.000000e+00  5.700000e-01  5.504510e-01  1.824565e+00  7.953414e-01  0.000000e+00  0.000000e+00  5.700000e-01  1.000000e+00  1.000000e+00  0.000000e+00  0.000000e+00  0.000000e+00  5.700000e-01  1.000000e+00  1.000000e+00  0.000000e+00  0.000000e+00  0.000000e+00  5.700000e-01  1.000000e+00  1.000000e+00  0.000000e+00  0.000000e+00  0.000000e+00  5.700000e-01  1.000000e+00  1.000000e+00  0.000000e+00  0.000000e+00  0.000000e+00  5.700000e-01  
8.231970e-01  2.554926e+00  6.778060e-01  0.000000e+00  0.000000e+00  5.700000e-01  8.231970e-01  2.554926e+00  8.702796e-01  0.000000e+00  0.000000e+00  5.700000e-01  1.000000e+00  1.000000e+00  0.000000e+00  0.000000e+00  0.000000e+00  5.700000e-01  1.000000e+00  1.000000e+00  0.000000e+00  0.000000e+00  0.000000e+00  5.700000e-01  1.000000e+00  1.000000e+00  0.000000e+00  0.000000e+00  0.000000e+00  5.700000e-01  1.000000e+00  1.000000e+00  0.000000e+00  0.000000e+00  0.000000e+00  5.700000e-01  
8.600214e-01  3.047346e+00  6.575868e-01  0.000000e+00  0.000000e+00  5.700000e-01  8.600214e-01  3.047346e+00  5.013533e-01  0.000000e+00  0.000000e+00  5.700000e-01  1.000000e+00  1.000000e+00  0.000000e+00  0.000000e+00  0.000000e+00  5.700000e-01  1.000000e+00  1.000000e+00  0.000000e+00  0.000000e+00  0.000000e+00  5.700000e-01  1.000000e+00  1.000000e+00  0.000000e+00  0.000000e+00  0.000000e+00  5.700000e-01  1.000000e+00  1.000000e+00  0.000000e+00  0.000000e+00  0.000000e+00  5.700000e-01  
4.982986e-01  7.662538e-01  6.276714e-01  0.000000e+00  0.000000e+00  5.700000e-01  4.982986e-01  7.662538e-01  -4.605228e-02  0.000000e+00  0.000000e+00  5.700000e-01  1.000000e+00  1.000000e+00  0.000000e+00  0.000000e+00  0.000000e+00  5.700000e-01  1.000000e+00  1.000000e+00  0.000000e+00  0.000000e+00  0.000000e+00  5.700000e-01  1.000000e+00  1.000000e+00  0.000000e+00  0.000000e+00  0.000000e+00  5.700000e-01  1.000000e+00  1.000000e+00  0.000000e+00  0.000000e+00  0.000000e+00  5.700000e-01  
9.461081e-01  3.598031e+00  7.066472e-01  0.000000e+00  0.000000e+00  5.700000e-01  9.461081e-01  3.598031e+00  9.079937e-01  0.000000e+00  0.000000e+00  5.700000e-01  1.000000e+00  1.000000e+00  0.000000e+00  0.000000e+00  0.000000e+00  5.700000e-01  1.000000e+00  1.000000e+00  0.000000e+00  0.000000e+00  0.000000e+00  5.700000e-01  1.000000e+00  1.000000e+00  0.000000e+00  0.000000e+00  0.000000e+00  5.700000e-01  1.000000e+00  1.000000e+00  0.000000e+00  0.000000e+00  0.000000e+00  5.700000e-01  
2.672376e-01  2.134447e-01  5.183380e-01  0.000000e+00  0.000000e+00  5.700000e-01  2.672376e-01  2.134447e-01  9.942108e-01  0.000000e+00  0.000000e+00  5.700000e-01  1.000000e+00  1.000000e+00  0.000000e+00  0.000000e+00  0.000000e+00  5.700000e-01  1.000000e+00  1.000000e+00  0.000000e+00  0.000000e+00  0.000000e+00  5.700000e-01  1.000000e+00  1.000000e+00  0.000000e+00  0.000000e+00  0.000000e+00  5.700000e-01  1.000000e+00  1.000000e+00  0.000000e+00  0.000000e+00  0.000000e+00  5.700000e-01  
1.309701e+00  6.299358e+00  5.800779e-01  0.000000e+00  0.000000e+00  5.700000e-01  1.309701e+00  6.299358e+00  4.930088e-01  0.000000e+00  0.000000e+00  5.700000e-01  1.000000e+00  1.000000e+00  0.000000e+00  0.000000e+00  0.000000e+00  5.700000e-01  1.000000e+00  1.000000e+00  0.000000e+00  0.000000e+00  0.000000e+00  5.700000e-01  1.000000e+00  1.000000e+00  0.000000e+00  0.000000e+00  0.000000e+00  5.700000e-01  1.000000e+00  1.000000e+00  0.000000e+00  0.000000e+00  0.000000e+00  5.700000e-01  
5.831941e-01  6.177919e-01  7.111998e-01  0.000000e+00  0.000000e+00  5.700000e-01  5.831941e-01  6.177919e-01  9.182531e-01  0.000000e+00  0.000000e+00  5.700000e-01  1.000000e+00  1.000000e+00  0.000000e+00  0.000000e+00  0.000000e+00  5.700000e-01  1.000000e+00  1.000000e+00  0.000000e+00  0.000000e+00  0.000000e+00  5.700000e-01  1.000000e+00  1.000000e+00  0.000000e+00  0.000000e+00  0.000000e+00  5.700000e-01  1.000000e+00  1.000000e+00  0.000000e+00  0.000000e+00  0.000000e+00  5.700000e-01  
6.704148e-01  1.374452e+00  6.098046e-01  0.000000e+00  0.000000e+00  5.700000e-01  6.704148e-01  1.374452e+00  9.703854e-01  0.000000e+00  0.000000e+00  5.700000e-01  1.000000e+00  1.000000e+00  0.000000e+00  0.000000e+00  0.000000e+00  5.700000e-01  1.000000e+00  1.000000e+00  0.000000e+00  0.000000e+00  0.000000e+00  5.700000e-01  1.000000e+00  1.000000e+00  0.000000e+00  0.000000e+00  0.000000e+00  5.700000e-01  1.000000e+00  1.000000e+00  0.000000e+00  0.000000e+00  0.000000e+00  5.700000e-01  
4.569965e-01  3.347166e-01  6.480725e-01  0.000000e+00  0.000000e+00  5.700000e-01  4.569965e-01  3.347166e-01  6.938550e-01  0.000000e+00  0.000000e+00  5.700000e-01  1.000000e+00  1.000000e+00  0.000000e+00  0.000000e+00  0.000000e+00  5.700000e-01  1.000000e+00  1.000000e+00  0.000000e+00  0.000000e+00  0.000000e+00  5.700000e-01  1.000000e+00  1.000000e+00  0.000000e+00  0.000000e+00  0.000000e+00  5.700000e-01  1.000000e+00  1.000000e+00  0.000000e+00  0.000000e+00  0.000000e+00  5.700000e-01  
7.023924e-01  2.870597e+00  5.859143e-01  0.000000e+00  0.000000e+00  5.700000e-01  7.023924e-01  2.870597e+00  7.830818e-01  0.000000e+00  0.000000e+00  5.700000e-01  1.000000e+00  1.000000e+00  0.000000e+00  0.000000e+00  0.000000e+00  5.700000e-01  1.000000e+00  1.000000e+00  0.000000e+00  0.000000e+00  0.000000e+00  5.700000e-01  1.000000e+00  1.000000e+00  0.000000e+00  0.000000e+00  0.000000e+00  5.700000e-01  1.000000e+00  1.000000e+00  0.000000e+00  0.000000e+00  0.000000e+00  5.700000e-01  
6.331462e-01  1.905699e+00  4.982289e-01  0.000000e+00  0.000000e+00  5.700000e-01  6.331462e-01  1.905699e+00  4.528335e-01  0.000000e+00  0.000000e+00  5.700000e-01  1.000000e+00  1.000000e+00  0.000000e+00  0.000000e+00  0.000000e+00  5.700000e-01  1.000000e+00  1.000000e+00  0.000000e+00  0.000000e+00  0.000000e+00  5.700000e-01  1.000000e+00  1.000000e+00  0.000000e+00  0.000000e+00  0.000000e+00  5.700000e-01  1.000000e+00  1.000000e+00  0.000000e+00  0.000000e+00  0.000000e+00  5.700000e-01  
8.399190e-01  1.899816e+00  7.605425e-01  0.000000e+00  0.000000e+00  5.700000e-01  8.399190e-01  1.899816e+00  2.129149e-01  0.000000e+00  0.000000e+00  5.700000e-01  1.000000e+00  1.000000e+00  0.000000e+00  0.000000e+00  0.000000e+00  5.700000e-01  1.000000e+00  1.000000e+00  0.000000e+00  0.000000e+00  0.000000e+00  5.700000e-01  1.000000e+00  1.000000e+00  0.000000e+00  0.000000e+00  0.000000e+00  5.700000e-01  1.000000e+00  1.000000e+00  0.000000e+00  0.000000e+00  0.000000e+00  5.700000e-01  
6.594321e-01  2.337698e+00  4.763530e-01  0.000000e+00  0.000000e+00  5.700000e-01  6.594321e-01  2.337698e+00  5.296097e-01  0.000000e+00  0.000000e+00  5.700000e-01  1.000000e+00  1.000000e+00  0.000000e+00  0.000000e+00  0.000000e+00  5.700000e-01  1.000000e+00  1.000000e+00  0.000000e+00  0.000000e+00  0.000000e+00  5.700000e-01  1.000000e+00  1.000000e+00  0.000000e+00  0.000000e+00  0.000000e+00  5.700000e-01  1.000000e+00  1.000000e+00  0.000000e+00  0.000000e+00  0.000000e+00  5.700000e-01  
8.099949e-01  3.009274e+00  6.458043e-01  0.000000e+00  0.000000e+00  5.700000e-01  8.099949e-01  3.009274e+00  7.047256e-01  0.000000e+00  0.000000e+00  5.700000e-01  1.000000e+00  1.000000e+00  0.000000e+00  0.000000e+00  0.000000e+00  5.700000e-01  1.000000e+00  1.000000e+00  0.000000e+00  0.000000e+00  0.000000e+00  5.700000e-01  1.000000e+00  1.000000e+00  0.000000e+00  0.000000e+00  0.000000e+00  5.700000e-01  1.000000e+00  1.000000e+00  0.000000e+00  0.000000e+00  0.000000e+00  5.700000e-01  
1.182833e+00  3.393684e+00  7.749282e-01  0.000000e+00  0.000000e+00  5.700000e-01  1.182833e+00  3.393684e+00  8.259651e-01  0.000000e+00  0.000000e+00  5.700000e-01  1.000000e+00  1.000000e+00  0.000000e+00  0.000000e+00  0.000000e+00  5.700000e-01  1.000000e+00  1.000000e+00  0.000000e+00  0.000000e+00  0.000000e+00  5.700000e-01  1.000000e+00  1.000000e+00  0.000000e+00  0.000000e+00  0.000000e+00  5.700000e-01  1.000000e+00  1.000000e+00  0.000000e+00  0.000000e+00  0.000000e+00  5.700000e-01  
9.151410e-01  2.826686e+00  7.018856e-01  0.000000e+00  0.000000e+00  5.700000e-01  9.151410e-01  2.826686e+00  8.367544e-01  0.000000e+00  0.000000e+00  5.700000e-01  1.000000e+00  1.000000e+00  0.000000e+00  0.000000e+00  0.000000e+00  5.700000e-01  1.000000e+00  1.000000e+00  0.000000e+00  0.000000e+00  0.000000e+00  5.700000e-01  1.000000e+00  1.000000e+00  0.000000e+00  0.000000e+00  0.000000e+00  5.700000e-01  1.000000e+00  1.000000e+00  0.000000e+00  0.000000e+00  0.000000e+00  5.700000e-01  
5.230119e-01  8.021712e-01  6.803778e-01  0.000000e+00  0.000000e+00  5.700000e-01  5.230119e-01  8.021712e-01  7.427128e-01  0.000000e+00  0.000000e+00  5.700000e-01  1.000000e+00  1.000000e+00  0.000000e+00  0.000000e+00  0.000000e+00  5.700000e-01  1.000000e+00  1.000000e+00  0.000000e+00  0.000000e+00  0.000000e+00  5.700000e-01  1.000000e+00  1.000000e+00  0.000000e+00  0.000000e+00  0.000000e+00  5.700000e-01  1.000000e+00  1.000000e+00  0.000000e+00  0.000000e+00  0.000000e+00  5.700000e-01  
8.206630e-01  2.582850e+00  5.681157e-01  0.000000e+00  0.000000e+00  5.700000e-01  8.206630e-01  2.582850e+00  7.260918e-01  0.000000e+00  0.000000e+00  5.700000e-01  1.000000e+00  1.000000e+00  0.000000e+00  0.000000e+00  0.000000e+00  5.700000e-01  1.000000e+00  1.000000e+00  0.000000e+00  0.000000e+00  0.000000e+00  5.700000e-01  1.000000e+00  1.000000e+00  0.000000e+00  0.000000e+00  0.000000e+00  5.700000e-01  1.000000e+00  1.000000e+00  0.000000e+00  0.000000e+00  0.000000e+00  5.700000e-01  
1.119372e+00  4.918525e+00  6.135879e-01  0.000000e+00  0.000000e+00  5.700000e-01  1.119372e+00  4.918525e+00  4.611778e-02  0.000000e+00  0.000000e+00  5.700000e-01  1.000000e+00  1.000000e+00  0.000000e+00  0.000000e+00  0.000000e+00  5.700000e-01  1.000000e+00  1.000000e+00  0.000000e+00  0.000000e+00  0.000000e+00  5.700000e-01  1.000000e+00  1.000000e+00  0.000000e+00  0.000000e+00  0.000000e+00  5.700000e-01  1.000000e+00  1.000000e+00  0.000000e+00  0.000000e+00  0.000000e+00  5.700000e-01  
7.898191e-01  2.719137e+00  5.521172e-01  0.000000e+00  0.000000e+00  5.700000e-01  7.898191e-01  2.719137e+00  7.760761e-01  0.000000e+00  0.000000e+00  5.700000e-01  1.000000e+00  1.000000e+00  0.000000e+00  0.000000e+00  0.000000e+00  5.700000e-01  1.000000e+00  1.000000e+00  0.000000e+00  0.000000e+00  0.000000e+00  5.700000e-01  1.000000e+00  1.000000e+00  0.000000e+00  0.000000e+00  0.000000e+00  5.700000e-01  1.000000e+00  1.000000e+00  0.000000e+00  0.000000e+00  0.000000e+00  5.700000e-01  
6.252663e-01  1.398694e+00  5.695920e-01  0.000000e+00  0.000000e+00  5.700000e-01  6.252663e-01  1.398694e+00  7.494020e-01  0.000000e+00  0.000000e+00  5.700000e-01  1.000000e+00  1.000000e+00  0.000000e+00  0.000000e+00  0.000000e+00  5.700000e-01  1.000000e+00  1.000000e+00  0.000000e+00  0.000000e+00  0.000000e+00  5.700000e-01  1.000000e+00  1.000000e+00  0.000000e+00  0.000000e+00  0.000000e+00  5.700000e-01  1.000000e+00  1.000000e+00  0.000000e+00  0.000000e+00  0.000000e+00  5.700000e-01  
1.007633e+00  4.007143e+00  5.393335e-01  0.000000e+00  0.000000e+00  5.700000e-01  1.007633e+00  4.007143e+00  9.471331e-01  0.000000e+00  0.000000e+00  5.700000e-01  1.000000e+00  1.000000e+00  0.000000e+00  0.000000e+00  0.000000e+00  5.700000e-01  1.000000e+00  1.000000e+00  0.000000e+00  0.000000e+00  0.000000e+00  5.700000e-01  1.000000e+00  1.000000e+00  0.000000e+00  0.000000e+00  0.000000e+00  5.700000e-01  1.000000e+00  1.000000e+00  0.000000e+00  0.000000e+00  0.000000e+00  5.700000e-01  
1.069744e+00  4.129735e+00  5.806839e-01  0.000000e+00  0.000000e+00  5.700000e-01  1.069744e+00  4.129735e+00  5.161742e-01  0.000000e+00  0.000000e+00  5.700000e-01  1.000000e+00  1.000000e+00  0.000000e+00  0.000000e+00  0.000000e+00  5.700000e-01  1.000000e+00  1.000000e+00  0.000000e+00  0.000000e+00  0.000000e+00  5.700000e-01  1.000000e+00  1.000000e+00  0.000000e+00  0.000000e+00  0.000000e+00  5.700000e-01  1.000000e+00  1.000000e+00  0.000000e+00  0.000000e+00  0.000000e+00  5.700000e-01  
8.963540e-01  2.708442e+00  6.325105e-01  0.000000e+00  0.000000e+00  5.700000e-01  8.963540e-01  2.708442e+00  4.719766e-01  0.000000e+00  0.000000e+00  5.700000e-01  1.000000e+00  1.000000e+00  0.000000e+00  0.000000e+00  0.000000e+00  5.700000e-01  1.000000e+00  1.000000e+00  0.000000e+00  0.000000e+00  0.000000e+00  5.700000e-01  1.000000e+00  1.000000e+00  0.000000e+00  0.000000e+00  0.000000e+00  5.700000e-01  1.000000e+00  1.000000e+00  0.000000e+00  0.000000e+00  0.000000e+00  5.700000e-01  
4.403471e-01  1.197405e+00  5.963164e-01  0.000000e+00  0.000000e+00  5.700000e-01  4.403471e-01  1.197405e+00  6.127198e-01  0.000000e+00  0.000000e+00  5.700000e-01  1.000000e+00  1.000000e+00  0.000000e+00  0.000000e+00  0.000000e+00  5.700000e-01  1.000000e+00  1.000000e+00  0.000000e+00  0.000000e+00  0.000000e+00  5.700000e-01  1.000000e+00  1.000000e+00  0.000000e+00  0.000000e+00  0.000000e+00  5.700000e-01  1.000000e+00  1.000000e+00  0.000000e+00  0.000000e+00  0.000000e+00  5.700000e-01  
9.767085e-01  2.026289e+00  8.055212e-01  0.000000e+00  0.000000e+00  5.700000e-01  9.767085e-01  2.026289e+00  1.071819e-01  0.000000e+00  0.000000e+00  5.700000e-01  1.000000e+00  1.000000e+00  0.000000e+00  0.000000e+00  0.000000e+00  5.700000e-01  1.000000e+00  1.000000e+00  0.000000e+00  0.000000e+00  0.000000e+00  5.700000e-01  1.000000e+00  1.000000e+00  0.000000e+00  0.000000e+00  0.000000e+00  5.700000e-01  1.000000e+00  1.000000e+00  0.000000e+00  0.000000e+00  0.000000e+00  5.700000e-01  
7.361545e-01  2.190370e+00  5.591162e-01  0.000000e+00  0.000000e+00  5.700000e-01  7.361545e-01  2.190370e+00  8.066341e-01  0.000000e+00  0.000000e+00  5.700000e-01  1.000000e+00  1.000000e+00  0.000000e+00  0.000000e+00  0.000000e+00  5.700000e-01  1.000000e+00  1.000000e+00  0.000000e+00  0.000000e+00  0.000000e+00  5.700000e-01  1.000000e+00  1.000000e+00  0.000000e+00  0.000000e+00  0.000000e+00  5.700000e-01  1.000000e+00  1.000000e+00  0.000000e+00  0.000000e+00  0.000000e+00  5.700000e-01  
5.496058e-01  2.483157e+00  4.903890e-01  0.000000e+00  0.000000e+00  5.700000e-01  5.496058e-01  2.483157e+00  3.448053e-01  0.000000e+00  0.000000e+00  5.700000e-01  1.000000e+00  1.000000e+00  0.000000e+00  0.000000e+00  0.000000e+00  5.700000e-01  1.000000e+00  1.000000e+00  0.000000e+00  0.000000e+00  0.000000e+00  5.700000e-01  1.000000e+00  1.000000e+00  0.000000e+00  0.000000e+00  0.000000e+00  5.700000e-01  1.000000e+00  1.000000e+00  0.000000e+00  0.000000e+00  0.000000e+00  5.700000e-01  
9.421423e-01  2.019500e+00  8.592146e-01  0.000000e+00  0.000000e+00  5.700000e-01  9.421423e-01  2.019500e+00  4.889925e-01  0.000000e+00  0.000000e+00  5.700000e-01  1.000000e+00  1.000000e+00  0.000000e+00  0.000000e+00  0.000000e+00  5.700000e-01  1.000000e+00  1.000000e+00  0.000000e+00  0.000000e+00  0.000000e+00  5.700000e-01  1.000000e+00  1.000000e+00  0.000000e+00  0.000000e+00  0.000000e+00  5.700000e-01  1.000000e+00  1.000000e+00  0.000000e+00  0.000000e+00  0.000000e+00  5.700000e-01  
1.007161e+00  4.745866e+00  5.791619e-01  0.000000e+00  0.000000e+00  5.700000e-01  1.007161e+00  4.745866e+00  8.026165e-01  0.000000e+00  0.000000e+00  5.700000e-01  1.000000e+00  1.000000e+00  0.000000e+00  0.000000e+00  0.000000e+00  5.700000e-01  1.000000e+00  1.000000e+00  0.000000e+00  0.000000e+00  0.000000e+00  5.700000e-01  1.000000e+00  1.000000e+00  0.000000e+00  0.000000e+00  0.000000e+00  5.700000e-01  1.000000e+00  1.000000e+00  0.000000e+00  0.000000e+00  0.000000e+00  5.700000e-01  
4.887658e-01  3.553127e-01  7.133453e-01  0.000000e+00  0.000000e+00  5.700000e-01  4.887658e-01  3.553127e-01  6.760851e-01  0.000000e+00  0.000000e+00  5.700000e-01  1.000000e+00  1.000000e+00  0.000000e+00  0.000000e+00  0.000000e+00  5.700000e-01  1.000000e+00  1.000000e+00  0.000000e+00  0.000000e+00  0.000000e+00  5.700000e-01  1.000000e+00  1.000000e+00  0.000000e+00  0.000000e+00  0.000000e+00  5.700000e-01  1.000000e+00  1.000000e+00  0.000000e+00  0.000000e+00  0.000000e+00  5.700000e-01  
1.262073e+00  4.551496e+00  6.818489e-01  0.000000e+00  0.000000e+00  5.700000e-01  1.262073e+00  4.551496e+00  5.698723e-01  0.000000e+00  0.000000e+00  5.700000e-01  1.000000e+00  1.000000e+00  0.000000e+00  0.000000e+00  0.000000e+00  5.700000e-01  1.000000e+00  1.000000e+00  0.000000e+00  0.000000e+00  0.000000e+00  5.700000e-01  1.000000e+00  1.000000e+00  0.000000e+00  0.000000e+00  0.000000e+00  5.700000e-01  1.000000e+00  1.000000e+00  0.000000e+00  0.000000e+00  0.000000e+00  5.700000e-01  
9.987184e-01  2.834516e+00  7.302298e-01  0.000000e+00  0.000000e+00  5.700000e-01  9.987184e-01  2.834516e+00  1.162246e-01  0.000000e+00  0.000000e+00  5.700000e-01  1.000000e+00  1.000000e+00  0.000000e+00  0.000000e+00  0.000000e+00  5.700000e-01  1.000000e+00  1.000000e+00  0.000000e+00  0.000000e+00  0.000000e+00  5.700000e-01  1.000000e+00  1.000000e+00  0.000000e+00  0.000000e+00  0.000000e+00  5.700000e-01  1.000000e+00  1.000000e+00  0.000000e+00  0.000000e+00  0.000000e+00  5.700000e-01  
1.172152e+00  4.160574e+00  5.700189e-01  0.000000e+00  0.000000e+00  5.700000e-01  1.172152e+00  4.160574e+00  9.248784e-01  0.000000e+00  0.000000e+00  5.700000e-01  1.000000e+00  1.000000e+00  0.000000e+00  0.000000e+00  0.000000e+00  5.700000e-01  1.000000e+00  1.000000e+00  0.000000e+00  0.000000e+00  0.000000e+00  5.700000e-01  1.000000e+00  1.000000e+00  0.000000e+00  0.000000e+00  0.000000e+00  5.700000e-01  1.000000e+00  1.000000e+00  0.000000e+00  0.000000e+00  0.000000e+00  5.700000e-01  
9.333718e-01  2.657398e+00  6.332727e-01  0.000000e+00  0.000000e+00  5.700000e-01  9.333718e-01  2.657398e+00  8.327413e-01  0.000000e+00  0.000000e+00  5.700000e-01  1.000000e+00  1.000000e+00  0.000000e+00  0.000000e+00  0.000000e+00  5.700000e-01  1.000000e+00  1.000000e+00  0.000000e+00  0.000000e+00  0.000000e+00  5.700000e-01  1.000000e+00  1.000000e+00  0.000000e+00  0.000000e+00  0.000000e+00  5.700000e-01  1.000000e+00  1.000000e+00  0.000000e+00  0.000000e+00  0.000000e+00  5.700000e-01  
5.383178e-01  8.515366e-01  5.472199e-01  0.000000e+00  0.000000e+00  5.700000e-01  5.383178e-01  8.515366e-01  8.815187e-01  0.000000e+00  0.000000e+00  5.700000e-01  1.000000e+00  1.000000e+00  0.000000e+00  0.000000e+00  0.000000e+00  5.700000e-01  1.000000e+00  1.000000e+00  0.000000e+00  0.000000e+00  0.000000e+00  5.700000e-01  1.000000e+00  1.000000e+00  0.000000e+00  0.000000e+00  0.000000e+00  5.700000e-01  1.000000e+00  1.000000e+00  0.000000e+00  0.000000e+00  0.000000e+00  5.700000e-01  
7.642403e-01  2.447080e+00  5.832510e-01  0.000000e+00  0.000000e+00  5.700000e-01  7.642403e-01  2.447080e+00  2.027829e-01  0.000000e+00  0.000000e+00  5.700000e-01  1.000000e+00  1.000000e+00  0.000000e+00  0.000000e+00  0.000000e+00  5.700000e-01  1.000000e+00  1.000000e+00  0.000000e+00  0.000000e+00  0.000000e+00  5.700000e-01  1.000000e+00  1.000000e+00  0.000000e+00  0.000000e+00  0.000000e+00  5.700000e-01  1.000000e+00  1.000000e+00  0.000000e+00  0.000000e+00  0.000000e+00  5.700000e-01  
5.265245e-01  1.232376e+00  5.540196e-01  0.000000e+00  0.000000e+00  5.700000e-01  5.265245e-01  1.232376e+00  8.263470e-01  0.000000e+00  0.000000e+00  5.700000e-01  1.000000e+00  1.000000e+00  0.000000e+00  0.000000e+00  0.000000e+00  5.700000e-01  1.000000e+00  1.000000e+00  0.000000e+00  0.000000e+00  0.000000e+00  5.700000e-01  1.000000e+00  1.000000e+00  0.000000e+00  0.000000e+00  0.000000e+00  5.700000e-01  1.000000e+00  1.000000e+00  0.000000e+00  0.000000e+00  0.000000e+00  5.700000e-01  
5.751913e-01  1.947832e+00  5.127622e-01  0.000000e+00  0.000000e+00  5.700000e-01  5.751913e-01  1.947832e+00  2.486681e-01  0.000000e+00  0.000000e+00  5.700000e-01  1.000000e+00  1.000000e+00  0.000000e+00  0.000000e+00  0.000000e+00  5.700000e-01  1.000000e+00  1.000000e+00  0.000000e+00  0.000000e+00  0.000000e+00  5.700000e-01  1.000000e+00  1.000000e+00  0.000000e+00  0.000000e+00  0.000000e+00  5.700000e-01  1.000000e+00  1.000000e+00  0.000000e+00  0.000000e+00  0.000000e+00  5.700000e-01  
9.844303e-01  2.914494e+00  6.133280e-01  0.000000e+00  0.000000e+00  5.700000e-01  9.844303e-01  2.914494e+00  7.706312e-01  0.000000e+00  0.000000e+00  5.700000e-01  1.000000e+00  1.000000e+00  0.000000e+00  0.000000e+00  0.000000e+00  5.700000e-01  1.000000e+00  1.000000e+00  0.000000e+00  0.000000e+00  0.000000e+00  5.700000e-01  1.000000e+00  1.000000e+00  0.000000e+00  0.000000e+00  0.000000e+00  5.700000e-01  1.000000e+00  1.000000e+00  0.000000e+00  0.000000e+00  0.000000e+00  5.700000e-01  
1.007777e+00  2.905080e+00  6.669179e-01  0.000000e+00  0.000000e+00  5.700000e-01  1.007777e+00  2.905080e+00  7.838647e-01  0.000000e+00  0.000000e+00  5.700000e-01  1.000000e+00  1.000000e+00  0.000000e+00  0.000000e+00  0.000000e+00  5.700000e-01  1.000000e+00  1.000000e+00  0.000000e+00  0.000000e+00  0.000000e+00  5.700000e-01  1.000000e+00  1.000000e+00  0.000000e+00  0.000000e+00  0.000000e+00  5.700000e-01  1.000000e+00  1.000000e+00  0.000000e+00  0.000000e+00  0.000000e+00  5.700000e-01  
1.184600e+00  4.179646e+00  6.055914e-01  0.000000e+00  0.000000e+00  5.700000e-01  1.184600e+00  4.179646e+00  5.983894e-01  0.000000e+00  0.000000e+00  5.700000e-01  1.000000e+00  1.000000e+00  0.000000e+00  0.000000e+00  0.000000e+00  5.700000e-01  1.000000e+00  1.000000e+00  0.000000e+00  0.000000e+00  0.000000e+00  5.700000e-01  1.000000e+00  1.000000e+00  0.000000e+00  0.000000e+00  0.000000e+00  5.700000e-01  1.000000e+00  1.000000e+00  0.000000e+00  0.000000e+00  0.000000e+00  5.700000e-01  
7.163657e-01  2.499761e+00  6.376123e-01  0.000000e+00  0.000000e+00  5.700000e-01  7.163657e-01  2.499761e+00  7.122726e-01  0.000000e+00  0.000000e+00  5.700000e-01  1.000000e+00  1.000000e+00  0.000000e+00  0.000000e+00  0.000000e+00  5.700000e-01  1.000000e+00  1.000000e+00  0.000000e+00  0.000000e+00  0.000000e+00  5.700000e-01  1.000000e+00  1.000000e+00  0.000000e+00  0.000000e+00  0.000000e+00  5.700000e-01  1.000000e+00  1.000000e+00  0.000000e+00  0.000000e+00  0.000000e+00  5.700000e-01  
7.238054e-01  1.394213e+00  6.968015e-01  0.000000e+00  0.000000e+00  5.700000e-01  7.238054e-01  1.394213e+00  5.484111e-01  0.000000e+00  0.000000e+00  5.700000e-01  1.000000e+00  1.000000e+00  0.000000e+00  0.000000e+00  0.000000e+00  5.700000e-01  1.000000e+00  1.000000e+00  0.000000e+00  0.000000e+00  0.000000e+00  5.700000e-01  1.000000e+00  1.000000e+00  0.000000e+00  0.000000e+00  0.000000e+00  5.700000e-01  1.000000e+00  1.000000e+00  0.000000e+00  0.000000e+00  0.000000e+00  5.700000e-01  
7.332271e-01  1.451906e+00  6.633320e-01  0.000000e+00  0.000000e+00  5.700000e-01  7.332271e-01  1.451906e+00  6.405317e-01  0.000000e+00  0.000000e+00  5.700000e-01  1.000000e+00  1.000000e+00  0.000000e+00  0.000000e+00  0.000000e+00  5.700000e-01  1.000000e+00  1.000000e+00  0.000000e+00  0.000000e+00  0.000000e+00  5.700000e-01  1.000000e+00  1.000000e+00  0.000000e+00  0.000000e+00  0.000000e+00  5.700000e-01  1.000000e+00  1.000000e+00  0.000000e+00  0.000000e+00  0.000000e+00  5.700000e-01  
4.966141e-01  2.029957e+00  5.214760e-01  0.000000e+00  0.000000e+00  5.700000e-01  4.966141e-01  2.029957e+00  7.919972e-01  0.000000e+00  0.000000e+00  5.700000e-01  1.000000e+00  1.000000e+00  0.000000e+00  0.000000e+00  0.000000e+00  5.700000e-01  1.000000e+00  1.000000e+00  0.000000e+00  0.000000e+00  0.000000e+00  5.700000e-01  1.000000e+00  1.000000e+00  0.000000e+00  0.000000e+00  0.000000e+00  5.700000e-01  1.000000e+00  1.000000e+00  0.000000e+00  0.000000e+00  0.000000e+00  5.700000e-01  
7.669377e-01  2.486549e+00  5.740295e-01  0.000000e+00  0.000000e+00  5.700000e-01  7.669377e-01  2.486549e+00  3.428205e-01  0.000000e+00  0.000000e+00  5.700000e-01  1.000000e+00  1.000000e+00  0.000000e+00  0.000000e+00  0.000000e+00  5.700000e-01  1.000000e+00  1.000000e+00  0.000000e+00  0.000000e+00  0.000000e+00  5.700000e-01  1.000000e+00  1.000000e+00  0.000000e+00  0.000000e+00  0.000000e+00  5.700000e-01  1.000000e+00  1.000000e+00  0.000000e+00  0.000000e+00  0.000000e+00  5.700000e-01  
4.515474e-01  1.314769e+00  5.497394e-01  0.000000e+00  0.000000e+00  5.700000e-01  4.515474e-01  1.314769e+00  6.990926e-01  0.000000e+00  0.000000e+00  5.700000e-01  1.000000e+00  1.000000e+00  0.000000e+00  0.000000e+00  0.000000e+00  5.700000e-01  1.000000e+00  1.000000e+00  0.000000e+00  0.000000e+00  0.000000e+00  5.700000e-01  1.000000e+00  1.000000e+00  0.000000e+00  0.000000e+00  0.000000e+00  5.700000e-01  1.000000e+00  1.000000e+00  0.000000e+00  0.000000e+00  0.000000e+00  5.700000e-01  
1.090004e+00  4.426363e+00  5.667412e-01  0.000000e+00  0.000000e+00  5.700000e-01  1.090004e+00  4.426363e+00  4.988256e-01  0.000000e+00  0.000000e+00  5.700000e-01  1.000000e+00  1.000000e+00  0.000000e+00  0.000000e+00  0.000000e+00  5.700000e-01  1.000000e+00  1.000000e+00  0.000000e+00  0.000000e+00  0.000000e+00  5.700000e-01  1.000000e+00  1.000000e+00  0.000000e+00  0.000000e+00  0.000000e+00  5.700000e-01  1.000000e+00  1.000000e+00  0.000000e+00  0.000000e+00  0.000000e+00  5.700000e-01  
1.382635e+00  4.259131e+00  6.711519e-01  0.000000e+00  0.000000e+00  5.700000e-01  1.382635e+00  4.259131e+00  9.116069e-01  0.000000e+00  0.000000e+00  5.700000e-01  1.000000e+00  1.000000e+00  0.000000e+00  0.000000e+00  0.000000e+00  5.700000e-01  1.000000e+00  1.000000e+00  0.000000e+00  0.000000e+00  0.000000e+00  5.700000e-01  1.000000e+00  1.000000e+00  0.000000e+00  0.000000e+00  0.000000e+00  5.700000e-01  1.000000e+00  1.000000e+00  0.000000e+00  0.000000e+00  0.000000e+00  5.700000e-01  
1.114959e+00  4.812153e+00  5.190606e-01  0.000000e+00  0.000000e+00  5.700000e-01  1.114959e+00  4.812153e+00  6.387820e-01  0.000000e+00  0.000000e+00  5.700000e-01  1.000000e+00  1.000000e+00  0.000000e+00  0.000000e+00  0.000000e+00  5.700000e-01  1.000000e+00  1.000000e+00  0.000000e+00  0.000000e+00  0.000000e+00  5.700000e-01  1.000000e+00  1.000000e+00  0.000000e+00  0.000000e+00  0.000000e+00  5.700000e-01  1.000000e+00  1.000000e+00  0.000000e+00  0.000000e+00  0.000000e+00  5.700000e-01  
1.155191e+00  5.155355e+00  6.279653e-01  0.000000e+00  0.000000e+00  5.700000e-01  1.155191e+00  5.155355e+00  3.111824e-01  0.000000e+00  0.000000e+00  5.700000e-01  1.000000e+00  1.000000e+00  0.000000e+00  0.000000e+00  0.000000e+00  5.700000e-01  1.000000e+00  1.000000e+00  0.000000e+00  0.000000e+00  0.000000e+00  5.700000e-01  1.000000e+00  1.000000e+00  0.000000e+00  0.000000e+00  0.000000e+00  5.700000e-01  1.000000e+00  1.000000e+00  0.000000e+00  0.000000e+00  0.000000e+00  5.700000e-01  
5.211590e-01  6.862729e-01  5.676650e-01  0.000000e+00  0.000000e+00  5.700000e-01  5.211590e-01  6.862729e-01  8.320414e-01  0.000000e+00  0.000000e+00  5.700000e-01  1.000000e+00  1.000000e+00  0.000000e+00  0.000000e+00  0.000000e+00  5.700000e-01  1.000000e+00  1.000000e+00  0.000000e+00  0.000000e+00  0.000000e+00  5.700000e-01  1.000000e+00  1.000000e+00  0.000000e+00  0.000000e+00  0.000000e+00  5.700000e-01  1.000000e+00  1.000000e+00  0.000000e+00  0.000000e+00  0.000000e+00  5.700000e-01  
4.373263e-01  5.542724e-01  6.096765e-01  0.000000e+00  0.000000e+00  5.700000e-01  4.373263e-01  5.542724e-01  9.711949e-01  0.000000e+00  0.000000e+00  5.700000e-01  1.000000e+00  1.000000e+00  0.000000e+00  0.000000e+00  0.000000e+00  5.700000e-01  1.000000e+00  1.000000e+00  0.000000e+00  0.000000e+00  0.000000e+00  5.700000e-01  1.000000e+00  1.000000e+00  0.000000e+00  0.000000e+00  0.000000e+00  5.700000e-01  1.000000e+00  1.000000e+00  0.000000e+00  0.000000e+00  0.000000e+00  5.700000e-01  
9.094504e-01  4.672460e+00  5.810487e-01  0.000000e+00  0.000000e+00  5.700000e-01  9.094504e-01  4.672460e+00  8.739300e-01  0.000000e+00  0.000000e+00  5.700000e-01  1.000000e+00  1.000000e+00  0.000000e+00  0.000000e+00  0.000000e+00  5.700000e-01  1.000000e+00  1.000000e+00  0.000000e+00  0.000000e+00  0.000000e+00  5.700000e-01  1.000000e+00  1.000000e+00  0.000000e+00  0.000000e+00  0.000000e+00  5.700000e-01  1.000000e+00  1.000000e+00  0.000000e+00  0.000000e+00  0.000000e+00  5.700000e-01  
6.251947e-01  8.737468e-01  7.663202e-01  0.000000e+00  0.000000e+00  5.700000e-01  6.251947e-01  8.737468e-01  4.052200e-01  0.000000e+00  0.000000e+00  5.700000e-01  1.000000e+00  1.000000e+00  0.000000e+00  0.000000e+00  0.000000e+00  5.700000e-01  1.000000e+00  1.000000e+00  0.000000e+00  0.000000e+00  0.000000e+00  5.700000e-01  1.000000e+00  1.000000e+00  0.000000e+00  0.000000e+00  0.000000e+00  5.700000e-01  1.000000e+00  1.000000e+00  0.000000e+00  0.000000e+00  0.000000e+00  5.700000e-01  
7.473296e-01  2.405723e+00  5.729904e-01  0.000000e+00  0.000000e+00  5.700000e-01  7.473296e-01  2.405723e+00  8.354423e-01  0.000000e+00  0.000000e+00  5.700000e-01  1.000000e+00  1.000000e+00  0.000000e+00  0.000000e+00  0.000000e+00  5.700000e-01  1.000000e+00  1.000000e+00  0.000000e+00  0.000000e+00  0.000000e+00  5.700000e-01  1.000000e+00  1.000000e+00  0.000000e+00  0.000000e+00  0.000000e+00  5.700000e-01  1.000000e+00  1.000000e+00  0.000000e+00  0.000000e+00  0.000000e+00  5.700000e-01  
1.006374e+00  2.623003e+00  7.221472e-01  0.000000e+00  0.000000e+00  5.700000e-01  1.006374e+00  2.623003e+00  5.969468e-01  0.000000e+00  0.000000e+00  5.700000e-01  1.000000e+00  1.000000e+00  0.000000e+00  0.000000e+00  0.000000e+00  5.700000e-01  1.000000e+00  1.000000e+00  0.000000e+00  0.000000e+00  0.000000e+00  5.700000e-01  1.000000e+00  1.000000e+00  0.000000e+00  0.000000e+00  0.000000e+00  5.700000e-01  1.000000e+00  1.000000e+00  0.000000e+00  0.000000e+00  0.000000e+00  5.700000e-01  
7.196720e-01  1.471227e+00  5.784336e-01  0.000000e+00  0.000000e+00  5.700000e-01  7.196720e-01  1.471227e+00  3.914632e-01  0.000000e+00  0.000000e+00  5.700000e-01  1.000000e+00  1.000000e+00  0.000000e+00  0.000000e+00  0.000000e+00  5.700000e-01  1.000000e+00  1.000000e+00  0.000000e+00  0.000000e+00  0.000000e+00  5.700000e-01  1.000000e+00  1.000000e+00  0.000000e+00  0.000000e+00  0.000000e+00  5.700000e-01  1.000000e+00  1.000000e+00  0.000000e+00  0.000000e+00  0.000000e+00  5.700000e-01  
5.571612e-01  1.621724e+00  5.531983e-01  0.000000e+00  0.000000e+00  5.700000e-01  5.571612e-01  1.621724e+00  8.656631e-01  0.000000e+00  0.000000e+00  5.700000e-01  1.000000e+00  1.000000e+00  0.000000e+00  0.000000e+00  0.000000e+00  5.700000e-01  1.000000e+00  1.000000e+00  0.000000e+00  0.000000e+00  0.000000e+00  5.700000e-01  1.000000e+00  1.000000e+00  0.000000e+00  0.000000e+00  0.000000e+00  5.700000e-01  1.000000e+00  1.000000e+00  0.000000e+00  0.000000e+00  0.000000e+00  5.700000e-01  
7.169368e-01  1.652377e+00  5.623789e-01  0.000000e+00  0.000000e+00  5.700000e-01  7.169368e-01  1.652377e+00  7.288225e-01  0.000000e+00  0.000000e+00  5.700000e-01  1.000000e+00  1.000000e+00  0.000000e+00  0.000000e+00  0.000000e+00  5.700000e-01  1.000000e+00  1.000000e+00  0.000000e+00  0.000000e+00  0.000000e+00  5.700000e-01  1.000000e+00  1.000000e+00  0.000000e+00  0.000000e+00  0.000000e+00  5.700000e-01  1.000000e+00  1.000000e+00  0.000000e+00  0.000000e+00  0.000000e+00  5.700000e-01  
5.105873e-01  1.046503e+00  6.007180e-01  0.000000e+00  0.000000e+00  5.700000e-01  5.105873e-01  1.046503e+00  5.572380e-01  0.000000e+00  0.000000e+00  5.700000e-01  1.000000e+00  1.000000e+00  0.000000e+00  0.000000e+00  0.000000e+00  5.700000e-01  1.000000e+00  1.000000e+00  0.000000e+00  0.000000e+00  0.000000e+00  5.700000e-01  1.000000e+00  1.000000e+00  0.000000e+00  0.000000e+00  0.000000e+00  5.700000e-01  1.000000e+00  1.000000e+00  0.000000e+00  0.000000e+00  0.000000e+00  5.700000e-01  
5.092641e-01  6.660907e-01  5.831982e-01  0.000000e+00  0.000000e+00  5.700000e-01  5.092641e-01  6.660907e-01  9.006088e-01  0.000000e+00  0.000000e+00  5.700000e-01  1.000000e+00  1.000000e+00  0.000000e+00  0.000000e+00  0.000000e+00  5.700000e-01  1.000000e+00  1.000000e+00  0.000000e+00  0.000000e+00  0.000000e+00  5.700000e-01  1.000000e+00  1.000000e+00  0.000000e+00  0.000000e+00  0.000000e+00  5.700000e-01  1.000000e+00  1.000000e+00  0.000000e+00  0.000000e+00  0.000000e+00  5.700000e-01  
1.187512e+00  3.790581e+00  7.920700e-01  0.000000e+00  0.000000e+00  5.700000e-01  1.187512e+00  3.790581e+00  5.845347e-01  0.000000e+00  0.000000e+00  5.700000e-01  1.000000e+00  1.000000e+00  0.000000e+00  0.000000e+00  0.000000e+00  5.700000e-01  1.000000e+00  1.000000e+00  0.000000e+00  0.000000e+00  0.000000e+00  5.700000e-01  1.000000e+00  1.000000e+00  0.000000e+00  0.000000e+00  0.000000e+00  5.700000e-01  1.000000e+00  1.000000e+00  0.000000e+00  0.000000e+00  0.000000e+00  5.700000e-01  
8.134738e-01  4.071390e+00  4.827795e-01  0.000000e+00  0.000000e+00  5.700000e-01  8.134738e-01  4.071390e+00  9.897600e-01  0.000000e+00  0.000000e+00  5.700000e-01  1.000000e+00  1.000000e+00  0.000000e+00  0.000000e+00  0.000000e+00  5.700000e-01  1.000000e+00  1.000000e+00  0.000000e+00  0.000000e+00  0.000000e+00  5.700000e-01  1.000000e+00  1.000000e+00  0.000000e+00  0.000000e+00  0.000000e+00  5.700000e-01  1.000000e+00  1.000000e+00  0.000000e+00  0.000000e+00  0.000000e+00  5.700000e-01  
6.024922e-01  1.968066e+00  6.081396e-01  0.000000e+00  0.000000e+00  5.700000e-01  6.024922e-01  1.968066e+00  1.263731e-01  0.000000e+00  0.000000e+00  5.700000e-01  1.000000e+00  1.000000e+00  0.000000e+00  0.000000e+00  0.000000e+00  5.700000e-01  1.000000e+00  1.000000e+00  0.000000e+00  0.000000e+00  0.000000e+00  5.700000e-01  1.000000e+00  1.000000e+00  0.000000e+00  0.000000e+00  0.000000e+00  5.700000e-01  1.000000e+00  1.000000e+00  0.000000e+00  0.000000e+00  0.000000e+00  5.700000e-01  
8.218195e-01  2.953783e+00  6.285586e-01  0.000000e+00  0.000000e+00  5.700000e-01  8.218195e-01  2.953783e+00  7.854387e-01  0.000000e+00  0.000000e+00  5.700000e-01  1.000000e+00  1.000000e+00  0.000000e+00  0.000000e+00  0.000000e+00  5.700000e-01  1.000000e+00  1.000000e+00  0.000000e+00  0.000000e+00  0.000000e+00  5.700000e-01  1.000000e+00  1.000000e+00  0.000000e+00  0.000000e+00  0.000000e+00  5.700000e-01  1.000000e+00  1.000000e+00  0.000000e+00  0.000000e+00  0.000000e+00  5.700000e-01  
7.493927e-01  1.908535e+00  6.453305e-01  0.000000e+00  0.000000e+00  5.700000e-01  7.493927e-01  1.908535e+00  4.171898e-01  0.000000e+00  0.000000e+00  5.700000e-01  1.000000e+00  1.000000e+00  0.000000e+00  0.000000e+00  0.000000e+00  5.700000e-01  1.000000e+00  1.000000e+00  0.000000e+00  0.000000e+00  0.000000e+00  5.700000e-01  1.000000e+00  1.000000e+00  0.000000e+00  0.000000e+00  0.000000e+00  5.700000e-01  1.000000e+00  1.000000e+00  0.000000e+00  0.000000e+00  0.000000e+00  5.700000e-01  
8.461319e-01  3.744233e+00  5.406426e-01  0.000000e+00  0.000000e+00  5.700000e-01  8.461319e-01  3.744233e+00  6.803725e-01  0.000000e+00  0.000000e+00  5.700000e-01  1.000000e+00  1.000000e+00  0.000000e+00  0.000000e+00  0.000000e+00  5.700000e-01  1.000000e+00  1.000000e+00  0.000000e+00  0.000000e+00  0.000000e+00  5.700000e-01  1.000000e+00  1.000000e+00  0.000000e+00  0.000000e+00  0.000000e+00  5.700000e-01  1.000000e+00  1.000000e+00  0.000000e+00  0.000000e+00  0.000000e+00  5.700000e-01  
8.464414e-01  2.150370e+00  5.830361e-01  0.000000e+00  0.000000e+00  5.700000e-01  8.464414e-01  2.150370e+00  5.263734e-01  0.000000e+00  0.000000e+00  5.700000e-01  1.000000e+00  1.000000e+00  0.000000e+00  0.000000e+00  0.000000e+00  5.700000e-01  1.000000e+00  1.000000e+00  0.000000e+00  0.000000e+00  0.000000e+00  5.700000e-01  1.000000e+00  1.000000e+00  0.000000e+00  0.000000e+00  0.000000e+00  5.700000e-01  1.000000e+00  1.000000e+00  0.000000e+00  0.000000e+00  0.000000e+00  5.700000e-01  
1.305350e+00  4.340979e+00  6.458881e-01  0.000000e+00  0.000000e+00  5.700000e-01  1.305350e+00  4.340979e+00  7.531145e-01  0.000000e+00  0.000000e+00  5.700000e-01  1.000000e+00  1.000000e+00  0.000000e+00  0.000000e+00  0.000000e+00  5.700000e-01  1.000000e+00  1.000000e+00  0.000000e+00  0.000000e+00  0.000000e+00  5.700000e-01  1.000000e+00  1.000000e+00  0.000000e+00  0.000000e+00  0.000000e+00  5.700000e-01  1.000000e+00  1.000000e+00  0.000000e+00  0.000000e+00  0.000000e+00  5.700000e-01  
8.582622e-01  3.454478e+00  5.392007e-01  0.000000e+00  0.000000e+00  5.700000e-01  8.582622e-01  3.454478e+00  6.503098e-01  0.000000e+00  0.000000e+00  5.700000e-01  1.000000e+00  1.000000e+00  0.000000e+00  0.000000e+00  0.000000e+00  5.700000e-01  1.000000e+00  1.000000e+00  0.000000e+00  0.000000e+00  0.000000e+00  5.700000e-01  1.000000e+00  1.000000e+00  0.000000e+00  0.000000e+00  0.000000e+00  5.700000e-01  1.000000e+00  1.000000e+00  0.000000e+00  0.000000e+00  0.000000e+00  5.700000e-01  
5.148134e-01  4.954098e-01  7.303553e-01  0.000000e+00  0.000000e+00  5.700000e-01  5.148134e-01  4.954098e-01  -1.315588e-02  0.000000e+00  0.000000e+00  5.700000e-01  1.000000e+00  1.000000e+00  0.000000e+00  0.000000e+00  0.000000e+00  5.700000e-01  1.000000e+00  1.000000e+00  0.000000e+00  0.000000e+00  0.000000e+00  5.700000e-01  1.000000e+00  1.000000e+00  0.000000e+00  0.000000e+00  0.000000e+00  5.700000e-01  1.000000e+00  1.000000e+00  0.000000e+00  0.000000e+00  0.000000e+00  5.700000e-01  
7.052518e-01  1.691573e+00  6.674188e-01  0.000000e+00  0.000000e+00  5.700000e-01  7.052518e-01  1.691573e+00  4.916816e-01  0.000000e+00  0.000000e+00  5.700000e-01  1.000000e+00  1.000000e+00  0.000000e+00  0.000000e+00  0.000000e+00  5.700000e-01  1.000000e+00  1.000000e+00  0.000000e+00  0.000000e+00  0.000000e+00  5.700000e-01  1.000000e+00  1.000000e+00  0.000000e+00  0.000000e+00  0.000000e+00  5.700000e-01  1.000000e+00  1.000000e+00  0.000000e+00  0.000000e+00  0.000000e+00  5.700000e-01  
2.331878e-01  4.811313e-01  4.401969e-01  0.000000e+00  0.000000e+00  5.700000e-01  2.331878e-01  4.811313e-01  9.993742e-01  0.000000e+00  0.000000e+00  5.700000e-01  1.000000e+00  1.000000e+00  0.000000e+00  0.000000e+00  0.000000e+00  5.700000e-01  1.000000e+00  1.000000e+00  0.000000e+00  0.000000e+00  0.000000e+00  5.700000e-01  1.000000e+00  1.000000e+00  0.000000e+00  0.000000e+00  0.000000e+00  5.700000e-01  1.000000e+00  1.000000e+00  0.000000e+00  0.000000e+00  0.000000e+00  5.700000e-01  
9.527134e-01  3.603470e+00  6.691925e-01  0.000000e+00  0.000000e+00  5.700000e-01  9.527134e-01  3.603470e+00  -2.062607e-01  0.000000e+00  0.000000e+00  5.700000e-01  1.000000e+00  1.000000e+00  0.000000e+00  0.000000e+00  0.000000e+00  5.700000e-01  1.000000e+00  1.000000e+00  0.000000e+00  0.000000e+00  0.000000e+00  5.700000e-01  1.000000e+00  1.000000e+00  0.000000e+00  0.000000e+00  0.000000e+00  5.700000e-01  1.000000e+00  1.000000e+00  0.000000e+00  0.000000e+00  0.000000e+00  5.700000e-01  
1.059607e+00  4.485593e+00  5.730951e-01  0.000000e+00  0.000000e+00  5.700000e-01  1.059607e+00  4.485593e+00  3.002687e-01  0.000000e+00  0.000000e+00  5.700000e-01  1.000000e+00  1.000000e+00  0.000000e+00  0.000000e+00  0.000000e+00  5.700000e-01  1.000000e+00  1.000000e+00  0.000000e+00  0.000000e+00  0.000000e+00  5.700000e-01  1.000000e+00  1.000000e+00  0.000000e+00  0.000000e+00  0.000000e+00  5.700000e-01  1.000000e+00  1.000000e+00  0.000000e+00  0.000000e+00  0.000000e+00  5.700000e-01  
5.214213e-01  1.519409e+00  5.022082e-01  0.000000e+00  0.000000e+00  5.700000e-01  5.214213e-01  1.519409e+00  4.893028e-01  0.000000e+00  0.000000e+00  5.700000e-01  1.000000e+00  1.000000e+00  0.000000e+00  0.000000e+00  0.000000e+00  5.700000e-01  1.000000e+00  1.000000e+00  0.000000e+00  0.000000e+00  0.000000e+00  5.700000e-01  1.000000e+00  1.000000e+00  0.000000e+00  0.000000e+00  0.000000e+00  5.700000e-01  1.000000e+00  1.000000e+00  0.000000e+00  0.000000e+00  0.000000e+00  5.700000e-01  
6.134515e-01  1.254400e+00  6.533649e-01  0.000000e+00  0.000000e+00  5.700000e-01  6.134515e-01  1.254400e+00  9.944494e-01  0.000000e+00  0.000000e+00  5.700000e-01  1.000000e+00  1.000000e+00  0.000000e+00  0.000000e+00  0.000000e+00  5.700000e-01  1.000000e+00  1.000000e+00  0.000000e+00  0.000000e+00  0.000000e+00  5.700000e-01  1.000000e+00  1.000000e+00  0.000000e+00  0.000000e+00  0.000000e+00  5.700000e-01  1.000000e+00  1.000000e+00  0.000000e+00  0.000000e+00  0.000000e+00  5.700000e-01  
6.818738e-01  9.825438e-01  7.562410e-01  0.000000e+00  0.000000e+00  5.700000e-01  6.818738e-01  9.825438e-01  9.310916e-01  0.000000e+00  0.000000e+00  5.700000e-01  1.000000e+00  1.000000e+00  0.000000e+00  0.000000e+00  0.000000e+00  5.700000e-01  1.000000e+00  1.000000e+00  0.000000e+00  0.000000e+00  0.000000e+00  5.700000e-01  1.000000e+00  1.000000e+00  0.000000e+00  0.000000e+00  0.000000e+00  5.700000e-01  1.000000e+00  1.000000e+00  0.000000e+00  0.000000e+00  0.000000e+00  5.700000e-01  
6.620759e-01  1.893224e+00  5.845428e-01  0.000000e+00  0.000000e+00  5.700000e-01  6.620759e-01  1.893224e+00  9.503418e-01  0.000000e+00  0.000000e+00  5.700000e-01  1.000000e+00  1.000000e+00  0.000000e+00  0.000000e+00  0.000000e+00  5.700000e-01  1.000000e+00  1.000000e+00  0.000000e+00  0.000000e+00  0.000000e+00  5.700000e-01  1.000000e+00  1.000000e+00  0.000000e+00  0.000000e+00  0.000000e+00  5.700000e-01  1.000000e+00  1.000000e+00  0.000000e+00  0.000000e+00  0.000000e+00  5.700000e-01  
6.151986e-01  9.911043e-01  6.908579e-01  0.000000e+00  0.000000e+00  5.700000e-01  6.151986e-01  9.911043e-01  8.358598e-01  0.000000e+00  0.000000e+00  5.700000e-01  1.000000e+00  1.000000e+00  0.000000e+00  0.000000e+00  0.000000e+00  5.700000e-01  1.000000e+00  1.000000e+00  0.000000e+00  0.000000e+00  0.000000e+00  5.700000e-01  1.000000e+00  1.000000e+00  0.000000e+00  0.000000e+00  0.000000e+00  5.700000e-01  1.000000e+00  1.000000e+00  0.000000e+00  0.000000e+00  0.000000e+00  5.700000e-01  
3.420608e-01  1.040076e-01  6.478764e-01  0.000000e+00  0.000000e+00  5.700000e-01  3.420608e-01  1.040076e-01  6.833082e-01  0.000000e+00  0.000000e+00  5.700000e-01  1.000000e+00  1.000000e+00  0.000000e+00  0.000000e+00  0.000000e+00  5.700000e-01  1.000000e+00  1.000000e+00  0.000000e+00  0.000000e+00  0.000000e+00  5.700000e-01  1.000000e+00  1.000000e+00  0.000000e+00  0.000000e+00  0.000000e+00  5.700000e-01  1.000000e+00  1.000000e+00  0.000000e+00  0.000000e+00  0.000000e+00  5.700000e-01  
9.886723e-01  2.882671e+00  6.688179e-01  0.000000e+00  0.000000e+00  5.700000e-01  9.886723e-01  2.882671e+00  4.362122e-01  0.000000e+00  0.000000e+00  5.700000e-01  1.000000e+00  1.000000e+00  0.000000e+00  0.000000e+00  0.000000e+00  5.700000e-01  1.000000e+00  1.000000e+00  0.000000e+00  0.000000e+00  0.000000e+00  5.700000e-01  1.000000e+00  1.000000e+00  0.000000e+00  0.000000e+00  0.000000e+00  5.700000e-01  1.000000e+00  1.000000e+00  0.000000e+00  0.000000e+00  0.000000e+00  5.700000e-01  
8.678848e-01  3.583741e+00  5.787021e-01  0.000000e+00  0.000000e+00  5.700000e-01  8.678848e-01  3.583741e+00  -6.445783e-02  0.000000e+00  0.000000e+00  5.700000e-01  1.000000e+00  1.000000e+00  0.000000e+00  0.000000e+00  0.000000e+00  5.700000e-01  1.000000e+00  1.000000e+00  0.000000e+00  0.000000e+00  0.000000e+00  5.700000e-01  1.000000e+00  1.000000e+00  0.000000e+00  0.000000e+00  0.000000e+00  5.700000e-01  1.000000e+00  1.000000e+00  0.000000e+00  0.000000e+00  0.000000e+00  5.700000e-01  
1.238866e+00  4.232538e+00  7.001972e-01  0.000000e+00  0.000000e+00  5.700000e-01  1.238866e+00  4.232538e+00  9.611734e-01  0.000000e+00  0.000000e+00  5.700000e-01  1.000000e+00  1.000000e+00  0.000000e+00  0.000000e+00  0.000000e+00  5.700000e-01  1.000000e+00  1.000000e+00  0.000000e+00  0.000000e+00  0.000000e+00  5.700000e-01  1.000000e+00  1.000000e+00  0.000000e+00  0.000000e+00  0.000000e+00  5.700000e-01  1.000000e+00  1.000000e+00  0.000000e+00  0.000000e+00  0.000000e+00  5.700000e-01  
9.960479e-01  2.039139e+00  7.042928e-01  0.000000e+00  0.000000e+00  5.700000e-01  9.960479e-01  2.039139e+00  9.426963e-01  0.000000e+00  0.000000e+00  5.700000e-01  1.000000e+00  1.000000e+00  0.000000e+00  0.000000e+00  0.000000e+00  5.700000e-01  1.000000e+00  1.000000e+00  0.000000e+00  0.000000e+00  0.000000e+00  5.700000e-01  1.000000e+00  1.000000e+00  0.000000e+00  0.000000e+00  0.000000e+00  5.700000e-01  1.000000e+00  1.000000e+00  0.000000e+00  0.000000e+00  0.000000e+00  5.700000e-01  
8.840641e-01  3.743897e+00  5.744673e-01  0.000000e+00  0.000000e+00  5.700000e-01  8.840641e-01  3.743897e+00  4.775947e-01  0.000000e+00  0.000000e+00  5.700000e-01  1.000000e+00  1.000000e+00  0.000000e+00  0.000000e+00  0.000000e+00  5.700000e-01  1.000000e+00  1.000000e+00  0.000000e+00  0.000000e+00  0.000000e+00  5.700000e-01  1.000000e+00  1.000000e+00  0.000000e+00  0.000000e+00  0.000000e+00  5.700000e-01  1.000000e+00  1.000000e+00  0.000000e+00  0.000000e+00  0.000000e+00  5.700000e-01  
3.269796e-01  3.173983e-01  6.428720e-01  0.000000e+00  0.000000e+00  5.700000e-01  3.269796e-01  3.173983e-01  7.807299e-01  0.000000e+00  0.000000e+00  5.700000e-01  1.000000e+00  1.000000e+00  0.000000e+00  0.000000e+00  0.000000e+00  5.700000e-01  1.000000e+00  1.000000e+00  0.000000e+00  0.000000e+00  0.000000e+00  5.700000e-01  1.000000e+00  1.000000e+00  0.000000e+00  0.000000e+00  0.000000e+00  5.700000e-01  1.000000e+00  1.000000e+00  0.000000e+00  0.000000e+00  0.000000e+00  5.700000e-01  
4.790118e-01  7.527051e-01  6.404321e-01  0.000000e+00  0.000000e+00  5.700000e-01  4.790118e-01  7.527051e-01  6.639124e-01  0.000000e+00  0.000000e+00  5.700000e-01  1.000000e+00  1.000000e+00  0.000000e+00  0.000000e+00  0.000000e+00  5.700000e-01  1.000000e+00  1.000000e+00  0.000000e+00  0.000000e+00  0.000000e+00  5.700000e-01  1.000000e+00  1.000000e+00  0.000000e+00  0.000000e+00  0.000000e+00  5.700000e-01  1.000000e+00  1.000000e+00  0.000000e+00  0.000000e+00  0.000000e+00  5.700000e-01  
9.507205e-01  3.183464e+00  5.936023e-01  0.000000e+00  0.000000e+00  5.700000e-01  9.507205e-01  3.183464e+00  7.075096e-01  0.000000e+00  0.000000e+00  5.700000e-01  1.000000e+00  1.000000e+00  0.000000e+00  0.000000e+00  0.000000e+00  5.700000e-01  1.000000e+00  1.000000e+00  0.000000e+00  0.000000e+00  0.000000e+00  5.700000e-01  1.000000e+00  1.000000e+00  0.000000e+00  0.000000e+00  0.000000e+00  5.700000e-01  1.000000e+00  1.000000e+00  0.000000e+00  0.000000e+00  0.000000e+00  5.700000e-01  
1.175020e+00  3.707117e+00  6.920843e-01  0.000000e+00  0.000000e+00  5.700000e-01  1.175020e+00  3.707117e+00  9.231840e-01  0.000000e+00  0.000000e+00  5.700000e-01  1.000000e+00  1.000000e+00  0.000000e+00  0.000000e+00  0.000000e+00  5.700000e-01  1.000000e+00  1.000000e+00  0.000000e+00  0.000000e+00  0.000000e+00  5.700000e-01  1.000000e+00  1.000000e+00  0.000000e+00  0.000000e+00  0.000000e+00  5.700000e-01  1.000000e+00  1.000000e+00  0.000000e+00  0.000000e+00  0.000000e+00  5.700000e-01  
1.064529e+00  3.051213e+00  6.096312e-01  0.000000e+00  0.000000e+00  5.700000e-01  1.064529e+00  3.051213e+00  8.996138e-01  0.000000e+00  0.000000e+00  5.700000e-01  1.000000e+00  1.000000e+00  0.000000e+00  0.000000e+00  0.000000e+00  5.700000e-01  1.000000e+00  1.000000e+00  0.000000e+00  0.000000e+00  0.000000e+00  5.700000e-01  1.000000e+00  1.000000e+00  0.000000e+00  0.000000e+00  0.000000e+00  5.700000e-01  1.000000e+00  1.000000e+00  0.000000e+00  0.000000e+00  0.000000e+00  5.700000e-01  
9.230962e-01  3.251910e+00  7.010896e-01  0.000000e+00  0.000000e+00  5.700000e-01  9.230962e-01  3.251910e+00  5.917007e-02  0.000000e+00  0.000000e+00  5.700000e-01  1.000000e+00  1.000000e+00  0.000000e+00  0.000000e+00  0.000000e+00  5.700000e-01  1.000000e+00  1.000000e+00  0.000000e+00  0.000000e+00  0.000000e+00  5.700000e-01  1.000000e+00  1.000000e+00  0.000000e+00  0.000000e+00  0.000000e+00  5.700000e-01  1.000000e+00  1.000000e+00  0.000000e+00  0.000000e+00  0.000000e+00  5.700000e-01  
6.877463e-01  2.597900e+00  5.072420e-01  0.000000e+00  0.000000e+00  5.700000e-01  6.877463e-01  2.597900e+00  3.715715e-01  0.000000e+00  0.000000e+00  5.700000e-01  1.000000e+00  1.000000e+00  0.000000e+00  0.000000e+00  0.000000e+00  5.700000e-01  1.000000e+00  1.000000e+00  0.000000e+00  0.000000e+00  0.000000e+00  5.700000e-01  1.000000e+00  1.000000e+00  0.000000e+00  0.000000e+00  0.000000e+00  5.700000e-01  1.000000e+00  1.000000e+00  0.000000e+00  0.000000e+00  0.000000e+00  5.700000e-01  
1.046974e+00  4.012914e+00  6.450155e-01  0.000000e+00  0.000000e+00  5.700000e-01  1.046974e+00  4.012914e+00  9.564685e-01  0.000000e+00  0.000000e+00  5.700000e-01  1.000000e+00  1.000000e+00  0.000000e+00  0.000000e+00  0.000000e+00  5.700000e-01  1.000000e+00  1.000000e+00  0.000000e+00  0.000000e+00  0.000000e+00  5.700000e-01  1.000000e+00  1.000000e+00  0.000000e+00  0.000000e+00  0.000000e+00  5.700000e-01  1.000000e+00  1.000000e+00  0.000000e+00  0.000000e+00  0.000000e+00  5.700000e-01  
4.199418e-01  1.225665e+00  4.635413e-01  0.000000e+00  0.000000e+00  5.700000e-01  4.199418e-01  1.225665e+00  9.024153e-01  0.000000e+00  0.000000e+00  5.700000e-01  1.000000e+00  1.000000e+00  0.000000e+00  0.000000e+00  0.000000e+00  5.700000e-01  1.000000e+00  1.000000e+00  0.000000e+00  0.000000e+00  0.000000e+00  5.700000e-01  1.000000e+00  1.000000e+00  0.000000e+00  0.000000e+00  0.000000e+00  5.700000e-01  1.000000e+00  1.000000e+00  0.000000e+00  0.000000e+00  0.000000e+00  5.700000e-01  
8.712186e-01  2.873221e+00  6.286796e-01  0.000000e+00  0.000000e+00  5.700000e-01  8.712186e-01  2.873221e+00  4.411728e-01  0.000000e+00  0.000000e+00  5.700000e-01  1.000000e+00  1.000000e+00  0.000000e+00  0.000000e+00  0.000000e+00  5.700000e-01  1.000000e+00  1.000000e+00  0.000000e+00  0.000000e+00  0.000000e+00  5.700000e-01  1.000000e+00  1.000000e+00  0.000000e+00  0.000000e+00  0.000000e+00  5.700000e-01  1.000000e+00  1.000000e+00  0.000000e+00  0.000000e+00  0.000000e+00  5.700000e-01  
9.551097e-01  4.295512e+00  5.962934e-01  0.000000e+00  0.000000e+00  5.700000e-01  9.551097e-01  4.295512e+00  4.285998e-01  0.000000e+00  0.000000e+00  5.700000e-01  1.000000e+00  1.000000e+00  0.000000e+00  0.000000e+00  0.000000e+00  5.700000e-01  1.000000e+00  1.000000e+00  0.000000e+00  0.000000e+00  0.000000e+00  5.700000e-01  1.000000e+00  1.000000e+00  0.000000e+00  0.000000e+00  0.000000e+00  5.700000e-01  1.000000e+00  1.000000e+00  0.000000e+00  0.000000e+00  0.000000e+00  5.700000e-01  
8.592829e-01  2.967608e+00  6.107746e-01  0.000000e+00  0.000000e+00  5.700000e-01  8.592829e-01  2.967608e+00  4.798111e-01  0.000000e+00  0.000000e+00  5.700000e-01  1.000000e+00  1.000000e+00  0.000000e+00  0.000000e+00  0.000000e+00  5.700000e-01  1.000000e+00  1.000000e+00  0.000000e+00  0.000000e+00  0.000000e+00  5.700000e-01  1.000000e+00  1.000000e+00  0.000000e+00  0.000000e+00  0.000000e+00  5.700000e-01  1.000000e+00  1.000000e+00  0.000000e+00  0.000000e+00  0.000000e+00  5.700000e-01  
1.378693e+00  5.206983e+00  6.025570e-01  0.000000e+00  0.000000e+00  5.700000e-01  1.378693e+00  5.206983e+00  9.717746e-01  0.000000e+00  0.000000e+00  5.700000e-01  1.000000e+00  1.000000e+00  0.000000e+00  0.000000e+00  0.000000e+00  5.700000e-01  1.000000e+00  1.000000e+00  0.000000e+00  0.000000e+00  0.000000e+00  5.700000e-01  1.000000e+00  1.000000e+00  0.000000e+00  0.000000e+00  0.000000e+00  5.700000e-01  1.000000e+00  1.000000e+00  0.000000e+00  0.000000e+00  0.000000e+00  5.700000e-01  
1.364967e+00  5.198830e+00  6.864679e-01  0.000000e+00  0.000000e+00  5.700000e-01  1.364967e+00  5.198830e+00  7.701570e-01  0.000000e+00  0.000000e+00  5.700000e-01  1.000000e+00  1.000000e+00  0.000000e+00  0.000000e+00  0.000000e+00  5.700000e-01  1.000000e+00  1.000000e+00  0.000000e+00  0.000000e+00  0.000000e+00  5.700000e-01  1.000000e+00  1.000000e+00  0.000000e+00  0.000000e+00  0.000000e+00  5.700000e-01  1.000000e+00  1.000000e+00  0.000000e+00  0.000000e+00  0.000000e+00  5.700000e-01  
8.542271e-01  2.187408e+00  6.173330e-01  0.000000e+00  0.000000e+00  5.700000e-01  8.542271e-01  2.187408e+00  6.218628e-01  0.000000e+00  0.000000e+00  5.700000e-01  1.000000e+00  1.000000e+00  0.000000e+00  0.000000e+00  0.000000e+00  5.700000e-01  1.000000e+00  1.000000e+00  0.000000e+00  0.000000e+00  0.000000e+00  5.700000e-01  1.000000e+00  1.000000e+00  0.000000e+00  0.000000e+00  0.000000e+00  5.700000e-01  1.000000e+00  1.000000e+00  0.000000e+00  0.000000e+00  0.000000e+00  5.700000e-01  
9.900573e-01  2.444971e+00  6.884615e-01  0.000000e+00  0.000000e+00  5.700000e-01  9.900573e-01  2.444971e+00  9.321576e-01  0.000000e+00  0.000000e+00  5.700000e-01  1.000000e+00  1.000000e+00  0.000000e+00  0.000000e+00  0.000000e+00  5.700000e-01  1.000000e+00  1.000000e+00  0.000000e+00  0.000000e+00  0.000000e+00  5.700000e-01  1.000000e+00  1.000000e+00  0.000000e+00  0.000000e+00  0.000000e+00  5.700000e-01  1.000000e+00  1.000000e+00  0.000000e+00  0.000000e+00  0.000000e+00  5.700000e-01  
5.351243e-01  1.219016e+00  5.374550e-01  0.000000e+00  0.000000e+00  5.700000e-01  5.351243e-01  1.219016e+00  7.972301e-01  0.000000e+00  0.000000e+00  5.700000e-01  1.000000e+00  1.000000e+00  0.000000e+00  0.000000e+00  0.000000e+00  5.700000e-01  1.000000e+00  1.000000e+00  0.000000e+00  0.000000e+00  0.000000e+00  5.700000e-01  1.000000e+00  1.000000e+00  0.000000e+00  0.000000e+00  0.000000e+00  5.700000e-01  1.000000e+00  1.000000e+00  0.000000e+00  0.000000e+00  0.000000e+00  5.700000e-01  
5.261518e-01  2.278928e+00  5.249239e-01  0.000000e+00  0.000000e+00  5.700000e-01  5.261518e-01  2.278928e+00  3.402492e-01  0.000000e+00  0.000000e+00  5.700000e-01  1.000000e+00  1.000000e+00  0.000000e+00  0.000000e+00  0.000000e+00  5.700000e-01  1.000000e+00  1.000000e+00  0.000000e+00  0.000000e+00  0.000000e+00  5.700000e-01  1.000000e+00  1.000000e+00  0.000000e+00  0.000000e+00  0.000000e+00  5.700000e-01  1.000000e+00  1.000000e+00  0.000000e+00  0.000000e+00  0.000000e+00  5.700000e-01  
9.385314e-01  2.799272e+00  5.775899e-01  0.000000e+00  0.000000e+00  5.700000e-01  9.385314e-01  2.799272e+00  8.151020e-01  0.000000e+00  0.000000e+00  5.700000e-01  1.000000e+00  1.000000e+00  0.000000e+00  0.000000e+00  0.000000e+00  5.700000e-01  1.000000e+00  1.000000e+00  0.000000e+00  0.000000e+00  0.000000e+00  5.700000e-01  1.000000e+00  1.000000e+00  0.000000e+00  0.000000e+00  0.000000e+00  5.700000e-01  1.000000e+00  1.000000e+00  0.000000e+00  0.000000e+00  0.000000e+00  5.700000e-01  
7.403870e-01  1.458816e+00  7.543799e-01  0.000000e+00  0.000000e+00  5.700000e-01  7.403870e-01  1.458816e+00  9.426418e-01  0.000000e+00  0.000000e+00  5.700000e-01  1.000000e+00  1.000000e+00  0.000000e+00  0.000000e+00  0.000000e+00  5.700000e-01  1.000000e+00  1.000000e+00  0.000000e+00  0.000000e+00  0.000000e+00  5.700000e-01  1.000000e+00  1.000000e+00  0.000000e+00  0.000000e+00  0.000000e+00  5.700000e-01  1.000000e+00  1.000000e+00  0.000000e+00  0.000000e+00  0.000000e+00  5.700000e-01  
8.286393e-01  2.594668e+00  5.399752e-01  0.000000e+00  0.000000e+00  5.700000e-01  8.286393e-01  2.594668e+00  5.876404e-01  0.000000e+00  0.000000e+00  5.700000e-01  1.000000e+00  1.000000e+00  0.000000e+00  0.000000e+00  0.000000e+00  5.700000e-01  1.000000e+00  1.000000e+00  0.000000e+00  0.000000e+00  0.000000e+00  5.700000e-01  1.000000e+00  1.000000e+00  0.000000e+00  0.000000e+00  0.000000e+00  5.700000e-01  1.000000e+00  1.000000e+00  0.000000e+00  0.000000e+00  0.000000e+00  5.700000e-01  
8.005004e-01  2.973485e+00  5.632553e-01  0.000000e+00  0.000000e+00  5.700000e-01  8.005004e-01  2.973485e+00  7.701756e-01  0.000000e+00  0.000000e+00  5.700000e-01  1.000000e+00  1.000000e+00  0.000000e+00  0.000000e+00  0.000000e+00  5.700000e-01  1.000000e+00  1.000000e+00  0.000000e+00  0.000000e+00  0.000000e+00  5.700000e-01  1.000000e+00  1.000000e+00  0.000000e+00  0.000000e+00  0.000000e+00  5.700000e-01  1.000000e+00  1.000000e+00  0.000000e+00  0.000000e+00  0.000000e+00  5.700000e-01  
8.167330e-01  4.049349e+00  5.719742e-01  0.000000e+00  0.000000e+00  5.700000e-01  8.167330e-01  4.049349e+00  9.235956e-01  0.000000e+00  0.000000e+00  5.700000e-01  1.000000e+00  1.000000e+00  0.000000e+00  0.000000e+00  0.000000e+00  5.700000e-01  1.000000e+00  1.000000e+00  0.000000e+00  0.000000e+00  0.000000e+00  5.700000e-01  1.000000e+00  1.000000e+00  0.000000e+00  0.000000e+00  0.000000e+00  5.700000e-01  1.000000e+00  1.000000e+00  0.000000e+00  0.000000e+00  0.000000e+00  5.700000e-01  
8.572151e-01  3.286254e+00  6.549825e-01  0.000000e+00  0.000000e+00  5.700000e-01  8.572151e-01  3.286254e+00  6.688496e-01  0.000000e+00  0.000000e+00  5.700000e-01  1.000000e+00  1.000000e+00  0.000000e+00  0.000000e+00  0.000000e+00  5.700000e-01  1.000000e+00  1.000000e+00  0.000000e+00  0.000000e+00  0.000000e+00  5.700000e-01  1.000000e+00  1.000000e+00  0.000000e+00  0.000000e+00  0.000000e+00  5.700000e-01  1.000000e+00  1.000000e+00  0.000000e+00  0.000000e+00  0.000000e+00  5.700000e-01  
5.626367e-01  1.579785e+00  5.495821e-01  0.000000e+00  0.000000e+00  5.700000e-01  5.626367e-01  1.579785e+00  4.426486e-01  0.000000e+00  0.000000e+00  5.700000e-01  1.000000e+00  1.000000e+00  0.000000e+00  0.000000e+00  0.000000e+00  5.700000e-01  1.000000e+00  1.000000e+00  0.000000e+00  0.000000e+00  0.000000e+00  5.700000e-01  1.000000e+00  1.000000e+00  0.000000e+00  0.000000e+00  0.000000e+00  5.700000e-01  1.000000e+00  1.000000e+00  0.000000e+00  0.000000e+00  0.000000e+00  5.700000e-01  
3.754036e-01  1.075434e+00  4.711763e-01  0.000000e+00  0.000000e+00  5.700000e-01  3.754036e-01  1.075434e+00  3.289263e-01  0.000000e+00  0.000000e+00  5.700000e-01  1.000000e+00  1.000000e+00  0.000000e+00  0.000000e+00  0.000000e+00  5.700000e-01  1.000000e+00  1.000000e+00  0.000000e+00  0.000000e+00  0.000000e+00  5.700000e-01  1.000000e+00  1.000000e+00  0.000000e+00  0.000000e+00  0.000000e+00  5.700000e-01  1.000000e+00  1.000000e+00  0.000000e+00  0.000000e+00  0.000000e+00  5.700000e-01  
8.030475e-01  1.633028e+00  7.453564e-01  0.000000e+00  0.000000e+00  5.700000e-01  8.030475e-01  1.633028e+00  7.897066e-01  0.000000e+00  0.000000e+00  5.700000e-01  1.000000e+00  1.000000e+00  0.000000e+00  0.000000e+00  0.000000e+00  5.700000e-01  1.000000e+00  1.000000e+00  0.000000e+00  0.000000e+00  0.000000e+00  5.700000e-01  1.000000e+00  1.000000e+00  0.000000e+00  0.000000e+00  0.000000e+00  5.700000e-01  1.000000e+00  1.000000e+00  0.000000e+00  0.000000e+00  0.000000e+00  5.700000e-01  
7.791120e-01  2.588958e+00  6.385465e-01  0.000000e+00  0.000000e+00  5.700000e-01  7.791120e-01  2.588958e+00  8.346838e-01  0.000000e+00  0.000000e+00  5.700000e-01  1.000000e+00  1.000000e+00  0.000000e+00  0.000000e+00  0.000000e+00  5.700000e-01  1.000000e+00  1.000000e+00  0.000000e+00  0.000000e+00  0.000000e+00  5.700000e-01  1.000000e+00  1.000000e+00  0.000000e+00  0.000000e+00  0.000000e+00  5.700000e-01  1.000000e+00  1.000000e+00  0.000000e+00  0.000000e+00  0.000000e+00  5.700000e-01  
9.314190e-01  2.245494e+00  6.378359e-01  0.000000e+00  0.000000e+00  5.700000e-01  9.314190e-01  2.245494e+00  2.224410e-01  0.000000e+00  0.000000e+00  5.700000e-01  1.000000e+00  1.000000e+00  0.000000e+00  0.000000e+00  0.000000e+00  5.700000e-01  1.000000e+00  1.000000e+00  0.000000e+00  0.000000e+00  0.000000e+00  5.700000e-01  1.000000e+00  1.000000e+00  0.000000e+00  0.000000e+00  0.000000e+00  5.700000e-01  1.000000e+00  1.000000e+00  0.000000e+00  0.000000e+00  0.000000e+00  5.700000e-01  
8.133664e-01  1.442827e+00  7.318801e-01  0.000000e+00  0.000000e+00  5.700000e-01  8.133664e-01  1.442827e+00  4.872291e-01  0.000000e+00  0.000000e+00  5.700000e-01  1.000000e+00  1.000000e+00  0.000000e+00  0.000000e+00  0.000000e+00  5.700000e-01  1.000000e+00  1.000000e+00  0.000000e+00  0.000000e+00  0.000000e+00  5.700000e-01  1.000000e+00  1.000000e+00  0.000000e+00  0.000000e+00  0.000000e+00  5.700000e-01  1.000000e+00  1.000000e+00  0.000000e+00  0.000000e+00  0.000000e+00  5.700000e-01  
6.796653e-01  2.809070e+00  5.151110e-01  0.000000e+00  0.000000e+00  5.700000e-01  6.796653e-01  2.809070e+00  5.778306e-01  0.000000e+00  0.000000e+00  5.700000e-01  1.000000e+00  1.000000e+00  0.000000e+00  0.000000e+00  0.000000e+00  5.700000e-01  1.000000e+00  1.000000e+00  0.000000e+00  0.000000e+00  0.000000e+00  5.700000e-01  1.000000e+00  1.000000e+00  0.000000e+00  0.000000e+00  0.000000e+00  5.700000e-01  1.000000e+00  1.000000e+00  0.000000e+00  0.000000e+00  0.000000e+00  5.700000e-01  
1.201091e+00  3.418958e+00  6.865755e-01  0.000000e+00  0.000000e+00  5.700000e-01  1.201091e+00  3.418958e+00  9.473344e-01  0.000000e+00  0.000000e+00  5.700000e-01  1.000000e+00  1.000000e+00  0.000000e+00  0.000000e+00  0.000000e+00  5.700000e-01  1.000000e+00  1.000000e+00  0.000000e+00  0.000000e+00  0.000000e+00  5.700000e-01  1.000000e+00  1.000000e+00  0.000000e+00  0.000000e+00  0.000000e+00  5.700000e-01  1.000000e+00  1.000000e+00  0.000000e+00  0.000000e+00  0.000000e+00  5.700000e-01  
7.349209e-01  1.791817e+00  6.210563e-01  0.000000e+00  0.000000e+00  5.700000e-01  7.349209e-01  1.791817e+00  6.705248e-02  0.000000e+00  0.000000e+00  5.700000e-01  1.000000e+00  1.000000e+00  0.000000e+00  0.000000e+00  0.000000e+00  5.700000e-01  1.000000e+00  1.000000e+00  0.000000e+00  0.000000e+00  0.000000e+00  5.700000e-01  1.000000e+00  1.000000e+00  0.000000e+00  0.000000e+00  0.000000e+00  5.700000e-01  1.000000e+00  1.000000e+00  0.000000e+00  0.000000e+00  0.000000e+00  5.700000e-01  
1.249526e+00  4.680241e+00  6.196479e-01  0.000000e+00  0.000000e+00  5.700000e-01  1.249526e+00  4.680241e+00  7.658007e-01  0.000000e+00  0.000000e+00  5.700000e-01  1.000000e+00  1.000000e+00  0.000000e+00  0.000000e+00  0.000000e+00  5.700000e-01  1.000000e+00  1.000000e+00  0.000000e+00  0.000000e+00  0.000000e+00  5.700000e-01  1.000000e+00  1.000000e+00  0.000000e+00  0.000000e+00  0.000000e+00  5.700000e-01  1.000000e+00  1.000000e+00  0.000000e+00  0.000000e+00  0.000000e+00  5.700000e-01  
8.868767e-01  2.566012e+00  7.244747e-01  0.000000e+00  0.000000e+00  5.700000e-01  8.868767e-01  2.566012e+00  -9.360373e-03  0.000000e+00  0.000000e+00  5.700000e-01  1.000000e+00  1.000000e+00  0.000000e+00  0.000000e+00  0.000000e+00  5.700000e-01  1.000000e+00  1.000000e+00  0.000000e+00  0.000000e+00  0.000000e+00  5.700000e-01  1.000000e+00  1.000000e+00  0.000000e+00  0.000000e+00  0.000000e+00  5.700000e-01  1.000000e+00  1.000000e+00  0.000000e+00  0.000000e+00  0.000000e+00  5.700000e-01  
9.070433e-01  2.251019e+00  7.052422e-01  0.000000e+00  0.000000e+00  5.700000e-01  9.070433e-01  2.251019e+00  8.339877e-01  0.000000e+00  0.000000e+00  5.700000e-01  1.000000e+00  1.000000e+00  0.000000e+00  0.000000e+00  0.000000e+00  5.700000e-01  1.000000e+00  1.000000e+00  0.000000e+00  0.000000e+00  0.000000e+00  5.700000e-01  1.000000e+00  1.000000e+00  0.000000e+00  0.000000e+00  0.000000e+00  5.700000e-01  1.000000e+00  1.000000e+00  0.000000e+00  0.000000e+00  0.000000e+00  5.700000e-01  
7.152426e-01  1.601569e+00  5.730069e-01  0.000000e+00  0.000000e+00  5.700000e-01  7.152426e-01  1.601569e+00  9.035138e-01  0.000000e+00  0.000000e+00  5.700000e-01  1.000000e+00  1.000000e+00  0.000000e+00  0.000000e+00  0.000000e+00  5.700000e-01  1.000000e+00  1.000000e+00  0.000000e+00  0.000000e+00  0.000000e+00  5.700000e-01  1.000000e+00  1.000000e+00  0.000000e+00  0.000000e+00  0.000000e+00  5.700000e-01  1.000000e+00  1.000000e+00  0.000000e+00  0.000000e+00  0.000000e+00  5.700000e-01  
1.112977e+00  3.644250e+00  7.359449e-01  0.000000e+00  0.000000e+00  5.700000e-01  1.112977e+00  3.644250e+00  7.225256e-01  0.000000e+00  0.000000e+00  5.700000e-01  1.000000e+00  1.000000e+00  0.000000e+00  0.000000e+00  0.000000e+00  5.700000e-01  1.000000e+00  1.000000e+00  0.000000e+00  0.000000e+00  0.000000e+00  5.700000e-01  1.000000e+00  1.000000e+00  0.000000e+00  0.000000e+00  0.000000e+00  5.700000e-01  1.000000e+00  1.000000e+00  0.000000e+00  0.000000e+00  0.000000e+00  5.700000e-01  
6.836903e-01  1.052848e+00  7.237066e-01  0.000000e+00  0.000000e+00  5.700000e-01  6.836903e-01  1.052848e+00  4.841048e-02  0.000000e+00  0.000000e+00  5.700000e-01  1.000000e+00  1.000000e+00  0.000000e+00  0.000000e+00  0.000000e+00  5.700000e-01  1.000000e+00  1.000000e+00  0.000000e+00  0.000000e+00  0.000000e+00  5.700000e-01  1.000000e+00  1.000000e+00  0.000000e+00  0.000000e+00  0.000000e+00  5.700000e-01  1.000000e+00  1.000000e+00  0.000000e+00  0.000000e+00  0.000000e+00  5.700000e-01  
6.948706e-01  1.529986e+00  5.534217e-01  0.000000e+00  0.000000e+00  5.700000e-01  6.948706e-01  1.529986e+00  9.397824e-01  0.000000e+00  0.000000e+00  5.700000e-01  1.000000e+00  1.000000e+00  0.000000e+00  0.000000e+00  0.000000e+00  5.700000e-01  1.000000e+00  1.000000e+00  0.000000e+00  0.000000e+00  0.000000e+00  5.700000e-01  1.000000e+00  1.000000e+00  0.000000e+00  0.000000e+00  0.000000e+00  5.700000e-01  1.000000e+00  1.000000e+00  0.000000e+00  0.000000e+00  0.000000e+00  5.700000e-01  
7.901567e-01  1.240049e+00  6.310094e-01  0.000000e+00  0.000000e+00  5.700000e-01  7.901567e-01  1.240049e+00  9.671419e-01  0.000000e+00  0.000000e+00  5.700000e-01  1.000000e+00  1.000000e+00  0.000000e+00  0.000000e+00  0.000000e+00  5.700000e-01  1.000000e+00  1.000000e+00  0.000000e+00  0.000000e+00  0.000000e+00  5.700000e-01  1.000000e+00  1.000000e+00  0.000000e+00  0.000000e+00  0.000000e+00  5.700000e-01  1.000000e+00  1.000000e+00  0.000000e+00  0.000000e+00  0.000000e+00  5.700000e-01  
8.185934e-01  1.953577e+00  6.270038e-01  0.000000e+00  0.000000e+00  5.700000e-01  8.185934e-01  1.953577e+00  1.530133e-01  0.000000e+00  0.000000e+00  5.700000e-01  1.000000e+00  1.000000e+00  0.000000e+00  0.000000e+00  0.000000e+00  5.700000e-01  1.000000e+00  1.000000e+00  0.000000e+00  0.000000e+00  0.000000e+00  5.700000e-01  1.000000e+00  1.000000e+00  0.000000e+00  0.000000e+00  0.000000e+00  5.700000e-01  1.000000e+00  1.000000e+00  0.000000e+00  0.000000e+00  0.000000e+00  5.700000e-01  
8.421178e-01  1.957211e+00  6.983284e-01  0.000000e+00  0.000000e+00  5.700000e-01  8.421178e-01  1.957211e+00  8.796538e-01  0.000000e+00  0.000000e+00  5.700000e-01  1.000000e+00  1.000000e+00  0.000000e+00  0.000000e+00  0.000000e+00  5.700000e-01  1.000000e+00  1.000000e+00  0.000000e+00  0.000000e+00  0.000000e+00  5.700000e-01  1.000000e+00  1.000000e+00  0.000000e+00  0.000000e+00  0.000000e+00  5.700000e-01  1.000000e+00  1.000000e+00  0.000000e+00  0.000000e+00  0.000000e+00  5.700000e-01  
9.579042e-01  3.094311e+00  6.940595e-01  0.000000e+00  0.000000e+00  5.700000e-01  9.579042e-01  3.094311e+00  7.350498e-01  0.000000e+00  0.000000e+00  5.700000e-01  1.000000e+00  1.000000e+00  0.000000e+00  0.000000e+00  0.000000e+00  5.700000e-01  1.000000e+00  1.000000e+00  0.000000e+00  0.000000e+00  0.000000e+00  5.700000e-01  1.000000e+00  1.000000e+00  0.000000e+00  0.000000e+00  0.000000e+00  5.700000e-01  1.000000e+00  1.000000e+00  0.000000e+00  0.000000e+00  0.000000e+00  5.700000e-01  
1.116018e+00  5.267063e+00  6.012311e-01  0.000000e+00  0.000000e+00  5.700000e-01  1.116018e+00  5.267063e+00  6.414182e-01  0.000000e+00  0.000000e+00  5.700000e-01  1.000000e+00  1.000000e+00  0.000000e+00  0.000000e+00  0.000000e+00  5.700000e-01  1.000000e+00  1.000000e+00  0.000000e+00  0.000000e+00  0.000000e+00  5.700000e-01  1.000000e+00  1.000000e+00  0.000000e+00  0.000000e+00  0.000000e+00  5.700000e-01  1.000000e+00  1.000000e+00  0.000000e+00  0.000000e+00  0.000000e+00  5.700000e-01  
1.172749e+00  3.243971e+00  6.848801e-01  0.000000e+00  0.000000e+00  5.700000e-01  1.172749e+00  3.243971e+00  2.126458e-01  0.000000e+00  0.000000e+00  5.700000e-01  1.000000e+00  1.000000e+00  0.000000e+00  0.000000e+00  0.000000e+00  5.700000e-01  1.000000e+00  1.000000e+00  0.000000e+00  0.000000e+00  0.000000e+00  5.700000e-01  1.000000e+00  1.000000e+00  0.000000e+00  0.000000e+00  0.000000e+00  5.700000e-01  1.000000e+00  1.000000e+00  0.000000e+00  0.000000e+00  0.000000e+00  5.700000e-01  
8.034883e-01  2.448429e+00  5.356857e-01  0.000000e+00  0.000000e+00  5.700000e-01  8.034883e-01  2.448429e+00  7.526584e-01  0.000000e+00  0.000000e+00  5.700000e-01  1.000000e+00  1.000000e+00  0.000000e+00  0.000000e+00  0.000000e+00  5.700000e-01  1.000000e+00  1.000000e+00  0.000000e+00  0.000000e+00  0.000000e+00  5.700000e-01  1.000000e+00  1.000000e+00  0.000000e+00  0.000000e+00  0.000000e+00  5.700000e-01  1.000000e+00  1.000000e+00  0.000000e+00  0.000000e+00  0.000000e+00  5.700000e-01  
1.296056e+00  3.999159e+00  7.300618e-01  0.000000e+00  0.000000e+00  5.700000e-01  1.296056e+00  3.999159e+00  8.655660e-01  0.000000e+00  0.000000e+00  5.700000e-01  1.000000e+00  1.000000e+00  0.000000e+00  0.000000e+00  0.000000e+00  5.700000e-01  1.000000e+00  1.000000e+00  0.000000e+00  0.000000e+00  0.000000e+00  5.700000e-01  1.000000e+00  1.000000e+00  0.000000e+00  0.000000e+00  0.000000e+00  5.700000e-01  1.000000e+00  1.000000e+00  0.000000e+00  0.000000e+00  0.000000e+00  5.700000e-01  
6.995791e-01  3.128273e+00  5.016742e-01  0.000000e+00  0.000000e+00  5.700000e-01  6.995791e-01  3.128273e+00  8.607135e-01  0.000000e+00  0.000000e+00  5.700000e-01  1.000000e+00  1.000000e+00  0.000000e+00  0.000000e+00  0.000000e+00  5.700000e-01  1.000000e+00  1.000000e+00  0.000000e+00  0.000000e+00  0.000000e+00  5.700000e-01  1.000000e+00  1.000000e+00  0.000000e+00  0.000000e+00  0.000000e+00  5.700000e-01  1.000000e+00  1.000000e+00  0.000000e+00  0.000000e+00  0.000000e+00  5.700000e-01  
1.048459e+00  4.270136e+00  6.801111e-01  0.000000e+00  0.000000e+00  5.700000e-01  1.048459e+00  4.270136e+00  9.561599e-01  0.000000e+00  0.000000e+00  5.700000e-01  1.000000e+00  1.000000e+00  0.000000e+00  0.000000e+00  0.000000e+00  5.700000e-01  1.000000e+00  1.000000e+00  0.000000e+00  0.000000e+00  0.000000e+00  5.700000e-01  1.000000e+00  1.000000e+00  0.000000e+00  0.000000e+00  0.000000e+00  5.700000e-01  1.000000e+00  1.000000e+00  0.000000e+00  0.000000e+00  0.000000e+00  5.700000e-01  
7.510601e-01  1.905986e+00  7.406678e-01  0.000000e+00  0.000000e+00  5.700000e-01  7.510601e-01  1.905986e+00  4.867802e-01  0.000000e+00  0.000000e+00  5.700000e-01  1.000000e+00  1.000000e+00  0.000000e+00  0.000000e+00  0.000000e+00  5.700000e-01  1.000000e+00  1.000000e+00  0.000000e+00  0.000000e+00  0.000000e+00  5.700000e-01  1.000000e+00  1.000000e+00  0.000000e+00  0.000000e+00  0.000000e+00  5.700000e-01  1.000000e+00  1.000000e+00  0.000000e+00  0.000000e+00  0.000000e+00  5.700000e-01  
7.431720e-01  1.757252e+00  5.525151e-01  0.000000e+00  0.000000e+00  5.700000e-01  7.431720e-01  1.757252e+00  6.550736e-01  0.000000e+00  0.000000e+00  5.700000e-01  1.000000e+00  1.000000e+00  0.000000e+00  0.000000e+00  0.000000e+00  5.700000e-01  1.000000e+00  1.000000e+00  0.000000e+00  0.000000e+00  0.000000e+00  5.700000e-01  1.000000e+00  1.000000e+00  0.000000e+00  0.000000e+00  0.000000e+00  5.700000e-01  1.000000e+00  1.000000e+00  0.000000e+00  0.000000e+00  0.000000e+00  5.700000e-01  
5.689133e-01  2.900406e+00  4.763837e-01  0.000000e+00  0.000000e+00  5.700000e-01  5.689133e-01  2.900406e+00  8.742530e-01  0.000000e+00  0.000000e+00  5.700000e-01  1.000000e+00  1.000000e+00  0.000000e+00  0.000000e+00  0.000000e+00  5.700000e-01  1.000000e+00  1.000000e+00  0.000000e+00  0.000000e+00  0.000000e+00  5.700000e-01  1.000000e+00  1.000000e+00  0.000000e+00  0.000000e+00  0.000000e+00  5.700000e-01  1.000000e+00  1.000000e+00  0.000000e+00  0.000000e+00  0.000000e+00  5.700000e-01  
2.644633e-01  1.869575e-01  5.661831e-01  0.000000e+00  0.000000e+00  5.700000e-01  2.644633e-01  1.869575e-01  4.336495e-01  0.000000e+00  0.000000e+00  5.700000e-01  1.000000e+00  1.000000e+00  0.000000e+00  0.000000e+00  0.000000e+00  5.700000e-01  1.000000e+00  1.000000e+00  0.000000e+00  0.000000e+00  0.000000e+00  5.700000e-01  1.000000e+00  1.000000e+00  0.000000e+00  0.000000e+00  0.000000e+00  5.700000e-01  1.000000e+00  1.000000e+00  0.000000e+00  0.000000e+00  0.000000e+00  5.700000e-01  
8.934576e-01  3.202278e+00  5.606223e-01  0.000000e+00  0.000000e+00  5.700000e-01  8.934576e-01  3.202278e+00  7.650892e-01  0.000000e+00  0.000000e+00  5.700000e-01  1.000000e+00  1.000000e+00  0.000000e+00  0.000000e+00  0.000000e+00  5.700000e-01  1.000000e+00  1.000000e+00  0.000000e+00  0.000000e+00  0.000000e+00  5.700000e-01  1.000000e+00  1.000000e+00  0.000000e+00  0.000000e+00  0.000000e+00  5.700000e-01  1.000000e+00  1.000000e+00  0.000000e+00  0.000000e+00  0.000000e+00  5.700000e-01  
6.848199e-01  1.590107e+00  6.396797e-01  0.000000e+00  0.000000e+00  5.700000e-01  6.848199e-01  1.590107e+00  7.772812e-01  0.000000e+00  0.000000e+00  5.700000e-01  1.000000e+00  1.000000e+00  0.000000e+00  0.000000e+00  0.000000e+00  5.700000e-01  1.000000e+00  1.000000e+00  0.000000e+00  0.000000e+00  0.000000e+00  5.700000e-01  1.000000e+00  1.000000e+00  0.000000e+00  0.000000e+00  0.000000e+00  5.700000e-01  1.000000e+00  1.000000e+00  0.000000e+00  0.000000e+00  0.000000e+00  5.700000e-01  
7.206973e-01  2.531801e+00  6.108737e-01  0.000000e+00  0.000000e+00  5.700000e-01  7.206973e-01  2.531801e+00  3.432037e-01  0.000000e+00  0.000000e+00  5.700000e-01  1.000000e+00  1.000000e+00  0.000000e+00  0.000000e+00  0.000000e+00  5.700000e-01  1.000000e+00  1.000000e+00  0.000000e+00  0.000000e+00  0.000000e+00  5.700000e-01  1.000000e+00  1.000000e+00  0.000000e+00  0.000000e+00  0.000000e+00  5.700000e-01  1.000000e+00  1.000000e+00  0.000000e+00  0.000000e+00  0.000000e+00  5.700000e-01  
5.409738e-01  4.607311e-01  8.072057e-01  0.000000e+00  0.000000e+00  5.700000e-01  5.409738e-01  4.607311e-01  8.933266e-01  0.000000e+00  0.000000e+00  5.700000e-01  1.000000e+00  1.000000e+00  0.000000e+00  0.000000e+00  0.000000e+00  5.700000e-01  1.000000e+00  1.000000e+00  0.000000e+00  0.000000e+00  0.000000e+00  5.700000e-01  1.000000e+00  1.000000e+00  0.000000e+00  0.000000e+00  0.000000e+00  5.700000e-01  1.000000e+00  1.000000e+00  0.000000e+00  0.000000e+00  0.000000e+00  5.700000e-01  
7.885046e-01  1.749257e+00  6.603094e-01  0.000000e+00  0.000000e+00  5.700000e-01  7.885046e-01  1.749257e+00  5.618237e-01  0.000000e+00  0.000000e+00  5.700000e-01  1.000000e+00  1.000000e+00  0.000000e+00  0.000000e+00  0.000000e+00  5.700000e-01  1.000000e+00  1.000000e+00  0.000000e+00  0.000000e+00  0.000000e+00  5.700000e-01  1.000000e+00  1.000000e+00  0.000000e+00  0.000000e+00  0.000000e+00  5.700000e-01  1.000000e+00  1.000000e+00  0.000000e+00  0.000000e+00  0.000000e+00  5.700000e-01  
9.221133e-01  3.818913e+00  6.449931e-01  0.000000e+00  0.000000e+00  5.700000e-01  9.221133e-01  3.818913e+00  1.066489e-01  0.000000e+00  0.000000e+00  5.700000e-01  1.000000e+00  1.000000e+00  0.000000e+00  0.000000e+00  0.000000e+00  5.700000e-01  1.000000e+00  1.000000e+00  0.000000e+00  0.000000e+00  0.000000e+00  5.700000e-01  1.000000e+00  1.000000e+00  0.000000e+00  0.000000e+00  0.000000e+00  5.700000e-01  1.000000e+00  1.000000e+00  0.000000e+00  0.000000e+00  0.000000e+00  5.700000e-01  
6.177265e-01  2.377286e+00  5.539190e-01  0.000000e+00  0.000000e+00  5.700000e-01  6.177265e-01  2.377286e+00  3.461304e-01  0.000000e+00  0.000000e+00  5.700000e-01  1.000000e+00  1.000000e+00  0.000000e+00  0.000000e+00  0.000000e+00  5.700000e-01  1.000000e+00  1.000000e+00  0.000000e+00  0.000000e+00  0.000000e+00  5.700000e-01  1.000000e+00  1.000000e+00  0.000000e+00  0.000000e+00  0.000000e+00  5.700000e-01  1.000000e+00  1.000000e+00  0.000000e+00  0.000000e+00  0.000000e+00  5.700000e-01  
6.477545e-01  1.420640e+00  5.736098e-01  0.000000e+00  0.000000e+00  5.700000e-01  6.477545e-01  1.420640e+00  1.100820e-01  0.000000e+00  0.000000e+00  5.700000e-01  1.000000e+00  1.000000e+00  0.000000e+00  0.000000e+00  0.000000e+00  5.700000e-01  1.000000e+00  1.000000e+00  0.000000e+00  0.000000e+00  0.000000e+00  5.700000e-01  1.000000e+00  1.000000e+00  0.000000e+00  0.000000e+00  0.000000e+00  5.700000e-01  1.000000e+00  1.000000e+00  0.000000e+00  0.000000e+00  0.000000e+00  5.700000e-01  
7.285256e-01  2.594391e+00  5.457236e-01  0.000000e+00  0.000000e+00  5.700000e-01  7.285256e-01  2.594391e+00  4.003694e-01  0.000000e+00  0.000000e+00  5.700000e-01  1.000000e+00  1.000000e+00  0.000000e+00  0.000000e+00  0.000000e+00  5.700000e-01  1.000000e+00  1.000000e+00  0.000000e+00  0.000000e+00  0.000000e+00  5.700000e-01  1.000000e+00  1.000000e+00  0.000000e+00  0.000000e+00  0.000000e+00  5.700000e-01  1.000000e+00  1.000000e+00  0.000000e+00  0.000000e+00  0.000000e+00  5.700000e-01  
8.659598e-01  2.413008e+00  5.308107e-01  0.000000e+00  0.000000e+00  5.700000e-01  8.659598e-01  2.413008e+00  7.143285e-01  0.000000e+00  0.000000e+00  5.700000e-01  1.000000e+00  1.000000e+00  0.000000e+00  0.000000e+00  0.000000e+00  5.700000e-01  1.000000e+00  1.000000e+00  0.000000e+00  0.000000e+00  0.000000e+00  5.700000e-01  1.000000e+00  1.000000e+00  0.000000e+00  0.000000e+00  0.000000e+00  5.700000e-01  1.000000e+00  1.000000e+00  0.000000e+00  0.000000e+00  0.000000e+00  5.700000e-01  
5.819995e-01  2.334011e+00  4.896540e-01  0.000000e+00  0.000000e+00  5.700000e-01  5.819995e-01  2.334011e+00  5.592934e-01  0.000000e+00  0.000000e+00  5.700000e-01  1.000000e+00  1.000000e+00  0.000000e+00  0.000000e+00  0.000000e+00  5.700000e-01  1.000000e+00  1.000000e+00  0.000000e+00  0.000000e+00  0.000000e+00  5.700000e-01  1.000000e+00  1.000000e+00  0.000000e+00  0.000000e+00  0.000000e+00  5.700000e-01  1.000000e+00  1.000000e+00  0.000000e+00  0.000000e+00  0.000000e+00  5.700000e-01  
9.554827e-01  3.307769e+00  6.882807e-01  0.000000e+00  0.000000e+00  5.700000e-01  9.554827e-01  3.307769e+00  9.135488e-01  0.000000e+00  0.000000e+00  5.700000e-01  1.000000e+00  1.000000e+00  0.000000e+00  0.000000e+00  0.000000e+00  5.700000e-01  1.000000e+00  1.000000e+00  0.000000e+00  0.000000e+00  0.000000e+00  5.700000e-01  1.000000e+00  1.000000e+00  0.000000e+00  0.000000e+00  0.000000e+00  5.700000e-01  1.000000e+00  1.000000e+00  0.000000e+00  0.000000e+00  0.000000e+00  5.700000e-01  
5.120153e-01  1.909129e+00  4.722755e-01  0.000000e+00  0.000000e+00  5.700000e-01  5.120153e-01  1.909129e+00  7.465286e-01  0.000000e+00  0.000000e+00  5.700000e-01  1.000000e+00  1.000000e+00  0.000000e+00  0.000000e+00  0.000000e+00  5.700000e-01  1.000000e+00  1.000000e+00  0.000000e+00  0.000000e+00  0.000000e+00  5.700000e-01  1.000000e+00  1.000000e+00  0.000000e+00  0.000000e+00  0.000000e+00  5.700000e-01  1.000000e+00  1.000000e+00  0.000000e+00  0.000000e+00  0.000000e+00  5.700000e-01  
6.670585e-01  1.916253e+00  6.803421e-01  0.000000e+00  0.000000e+00  5.700000e-01  6.670585e-01  1.916253e+00  4.309819e-01  0.000000e+00  0.000000e+00  5.700000e-01  1.000000e+00  1.000000e+00  0.000000e+00  0.000000e+00  0.000000e+00  5.700000e-01  1.000000e+00  1.000000e+00  0.000000e+00  0.000000e+00  0.000000e+00  5.700000e-01  1.000000e+00  1.000000e+00  0.000000e+00  0.000000e+00  0.000000e+00  5.700000e-01  1.000000e+00  1.000000e+00  0.000000e+00  0.000000e+00  0.000000e+00  5.700000e-01  
8.014089e-01  3.099977e+00  5.489829e-01  0.000000e+00  0.000000e+00  5.700000e-01  8.014089e-01  3.099977e+00  9.829125e-01  0.000000e+00  0.000000e+00  5.700000e-01  1.000000e+00  1.000000e+00  0.000000e+00  0.000000e+00  0.000000e+00  5.700000e-01  1.000000e+00  1.000000e+00  0.000000e+00  0.000000e+00  0.000000e+00  5.700000e-01  1.000000e+00  1.000000e+00  0.000000e+00  0.000000e+00  0.000000e+00  5.700000e-01  1.000000e+00  1.000000e+00  0.000000e+00  0.000000e+00  0.000000e+00  5.700000e-01  
8.501226e-01  2.878330e+00  6.318188e-01  0.000000e+00  0.000000e+00  5.700000e-01  8.501226e-01  2.878330e+00  5.563247e-02  0.000000e+00  0.000000e+00  5.700000e-01  1.000000e+00  1.000000e+00  0.000000e+00  0.000000e+00  0.000000e+00  5.700000e-01  1.000000e+00  1.000000e+00  0.000000e+00  0.000000e+00  0.000000e+00  5.700000e-01  1.000000e+00  1.000000e+00  0.000000e+00  0.000000e+00  0.000000e+00  5.700000e-01  1.000000e+00  1.000000e+00  0.000000e+00  0.000000e+00  0.000000e+00  5.700000e-01  
7.702658e-01  1.313974e+00  6.080932e-01  0.000000e+00  0.000000e+00  5.700000e-01  7.702658e-01  1.313974e+00  8.666140e-01  0.000000e+00  0.000000e+00  5.700000e-01  1.000000e+00  1.000000e+00  0.000000e+00  0.000000e+00  0.000000e+00  5.700000e-01  1.000000e+00  1.000000e+00  0.000000e+00  0.000000e+00  0.000000e+00  5.700000e-01  1.000000e+00  1.000000e+00  0.000000e+00  0.000000e+00  0.000000e+00  5.700000e-01  1.000000e+00  1.000000e+00  0.000000e+00  0.000000e+00  0.000000e+00  5.700000e-01  
7.320954e-01  2.031443e+00  6.990989e-01  0.000000e+00  0.000000e+00  5.700000e-01  7.320954e-01  2.031443e+00  5.003994e-01  0.000000e+00  0.000000e+00  5.700000e-01  1.000000e+00  1.000000e+00  0.000000e+00  0.000000e+00  0.000000e+00  5.700000e-01  1.000000e+00  1.000000e+00  0.000000e+00  0.000000e+00  0.000000e+00  5.700000e-01  1.000000e+00  1.000000e+00  0.000000e+00  0.000000e+00  0.000000e+00  5.700000e-01  1.000000e+00  1.000000e+00  0.000000e+00  0.000000e+00  0.000000e+00  5.700000e-01  
8.165203e-01  2.359992e+00  5.936757e-01  0.000000e+00  0.000000e+00  5.700000e-01  8.165203e-01  2.359992e+00  7.668232e-01  0.000000e+00  0.000000e+00  5.700000e-01  1.000000e+00  1.000000e+00  0.000000e+00  0.000000e+00  0.000000e+00  5.700000e-01  1.000000e+00  1.000000e+00  0.000000e+00  0.000000e+00  0.000000e+00  5.700000e-01  1.000000e+00  1.000000e+00  0.000000e+00  0.000000e+00  0.000000e+00  5.700000e-01  1.000000e+00  1.000000e+00  0.000000e+00  0.000000e+00  0.000000e+00  5.700000e-01  
1.067534e+00  4.101421e+00  5.322270e-01  0.000000e+00  0.000000e+00  5.700000e-01  1.067534e+00  4.101421e+00  6.006114e-01  0.000000e+00  0.000000e+00  5.700000e-01  1.000000e+00  1.000000e+00  0.000000e+00  0.000000e+00  0.000000e+00  5.700000e-01  1.000000e+00  1.000000e+00  0.000000e+00  0.000000e+00  0.000000e+00  5.700000e-01  1.000000e+00  1.000000e+00  0.000000e+00  0.000000e+00  0.000000e+00  5.700000e-01  1.000000e+00  1.000000e+00  0.000000e+00  0.000000e+00  0.000000e+00  5.700000e-01  
9.143636e-01  3.696268e+00  6.545258e-01  0.000000e+00  0.000000e+00  5.700000e-01  9.143636e-01  3.696268e+00  9.840534e-01  0.000000e+00  0.000000e+00  5.700000e-01  1.000000e+00  1.000000e+00  0.000000e+00  0.000000e+00  0.000000e+00  5.700000e-01  1.000000e+00  1.000000e+00  0.000000e+00  0.000000e+00  0.000000e+00  5.700000e-01  1.000000e+00  1.000000e+00  0.000000e+00  0.000000e+00  0.000000e+00  5.700000e-01  1.000000e+00  1.000000e+00  0.000000e+00  0.000000e+00  0.000000e+00  5.700000e-01  
8.249781e-01  2.429039e+00  7.032824e-01  0.000000e+00  0.000000e+00  5.700000e-01  8.249781e-01  2.429039e+00  7.297225e-01  0.000000e+00  0.000000e+00  5.700000e-01  1.000000e+00  1.000000e+00  0.000000e+00  0.000000e+00  0.000000e+00  5.700000e-01  1.000000e+00  1.000000e+00  0.000000e+00  0.000000e+00  0.000000e+00  5.700000e-01  1.000000e+00  1.000000e+00  0.000000e+00  0.000000e+00  0.000000e+00  5.700000e-01  1.000000e+00  1.000000e+00  0.000000e+00  0.000000e+00  0.000000e+00  5.700000e-01  
7.815252e-01  1.955435e+00  7.027787e-01  0.000000e+00  0.000000e+00  5.700000e-01  7.815252e-01  1.955435e+00  2.184772e-01  0.000000e+00  0.000000e+00  5.700000e-01  1.000000e+00  1.000000e+00  0.000000e+00  0.000000e+00  0.000000e+00  5.700000e-01  1.000000e+00  1.000000e+00  0.000000e+00  0.000000e+00  0.000000e+00  5.700000e-01  1.000000e+00  1.000000e+00  0.000000e+00  0.000000e+00  0.000000e+00  5.700000e-01  1.000000e+00  1.000000e+00  0.000000e+00  0.000000e+00  0.000000e+00  5.700000e-01  
8.123769e-01  1.542533e+00  7.095813e-01  0.000000e+00  0.000000e+00  5.700000e-01  8.123769e-01  1.542533e+00  1.998392e-01  0.000000e+00  0.000000e+00  5.700000e-01  1.000000e+00  1.000000e+00  0.000000e+00  0.000000e+00  0.000000e+00  5.700000e-01  1.000000e+00  1.000000e+00  0.000000e+00  0.000000e+00  0.000000e+00  5.700000e-01  1.000000e+00  1.000000e+00  0.000000e+00  0.000000e+00  0.000000e+00  5.700000e-01  1.000000e+00  1.000000e+00  0.000000e+00  0.000000e+00  0.000000e+00  5.700000e-01  
7.426997e-01  2.997808e+00  5.648777e-01  0.000000e+00  0.000000e+00  5.700000e-01  7.426997e-01  2.997808e+00  8.743953e-01  0.000000e+00  0.000000e+00  5.700000e-01  1.000000e+00  1.000000e+00  0.000000e+00  0.000000e+00  0.000000e+00  5.700000e-01  1.000000e+00  1.000000e+00  0.000000e+00  0.000000e+00  0.000000e+00  5.700000e-01  1.000000e+00  1.000000e+00  0.000000e+00  0.000000e+00  0.000000e+00  5.700000e-01  1.000000e+00  1.000000e+00  0.000000e+00  0.000000e+00  0.000000e+00  5.700000e-01  
7.418676e-01  1.004571e+00  7.172527e-01  0.000000e+00  0.000000e+00  5.700000e-01  7.418676e-01  1.004571e+00  6.638141e-01  0.000000e+00  0.000000e+00  5.700000e-01  1.000000e+00  1.000000e+00  0.000000e+00  0.000000e+00  0.000000e+00  5.700000e-01  1.000000e+00  1.000000e+00  0.000000e+00  0.000000e+00  0.000000e+00  5.700000e-01  1.000000e+00  1.000000e+00  0.000000e+00  0.000000e+00  0.000000e+00  5.700000e-01  1.000000e+00  1.000000e+00  0.000000e+00  0.000000e+00  0.000000e+00  5.700000e-01  
7.418350e-01  3.872576e+00  4.552545e-01  0.000000e+00  0.000000e+00  5.700000e-01  7.418350e-01  3.872576e+00  9.373867e-01  0.000000e+00  0.000000e+00  5.700000e-01  1.000000e+00  1.000000e+00  0.000000e+00  0.000000e+00  0.000000e+00  5.700000e-01  1.000000e+00  1.000000e+00  0.000000e+00  0.000000e+00  0.000000e+00  5.700000e-01  1.000000e+00  1.000000e+00  0.000000e+00  0.000000e+00  0.000000e+00  5.700000e-01  1.000000e+00  1.000000e+00  0.000000e+00  0.000000e+00  0.000000e+00  5.700000e-01  
8.327652e-01  2.183864e+00  6.714877e-01  0.000000e+00  0.000000e+00  5.700000e-01  8.327652e-01  2.183864e+00  5.986177e-01  0.000000e+00  0.000000e+00  5.700000e-01  1.000000e+00  1.000000e+00  0.000000e+00  0.000000e+00  0.000000e+00  5.700000e-01  1.000000e+00  1.000000e+00  0.000000e+00  0.000000e+00  0.000000e+00  5.700000e-01  1.000000e+00  1.000000e+00  0.000000e+00  0.000000e+00  0.000000e+00  5.700000e-01  1.000000e+00  1.000000e+00  0.000000e+00  0.000000e+00  0.000000e+00  5.700000e-01  
5.607130e-01  1.185867e+00  6.031150e-01  0.000000e+00  0.000000e+00  5.700000e-01  5.607130e-01  1.185867e+00  9.713424e-01  0.000000e+00  0.000000e+00  5.700000e-01  1.000000e+00  1.000000e+00  0.000000e+00  0.000000e+00  0.000000e+00  5.700000e-01  1.000000e+00  1.000000e+00  0.000000e+00  0.000000e+00  0.000000e+00  5.700000e-01  1.000000e+00  1.000000e+00  0.000000e+00  0.000000e+00  0.000000e+00  5.700000e-01  1.000000e+00  1.000000e+00  0.000000e+00  0.000000e+00  0.000000e+00  5.700000e-01  
5.290366e-01  1.053861e+00  6.382930e-01  0.000000e+00  0.000000e+00  5.700000e-01  5.290366e-01  1.053861e+00  8.535464e-01  0.000000e+00  0.000000e+00  5.700000e-01  1.000000e+00  1.000000e+00  0.000000e+00  0.000000e+00  0.000000e+00  5.700000e-01  1.000000e+00  1.000000e+00  0.000000e+00  0.000000e+00  0.000000e+00  5.700000e-01  1.000000e+00  1.000000e+00  0.000000e+00  0.000000e+00  0.000000e+00  5.700000e-01  1.000000e+00  1.000000e+00  0.000000e+00  0.000000e+00  0.000000e+00  5.700000e-01  
4.486230e-01  8.354306e-01  5.180452e-01  0.000000e+00  0.000000e+00  5.700000e-01  4.486230e-01  8.354306e-01  6.475840e-01  0.000000e+00  0.000000e+00  5.700000e-01  1.000000e+00  1.000000e+00  0.000000e+00  0.000000e+00  0.000000e+00  5.700000e-01  1.000000e+00  1.000000e+00  0.000000e+00  0.000000e+00  0.000000e+00  5.700000e-01  1.000000e+00  1.000000e+00  0.000000e+00  0.000000e+00  0.000000e+00  5.700000e-01  1.000000e+00  1.000000e+00  0.000000e+00  0.000000e+00  0.000000e+00  5.700000e-01  
6.105975e-01  2.035936e+00  5.773215e-01  0.000000e+00  0.000000e+00  5.700000e-01  6.105975e-01  2.035936e+00  4.821328e-01  0.000000e+00  0.000000e+00  5.700000e-01  1.000000e+00  1.000000e+00  0.000000e+00  0.000000e+00  0.000000e+00  5.700000e-01  1.000000e+00  1.000000e+00  0.000000e+00  0.000000e+00  0.000000e+00  5.700000e-01  1.000000e+00  1.000000e+00  0.000000e+00  0.000000e+00  0.000000e+00  5.700000e-01  1.000000e+00  1.000000e+00  0.000000e+00  0.000000e+00  0.000000e+00  5.700000e-01  
5.159342e-01  6.472476e-01  7.085491e-01  0.000000e+00  0.000000e+00  5.700000e-01  5.159342e-01  6.472476e-01  7.279916e-01  0.000000e+00  0.000000e+00  5.700000e-01  1.000000e+00  1.000000e+00  0.000000e+00  0.000000e+00  0.000000e+00  5.700000e-01  1.000000e+00  1.000000e+00  0.000000e+00  0.000000e+00  0.000000e+00  5.700000e-01  1.000000e+00  1.000000e+00  0.000000e+00  0.000000e+00  0.000000e+00  5.700000e-01  1.000000e+00  1.000000e+00  0.000000e+00  0.000000e+00  0.000000e+00  5.700000e-01  
5.678412e-01  1.699191e+00  6.072943e-01  0.000000e+00  0.000000e+00  5.700000e-01  5.678412e-01  1.699191e+00  -1.864856e-02  0.000000e+00  0.000000e+00  5.700000e-01  1.000000e+00  1.000000e+00  0.000000e+00  0.000000e+00  0.000000e+00  5.700000e-01  1.000000e+00  1.000000e+00  0.000000e+00  0.000000e+00  0.000000e+00  5.700000e-01  1.000000e+00  1.000000e+00  0.000000e+00  0.000000e+00  0.000000e+00  5.700000e-01  1.000000e+00  1.000000e+00  0.000000e+00  0.000000e+00  0.000000e+00  5.700000e-01  
8.288882e-01  2.952015e+00  5.938657e-01  0.000000e+00  0.000000e+00  5.700000e-01  8.288882e-01  2.952015e+00  8.548048e-01  0.000000e+00  0.000000e+00  5.700000e-01  1.000000e+00  1.000000e+00  0.000000e+00  0.000000e+00  0.000000e+00  5.700000e-01  1.000000e+00  1.000000e+00  0.000000e+00  0.000000e+00  0.000000e+00  5.700000e-01  1.000000e+00  1.000000e+00  0.000000e+00  0.000000e+00  0.000000e+00  5.700000e-01  1.000000e+00  1.000000e+00  0.000000e+00  0.000000e+00  0.000000e+00  5.700000e-01  
1.036985e+00  3.823750e+00  6.486591e-01  0.000000e+00  0.000000e+00  5.700000e-01  1.036985e+00  3.823750e+00  6.234338e-01  0.000000e+00  0.000000e+00  5.700000e-01  1.000000e+00  1.000000e+00  0.000000e+00  0.000000e+00  0.000000e+00  5.700000e-01  1.000000e+00  1.000000e+00  0.000000e+00  0.000000e+00  0.000000e+00  5.700000e-01  1.000000e+00  1.000000e+00  0.000000e+00  0.000000e+00  0.000000e+00  5.700000e-01  1.000000e+00  1.000000e+00  0.000000e+00  0.000000e+00  0.000000e+00  5.700000e-01  
7.232690e-01  1.107694e+00  7.100931e-01  0.000000e+00  0.000000e+00  5.700000e-01  7.232690e-01  1.107694e+00  9.319530e-01  0.000000e+00  0.000000e+00  5.700000e-01  1.000000e+00  1.000000e+00  0.000000e+00  0.000000e+00  0.000000e+00  5.700000e-01  1.000000e+00  1.000000e+00  0.000000e+00  0.000000e+00  0.000000e+00  5.700000e-01  1.000000e+00  1.000000e+00  0.000000e+00  0.000000e+00  0.000000e+00  5.700000e-01  1.000000e+00  1.000000e+00  0.000000e+00  0.000000e+00  0.000000e+00  5.700000e-01  
8.901875e-01  2.841768e+00  5.981640e-01  0.000000e+00  0.000000e+00  5.700000e-01  8.901875e-01  2.841768e+00  -5.552667e-02  0.000000e+00  0.000000e+00  5.700000e-01  1.000000e+00  1.000000e+00  0.000000e+00  0.000000e+00  0.000000e+00  5.700000e-01  1.000000e+00  1.000000e+00  0.000000e+00  0.000000e+00  0.000000e+00  5.700000e-01  1.000000e+00  1.000000e+00  0.000000e+00  0.000000e+00  0.000000e+00  5.700000e-01  1.000000e+00  1.000000e+00  0.000000e+00  0.000000e+00  0.000000e+00  5.700000e-01  
1.496207e+00  6.113416e+00  6.598320e-01  0.000000e+00  0.000000e+00  5.700000e-01  1.496207e+00  6.113416e+00  9.668039e-01  0.000000e+00  0.000000e+00  5.700000e-01  1.000000e+00  1.000000e+00  0.000000e+00  0.000000e+00  0.000000e+00  5.700000e-01  1.000000e+00  1.000000e+00  0.000000e+00  0.000000e+00  0.000000e+00  5.700000e-01  1.000000e+00  1.000000e+00  0.000000e+00  0.000000e+00  0.000000e+00  5.700000e-01  1.000000e+00  1.000000e+00  0.000000e+00  0.000000e+00  0.000000e+00  5.700000e-01  
6.673093e-01  1.802368e+00  6.177722e-01  0.000000e+00  0.000000e+00  5.700000e-01  6.673093e-01  1.802368e+00  6.814566e-01  0.000000e+00  0.000000e+00  5.700000e-01  1.000000e+00  1.000000e+00  0.000000e+00  0.000000e+00  0.000000e+00  5.700000e-01  1.000000e+00  1.000000e+00  0.000000e+00  0.000000e+00  0.000000e+00  5.700000e-01  1.000000e+00  1.000000e+00  0.000000e+00  0.000000e+00  0.000000e+00  5.700000e-01  1.000000e+00  1.000000e+00  0.000000e+00  0.000000e+00  0.000000e+00  5.700000e-01  
7.453228e-01  3.354486e+00  4.771473e-01  0.000000e+00  0.000000e+00  5.700000e-01  7.453228e-01  3.354486e+00  6.356634e-01  0.000000e+00  0.000000e+00  5.700000e-01  1.000000e+00  1.000000e+00  0.000000e+00  0.000000e+00  0.000000e+00  5.700000e-01  1.000000e+00  1.000000e+00  0.000000e+00  0.000000e+00  0.000000e+00  5.700000e-01  1.000000e+00  1.000000e+00  0.000000e+00  0.000000e+00  0.000000e+00  5.700000e-01  1.000000e+00  1.000000e+00  0.000000e+00  0.000000e+00  0.000000e+00  5.700000e-01  
1.120870e+00  4.062444e+00  6.648296e-01  0.000000e+00  0.000000e+00  5.700000e-01  1.120870e+00  4.062444e+00  4.022825e-01  0.000000e+00  0.000000e+00  5.700000e-01  1.000000e+00  1.000000e+00  0.000000e+00  0.000000e+00  0.000000e+00  5.700000e-01  1.000000e+00  1.000000e+00  0.000000e+00  0.000000e+00  0.000000e+00  5.700000e-01  1.000000e+00  1.000000e+00  0.000000e+00  0.000000e+00  0.000000e+00  5.700000e-01  1.000000e+00  1.000000e+00  0.000000e+00  0.000000e+00  0.000000e+00  5.700000e-01  
1.008474e+00  2.880553e+00  6.569053e-01  0.000000e+00  0.000000e+00  5.700000e-01  1.008474e+00  2.880553e+00  8.536721e-01  0.000000e+00  0.000000e+00  5.700000e-01  1.000000e+00  1.000000e+00  0.000000e+00  0.000000e+00  0.000000e+00  5.700000e-01  1.000000e+00  1.000000e+00  0.000000e+00  0.000000e+00  0.000000e+00  5.700000e-01  1.000000e+00  1.000000e+00  0.000000e+00  0.000000e+00  0.000000e+00  5.700000e-01  1.000000e+00  1.000000e+00  0.000000e+00  0.000000e+00  0.000000e+00  5.700000e-01  
7.589160e-01  2.662564e+00  5.948002e-01  0.000000e+00  0.000000e+00  5.700000e-01  7.589160e-01  2.662564e+00  8.859682e-02  0.000000e+00  0.000000e+00  5.700000e-01  1.000000e+00  1.000000e+00  0.000000e+00  0.000000e+00  0.000000e+00  5.700000e-01  1.000000e+00  1.000000e+00  0.000000e+00  0.000000e+00  0.000000e+00  5.700000e-01  1.000000e+00  1.000000e+00  0.000000e+00  0.000000e+00  0.000000e+00  5.700000e-01  1.000000e+00  1.000000e+00  0.000000e+00  0.000000e+00  0.000000e+00  5.700000e-01  
7.308315e-01  1.604019e+00  6.940238e-01  0.000000e+00  0.000000e+00  5.700000e-01  7.308315e-01  1.604019e+00  8.885874e-01  0.000000e+00  0.000000e+00  5.700000e-01  1.000000e+00  1.000000e+00  0.000000e+00  0.000000e+00  0.000000e+00  5.700000e-01  1.000000e+00  1.000000e+00  0.000000e+00  0.000000e+00  0.000000e+00  5.700000e-01  1.000000e+00  1.000000e+00  0.000000e+00  0.000000e+00  0.000000e+00  5.700000e-01  1.000000e+00  1.000000e+00  0.000000e+00  0.000000e+00  0.000000e+00  5.700000e-01  
4.685324e-01  6.033329e-01  6.302386e-01  0.000000e+00  0.000000e+00  5.700000e-01  4.685324e-01  6.033329e-01  6.966301e-01  0.000000e+00  0.000000e+00  5.700000e-01  1.000000e+00  1.000000e+00  0.000000e+00  0.000000e+00  0.000000e+00  5.700000e-01  1.000000e+00  1.000000e+00  0.000000e+00  0.000000e+00  0.000000e+00  5.700000e-01  1.000000e+00  1.000000e+00  0.000000e+00  0.000000e+00  0.000000e+00  5.700000e-01  1.000000e+00  1.000000e+00  0.000000e+00  0.000000e+00  0.000000e+00  5.700000e-01  
1.052898e+00  2.780324e+00  8.014987e-01  0.000000e+00  0.000000e+00  5.700000e-01  1.052898e+00  2.780324e+00  4.696745e-01  0.000000e+00  0.000000e+00  5.700000e-01  1.000000e+00  1.000000e+00  0.000000e+00  0.000000e+00  0.000000e+00  5.700000e-01  1.000000e+00  1.000000e+00  0.000000e+00  0.000000e+00  0.000000e+00  5.700000e-01  1.000000e+00  1.000000e+00  0.000000e+00  0.000000e+00  0.000000e+00  5.700000e-01  1.000000e+00  1.000000e+00  0.000000e+00  0.000000e+00  0.000000e+00  5.700000e-01  
8.650597e-01  2.523791e+00  6.882336e-01  0.000000e+00  0.000000e+00  5.700000e-01  8.650597e-01  2.523791e+00  9.641907e-01  0.000000e+00  0.000000e+00  5.700000e-01  1.000000e+00  1.000000e+00  0.000000e+00  0.000000e+00  0.000000e+00  5.700000e-01  1.000000e+00  1.000000e+00  0.000000e+00  0.000000e+00  0.000000e+00  5.700000e-01  1.000000e+00  1.000000e+00  0.000000e+00  0.000000e+00  0.000000e+00  5.700000e-01  1.000000e+00  1.000000e+00  0.000000e+00  0.000000e+00  0.000000e+00  5.700000e-01  
7.965047e-01  3.348201e+00  6.185077e-01  0.000000e+00  0.000000e+00  5.700000e-01  7.965047e-01  3.348201e+00  5.796138e-01  0.000000e+00  0.000000e+00  5.700000e-01  1.000000e+00  1.000000e+00  0.000000e+00  0.000000e+00  0.000000e+00  5.700000e-01  1.000000e+00  1.000000e+00  0.000000e+00  0.000000e+00  0.000000e+00  5.700000e-01  1.000000e+00  1.000000e+00  0.000000e+00  0.000000e+00  0.000000e+00  5.700000e-01  1.000000e+00  1.000000e+00  0.000000e+00  0.000000e+00  0.000000e+00  5.700000e-01  
9.324317e-01  4.191042e+00  5.936921e-01  0.000000e+00  0.000000e+00  5.700000e-01  9.324317e-01  4.191042e+00  9.047759e-01  0.000000e+00  0.000000e+00  5.700000e-01  1.000000e+00  1.000000e+00  0.000000e+00  0.000000e+00  0.000000e+00  5.700000e-01  1.000000e+00  1.000000e+00  0.000000e+00  0.000000e+00  0.000000e+00  5.700000e-01  1.000000e+00  1.000000e+00  0.000000e+00  0.000000e+00  0.000000e+00  5.700000e-01  1.000000e+00  1.000000e+00  0.000000e+00  0.000000e+00  0.000000e+00  5.700000e-01  
7.936869e-01  3.012671e+00  6.114205e-01  0.000000e+00  0.000000e+00  5.700000e-01  7.936869e-01  3.012671e+00  5.238308e-01  0.000000e+00  0.000000e+00  5.700000e-01  1.000000e+00  1.000000e+00  0.000000e+00  0.000000e+00  0.000000e+00  5.700000e-01  1.000000e+00  1.000000e+00  0.000000e+00  0.000000e+00  0.000000e+00  5.700000e-01  1.000000e+00  1.000000e+00  0.000000e+00  0.000000e+00  0.000000e+00  5.700000e-01  1.000000e+00  1.000000e+00  0.000000e+00  0.000000e+00  0.000000e+00  5.700000e-01  
5.699461e-01  8.152225e-01  7.676252e-01  0.000000e+00  0.000000e+00  5.700000e-01  5.699461e-01  8.152225e-01  5.579324e-01  0.000000e+00  0.000000e+00  5.700000e-01  1.000000e+00  1.000000e+00  0.000000e+00  0.000000e+00  0.000000e+00  5.700000e-01  1.000000e+00  1.000000e+00  0.000000e+00  0.000000e+00  0.000000e+00  5.700000e-01  1.000000e+00  1.000000e+00  0.000000e+00  0.000000e+00  0.000000e+00  5.700000e-01  1.000000e+00  1.000000e+00  0.000000e+00  0.000000e+00  0.000000e+00  5.700000e-01  
1.034660e+00  3.114282e+00  6.453713e-01  0.000000e+00  0.000000e+00  5.700000e-01  1.034660e+00  3.114282e+00  -8.890635e-02  0.000000e+00  0.000000e+00  5.700000e-01  1.000000e+00  1.000000e+00  0.000000e+00  0.000000e+00  0.000000e+00  5.700000e-01  1.000000e+00  1.000000e+00  0.000000e+00  0.000000e+00  0.000000e+00  5.700000e-01  1.000000e+00  1.000000e+00  0.000000e+00  0.000000e+00  0.000000e+00  5.700000e-01  1.000000e+00  1.000000e+00  0.000000e+00  0.000000e+00  0.000000e+00  5.700000e-01  
7.323131e-01  2.004187e+00  6.298532e-01  0.000000e+00  0.000000e+00  5.700000e-01  7.323131e-01  2.004187e+00  7.169006e-01  0.000000e+00  0.000000e+00  5.700000e-01  1.000000e+00  1.000000e+00  0.000000e+00  0.000000e+00  0.000000e+00  5.700000e-01  1.000000e+00  1.000000e+00  0.000000e+00  0.000000e+00  0.000000e+00  5.700000e-01  1.000000e+00  1.000000e+00  0.000000e+00  0.000000e+00  0.000000e+00  5.700000e-01  1.000000e+00  1.000000e+00  0.000000e+00  0.000000e+00  0.000000e+00  5.700000e-01  
8.372549e-01  1.616429e+00  7.125592e-01  0.000000e+00  0.000000e+00  5.700000e-01  8.372549e-01  1.616429e+00  5.145446e-01  0.000000e+00  0.000000e+00  5.700000e-01  1.000000e+00  1.000000e+00  0.000000e+00  0.000000e+00  0.000000e+00  5.700000e-01  1.000000e+00  1.000000e+00  0.000000e+00  0.000000e+00  0.000000e+00  5.700000e-01  1.000000e+00  1.000000e+00  0.000000e+00  0.000000e+00  0.000000e+00  5.700000e-01  1.000000e+00  1.000000e+00  0.000000e+00  0.000000e+00  0.000000e+00  5.700000e-01  
8.443572e-01  2.204378e+00  6.996222e-01  0.000000e+00  0.000000e+00  5.700000e-01  8.443572e-01  2.204378e+00  9.503413e-01  0.000000e+00  0.000000e+00  5.700000e-01  1.000000e+00  1.000000e+00  0.000000e+00  0.000000e+00  0.000000e+00  5.700000e-01  1.000000e+00  1.000000e+00  0.000000e+00  0.000000e+00  0.000000e+00  5.700000e-01  1.000000e+00  1.000000e+00  0.000000e+00  0.000000e+00  0.000000e+00  5.700000e-01  1.000000e+00  1.000000e+00  0.000000e+00  0.000000e+00  0.000000e+00  5.700000e-01  
1.006613e+00  2.127921e+00  7.393497e-01  0.000000e+00  0.000000e+00  5.700000e-01  1.006613e+00  2.127921e+00  7.023770e-01  0.000000e+00  0.000000e+00  5.700000e-01  1.000000e+00  1.000000e+00  0.000000e+00  0.000000e+00  0.000000e+00  5.700000e-01  1.000000e+00  1.000000e+00  0.000000e+00  0.000000e+00  0.000000e+00  5.700000e-01  1.000000e+00  1.000000e+00  0.000000e+00  0.000000e+00  0.000000e+00  5.700000e-01  1.000000e+00  1.000000e+00  0.000000e+00  0.000000e+00  0.000000e+00  5.700000e-01  
7.010017e-01  1.494876e+00  6.804786e-01  0.000000e+00  0.000000e+00  5.700000e-01  7.010017e-01  1.494876e+00  5.818111e-01  0.000000e+00  0.000000e+00  5.700000e-01  1.000000e+00  1.000000e+00  0.000000e+00  0.000000e+00  0.000000e+00  5.700000e-01  1.000000e+00  1.000000e+00  0.000000e+00  0.000000e+00  0.000000e+00  5.700000e-01  1.000000e+00  1.000000e+00  0.000000e+00  0.000000e+00  0.000000e+00  5.700000e-01  1.000000e+00  1.000000e+00  0.000000e+00  0.000000e+00  0.000000e+00  5.700000e-01  
8.807419e-01  1.856000e+00  7.663056e-01  0.000000e+00  0.000000e+00  5.700000e-01  8.807419e-01  1.856000e+00  9.545497e-01  0.000000e+00  0.000000e+00  5.700000e-01  1.000000e+00  1.000000e+00  0.000000e+00  0.000000e+00  0.000000e+00  5.700000e-01  1.000000e+00  1.000000e+00  0.000000e+00  0.000000e+00  0.000000e+00  5.700000e-01  1.000000e+00  1.000000e+00  0.000000e+00  0.000000e+00  0.000000e+00  5.700000e-01  1.000000e+00  1.000000e+00  0.000000e+00  0.000000e+00  0.000000e+00  5.700000e-01  
9.997493e-01  2.680512e+00  7.407405e-01  0.000000e+00  0.000000e+00  5.700000e-01  9.997493e-01  2.680512e+00  6.209085e-01  0.000000e+00  0.000000e+00  5.700000e-01  1.000000e+00  1.000000e+00  0.000000e+00  0.000000e+00  0.000000e+00  5.700000e-01  1.000000e+00  1.000000e+00  0.000000e+00  0.000000e+00  0.000000e+00  5.700000e-01  1.000000e+00  1.000000e+00  0.000000e+00  0.000000e+00  0.000000e+00  5.700000e-01  1.000000e+00  1.000000e+00  0.000000e+00  0.000000e+00  0.000000e+00  5.700000e-01  
1.133692e+00  4.658590e+00  6.160800e-01  0.000000e+00  0.000000e+00  5.700000e-01  1.133692e+00  4.658590e+00  7.204114e-01  0.000000e+00  0.000000e+00  5.700000e-01  1.000000e+00  1.000000e+00  0.000000e+00  0.000000e+00  0.000000e+00  5.700000e-01  1.000000e+00  1.000000e+00  0.000000e+00  0.000000e+00  0.000000e+00  5.700000e-01  1.000000e+00  1.000000e+00  0.000000e+00  0.000000e+00  0.000000e+00  5.700000e-01  1.000000e+00  1.000000e+00  0.000000e+00  0.000000e+00  0.000000e+00  5.700000e-01  
5.837945e-01  9.207224e-01  5.979059e-01  0.000000e+00  0.000000e+00  5.700000e-01  5.837945e-01  9.207224e-01  7.369028e-01  0.000000e+00  0.000000e+00  5.700000e-01  1.000000e+00  1.000000e+00  0.000000e+00  0.000000e+00  0.000000e+00  5.700000e-01  1.000000e+00  1.000000e+00  0.000000e+00  0.000000e+00  0.000000e+00  5.700000e-01  1.000000e+00  1.000000e+00  0.000000e+00  0.000000e+00  0.000000e+00  5.700000e-01  1.000000e+00  1.000000e+00  0.000000e+00  0.000000e+00  0.000000e+00  5.700000e-01  
4.845203e-01  2.548072e-01  7.370186e-01  0.000000e+00  0.000000e+00  5.700000e-01  4.845203e-01  2.548072e-01  4.476751e-01  0.000000e+00  0.000000e+00  5.700000e-01  1.000000e+00  1.000000e+00  0.000000e+00  0.000000e+00  0.000000e+00  5.700000e-01  1.000000e+00  1.000000e+00  0.000000e+00  0.000000e+00  0.000000e+00  5.700000e-01  1.000000e+00  1.000000e+00  0.000000e+00  0.000000e+00  0.000000e+00  5.700000e-01  1.000000e+00  1.000000e+00  0.000000e+00  0.000000e+00  0.000000e+00  5.700000e-01  
9.650030e-01  3.006230e+00  6.419879e-01  0.000000e+00  0.000000e+00  5.700000e-01  9.650030e-01  3.006230e+00  7.566024e-01  0.000000e+00  0.000000e+00  5.700000e-01  1.000000e+00  1.000000e+00  0.000000e+00  0.000000e+00  0.000000e+00  5.700000e-01  1.000000e+00  1.000000e+00  0.000000e+00  0.000000e+00  0.000000e+00  5.700000e-01  1.000000e+00  1.000000e+00  0.000000e+00  0.000000e+00  0.000000e+00  5.700000e-01  1.000000e+00  1.000000e+00  0.000000e+00  0.000000e+00  0.000000e+00  5.700000e-01  
8.226452e-01  1.788912e+00  6.184518e-01  0.000000e+00  0.000000e+00  5.700000e-01  8.226452e-01  1.788912e+00  8.657416e-01  0.000000e+00  0.000000e+00  5.700000e-01  1.000000e+00  1.000000e+00  0.000000e+00  0.000000e+00  0.000000e+00  5.700000e-01  1.000000e+00  1.000000e+00  0.000000e+00  0.000000e+00  0.000000e+00  5.700000e-01  1.000000e+00  1.000000e+00  0.000000e+00  0.000000e+00  0.000000e+00  5.700000e-01  1.000000e+00  1.000000e+00  0.000000e+00  0.000000e+00  0.000000e+00  5.700000e-01  
6.732482e-01  1.342606e+00  7.405250e-01  0.000000e+00  0.000000e+00  5.700000e-01  6.732482e-01  1.342606e+00  9.949580e-01  0.000000e+00  0.000000e+00  5.700000e-01  1.000000e+00  1.000000e+00  0.000000e+00  0.000000e+00  0.000000e+00  5.700000e-01  1.000000e+00  1.000000e+00  0.000000e+00  0.000000e+00  0.000000e+00  5.700000e-01  1.000000e+00  1.000000e+00  0.000000e+00  0.000000e+00  0.000000e+00  5.700000e-01  1.000000e+00  1.000000e+00  0.000000e+00  0.000000e+00  0.000000e+00  5.700000e-01  
7.432739e-01  2.587881e+00  6.067116e-01  0.000000e+00  0.000000e+00  5.700000e-01  7.432739e-01  2.587881e+00  8.402427e-01  0.000000e+00  0.000000e+00  5.700000e-01  1.000000e+00  1.000000e+00  0.000000e+00  0.000000e+00  0.000000e+00  5.700000e-01  1.000000e+00  1.000000e+00  0.000000e+00  0.000000e+00  0.000000e+00  5.700000e-01  1.000000e+00  1.000000e+00  0.000000e+00  0.000000e+00  0.000000e+00  5.700000e-01  1.000000e+00  1.000000e+00  0.000000e+00  0.000000e+00  0.000000e+00  5.700000e-01  
5.762642e-01  5.897934e-01  8.059607e-01  0.000000e+00  0.000000e+00  5.700000e-01  5.762642e-01  5.897934e-01  7.913643e-01  0.000000e+00  0.000000e+00  5.700000e-01  1.000000e+00  1.000000e+00  0.000000e+00  0.000000e+00  0.000000e+00  5.700000e-01  1.000000e+00  1.000000e+00  0.000000e+00  0.000000e+00  0.000000e+00  5.700000e-01  1.000000e+00  1.000000e+00  0.000000e+00  0.000000e+00  0.000000e+00  5.700000e-01  1.000000e+00  1.000000e+00  0.000000e+00  0.000000e+00  0.000000e+00  5.700000e-01  
8.275160e-01  1.669314e+00  5.886759e-01  0.000000e+00  0.000000e+00  5.700000e-01  8.275160e-01  1.669314e+00  9.297227e-01  0.000000e+00  0.000000e+00  5.700000e-01  1.000000e+00  1.000000e+00  0.000000e+00  0.000000e+00  0.000000e+00  5.700000e-01  1.000000e+00  1.000000e+00  0.000000e+00  0.000000e+00  0.000000e+00  5.700000e-01  1.000000e+00  1.000000e+00  0.000000e+00  0.000000e+00  0.000000e+00  5.700000e-01  1.000000e+00  1.000000e+00  0.000000e+00  0.000000e+00  0.000000e+00  5.700000e-01  
1.230877e+00  5.254519e+00  5.363673e-01  0.000000e+00  0.000000e+00  5.700000e-01  1.230877e+00  5.254519e+00  7.763483e-01  0.000000e+00  0.000000e+00  5.700000e-01  1.000000e+00  1.000000e+00  0.000000e+00  0.000000e+00  0.000000e+00  5.700000e-01  1.000000e+00  1.000000e+00  0.000000e+00  0.000000e+00  0.000000e+00  5.700000e-01  1.000000e+00  1.000000e+00  0.000000e+00  0.000000e+00  0.000000e+00  5.700000e-01  1.000000e+00  1.000000e+00  0.000000e+00  0.000000e+00  0.000000e+00  5.700000e-01  
7.734764e-01  2.405317e+00  6.494241e-01  0.000000e+00  0.000000e+00  5.700000e-01  7.734764e-01  2.405317e+00  9.172379e-01  0.000000e+00  0.000000e+00  5.700000e-01  1.000000e+00  1.000000e+00  0.000000e+00  0.000000e+00  0.000000e+00  5.700000e-01  1.000000e+00  1.000000e+00  0.000000e+00  0.000000e+00  0.000000e+00  5.700000e-01  1.000000e+00  1.000000e+00  0.000000e+00  0.000000e+00  0.000000e+00  5.700000e-01  1.000000e+00  1.000000e+00  0.000000e+00  0.000000e+00  0.000000e+00  5.700000e-01  
7.830364e-01  3.083686e+00  6.368480e-01  0.000000e+00  0.000000e+00  5.700000e-01  7.830364e-01  3.083686e+00  6.315758e-01  0.000000e+00  0.000000e+00  5.700000e-01  1.000000e+00  1.000000e+00  0.000000e+00  0.000000e+00  0.000000e+00  5.700000e-01  1.000000e+00  1.000000e+00  0.000000e+00  0.000000e+00  0.000000e+00  5.700000e-01  1.000000e+00  1.000000e+00  0.000000e+00  0.000000e+00  0.000000e+00  5.700000e-01  1.000000e+00  1.000000e+00  0.000000e+00  0.000000e+00  0.000000e+00  5.700000e-01  
7.052516e-01  3.110077e+00  5.572872e-01  0.000000e+00  0.000000e+00  5.700000e-01  7.052516e-01  3.110077e+00  9.751929e-01  0.000000e+00  0.000000e+00  5.700000e-01  1.000000e+00  1.000000e+00  0.000000e+00  0.000000e+00  0.000000e+00  5.700000e-01  1.000000e+00  1.000000e+00  0.000000e+00  0.000000e+00  0.000000e+00  5.700000e-01  1.000000e+00  1.000000e+00  0.000000e+00  0.000000e+00  0.000000e+00  5.700000e-01  1.000000e+00  1.000000e+00  0.000000e+00  0.000000e+00  0.000000e+00  5.700000e-01  
5.996941e-01  6.669078e-01  6.312215e-01  0.000000e+00  0.000000e+00  5.700000e-01  5.996941e-01  6.669078e-01  9.220556e-01  0.000000e+00  0.000000e+00  5.700000e-01  1.000000e+00  1.000000e+00  0.000000e+00  0.000000e+00  0.000000e+00  5.700000e-01  1.000000e+00  1.000000e+00  0.000000e+00  0.000000e+00  0.000000e+00  5.700000e-01  1.000000e+00  1.000000e+00  0.000000e+00  0.000000e+00  0.000000e+00  5.700000e-01  1.000000e+00  1.000000e+00  0.000000e+00  0.000000e+00  0.000000e+00  5.700000e-01  
9.538432e-01  2.402225e+00  6.706230e-01  0.000000e+00  0.000000e+00  5.700000e-01  9.538432e-01  2.402225e+00  1.737096e-01  0.000000e+00  0.000000e+00  5.700000e-01  1.000000e+00  1.000000e+00  0.000000e+00  0.000000e+00  0.000000e+00  5.700000e-01  1.000000e+00  1.000000e+00  0.000000e+00  0.000000e+00  0.000000e+00  5.700000e-01  1.000000e+00  1.000000e+00  0.000000e+00  0.000000e+00  0.000000e+00  5.700000e-01  1.000000e+00  1.000000e+00  0.000000e+00  0.000000e+00  0.000000e+00  5.700000e-01  
5.016404e-01  1.738310e+00  5.262944e-01  0.000000e+00  0.000000e+00  5.700000e-01  5.016404e-01  1.738310e+00  2.775046e-01  0.000000e+00  0.000000e+00  5.700000e-01  1.000000e+00  1.000000e+00  0.000000e+00  0.000000e+00  0.000000e+00  5.700000e-01  1.000000e+00  1.000000e+00  0.000000e+00  0.000000e+00  0.000000e+00  5.700000e-01  1.000000e+00  1.000000e+00  0.000000e+00  0.000000e+00  0.000000e+00  5.700000e-01  1.000000e+00  1.000000e+00  0.000000e+00  0.000000e+00  0.000000e+00  5.700000e-01  
1.100885e+00  4.444348e+00  6.633570e-01  0.000000e+00  0.000000e+00  5.700000e-01  1.100885e+00  4.444348e+00  2.408767e-01  0.000000e+00  0.000000e+00  5.700000e-01  1.000000e+00  1.000000e+00  0.000000e+00  0.000000e+00  0.000000e+00  5.700000e-01  1.000000e+00  1.000000e+00  0.000000e+00  0.000000e+00  0.000000e+00  5.700000e-01  1.000000e+00  1.000000e+00  0.000000e+00  0.000000e+00  0.000000e+00  5.700000e-01  1.000000e+00  1.000000e+00  0.000000e+00  0.000000e+00  0.000000e+00  5.700000e-01  
1.229178e+00  5.815319e+00  6.319886e-01  0.000000e+00  0.000000e+00  5.700000e-01  1.229178e+00  5.815319e+00  8.022585e-01  0.000000e+00  0.000000e+00  5.700000e-01  1.000000e+00  1.000000e+00  0.000000e+00  0.000000e+00  0.000000e+00  5.700000e-01  1.000000e+00  1.000000e+00  0.000000e+00  0.000000e+00  0.000000e+00  5.700000e-01  1.000000e+00  1.000000e+00  0.000000e+00  0.000000e+00  0.000000e+00  5.700000e-01  1.000000e+00  1.000000e+00  0.000000e+00  0.000000e+00  0.000000e+00  5.700000e-01  
8.996301e-01  3.661950e+00  6.364012e-01  0.000000e+00  0.000000e+00  5.700000e-01  8.996301e-01  3.661950e+00  6.934538e-01  0.000000e+00  0.000000e+00  5.700000e-01  1.000000e+00  1.000000e+00  0.000000e+00  0.000000e+00  0.000000e+00  5.700000e-01  1.000000e+00  1.000000e+00  0.000000e+00  0.000000e+00  0.000000e+00  5.700000e-01  1.000000e+00  1.000000e+00  0.000000e+00  0.000000e+00  0.000000e+00  5.700000e-01  1.000000e+00  1.000000e+00  0.000000e+00  0.000000e+00  0.000000e+00  5.700000e-01  
6.262156e-01  2.727781e+00  4.502012e-01  0.000000e+00  0.000000e+00  5.700000e-01  6.262156e-01  2.727781e+00  8.981836e-01  0.000000e+00  0.000000e+00  5.700000e-01  1.000000e+00  1.000000e+00  0.000000e+00  0.000000e+00  0.000000e+00  5.700000e-01  1.000000e+00  1.000000e+00  0.000000e+00  0.000000e+00  0.000000e+00  5.700000e-01  1.000000e+00  1.000000e+00  0.000000e+00  0.000000e+00  0.000000e+00  5.700000e-01  1.000000e+00  1.000000e+00  0.000000e+00  0.000000e+00  0.000000e+00  5.700000e-01  
6.334327e-01  1.474980e+00  6.436437e-01  0.000000e+00  0.000000e+00  5.700000e-01  6.334327e-01  1.474980e+00  6.892043e-01  0.000000e+00  0.000000e+00  5.700000e-01  1.000000e+00  1.000000e+00  0.000000e+00  0.000000e+00  0.000000e+00  5.700000e-01  1.000000e+00  1.000000e+00  0.000000e+00  0.000000e+00  0.000000e+00  5.700000e-01  1.000000e+00  1.000000e+00  0.000000e+00  0.000000e+00  0.000000e+00  5.700000e-01  1.000000e+00  1.000000e+00  0.000000e+00  0.000000e+00  0.000000e+00  5.700000e-01  
1.327803e+00  6.131331e+00  6.689008e-01  0.000000e+00  0.000000e+00  5.700000e-01  1.327803e+00  6.131331e+00  7.751781e-01  0.000000e+00  0.000000e+00  5.700000e-01  1.000000e+00  1.000000e+00  0.000000e+00  0.000000e+00  0.000000e+00  5.700000e-01  1.000000e+00  1.000000e+00  0.000000e+00  0.000000e+00  0.000000e+00  5.700000e-01  1.000000e+00  1.000000e+00  0.000000e+00  0.000000e+00  0.000000e+00  5.700000e-01  1.000000e+00  1.000000e+00  0.000000e+00  0.000000e+00  0.000000e+00  5.700000e-01  
5.975903e-01  1.638120e+00  6.232387e-01  0.000000e+00  0.000000e+00  5.700000e-01  5.975903e-01  1.638120e+00  9.407618e-01  0.000000e+00  0.000000e+00  5.700000e-01  1.000000e+00  1.000000e+00  0.000000e+00  0.000000e+00  0.000000e+00  5.700000e-01  1.000000e+00  1.000000e+00  0.000000e+00  0.000000e+00  0.000000e+00  5.700000e-01  1.000000e+00  1.000000e+00  0.000000e+00  0.000000e+00  0.000000e+00  5.700000e-01  1.000000e+00  1.000000e+00  0.000000e+00  0.000000e+00  0.000000e+00  5.700000e-01  
6.891396e-01  9.732175e-01  6.584390e-01  0.000000e+00  0.000000e+00  5.700000e-01  6.891396e-01  9.732175e-01  9.517033e-01  0.000000e+00  0.000000e+00  5.700000e-01  1.000000e+00  1.000000e+00  0.000000e+00  0.000000e+00  0.000000e+00  5.700000e-01  1.000000e+00  1.000000e+00  0.000000e+00  0.000000e+00  0.000000e+00  5.700000e-01  1.000000e+00  1.000000e+00  0.000000e+00  0.000000e+00  0.000000e+00  5.700000e-01  1.000000e+00  1.000000e+00  0.000000e+00  0.000000e+00  0.000000e+00  5.700000e-01  
9.260194e-01  2.413416e+00  7.251531e-01  0.000000e+00  0.000000e+00  5.700000e-01  9.260194e-01  2.413416e+00  5.055162e-01  0.000000e+00  0.000000e+00  5.700000e-01  1.000000e+00  1.000000e+00  0.000000e+00  0.000000e+00  0.000000e+00  5.700000e-01  1.000000e+00  1.000000e+00  0.000000e+00  0.000000e+00  0.000000e+00  5.700000e-01  1.000000e+00  1.000000e+00  0.000000e+00  0.000000e+00  0.000000e+00  5.700000e-01  1.000000e+00  1.000000e+00  0.000000e+00  0.000000e+00  0.000000e+00  5.700000e-01  
7.844814e-01  1.717647e+00  7.101942e-01  0.000000e+00  0.000000e+00  5.700000e-01  7.844814e-01  1.717647e+00  8.277048e-01  0.000000e+00  0.000000e+00  5.700000e-01  1.000000e+00  1.000000e+00  0.000000e+00  0.000000e+00  0.000000e+00  5.700000e-01  1.000000e+00  1.000000e+00  0.000000e+00  0.000000e+00  0.000000e+00  5.700000e-01  1.000000e+00  1.000000e+00  0.000000e+00  0.000000e+00  0.000000e+00  5.700000e-01  1.000000e+00  1.000000e+00  0.000000e+00  0.000000e+00  0.000000e+00  5.700000e-01  
9.354898e-01  2.697074e+00  7.526293e-01  0.000000e+00  0.000000e+00  5.700000e-01  9.354898e-01  2.697074e+00  8.845702e-01  0.000000e+00  0.000000e+00  5.700000e-01  1.000000e+00  1.000000e+00  0.000000e+00  0.000000e+00  0.000000e+00  5.700000e-01  1.000000e+00  1.000000e+00  0.000000e+00  0.000000e+00  0.000000e+00  5.700000e-01  1.000000e+00  1.000000e+00  0.000000e+00  0.000000e+00  0.000000e+00  5.700000e-01  1.000000e+00  1.000000e+00  0.000000e+00  0.000000e+00  0.000000e+00  5.700000e-01  
6.714294e-01  1.046906e+00  7.199010e-01  0.000000e+00  0.000000e+00  5.700000e-01  6.714294e-01  1.046906e+00  1.595052e-01  0.000000e+00  0.000000e+00  5.700000e-01  1.000000e+00  1.000000e+00  0.000000e+00  0.000000e+00  0.000000e+00  5.700000e-01  1.000000e+00  1.000000e+00  0.000000e+00  0.000000e+00  0.000000e+00  5.700000e-01  1.000000e+00  1.000000e+00  0.000000e+00  0.000000e+00  0.000000e+00  5.700000e-01  1.000000e+00  1.000000e+00  0.000000e+00  0.000000e+00  0.000000e+00  5.700000e-01  
1.184714e+00  5.860988e+00  5.532876e-01  0.000000e+00  0.000000e+00  5.700000e-01  1.184714e+00  5.860988e+00  7.123171e-01  0.000000e+00  0.000000e+00  5.700000e-01  1.000000e+00  1.000000e+00  0.000000e+00  0.000000e+00  0.000000e+00  5.700000e-01  1.000000e+00  1.000000e+00  0.000000e+00  0.000000e+00  0.000000e+00  5.700000e-01  1.000000e+00  1.000000e+00  0.000000e+00  0.000000e+00  0.000000e+00  5.700000e-01  1.000000e+00  1.000000e+00  0.000000e+00  0.000000e+00  0.000000e+00  5.700000e-01  
7.412193e-01  1.232976e+00  6.534704e-01  0.000000e+00  0.000000e+00  5.700000e-01  7.412193e-01  1.232976e+00  7.494254e-01  0.000000e+00  0.000000e+00  5.700000e-01  1.000000e+00  1.000000e+00  0.000000e+00  0.000000e+00  0.000000e+00  5.700000e-01  1.000000e+00  1.000000e+00  0.000000e+00  0.000000e+00  0.000000e+00  5.700000e-01  1.000000e+00  1.000000e+00  0.000000e+00  0.000000e+00  0.000000e+00  5.700000e-01  1.000000e+00  1.000000e+00  0.000000e+00  0.000000e+00  0.000000e+00  5.700000e-01  
8.409317e-01  2.301047e+00  6.323661e-01  0.000000e+00  0.000000e+00  5.700000e-01  8.409317e-01  2.301047e+00  1.472143e-01  0.000000e+00  0.000000e+00  5.700000e-01  1.000000e+00  1.000000e+00  0.000000e+00  0.000000e+00  0.000000e+00  5.700000e-01  1.000000e+00  1.000000e+00  0.000000e+00  0.000000e+00  0.000000e+00  5.700000e-01  1.000000e+00  1.000000e+00  0.000000e+00  0.000000e+00  0.000000e+00  5.700000e-01  1.000000e+00  1.000000e+00  0.000000e+00  0.000000e+00  0.000000e+00  5.700000e-01  
5.929040e-01  2.849010e+00  4.955318e-01  0.000000e+00  0.000000e+00  5.700000e-01  5.929040e-01  2.849010e+00  9.441179e-01  0.000000e+00  0.000000e+00  5.700000e-01  1.000000e+00  1.000000e+00  0.000000e+00  0.000000e+00  0.000000e+00  5.700000e-01  1.000000e+00  1.000000e+00  0.000000e+00  0.000000e+00  0.000000e+00  5.700000e-01  1.000000e+00  1.000000e+00  0.000000e+00  0.000000e+00  0.000000e+00  5.700000e-01  1.000000e+00  1.000000e+00  0.000000e+00  0.000000e+00  0.000000e+00  5.700000e-01  
8.924897e-01  2.313633e+00  6.721730e-01  0.000000e+00  0.000000e+00  5.700000e-01  8.924897e-01  2.313633e+00  3.062845e-01  0.000000e+00  0.000000e+00  5.700000e-01  1.000000e+00  1.000000e+00  0.000000e+00  0.000000e+00  0.000000e+00  5.700000e-01  1.000000e+00  1.000000e+00  0.000000e+00  0.000000e+00  0.000000e+00  5.700000e-01  1.000000e+00  1.000000e+00  0.000000e+00  0.000000e+00  0.000000e+00  5.700000e-01  1.000000e+00  1.000000e+00  0.000000e+00  0.000000e+00  0.000000e+00  5.700000e-01  
5.776508e-01  1.089917e+00  6.336154e-01  0.000000e+00  0.000000e+00  5.700000e-01  5.776508e-01  1.089917e+00  8.030879e-01  0.000000e+00  0.000000e+00  5.700000e-01  1.000000e+00  1.000000e+00  0.000000e+00  0.000000e+00  0.000000e+00  5.700000e-01  1.000000e+00  1.000000e+00  0.000000e+00  0.000000e+00  0.000000e+00  5.700000e-01  1.000000e+00  1.000000e+00  0.000000e+00  0.000000e+00  0.000000e+00  5.700000e-01  1.000000e+00  1.000000e+00  0.000000e+00  0.000000e+00  0.000000e+00  5.700000e-01  
1.183329e+00  5.236753e+00  6.002564e-01  0.000000e+00  0.000000e+00  5.700000e-01  1.183329e+00  5.236753e+00  4.694298e-01  0.000000e+00  0.000000e+00  5.700000e-01  1.000000e+00  1.000000e+00  0.000000e+00  0.000000e+00  0.000000e+00  5.700000e-01  1.000000e+00  1.000000e+00  0.000000e+00  0.000000e+00  0.000000e+00  5.700000e-01  1.000000e+00  1.000000e+00  0.000000e+00  0.000000e+00  0.000000e+00  5.700000e-01  1.000000e+00  1.000000e+00  0.000000e+00  0.000000e+00  0.000000e+00  5.700000e-01  
8.286623e-01  2.265069e+00  5.965996e-01  0.000000e+00  0.000000e+00  5.700000e-01  8.286623e-01  2.265069e+00  6.122363e-01  0.000000e+00  0.000000e+00  5.700000e-01  1.000000e+00  1.000000e+00  0.000000e+00  0.000000e+00  0.000000e+00  5.700000e-01  1.000000e+00  1.000000e+00  0.000000e+00  0.000000e+00  0.000000e+00  5.700000e-01  1.000000e+00  1.000000e+00  0.000000e+00  0.000000e+00  0.000000e+00  5.700000e-01  1.000000e+00  1.000000e+00  0.000000e+00  0.000000e+00  0.000000e+00  5.700000e-01  
4.328552e-01  5.257208e-01  7.462184e-01  0.000000e+00  0.000000e+00  5.700000e-01  4.328552e-01  5.257208e-01  6.218477e-01  0.000000e+00  0.000000e+00  5.700000e-01  1.000000e+00  1.000000e+00  0.000000e+00  0.000000e+00  0.000000e+00  5.700000e-01  1.000000e+00  1.000000e+00  0.000000e+00  0.000000e+00  0.000000e+00  5.700000e-01  1.000000e+00  1.000000e+00  0.000000e+00  0.000000e+00  0.000000e+00  5.700000e-01  1.000000e+00  1.000000e+00  0.000000e+00  0.000000e+00  0.000000e+00  5.700000e-01  
7.690570e-01  2.853841e+00  6.179150e-01  0.000000e+00  0.000000e+00  5.700000e-01  7.690570e-01  2.853841e+00  5.144483e-01  0.000000e+00  0.000000e+00  5.700000e-01  1.000000e+00  1.000000e+00  0.000000e+00  0.000000e+00  0.000000e+00  5.700000e-01  1.000000e+00  1.000000e+00  0.000000e+00  0.000000e+00  0.000000e+00  5.700000e-01  1.000000e+00  1.000000e+00  0.000000e+00  0.000000e+00  0.000000e+00  5.700000e-01  1.000000e+00  1.000000e+00  0.000000e+00  0.000000e+00  0.000000e+00  5.700000e-01  
7.506621e-01  2.873934e+00  5.898085e-01  0.000000e+00  0.000000e+00  5.700000e-01  7.506621e-01  2.873934e+00  9.671128e-01  0.000000e+00  0.000000e+00  5.700000e-01  1.000000e+00  1.000000e+00  0.000000e+00  0.000000e+00  0.000000e+00  5.700000e-01  1.000000e+00  1.000000e+00  0.000000e+00  0.000000e+00  0.000000e+00  5.700000e-01  1.000000e+00  1.000000e+00  0.000000e+00  0.000000e+00  0.000000e+00  5.700000e-01  1.000000e+00  1.000000e+00  0.000000e+00  0.000000e+00  0.000000e+00  5.700000e-01  
8.780690e-01  2.299463e+00  6.634901e-01  0.000000e+00  0.000000e+00  5.700000e-01  8.780690e-01  2.299463e+00  8.554924e-01  0.000000e+00  0.000000e+00  5.700000e-01  1.000000e+00  1.000000e+00  0.000000e+00  0.000000e+00  0.000000e+00  5.700000e-01  1.000000e+00  1.000000e+00  0.000000e+00  0.000000e+00  0.000000e+00  5.700000e-01  1.000000e+00  1.000000e+00  0.000000e+00  0.000000e+00  0.000000e+00  5.700000e-01  1.000000e+00  1.000000e+00  0.000000e+00  0.000000e+00  0.000000e+00  5.700000e-01  
6.486949e-01  8.156561e-01  8.581462e-01  0.000000e+00  0.000000e+00  5.700000e-01  6.486949e-01  8.156561e-01  1.658893e-01  0.000000e+00  0.000000e+00  5.700000e-01  1.000000e+00  1.000000e+00  0.000000e+00  0.000000e+00  0.000000e+00  5.700000e-01  1.000000e+00  1.000000e+00  0.000000e+00  0.000000e+00  0.000000e+00  5.700000e-01  1.000000e+00  1.000000e+00  0.000000e+00  0.000000e+00  0.000000e+00  5.700000e-01  1.000000e+00  1.000000e+00  0.000000e+00  0.000000e+00  0.000000e+00  5.700000e-01  
5.039103e-01  9.626657e-01  6.518022e-01  0.000000e+00  0.000000e+00  5.700000e-01  5.039103e-01  9.626657e-01  9.281406e-01  0.000000e+00  0.000000e+00  5.700000e-01  1.000000e+00  1.000000e+00  0.000000e+00  0.000000e+00  0.000000e+00  5.700000e-01  1.000000e+00  1.000000e+00  0.000000e+00  0.000000e+00  0.000000e+00  5.700000e-01  1.000000e+00  1.000000e+00  0.000000e+00  0.000000e+00  0.000000e+00  5.700000e-01  1.000000e+00  1.000000e+00  0.000000e+00  0.000000e+00  0.000000e+00  5.700000e-01  
9.219036e-01  2.710797e+00  6.402004e-01  0.000000e+00  0.000000e+00  5.700000e-01  9.219036e-01  2.710797e+00  4.834763e-01  0.000000e+00  0.000000e+00  5.700000e-01  1.000000e+00  1.000000e+00  0.000000e+00  0.000000e+00  0.000000e+00  5.700000e-01  1.000000e+00  1.000000e+00  0.000000e+00  0.000000e+00  0.000000e+00  5.700000e-01  1.000000e+00  1.000000e+00  0.000000e+00  0.000000e+00  0.000000e+00  5.700000e-01  1.000000e+00  1.000000e+00  0.000000e+00  0.000000e+00  0.000000e+00  5.700000e-01  
1.221593e+00  4.018271e+00  6.619965e-01  0.000000e+00  0.000000e+00  5.700000e-01  1.221593e+00  4.018271e+00  7.874597e-01  0.000000e+00  0.000000e+00  5.700000e-01  1.000000e+00  1.000000e+00  0.000000e+00  0.000000e+00  0.000000e+00  5.700000e-01  1.000000e+00  1.000000e+00  0.000000e+00  0.000000e+00  0.000000e+00  5.700000e-01  1.000000e+00  1.000000e+00  0.000000e+00  0.000000e+00  0.000000e+00  5.700000e-01  1.000000e+00  1.000000e+00  0.000000e+00  0.000000e+00  0.000000e+00  5.700000e-01  
9.731832e-01  3.901196e+00  5.624577e-01  0.000000e+00  0.000000e+00  5.700000e-01  9.731832e-01  3.901196e+00  5.878303e-01  0.000000e+00  0.000000e+00  5.700000e-01  1.000000e+00  1.000000e+00  0.000000e+00  0.000000e+00  0.000000e+00  5.700000e-01  1.000000e+00  1.000000e+00  0.000000e+00  0.000000e+00  0.000000e+00  5.700000e-01  1.000000e+00  1.000000e+00  0.000000e+00  0.000000e+00  0.000000e+00  5.700000e-01  1.000000e+00  1.000000e+00  0.000000e+00  0.000000e+00  0.000000e+00  5.700000e-01  
6.013336e-01  2.283970e+00  4.833905e-01  0.000000e+00  0.000000e+00  5.700000e-01  6.013336e-01  2.283970e+00  5.773392e-01  0.000000e+00  0.000000e+00  5.700000e-01  1.000000e+00  1.000000e+00  0.000000e+00  0.000000e+00  0.000000e+00  5.700000e-01  1.000000e+00  1.000000e+00  0.000000e+00  0.000000e+00  0.000000e+00  5.700000e-01  1.000000e+00  1.000000e+00  0.000000e+00  0.000000e+00  0.000000e+00  5.700000e-01  1.000000e+00  1.000000e+00  0.000000e+00  0.000000e+00  0.000000e+00  5.700000e-01  
1.127964e+00  4.397225e+00  5.876554e-01  0.000000e+00  0.000000e+00  5.700000e-01  1.127964e+00  4.397225e+00  1.030766e-01  0.000000e+00  0.000000e+00  5.700000e-01  1.000000e+00  1.000000e+00  0.000000e+00  0.000000e+00  0.000000e+00  5.700000e-01  1.000000e+00  1.000000e+00  0.000000e+00  0.000000e+00  0.000000e+00  5.700000e-01  1.000000e+00  1.000000e+00  0.000000e+00  0.000000e+00  0.000000e+00  5.700000e-01  1.000000e+00  1.000000e+00  0.000000e+00  0.000000e+00  0.000000e+00  5.700000e-01  
8.054610e-01  1.691904e+00  6.233453e-01  0.000000e+00  0.000000e+00  5.700000e-01  8.054610e-01  1.691904e+00  9.365171e-01  0.000000e+00  0.000000e+00  5.700000e-01  1.000000e+00  1.000000e+00  0.000000e+00  0.000000e+00  0.000000e+00  5.700000e-01  1.000000e+00  1.000000e+00  0.000000e+00  0.000000e+00  0.000000e+00  5.700000e-01  1.000000e+00  1.000000e+00  0.000000e+00  0.000000e+00  0.000000e+00  5.700000e-01  1.000000e+00  1.000000e+00  0.000000e+00  0.000000e+00  0.000000e+00  5.700000e-01  
7.703851e-01  3.611823e+00  5.402062e-01  0.000000e+00  0.000000e+00  5.700000e-01  7.703851e-01  3.611823e+00  3.605863e-01  0.000000e+00  0.000000e+00  5.700000e-01  1.000000e+00  1.000000e+00  0.000000e+00  0.000000e+00  0.000000e+00  5.700000e-01  1.000000e+00  1.000000e+00  0.000000e+00  0.000000e+00  0.000000e+00  5.700000e-01  1.000000e+00  1.000000e+00  0.000000e+00  0.000000e+00  0.000000e+00  5.700000e-01  1.000000e+00  1.000000e+00  0.000000e+00  0.000000e+00  0.000000e+00  5.700000e-01  
1.432774e+00  4.875515e+00  7.398004e-01  0.000000e+00  0.000000e+00  5.700000e-01  1.432774e+00  4.875515e+00  7.214234e-01  0.000000e+00  0.000000e+00  5.700000e-01  1.000000e+00  1.000000e+00  0.000000e+00  0.000000e+00  0.000000e+00  5.700000e-01  1.000000e+00  1.000000e+00  0.000000e+00  0.000000e+00  0.000000e+00  5.700000e-01  1.000000e+00  1.000000e+00  0.000000e+00  0.000000e+00  0.000000e+00  5.700000e-01  1.000000e+00  1.000000e+00  0.000000e+00  0.000000e+00  0.000000e+00  5.700000e-01  
7.383453e-01  2.405116e+00  5.799499e-01  0.000000e+00  0.000000e+00  5.700000e-01  7.383453e-01  2.405116e+00  4.824908e-01  0.000000e+00  0.000000e+00  5.700000e-01  1.000000e+00  1.000000e+00  0.000000e+00  0.000000e+00  0.000000e+00  5.700000e-01  1.000000e+00  1.000000e+00  0.000000e+00  0.000000e+00  0.000000e+00  5.700000e-01  1.000000e+00  1.000000e+00  0.000000e+00  0.000000e+00  0.000000e+00  5.700000e-01  1.000000e+00  1.000000e+00  0.000000e+00  0.000000e+00  0.000000e+00  5.700000e-01  
8.994194e-01  3.066999e+00  4.726831e-01  0.000000e+00  0.000000e+00  5.700000e-01  8.994194e-01  3.066999e+00  7.521429e-01  0.000000e+00  0.000000e+00  5.700000e-01  1.000000e+00  1.000000e+00  0.000000e+00  0.000000e+00  0.000000e+00  5.700000e-01  1.000000e+00  1.000000e+00  0.000000e+00  0.000000e+00  0.000000e+00  5.700000e-01  1.000000e+00  1.000000e+00  0.000000e+00  0.000000e+00  0.000000e+00  5.700000e-01  1.000000e+00  1.000000e+00  0.000000e+00  0.000000e+00  0.000000e+00  5.700000e-01  
6.876651e-01  2.965855e+00  5.596628e-01  0.000000e+00  0.000000e+00  5.700000e-01  6.876651e-01  2.965855e+00  9.205409e-01  0.000000e+00  0.000000e+00  5.700000e-01  1.000000e+00  1.000000e+00  0.000000e+00  0.000000e+00  0.000000e+00  5.700000e-01  1.000000e+00  1.000000e+00  0.000000e+00  0.000000e+00  0.000000e+00  5.700000e-01  1.000000e+00  1.000000e+00  0.000000e+00  0.000000e+00  0.000000e+00  5.700000e-01  1.000000e+00  1.000000e+00  0.000000e+00  0.000000e+00  0.000000e+00  5.700000e-01  
1.375928e+00  4.713774e+00  7.296970e-01  0.000000e+00  0.000000e+00  5.700000e-01  1.375928e+00  4.713774e+00  3.415787e-01  0.000000e+00  0.000000e+00  5.700000e-01  1.000000e+00  1.000000e+00  0.000000e+00  0.000000e+00  0.000000e+00  5.700000e-01  1.000000e+00  1.000000e+00  0.000000e+00  0.000000e+00  0.000000e+00  5.700000e-01  1.000000e+00  1.000000e+00  0.000000e+00  0.000000e+00  0.000000e+00  5.700000e-01  1.000000e+00  1.000000e+00  0.000000e+00  0.000000e+00  0.000000e+00  5.700000e-01  
6.584675e-01  1.325616e+00  7.200737e-01  0.000000e+00  0.000000e+00  5.700000e-01  6.584675e-01  1.325616e+00  2.872470e-01  0.000000e+00  0.000000e+00  5.700000e-01  1.000000e+00  1.000000e+00  0.000000e+00  0.000000e+00  0.000000e+00  5.700000e-01  1.000000e+00  1.000000e+00  0.000000e+00  0.000000e+00  0.000000e+00  5.700000e-01  1.000000e+00  1.000000e+00  0.000000e+00  0.000000e+00  0.000000e+00  5.700000e-01  1.000000e+00  1.000000e+00  0.000000e+00  0.000000e+00  0.000000e+00  5.700000e-01  
6.330316e-01  1.268661e+00  6.325383e-01  0.000000e+00  0.000000e+00  5.700000e-01  6.330316e-01  1.268661e+00  6.598558e-01  0.000000e+00  0.000000e+00  5.700000e-01  1.000000e+00  1.000000e+00  0.000000e+00  0.000000e+00  0.000000e+00  5.700000e-01  1.000000e+00  1.000000e+00  0.000000e+00  0.000000e+00  0.000000e+00  5.700000e-01  1.000000e+00  1.000000e+00  0.000000e+00  0.000000e+00  0.000000e+00  5.700000e-01  1.000000e+00  1.000000e+00  0.000000e+00  0.000000e+00  0.000000e+00  5.700000e-01  
1.357967e+00  4.867972e+00  6.802752e-01  0.000000e+00  0.000000e+00  5.700000e-01  1.357967e+00  4.867972e+00  8.994389e-01  0.000000e+00  0.000000e+00  5.700000e-01  1.000000e+00  1.000000e+00  0.000000e+00  0.000000e+00  0.000000e+00  5.700000e-01  1.000000e+00  1.000000e+00  0.000000e+00  0.000000e+00  0.000000e+00  5.700000e-01  1.000000e+00  1.000000e+00  0.000000e+00  0.000000e+00  0.000000e+00  5.700000e-01  1.000000e+00  1.000000e+00  0.000000e+00  0.000000e+00  0.000000e+00  5.700000e-01  
7.705142e-01  1.776183e+00  6.252652e-01  0.000000e+00  0.000000e+00  5.700000e-01  7.705142e-01  1.776183e+00  5.022891e-01  0.000000e+00  0.000000e+00  5.700000e-01  1.000000e+00  1.000000e+00  0.000000e+00  0.000000e+00  0.000000e+00  5.700000e-01  1.000000e+00  1.000000e+00  0.000000e+00  0.000000e+00  0.000000e+00  5.700000e-01  1.000000e+00  1.000000e+00  0.000000e+00  0.000000e+00  0.000000e+00  5.700000e-01  1.000000e+00  1.000000e+00  0.000000e+00  0.000000e+00  0.000000e+00  5.700000e-01  
8.027437e-01  2.897895e+00  5.654898e-01  0.000000e+00  0.000000e+00  5.700000e-01  8.027437e-01  2.897895e+00  9.167359e-01  0.000000e+00  0.000000e+00  5.700000e-01  1.000000e+00  1.000000e+00  0.000000e+00  0.000000e+00  0.000000e+00  5.700000e-01  1.000000e+00  1.000000e+00  0.000000e+00  0.000000e+00  0.000000e+00  5.700000e-01  1.000000e+00  1.000000e+00  0.000000e+00  0.000000e+00  0.000000e+00  5.700000e-01  1.000000e+00  1.000000e+00  0.000000e+00  0.000000e+00  0.000000e+00  5.700000e-01  
7.725887e-01  2.376621e+00  5.732072e-01  0.000000e+00  0.000000e+00  5.700000e-01  7.725887e-01  2.376621e+00  6.587256e-01  0.000000e+00  0.000000e+00  5.700000e-01  1.000000e+00  1.000000e+00  0.000000e+00  0.000000e+00  0.000000e+00  5.700000e-01  1.000000e+00  1.000000e+00  0.000000e+00  0.000000e+00  0.000000e+00  5.700000e-01  1.000000e+00  1.000000e+00  0.000000e+00  0.000000e+00  0.000000e+00  5.700000e-01  1.000000e+00  1.000000e+00  0.000000e+00  0.000000e+00  0.000000e+00  5.700000e-01  
6.630490e-01  1.056376e+00  6.549475e-01  0.000000e+00  0.000000e+00  5.700000e-01  6.630490e-01  1.056376e+00  4.984220e-01  0.000000e+00  0.000000e+00  5.700000e-01  1.000000e+00  1.000000e+00  0.000000e+00  0.000000e+00  0.000000e+00  5.700000e-01  1.000000e+00  1.000000e+00  0.000000e+00  0.000000e+00  0.000000e+00  5.700000e-01  1.000000e+00  1.000000e+00  0.000000e+00  0.000000e+00  0.000000e+00  5.700000e-01  1.000000e+00  1.000000e+00  0.000000e+00  0.000000e+00  0.000000e+00  5.700000e-01  
5.988318e-01  4.467915e-01  7.828615e-01  0.000000e+00  0.000000e+00  5.700000e-01  5.988318e-01  4.467915e-01  4.850364e-01  0.000000e+00  0.000000e+00  5.700000e-01  1.000000e+00  1.000000e+00  0.000000e+00  0.000000e+00  0.000000e+00  5.700000e-01  1.000000e+00  1.000000e+00  0.000000e+00  0.000000e+00  0.000000e+00  5.700000e-01  1.000000e+00  1.000000e+00  0.000000e+00  0.000000e+00  0.000000e+00  5.700000e-01  1.000000e+00  1.000000e+00  0.000000e+00  0.000000e+00  0.000000e+00  5.700000e-01  
1.485113e+00  6.912504e+00  6.190221e-01  0.000000e+00  0.000000e+00  5.700000e-01  1.485113e+00  6.912504e+00  9.811777e-01  0.000000e+00  0.000000e+00  5.700000e-01  1.000000e+00  1.000000e+00  0.000000e+00  0.000000e+00  0.000000e+00  5.700000e-01  1.000000e+00  1.000000e+00  0.000000e+00  0.000000e+00  0.000000e+00  5.700000e-01  1.000000e+00  1.000000e+00  0.000000e+00  0.000000e+00  0.000000e+00  5.700000e-01  1.000000e+00  1.000000e+00  0.000000e+00  0.000000e+00  0.000000e+00  5.700000e-01  
5.812866e-01  1.575061e+00  5.532739e-01  0.000000e+00  0.000000e+00  5.700000e-01  5.812866e-01  1.575061e+00  6.803346e-01  0.000000e+00  0.000000e+00  5.700000e-01  1.000000e+00  1.000000e+00  0.000000e+00  0.000000e+00  0.000000e+00  5.700000e-01  1.000000e+00  1.000000e+00  0.000000e+00  0.000000e+00  0.000000e+00  5.700000e-01  1.000000e+00  1.000000e+00  0.000000e+00  0.000000e+00  0.000000e+00  5.700000e-01  1.000000e+00  1.000000e+00  0.000000e+00  0.000000e+00  0.000000e+00  5.700000e-01  
5.975058e-01  9.418486e-01  6.327582e-01  0.000000e+00  0.000000e+00  5.700000e-01  5.975058e-01  9.418486e-01  7.077897e-01  0.000000e+00  0.000000e+00  5.700000e-01  1.000000e+00  1.000000e+00  0.000000e+00  0.000000e+00  0.000000e+00  5.700000e-01  1.000000e+00  1.000000e+00  0.000000e+00  0.000000e+00  0.000000e+00  5.700000e-01  1.000000e+00  1.000000e+00  0.000000e+00  0.000000e+00  0.000000e+00  5.700000e-01  1.000000e+00  1.000000e+00  0.000000e+00  0.000000e+00  0.000000e+00  5.700000e-01  
3.576365e-01  6.236326e-01  5.195744e-01  0.000000e+00  0.000000e+00  5.700000e-01  3.576365e-01  6.236326e-01  9.924620e-01  0.000000e+00  0.000000e+00  5.700000e-01  1.000000e+00  1.000000e+00  0.000000e+00  0.000000e+00  0.000000e+00  5.700000e-01  1.000000e+00  1.000000e+00  0.000000e+00  0.000000e+00  0.000000e+00  5.700000e-01  1.000000e+00  1.000000e+00  0.000000e+00  0.000000e+00  0.000000e+00  5.700000e-01  1.000000e+00  1.000000e+00  0.000000e+00  0.000000e+00  0.000000e+00  5.700000e-01  
5.439218e-01  1.131986e+00  6.418302e-01  0.000000e+00  0.000000e+00  5.700000e-01  5.439218e-01  1.131986e+00  5.590045e-01  0.000000e+00  0.000000e+00  5.700000e-01  1.000000e+00  1.000000e+00  0.000000e+00  0.000000e+00  0.000000e+00  5.700000e-01  1.000000e+00  1.000000e+00  0.000000e+00  0.000000e+00  0.000000e+00  5.700000e-01  1.000000e+00  1.000000e+00  0.000000e+00  0.000000e+00  0.000000e+00  5.700000e-01  1.000000e+00  1.000000e+00  0.000000e+00  0.000000e+00  0.000000e+00  5.700000e-01  
9.962009e-01  2.630127e+00  7.036641e-01  0.000000e+00  0.000000e+00  5.700000e-01  9.962009e-01  2.630127e+00  1.600999e-01  0.000000e+00  0.000000e+00  5.700000e-01  1.000000e+00  1.000000e+00  0.000000e+00  0.000000e+00  0.000000e+00  5.700000e-01  1.000000e+00  1.000000e+00  0.000000e+00  0.000000e+00  0.000000e+00  5.700000e-01  1.000000e+00  1.000000e+00  0.000000e+00  0.000000e+00  0.000000e+00  5.700000e-01  1.000000e+00  1.000000e+00  0.000000e+00  0.000000e+00  0.000000e+00  5.700000e-01  
7.837895e-01  1.642450e+00  7.563305e-01  0.000000e+00  0.000000e+00  5.700000e-01  7.837895e-01  1.642450e+00  4.854820e-01  0.000000e+00  0.000000e+00  5.700000e-01  1.000000e+00  1.000000e+00  0.000000e+00  0.000000e+00  0.000000e+00  5.700000e-01  1.000000e+00  1.000000e+00  0.000000e+00  0.000000e+00  0.000000e+00  5.700000e-01  1.000000e+00  1.000000e+00  0.000000e+00  0.000000e+00  0.000000e+00  5.700000e-01  1.000000e+00  1.000000e+00  0.000000e+00  0.000000e+00  0.000000e+00  5.700000e-01  
1.030221e+00  3.710048e+00  7.180994e-01  0.000000e+00  0.000000e+00  5.700000e-01  1.030221e+00  3.710048e+00  6.376317e-01  0.000000e+00  0.000000e+00  5.700000e-01  1.000000e+00  1.000000e+00  0.000000e+00  0.000000e+00  0.000000e+00  5.700000e-01  1.000000e+00  1.000000e+00  0.000000e+00  0.000000e+00  0.000000e+00  5.700000e-01  1.000000e+00  1.000000e+00  0.000000e+00  0.000000e+00  0.000000e+00  5.700000e-01  1.000000e+00  1.000000e+00  0.000000e+00  0.000000e+00  0.000000e+00  5.700000e-01  
9.961439e-01  2.949533e+00  5.731004e-01  0.000000e+00  0.000000e+00  5.700000e-01  9.961439e-01  2.949533e+00  7.842755e-01  0.000000e+00  0.000000e+00  5.700000e-01  1.000000e+00  1.000000e+00  0.000000e+00  0.000000e+00  0.000000e+00  5.700000e-01  1.000000e+00  1.000000e+00  0.000000e+00  0.000000e+00  0.000000e+00  5.700000e-01  1.000000e+00  1.000000e+00  0.000000e+00  0.000000e+00  0.000000e+00  5.700000e-01  1.000000e+00  1.000000e+00  0.000000e+00  0.000000e+00  0.000000e+00  5.700000e-01  
1.129337e+00  5.292171e+00  5.069172e-01  0.000000e+00  0.000000e+00  5.700000e-01  1.129337e+00  5.292171e+00  8.638781e-01  0.000000e+00  0.000000e+00  5.700000e-01  1.000000e+00  1.000000e+00  0.000000e+00  0.000000e+00  0.000000e+00  5.700000e-01  1.000000e+00  1.000000e+00  0.000000e+00  0.000000e+00  0.000000e+00  5.700000e-01  1.000000e+00  1.000000e+00  0.000000e+00  0.000000e+00  0.000000e+00  5.700000e-01  1.000000e+00  1.000000e+00  0.000000e+00  0.000000e+00  0.000000e+00  5.700000e-01  
8.781865e-01  2.213937e+00  6.349450e-01  0.000000e+00  0.000000e+00  5.700000e-01  8.781865e-01  2.213937e+00  8.972141e-01  0.000000e+00  0.000000e+00  5.700000e-01  1.000000e+00  1.000000e+00  0.000000e+00  0.000000e+00  0.000000e+00  5.700000e-01  1.000000e+00  1.000000e+00  0.000000e+00  0.000000e+00  0.000000e+00  5.700000e-01  1.000000e+00  1.000000e+00  0.000000e+00  0.000000e+00  0.000000e+00  5.700000e-01  1.000000e+00  1.000000e+00  0.000000e+00  0.000000e+00  0.000000e+00  5.700000e-01  
9.315721e-01  3.092019e+00  6.832049e-01  0.000000e+00  0.000000e+00  5.700000e-01  9.315721e-01  3.092019e+00  -1.441411e-01  0.000000e+00  0.000000e+00  5.700000e-01  1.000000e+00  1.000000e+00  0.000000e+00  0.000000e+00  0.000000e+00  5.700000e-01  1.000000e+00  1.000000e+00  0.000000e+00  0.000000e+00  0.000000e+00  5.700000e-01  1.000000e+00  1.000000e+00  0.000000e+00  0.000000e+00  0.000000e+00  5.700000e-01  1.000000e+00  1.000000e+00  0.000000e+00  0.000000e+00  0.000000e+00  5.700000e-01  
4.964522e-01  2.045292e+00  4.870412e-01  0.000000e+00  0.000000e+00  5.700000e-01  4.964522e-01  2.045292e+00  9.745468e-01  0.000000e+00  0.000000e+00  5.700000e-01  1.000000e+00  1.000000e+00  0.000000e+00  0.000000e+00  0.000000e+00  5.700000e-01  1.000000e+00  1.000000e+00  0.000000e+00  0.000000e+00  0.000000e+00  5.700000e-01  1.000000e+00  1.000000e+00  0.000000e+00  0.000000e+00  0.000000e+00  5.700000e-01  1.000000e+00  1.000000e+00  0.000000e+00  0.000000e+00  0.000000e+00  5.700000e-01  
7.114771e-01  3.104053e+00  5.863788e-01  0.000000e+00  0.000000e+00  5.700000e-01  7.114771e-01  3.104053e+00  8.885162e-01  0.000000e+00  0.000000e+00  5.700000e-01  1.000000e+00  1.000000e+00  0.000000e+00  0.000000e+00  0.000000e+00  5.700000e-01  1.000000e+00  1.000000e+00  0.000000e+00  0.000000e+00  0.000000e+00  5.700000e-01  1.000000e+00  1.000000e+00  0.000000e+00  0.000000e+00  0.000000e+00  5.700000e-01  1.000000e+00  1.000000e+00  0.000000e+00  0.000000e+00  0.000000e+00  5.700000e-01  
9.372976e-01  3.013740e+00  6.063232e-01  0.000000e+00  0.000000e+00  5.700000e-01  9.372976e-01  3.013740e+00  2.397009e-01  0.000000e+00  0.000000e+00  5.700000e-01  1.000000e+00  1.000000e+00  0.000000e+00  0.000000e+00  0.000000e+00  5.700000e-01  1.000000e+00  1.000000e+00  0.000000e+00  0.000000e+00  0.000000e+00  5.700000e-01  1.000000e+00  1.000000e+00  0.000000e+00  0.000000e+00  0.000000e+00  5.700000e-01  1.000000e+00  1.000000e+00  0.000000e+00  0.000000e+00  0.000000e+00  5.700000e-01  
1.101300e+00  4.405996e+00  5.905734e-01  0.000000e+00  0.000000e+00  5.700000e-01  1.101300e+00  4.405996e+00  9.158339e-01  0.000000e+00  0.000000e+00  5.700000e-01  1.000000e+00  1.000000e+00  0.000000e+00  0.000000e+00  0.000000e+00  5.700000e-01  1.000000e+00  1.000000e+00  0.000000e+00  0.000000e+00  0.000000e+00  5.700000e-01  1.000000e+00  1.000000e+00  0.000000e+00  0.000000e+00  0.000000e+00  5.700000e-01  1.000000e+00  1.000000e+00  0.000000e+00  0.000000e+00  0.000000e+00  5.700000e-01  
9.783956e-01  3.589000e+00  6.609784e-01  0.000000e+00  0.000000e+00  5.700000e-01  9.783956e-01  3.589000e+00  9.395965e-01  0.000000e+00  0.000000e+00  5.700000e-01  1.000000e+00  1.000000e+00  0.000000e+00  0.000000e+00  0.000000e+00  5.700000e-01  1.000000e+00  1.000000e+00  0.000000e+00  0.000000e+00  0.000000e+00  5.700000e-01  1.000000e+00  1.000000e+00  0.000000e+00  0.000000e+00  0.000000e+00  5.700000e-01  1.000000e+00  1.000000e+00  0.000000e+00  0.000000e+00  0.000000e+00  5.700000e-01  
9.202859e-01  3.753072e+00  5.769032e-01  0.000000e+00  0.000000e+00  5.700000e-01  9.202859e-01  3.753072e+00  5.650054e-01  0.000000e+00  0.000000e+00  5.700000e-01  1.000000e+00  1.000000e+00  0.000000e+00  0.000000e+00  0.000000e+00  5.700000e-01  1.000000e+00  1.000000e+00  0.000000e+00  0.000000e+00  0.000000e+00  5.700000e-01  1.000000e+00  1.000000e+00  0.000000e+00  0.000000e+00  0.000000e+00  5.700000e-01  1.000000e+00  1.000000e+00  0.000000e+00  0.000000e+00  0.000000e+00  5.700000e-01  
9.814092e-01  2.728443e+00  7.380936e-01  0.000000e+00  0.000000e+00  5.700000e-01  9.814092e-01  2.728443e+00  7.589427e-01  0.000000e+00  0.000000e+00  5.700000e-01  1.000000e+00  1.000000e+00  0.000000e+00  0.000000e+00  0.000000e+00  5.700000e-01  1.000000e+00  1.000000e+00  0.000000e+00  0.000000e+00  0.000000e+00  5.700000e-01  1.000000e+00  1.000000e+00  0.000000e+00  0.000000e+00  0.000000e+00  5.700000e-01  1.000000e+00  1.000000e+00  0.000000e+00  0.000000e+00  0.000000e+00  5.700000e-01  
5.150949e-01  5.403190e-01  6.533042e-01  0.000000e+00  0.000000e+00  5.700000e-01  5.150949e-01  5.403190e-01  8.339917e-01  0.000000e+00  0.000000e+00  5.700000e-01  1.000000e+00  1.000000e+00  0.000000e+00  0.000000e+00  0.000000e+00  5.700000e-01  1.000000e+00  1.000000e+00  0.000000e+00  0.000000e+00  0.000000e+00  5.700000e-01  1.000000e+00  1.000000e+00  0.000000e+00  0.000000e+00  0.000000e+00  5.700000e-01  1.000000e+00  1.000000e+00  0.000000e+00  0.000000e+00  0.000000e+00  5.700000e-01  
8.888663e-01  3.568010e+00  5.634149e-01  0.000000e+00  0.000000e+00  5.700000e-01  8.888663e-01  3.568010e+00  9.340915e-01  0.000000e+00  0.000000e+00  5.700000e-01  1.000000e+00  1.000000e+00  0.000000e+00  0.000000e+00  0.000000e+00  5.700000e-01  1.000000e+00  1.000000e+00  0.000000e+00  0.000000e+00  0.000000e+00  5.700000e-01  1.000000e+00  1.000000e+00  0.000000e+00  0.000000e+00  0.000000e+00  5.700000e-01  1.000000e+00  1.000000e+00  0.000000e+00  0.000000e+00  0.000000e+00  5.700000e-01  
7.216929e-01  3.708522e+00  4.532168e-01  0.000000e+00  0.000000e+00  5.700000e-01  7.216929e-01  3.708522e+00  7.073118e-01  0.000000e+00  0.000000e+00  5.700000e-01  1.000000e+00  1.000000e+00  0.000000e+00  0.000000e+00  0.000000e+00  5.700000e-01  1.000000e+00  1.000000e+00  0.000000e+00  0.000000e+00  0.000000e+00  5.700000e-01  1.000000e+00  1.000000e+00  0.000000e+00  0.000000e+00  0.000000e+00  5.700000e-01  1.000000e+00  1.000000e+00  0.000000e+00  0.000000e+00  0.000000e+00  5.700000e-01  
9.725399e-01  4.256070e+00  5.738359e-01  0.000000e+00  0.000000e+00  5.700000e-01  9.725399e-01  4.256070e+00  4.039898e-01  0.000000e+00  0.000000e+00  5.700000e-01  1.000000e+00  1.000000e+00  0.000000e+00  0.000000e+00  0.000000e+00  5.700000e-01  1.000000e+00  1.000000e+00  0.000000e+00  0.000000e+00  0.000000e+00  5.700000e-01  1.000000e+00  1.000000e+00  0.000000e+00  0.000000e+00  0.000000e+00  5.700000e-01  1.000000e+00  1.000000e+00  0.000000e+00  0.000000e+00  0.000000e+00  5.700000e-01  
7.488354e-01  2.351118e+00  5.808777e-01  0.000000e+00  0.000000e+00  5.700000e-01  7.488354e-01  2.351118e+00  -1.028731e-01  0.000000e+00  0.000000e+00  5.700000e-01  1.000000e+00  1.000000e+00  0.000000e+00  0.000000e+00  0.000000e+00  5.700000e-01  1.000000e+00  1.000000e+00  0.000000e+00  0.000000e+00  0.000000e+00  5.700000e-01  1.000000e+00  1.000000e+00  0.000000e+00  0.000000e+00  0.000000e+00  5.700000e-01  1.000000e+00  1.000000e+00  0.000000e+00  0.000000e+00  0.000000e+00  5.700000e-01  
4.830898e-01  9.618033e-01  6.111357e-01  0.000000e+00  0.000000e+00  5.700000e-01  4.830898e-01  9.618033e-01  8.443019e-01  0.000000e+00  0.000000e+00  5.700000e-01  1.000000e+00  1.000000e+00  0.000000e+00  0.000000e+00  0.000000e+00  5.700000e-01  1.000000e+00  1.000000e+00  0.000000e+00  0.000000e+00  0.000000e+00  5.700000e-01  1.000000e+00  1.000000e+00  0.000000e+00  0.000000e+00  0.000000e+00  5.700000e-01  1.000000e+00  1.000000e+00  0.000000e+00  0.000000e+00  0.000000e+00  5.700000e-01  
9.195977e-01  3.342345e+00  6.800451e-01  0.000000e+00  0.000000e+00  5.700000e-01  9.195977e-01  3.342345e+00  4.910490e-01  0.000000e+00  0.000000e+00  5.700000e-01  1.000000e+00  1.000000e+00  0.000000e+00  0.000000e+00  0.000000e+00  5.700000e-01  1.000000e+00  1.000000e+00  0.000000e+00  0.000000e+00  0.000000e+00  5.700000e-01  1.000000e+00  1.000000e+00  0.000000e+00  0.000000e+00  0.000000e+00  5.700000e-01  1.000000e+00  1.000000e+00  0.000000e+00  0.000000e+00  0.000000e+00  5.700000e-01  
8.639446e-01  3.109689e+00  6.130438e-01  0.000000e+00  0.000000e+00  5.700000e-01  8.639446e-01  3.109689e+00  1.049301e-01  0.000000e+00  0.000000e+00  5.700000e-01  1.000000e+00  1.000000e+00  0.000000e+00  0.000000e+00  0.000000e+00  5.700000e-01  1.000000e+00  1.000000e+00  0.000000e+00  0.000000e+00  0.000000e+00  5.700000e-01  1.000000e+00  1.000000e+00  0.000000e+00  0.000000e+00  0.000000e+00  5.700000e-01  1.000000e+00  1.000000e+00  0.000000e+00  0.000000e+00  0.000000e+00  5.700000e-01  
9.444778e-01  2.932478e+00  6.279648e-01  0.000000e+00  0.000000e+00  5.700000e-01  9.444778e-01  2.932478e+00  7.045490e-01  0.000000e+00  0.000000e+00  5.700000e-01  1.000000e+00  1.000000e+00  0.000000e+00  0.000000e+00  0.000000e+00  5.700000e-01  1.000000e+00  1.000000e+00  0.000000e+00  0.000000e+00  0.000000e+00  5.700000e-01  1.000000e+00  1.000000e+00  0.000000e+00  0.000000e+00  0.000000e+00  5.700000e-01  1.000000e+00  1.000000e+00  0.000000e+00  0.000000e+00  0.000000e+00  5.700000e-01  
6.590057e-01  2.297526e+00  5.600147e-01  0.000000e+00  0.000000e+00  5.700000e-01  6.590057e-01  2.297526e+00  4.545687e-01  0.000000e+00  0.000000e+00  5.700000e-01  1.000000e+00  1.000000e+00  0.000000e+00  0.000000e+00  0.000000e+00  5.700000e-01  1.000000e+00  1.000000e+00  0.000000e+00  0.000000e+00  0.000000e+00  5.700000e-01  1.000000e+00  1.000000e+00  0.000000e+00  0.000000e+00  0.000000e+00  5.700000e-01  1.000000e+00  1.000000e+00  0.000000e+00  0.000000e+00  0.000000e+00  5.700000e-01  
1.023284e+00  2.580932e+00  7.622487e-01  0.000000e+00  0.000000e+00  5.700000e-01  1.023284e+00  2.580932e+00  2.852149e-01  0.000000e+00  0.000000e+00  5.700000e-01  1.000000e+00  1.000000e+00  0.000000e+00  0.000000e+00  0.000000e+00  5.700000e-01  1.000000e+00  1.000000e+00  0.000000e+00  0.000000e+00  0.000000e+00  5.700000e-01  1.000000e+00  1.000000e+00  0.000000e+00  0.000000e+00  0.000000e+00  5.700000e-01  1.000000e+00  1.000000e+00  0.000000e+00  0.000000e+00  0.000000e+00  5.700000e-01  
5.165535e-01  1.224260e+00  5.699315e-01  0.000000e+00  0.000000e+00  5.700000e-01  5.165535e-01  1.224260e+00  -3.063362e-01  0.000000e+00  0.000000e+00  5.700000e-01  1.000000e+00  1.000000e+00  0.000000e+00  0.000000e+00  0.000000e+00  5.700000e-01  1.000000e+00  1.000000e+00  0.000000e+00  0.000000e+00  0.000000e+00  5.700000e-01  1.000000e+00  1.000000e+00  0.000000e+00  0.000000e+00  0.000000e+00  5.700000e-01  1.000000e+00  1.000000e+00  0.000000e+00  0.000000e+00  0.000000e+00  5.700000e-01  
9.181517e-01  3.636016e+00  5.710487e-01  0.000000e+00  0.000000e+00  5.700000e-01  9.181517e-01  3.636016e+00  1.215966e-01  0.000000e+00  0.000000e+00  5.700000e-01  1.000000e+00  1.000000e+00  0.000000e+00  0.000000e+00  0.000000e+00  5.700000e-01  1.000000e+00  1.000000e+00  0.000000e+00  0.000000e+00  0.000000e+00  5.700000e-01  1.000000e+00  1.000000e+00  0.000000e+00  0.000000e+00  0.000000e+00  5.700000e-01  1.000000e+00  1.000000e+00  0.000000e+00  0.000000e+00  0.000000e+00  5.700000e-01  
1.111538e+00  4.294696e+00  6.814396e-01  0.000000e+00  0.000000e+00  5.700000e-01  1.111538e+00  4.294696e+00  -4.922503e-02  0.000000e+00  0.000000e+00  5.700000e-01  1.000000e+00  1.000000e+00  0.000000e+00  0.000000e+00  0.000000e+00  5.700000e-01  1.000000e+00  1.000000e+00  0.000000e+00  0.000000e+00  0.000000e+00  5.700000e-01  1.000000e+00  1.000000e+00  0.000000e+00  0.000000e+00  0.000000e+00  5.700000e-01  1.000000e+00  1.000000e+00  0.000000e+00  0.000000e+00  0.000000e+00  5.700000e-01  
7.720118e-01  1.456772e+00  6.488128e-01  0.000000e+00  0.000000e+00  5.700000e-01  7.720118e-01  1.456772e+00  8.625391e-01  0.000000e+00  0.000000e+00  5.700000e-01  1.000000e+00  1.000000e+00  0.000000e+00  0.000000e+00  0.000000e+00  5.700000e-01  1.000000e+00  1.000000e+00  0.000000e+00  0.000000e+00  0.000000e+00  5.700000e-01  1.000000e+00  1.000000e+00  0.000000e+00  0.000000e+00  0.000000e+00  5.700000e-01  1.000000e+00  1.000000e+00  0.000000e+00  0.000000e+00  0.000000e+00  5.700000e-01  
6.686549e-01  2.350698e+00  5.826702e-01  0.000000e+00  0.000000e+00  5.700000e-01  6.686549e-01  2.350698e+00  8.936374e-01  0.000000e+00  0.000000e+00  5.700000e-01  1.000000e+00  1.000000e+00  0.000000e+00  0.000000e+00  0.000000e+00  5.700000e-01  1.000000e+00  1.000000e+00  0.000000e+00  0.000000e+00  0.000000e+00  5.700000e-01  1.000000e+00  1.000000e+00  0.000000e+00  0.000000e+00  0.000000e+00  5.700000e-01  1.000000e+00  1.000000e+00  0.000000e+00  0.000000e+00  0.000000e+00  5.700000e-01  
8.394619e-01  4.310359e+00  5.353239e-01  0.000000e+00  0.000000e+00  5.700000e-01  8.394619e-01  4.310359e+00  9.137900e-01  0.000000e+00  0.000000e+00  5.700000e-01  1.000000e+00  1.000000e+00  0.000000e+00  0.000000e+00  0.000000e+00  5.700000e-01  1.000000e+00  1.000000e+00  0.000000e+00  0.000000e+00  0.000000e+00  5.700000e-01  1.000000e+00  1.000000e+00  0.000000e+00  0.000000e+00  0.000000e+00  5.700000e-01  1.000000e+00  1.000000e+00  0.000000e+00  0.000000e+00  0.000000e+00  5.700000e-01  
5.244417e-01  1.599842e+00  5.253724e-01  0.000000e+00  0.000000e+00  5.700000e-01  5.244417e-01  1.599842e+00  4.319612e-01  0.000000e+00  0.000000e+00  5.700000e-01  1.000000e+00  1.000000e+00  0.000000e+00  0.000000e+00  0.000000e+00  5.700000e-01  1.000000e+00  1.000000e+00  0.000000e+00  0.000000e+00  0.000000e+00  5.700000e-01  1.000000e+00  1.000000e+00  0.000000e+00  0.000000e+00  0.000000e+00  5.700000e-01  1.000000e+00  1.000000e+00  0.000000e+00  0.000000e+00  0.000000e+00  5.700000e-01  
6.342106e-01  1.089754e+00  5.899280e-01  0.000000e+00  0.000000e+00  5.700000e-01  6.342106e-01  1.089754e+00  6.735834e-01  0.000000e+00  0.000000e+00  5.700000e-01  1.000000e+00  1.000000e+00  0.000000e+00  0.000000e+00  0.000000e+00  5.700000e-01  1.000000e+00  1.000000e+00  0.000000e+00  0.000000e+00  0.000000e+00  5.700000e-01  1.000000e+00  1.000000e+00  0.000000e+00  0.000000e+00  0.000000e+00  5.700000e-01  1.000000e+00  1.000000e+00  0.000000e+00  0.000000e+00  0.000000e+00  5.700000e-01  
9.066556e-01  3.278735e+00  6.075400e-01  0.000000e+00  0.000000e+00  5.700000e-01  9.066556e-01  3.278735e+00  8.379349e-01  0.000000e+00  0.000000e+00  5.700000e-01  1.000000e+00  1.000000e+00  0.000000e+00  0.000000e+00  0.000000e+00  5.700000e-01  1.000000e+00  1.000000e+00  0.000000e+00  0.000000e+00  0.000000e+00  5.700000e-01  1.000000e+00  1.000000e+00  0.000000e+00  0.000000e+00  0.000000e+00  5.700000e-01  1.000000e+00  1.000000e+00  0.000000e+00  0.000000e+00  0.000000e+00  5.700000e-01  
1.192873e+00  5.564410e+00  6.093857e-01  0.000000e+00  0.000000e+00  5.700000e-01  1.192873e+00  5.564410e+00  7.205777e-01  0.000000e+00  0.000000e+00  5.700000e-01  1.000000e+00  1.000000e+00  0.000000e+00  0.000000e+00  0.000000e+00  5.700000e-01  1.000000e+00  1.000000e+00  0.000000e+00  0.000000e+00  0.000000e+00  5.700000e-01  1.000000e+00  1.000000e+00  0.000000e+00  0.000000e+00  0.000000e+00  5.700000e-01  1.000000e+00  1.000000e+00  0.000000e+00  0.000000e+00  0.000000e+00  5.700000e-01  
6.726828e-01  1.022666e+00  7.550209e-01  0.000000e+00  0.000000e+00  5.700000e-01  6.726828e-01  1.022666e+00  6.239494e-01  0.000000e+00  0.000000e+00  5.700000e-01  1.000000e+00  1.000000e+00  0.000000e+00  0.000000e+00  0.000000e+00  5.700000e-01  1.000000e+00  1.000000e+00  0.000000e+00  0.000000e+00  0.000000e+00  5.700000e-01  1.000000e+00  1.000000e+00  0.000000e+00  0.000000e+00  0.000000e+00  5.700000e-01  1.000000e+00  1.000000e+00  0.000000e+00  0.000000e+00  0.000000e+00  5.700000e-01  
5.367534e-01  1.191748e+00  6.330979e-01  0.000000e+00  0.000000e+00  5.700000e-01  5.367534e-01  1.191748e+00  9.944673e-01  0.000000e+00  0.000000e+00  5.700000e-01  1.000000e+00  1.000000e+00  0.000000e+00  0.000000e+00  0.000000e+00  5.700000e-01  1.000000e+00  1.000000e+00  0.000000e+00  0.000000e+00  0.000000e+00  5.700000e-01  1.000000e+00  1.000000e+00  0.000000e+00  0.000000e+00  0.000000e+00  5.700000e-01  1.000000e+00  1.000000e+00  0.000000e+00  0.000000e+00  0.000000e+00  5.700000e-01  
7.618076e-01  1.431819e+00  7.190693e-01  0.000000e+00  0.000000e+00  5.700000e-01  7.618076e-01  1.431819e+00  3.634666e-01  0.000000e+00  0.000000e+00  5.700000e-01  1.000000e+00  1.000000e+00  0.000000e+00  0.000000e+00  0.000000e+00  5.700000e-01  1.000000e+00  1.000000e+00  0.000000e+00  0.000000e+00  0.000000e+00  5.700000e-01  1.000000e+00  1.000000e+00  0.000000e+00  0.000000e+00  0.000000e+00  5.700000e-01  1.000000e+00  1.000000e+00  0.000000e+00  0.000000e+00  0.000000e+00  5.700000e-01  
1.187971e+00  3.459698e+00  8.329932e-01  0.000000e+00  0.000000e+00  5.700000e-01  1.187971e+00  3.459698e+00  7.805068e-01  0.000000e+00  0.000000e+00  5.700000e-01  1.000000e+00  1.000000e+00  0.000000e+00  0.000000e+00  0.000000e+00  5.700000e-01  1.000000e+00  1.000000e+00  0.000000e+00  0.000000e+00  0.000000e+00  5.700000e-01  1.000000e+00  1.000000e+00  0.000000e+00  0.000000e+00  0.000000e+00  5.700000e-01  1.000000e+00  1.000000e+00  0.000000e+00  0.000000e+00  0.000000e+00  5.700000e-01  
1.152080e+00  3.348457e+00  6.818120e-01  0.000000e+00  0.000000e+00  5.700000e-01  1.152080e+00  3.348457e+00  9.378066e-01  0.000000e+00  0.000000e+00  5.700000e-01  1.000000e+00  1.000000e+00  0.000000e+00  0.000000e+00  0.000000e+00  5.700000e-01  1.000000e+00  1.000000e+00  0.000000e+00  0.000000e+00  0.000000e+00  5.700000e-01  1.000000e+00  1.000000e+00  0.000000e+00  0.000000e+00  0.000000e+00  5.700000e-01  1.000000e+00  1.000000e+00  0.000000e+00  0.000000e+00  0.000000e+00  5.700000e-01  
6.244646e-01  1.394991e+00  5.317675e-01  0.000000e+00  0.000000e+00  5.700000e-01  6.244646e-01  1.394991e+00  4.341316e-01  0.000000e+00  0.000000e+00  5.700000e-01  1.000000e+00  1.000000e+00  0.000000e+00  0.000000e+00  0.000000e+00  5.700000e-01  1.000000e+00  1.000000e+00  0.000000e+00  0.000000e+00  0.000000e+00  5.700000e-01  1.000000e+00  1.000000e+00  0.000000e+00  0.000000e+00  0.000000e+00  5.700000e-01  1.000000e+00  1.000000e+00  0.000000e+00  0.000000e+00  0.000000e+00  5.700000e-01  
5.145773e-01  1.187478e+00  5.848521e-01  0.000000e+00  0.000000e+00  5.700000e-01  5.145773e-01  1.187478e+00  7.888381e-01  0.000000e+00  0.000000e+00  5.700000e-01  1.000000e+00  1.000000e+00  0.000000e+00  0.000000e+00  0.000000e+00  5.700000e-01  1.000000e+00  1.000000e+00  0.000000e+00  0.000000e+00  0.000000e+00  5.700000e-01  1.000000e+00  1.000000e+00  0.000000e+00  0.000000e+00  0.000000e+00  5.700000e-01  1.000000e+00  1.000000e+00  0.000000e+00  0.000000e+00  0.000000e+00  5.700000e-01  
6.170589e-01  8.304291e-01  7.333784e-01  0.000000e+00  0.000000e+00  5.700000e-01  6.170589e-01  8.304291e-01  8.271350e-01  0.000000e+00  0.000000e+00  5.700000e-01  1.000000e+00  1.000000e+00  0.000000e+00  0.000000e+00  0.000000e+00  5.700000e-01  1.000000e+00  1.000000e+00  0.000000e+00  0.000000e+00  0.000000e+00  5.700000e-01  1.000000e+00  1.000000e+00  0.000000e+00  0.000000e+00  0.000000e+00  5.700000e-01  1.000000e+00  1.000000e+00  0.000000e+00  0.000000e+00  0.000000e+00  5.700000e-01  
1.087934e+00  4.345447e+00  5.841900e-01  0.000000e+00  0.000000e+00  5.700000e-01  1.087934e+00  4.345447e+00  6.622353e-01  0.000000e+00  0.000000e+00  5.700000e-01  1.000000e+00  1.000000e+00  0.000000e+00  0.000000e+00  0.000000e+00  5.700000e-01  1.000000e+00  1.000000e+00  0.000000e+00  0.000000e+00  0.000000e+00  5.700000e-01  1.000000e+00  1.000000e+00  0.000000e+00  0.000000e+00  0.000000e+00  5.700000e-01  1.000000e+00  1.000000e+00  0.000000e+00  0.000000e+00  0.000000e+00  5.700000e-01  
6.228817e-01  1.995789e+00  5.723746e-01  0.000000e+00  0.000000e+00  5.700000e-01  6.228817e-01  1.995789e+00  8.714752e-01  0.000000e+00  0.000000e+00  5.700000e-01  1.000000e+00  1.000000e+00  0.000000e+00  0.000000e+00  0.000000e+00  5.700000e-01  1.000000e+00  1.000000e+00  0.000000e+00  0.000000e+00  0.000000e+00  5.700000e-01  1.000000e+00  1.000000e+00  0.000000e+00  0.000000e+00  0.000000e+00  5.700000e-01  1.000000e+00  1.000000e+00  0.000000e+00  0.000000e+00  0.000000e+00  5.700000e-01  
9.203418e-01  2.709357e+00  7.139613e-01  0.000000e+00  0.000000e+00  5.700000e-01  9.203418e-01  2.709357e+00  6.497065e-01  0.000000e+00  0.000000e+00  5.700000e-01  1.000000e+00  1.000000e+00  0.000000e+00  0.000000e+00  0.000000e+00  5.700000e-01  1.000000e+00  1.000000e+00  0.000000e+00  0.000000e+00  0.000000e+00  5.700000e-01  1.000000e+00  1.000000e+00  0.000000e+00  0.000000e+00  0.000000e+00  5.700000e-01  1.000000e+00  1.000000e+00  0.000000e+00  0.000000e+00  0.000000e+00  5.700000e-01  
7.886984e-01  3.555003e+00  5.650066e-01  0.000000e+00  0.000000e+00  5.700000e-01  7.886984e-01  3.555003e+00  8.903120e-01  0.000000e+00  0.000000e+00  5.700000e-01  1.000000e+00  1.000000e+00  0.000000e+00  0.000000e+00  0.000000e+00  5.700000e-01  1.000000e+00  1.000000e+00  0.000000e+00  0.000000e+00  0.000000e+00  5.700000e-01  1.000000e+00  1.000000e+00  0.000000e+00  0.000000e+00  0.000000e+00  5.700000e-01  1.000000e+00  1.000000e+00  0.000000e+00  0.000000e+00  0.000000e+00  5.700000e-01  
5.747191e-01  1.866383e+00  4.900917e-01  0.000000e+00  0.000000e+00  5.700000e-01  5.747191e-01  1.866383e+00  6.743805e-01  0.000000e+00  0.000000e+00  5.700000e-01  1.000000e+00  1.000000e+00  0.000000e+00  0.000000e+00  0.000000e+00  5.700000e-01  1.000000e+00  1.000000e+00  0.000000e+00  0.000000e+00  0.000000e+00  5.700000e-01  1.000000e+00  1.000000e+00  0.000000e+00  0.000000e+00  0.000000e+00  5.700000e-01  1.000000e+00  1.000000e+00  0.000000e+00  0.000000e+00  0.000000e+00  5.700000e-01  
1.290561e+00  4.669007e+00  5.995574e-01  0.000000e+00  0.000000e+00  5.700000e-01  1.290561e+00  4.669007e+00  7.773565e-01  0.000000e+00  0.000000e+00  5.700000e-01  1.000000e+00  1.000000e+00  0.000000e+00  0.000000e+00  0.000000e+00  5.700000e-01  1.000000e+00  1.000000e+00  0.000000e+00  0.000000e+00  0.000000e+00  5.700000e-01  1.000000e+00  1.000000e+00  0.000000e+00  0.000000e+00  0.000000e+00  5.700000e-01  1.000000e+00  1.000000e+00  0.000000e+00  0.000000e+00  0.000000e+00  5.700000e-01  
8.228084e-01  3.205838e+00  6.165369e-01  0.000000e+00  0.000000e+00  5.700000e-01  8.228084e-01  3.205838e+00  9.641984e-01  0.000000e+00  0.000000e+00  5.700000e-01  1.000000e+00  1.000000e+00  0.000000e+00  0.000000e+00  0.000000e+00  5.700000e-01  1.000000e+00  1.000000e+00  0.000000e+00  0.000000e+00  0.000000e+00  5.700000e-01  1.000000e+00  1.000000e+00  0.000000e+00  0.000000e+00  0.000000e+00  5.700000e-01  1.000000e+00  1.000000e+00  0.000000e+00  0.000000e+00  0.000000e+00  5.700000e-01  
1.022769e+00  4.787838e+00  5.537966e-01  0.000000e+00  0.000000e+00  5.700000e-01  1.022769e+00  4.787838e+00  9.240567e-01  0.000000e+00  0.000000e+00  5.700000e-01  1.000000e+00  1.000000e+00  0.000000e+00  0.000000e+00  0.000000e+00  5.700000e-01  1.000000e+00  1.000000e+00  0.000000e+00  0.000000e+00  0.000000e+00  5.700000e-01  1.000000e+00  1.000000e+00  0.000000e+00  0.000000e+00  0.000000e+00  5.700000e-01  1.000000e+00  1.000000e+00  0.000000e+00  0.000000e+00  0.000000e+00  5.700000e-01  
7.618778e-01  1.437868e+00  7.054254e-01  0.000000e+00  0.000000e+00  5.700000e-01  7.618778e-01  1.437868e+00  5.776178e-01  0.000000e+00  0.000000e+00  5.700000e-01  1.000000e+00  1.000000e+00  0.000000e+00  0.000000e+00  0.000000e+00  5.700000e-01  1.000000e+00  1.000000e+00  0.000000e+00  0.000000e+00  0.000000e+00  5.700000e-01  1.000000e+00  1.000000e+00  0.000000e+00  0.000000e+00  0.000000e+00  5.700000e-01  1.000000e+00  1.000000e+00  0.000000e+00  0.000000e+00  0.000000e+00  5.700000e-01  
7.782626e-01  3.300804e+00  5.488418e-01  0.000000e+00  0.000000e+00  5.700000e-01  7.782626e-01  3.300804e+00  9.679154e-01  0.000000e+00  0.000000e+00  5.700000e-01  1.000000e+00  1.000000e+00  0.000000e+00  0.000000e+00  0.000000e+00  5.700000e-01  1.000000e+00  1.000000e+00  0.000000e+00  0.000000e+00  0.000000e+00  5.700000e-01  1.000000e+00  1.000000e+00  0.000000e+00  0.000000e+00  0.000000e+00  5.700000e-01  1.000000e+00  1.000000e+00  0.000000e+00  0.000000e+00  0.000000e+00  5.700000e-01  
5.932364e-01  3.108357e+00  4.492597e-01  0.000000e+00  0.000000e+00  5.700000e-01  5.932364e-01  3.108357e+00  7.193551e-01  0.000000e+00  0.000000e+00  5.700000e-01  1.000000e+00  1.000000e+00  0.000000e+00  0.000000e+00  0.000000e+00  5.700000e-01  1.000000e+00  1.000000e+00  0.000000e+00  0.000000e+00  0.000000e+00  5.700000e-01  1.000000e+00  1.000000e+00  0.000000e+00  0.000000e+00  0.000000e+00  5.700000e-01  1.000000e+00  1.000000e+00  0.000000e+00  0.000000e+00  0.000000e+00  5.700000e-01  
7.426223e-01  2.443119e+00  5.506359e-01  0.000000e+00  0.000000e+00  5.700000e-01  7.426223e-01  2.443119e+00  9.849556e-01  0.000000e+00  0.000000e+00  5.700000e-01  1.000000e+00  1.000000e+00  0.000000e+00  0.000000e+00  0.000000e+00  5.700000e-01  1.000000e+00  1.000000e+00  0.000000e+00  0.000000e+00  0.000000e+00  5.700000e-01  1.000000e+00  1.000000e+00  0.000000e+00  0.000000e+00  0.000000e+00  5.700000e-01  1.000000e+00  1.000000e+00  0.000000e+00  0.000000e+00  0.000000e+00  5.700000e-01  
9.719936e-01  2.028018e+00  8.196288e-01  0.000000e+00  0.000000e+00  5.700000e-01  9.719936e-01  2.028018e+00  6.834637e-01  0.000000e+00  0.000000e+00  5.700000e-01  1.000000e+00  1.000000e+00  0.000000e+00  0.000000e+00  0.000000e+00  5.700000e-01  1.000000e+00  1.000000e+00  0.000000e+00  0.000000e+00  0.000000e+00  5.700000e-01  1.000000e+00  1.000000e+00  0.000000e+00  0.000000e+00  0.000000e+00  5.700000e-01  1.000000e+00  1.000000e+00  0.000000e+00  0.000000e+00  0.000000e+00  5.700000e-01  
6.694630e-01  1.419339e+00  6.820334e-01  0.000000e+00  0.000000e+00  5.700000e-01  6.694630e-01  1.419339e+00  9.485883e-01  0.000000e+00  0.000000e+00  5.700000e-01  1.000000e+00  1.000000e+00  0.000000e+00  0.000000e+00  0.000000e+00  5.700000e-01  1.000000e+00  1.000000e+00  0.000000e+00  0.000000e+00  0.000000e+00  5.700000e-01  1.000000e+00  1.000000e+00  0.000000e+00  0.000000e+00  0.000000e+00  5.700000e-01  1.000000e+00  1.000000e+00  0.000000e+00  0.000000e+00  0.000000e+00  5.700000e-01  
9.728277e-01  3.634785e+00  6.690289e-01  0.000000e+00  0.000000e+00  5.700000e-01  9.728277e-01  3.634785e+00  3.386211e-01  0.000000e+00  0.000000e+00  5.700000e-01  1.000000e+00  1.000000e+00  0.000000e+00  0.000000e+00  0.000000e+00  5.700000e-01  1.000000e+00  1.000000e+00  0.000000e+00  0.000000e+00  0.000000e+00  5.700000e-01  1.000000e+00  1.000000e+00  0.000000e+00  0.000000e+00  0.000000e+00  5.700000e-01  1.000000e+00  1.000000e+00  0.000000e+00  0.000000e+00  0.000000e+00  5.700000e-01  
5.946571e-01  1.853727e+00  6.130401e-01  0.000000e+00  0.000000e+00  5.700000e-01  5.946571e-01  1.853727e+00  2.765133e-01  0.000000e+00  0.000000e+00  5.700000e-01  1.000000e+00  1.000000e+00  0.000000e+00  0.000000e+00  0.000000e+00  5.700000e-01  1.000000e+00  1.000000e+00  0.000000e+00  0.000000e+00  0.000000e+00  5.700000e-01  1.000000e+00  1.000000e+00  0.000000e+00  0.000000e+00  0.000000e+00  5.700000e-01  1.000000e+00  1.000000e+00  0.000000e+00  0.000000e+00  0.000000e+00  5.700000e-01  
5.008438e-01  7.753160e-01  5.979780e-01  0.000000e+00  0.000000e+00  5.700000e-01  5.008438e-01  7.753160e-01  3.318253e-01  0.000000e+00  0.000000e+00  5.700000e-01  1.000000e+00  1.000000e+00  0.000000e+00  0.000000e+00  0.000000e+00  5.700000e-01  1.000000e+00  1.000000e+00  0.000000e+00  0.000000e+00  0.000000e+00  5.700000e-01  1.000000e+00  1.000000e+00  0.000000e+00  0.000000e+00  0.000000e+00  5.700000e-01  1.000000e+00  1.000000e+00  0.000000e+00  0.000000e+00  0.000000e+00  5.700000e-01  
9.696406e-01  4.047125e+00  6.500694e-01  0.000000e+00  0.000000e+00  5.700000e-01  9.696406e-01  4.047125e+00  2.792131e-01  0.000000e+00  0.000000e+00  5.700000e-01  1.000000e+00  1.000000e+00  0.000000e+00  0.000000e+00  0.000000e+00  5.700000e-01  1.000000e+00  1.000000e+00  0.000000e+00  0.000000e+00  0.000000e+00  5.700000e-01  1.000000e+00  1.000000e+00  0.000000e+00  0.000000e+00  0.000000e+00  5.700000e-01  1.000000e+00  1.000000e+00  0.000000e+00  0.000000e+00  0.000000e+00  5.700000e-01  
6.247346e-01  1.947429e+00  6.243560e-01  0.000000e+00  0.000000e+00  5.700000e-01  6.247346e-01  1.947429e+00  2.823270e-01  0.000000e+00  0.000000e+00  5.700000e-01  1.000000e+00  1.000000e+00  0.000000e+00  0.000000e+00  0.000000e+00  5.700000e-01  1.000000e+00  1.000000e+00  0.000000e+00  0.000000e+00  0.000000e+00  5.700000e-01  1.000000e+00  1.000000e+00  0.000000e+00  0.000000e+00  0.000000e+00  5.700000e-01  1.000000e+00  1.000000e+00  0.000000e+00  0.000000e+00  0.000000e+00  5.700000e-01  
3.693936e-01  3.133481e-01  5.999223e-01  0.000000e+00  0.000000e+00  5.700000e-01  3.693936e-01  3.133481e-01  5.755674e-01  0.000000e+00  0.000000e+00  5.700000e-01  1.000000e+00  1.000000e+00  0.000000e+00  0.000000e+00  0.000000e+00  5.700000e-01  1.000000e+00  1.000000e+00  0.000000e+00  0.000000e+00  0.000000e+00  5.700000e-01  1.000000e+00  1.000000e+00  0.000000e+00  0.000000e+00  0.000000e+00  5.700000e-01  1.000000e+00  1.000000e+00  0.000000e+00  0.000000e+00  0.000000e+00  5.700000e-01  
5.069391e-01  8.622112e-01  5.901718e-01  0.000000e+00  0.000000e+00  5.700000e-01  5.069391e-01  8.622112e-01  5.656245e-01  0.000000e+00  0.000000e+00  5.700000e-01  1.000000e+00  1.000000e+00  0.000000e+00  0.000000e+00  0.000000e+00  5.700000e-01  1.000000e+00  1.000000e+00  0.000000e+00  0.000000e+00  0.000000e+00  5.700000e-01  1.000000e+00  1.000000e+00  0.000000e+00  0.000000e+00  0.000000e+00  5.700000e-01  1.000000e+00  1.000000e+00  0.000000e+00  0.000000e+00  0.000000e+00  5.700000e-01  
4.777477e-01  1.292251e+00  5.542843e-01  0.000000e+00  0.000000e+00  5.700000e-01  4.777477e-01  1.292251e+00  4.633390e-01  0.000000e+00  0.000000e+00  5.700000e-01  1.000000e+00  1.000000e+00  0.000000e+00  0.000000e+00  0.000000e+00  5.700000e-01  1.000000e+00  1.000000e+00  0.000000e+00  0.000000e+00  0.000000e+00  5.700000e-01  1.000000e+00  1.000000e+00  0.000000e+00  0.000000e+00  0.000000e+00  5.700000e-01  1.000000e+00  1.000000e+00  0.000000e+00  0.000000e+00  0.000000e+00  5.700000e-01  
1.068615e+00  3.897981e+00  6.351507e-01  0.000000e+00  0.000000e+00  5.700000e-01  1.068615e+00  3.897981e+00  5.844243e-01  0.000000e+00  0.000000e+00  5.700000e-01  1.000000e+00  1.000000e+00  0.000000e+00  0.000000e+00  0.000000e+00  5.700000e-01  1.000000e+00  1.000000e+00  0.000000e+00  0.000000e+00  0.000000e+00  5.700000e-01  1.000000e+00  1.000000e+00  0.000000e+00  0.000000e+00  0.000000e+00  5.700000e-01  1.000000e+00  1.000000e+00  0.000000e+00  0.000000e+00  0.000000e+00  5.700000e-01  
5.945782e-01  1.114175e+00  6.631688e-01  0.000000e+00  0.000000e+00  5.700000e-01  5.945782e-01  1.114175e+00  9.578513e-01  0.000000e+00  0.000000e+00  5.700000e-01  1.000000e+00  1.000000e+00  0.000000e+00  0.000000e+00  0.000000e+00  5.700000e-01  1.000000e+00  1.000000e+00  0.000000e+00  0.000000e+00  0.000000e+00  5.700000e-01  1.000000e+00  1.000000e+00  0.000000e+00  0.000000e+00  0.000000e+00  5.700000e-01  1.000000e+00  1.000000e+00  0.000000e+00  0.000000e+00  0.000000e+00  5.700000e-01  
1.003783e+00  3.771118e+00  6.538127e-01  0.000000e+00  0.000000e+00  5.700000e-01  1.003783e+00  3.771118e+00  9.683505e-01  0.000000e+00  0.000000e+00  5.700000e-01  1.000000e+00  1.000000e+00  0.000000e+00  0.000000e+00  0.000000e+00  5.700000e-01  1.000000e+00  1.000000e+00  0.000000e+00  0.000000e+00  0.000000e+00  5.700000e-01  1.000000e+00  1.000000e+00  0.000000e+00  0.000000e+00  0.000000e+00  5.700000e-01  1.000000e+00  1.000000e+00  0.000000e+00  0.000000e+00  0.000000e+00  5.700000e-01  
7.940586e-01  3.526027e+00  4.743637e-01  0.000000e+00  0.000000e+00  5.700000e-01  7.940586e-01  3.526027e+00  9.417375e-01  0.000000e+00  0.000000e+00  5.700000e-01  1.000000e+00  1.000000e+00  0.000000e+00  0.000000e+00  0.000000e+00  5.700000e-01  1.000000e+00  1.000000e+00  0.000000e+00  0.000000e+00  0.000000e+00  5.700000e-01  1.000000e+00  1.000000e+00  0.000000e+00  0.000000e+00  0.000000e+00  5.700000e-01  1.000000e+00  1.000000e+00  0.000000e+00  0.000000e+00  0.000000e+00  5.700000e-01  
6.090648e-01  1.223588e+00  6.476061e-01  0.000000e+00  0.000000e+00  5.700000e-01  6.090648e-01  1.223588e+00  5.882927e-01  0.000000e+00  0.000000e+00  5.700000e-01  1.000000e+00  1.000000e+00  0.000000e+00  0.000000e+00  0.000000e+00  5.700000e-01  1.000000e+00  1.000000e+00  0.000000e+00  0.000000e+00  0.000000e+00  5.700000e-01  1.000000e+00  1.000000e+00  0.000000e+00  0.000000e+00  0.000000e+00  5.700000e-01  1.000000e+00  1.000000e+00  0.000000e+00  0.000000e+00  0.000000e+00  5.700000e-01  
1.140992e+00  4.442562e+00  6.148539e-01  0.000000e+00  0.000000e+00  5.700000e-01  1.140992e+00  4.442562e+00  9.841883e-01  0.000000e+00  0.000000e+00  5.700000e-01  1.000000e+00  1.000000e+00  0.000000e+00  0.000000e+00  0.000000e+00  5.700000e-01  1.000000e+00  1.000000e+00  0.000000e+00  0.000000e+00  0.000000e+00  5.700000e-01  1.000000e+00  1.000000e+00  0.000000e+00  0.000000e+00  0.000000e+00  5.700000e-01  1.000000e+00  1.000000e+00  0.000000e+00  0.000000e+00  0.000000e+00  5.700000e-01  
7.646992e-01  1.913521e+00  7.501346e-01  0.000000e+00  0.000000e+00  5.700000e-01  7.646992e-01  1.913521e+00  9.784971e-01  0.000000e+00  0.000000e+00  5.700000e-01  1.000000e+00  1.000000e+00  0.000000e+00  0.000000e+00  0.000000e+00  5.700000e-01  1.000000e+00  1.000000e+00  0.000000e+00  0.000000e+00  0.000000e+00  5.700000e-01  1.000000e+00  1.000000e+00  0.000000e+00  0.000000e+00  0.000000e+00  5.700000e-01  1.000000e+00  1.000000e+00  0.000000e+00  0.000000e+00  0.000000e+00  5.700000e-01  
8.485262e-01  3.635027e+00  5.702306e-01  0.000000e+00  0.000000e+00  5.700000e-01  8.485262e-01  3.635027e+00  8.859175e-01  0.000000e+00  0.000000e+00  5.700000e-01  1.000000e+00  1.000000e+00  0.000000e+00  0.000000e+00  0.000000e+00  5.700000e-01  1.000000e+00  1.000000e+00  0.000000e+00  0.000000e+00  0.000000e+00  5.700000e-01  1.000000e+00  1.000000e+00  0.000000e+00  0.000000e+00  0.000000e+00  5.700000e-01  1.000000e+00  1.000000e+00  0.000000e+00  0.000000e+00  0.000000e+00  5.700000e-01  
7.012141e-01  1.110247e+00  6.078467e-01  0.000000e+00  0.000000e+00  5.700000e-01  7.012141e-01  1.110247e+00  8.485854e-01  0.000000e+00  0.000000e+00  5.700000e-01  1.000000e+00  1.000000e+00  0.000000e+00  0.000000e+00  0.000000e+00  5.700000e-01  1.000000e+00  1.000000e+00  0.000000e+00  0.000000e+00  0.000000e+00  5.700000e-01  1.000000e+00  1.000000e+00  0.000000e+00  0.000000e+00  0.000000e+00  5.700000e-01  1.000000e+00  1.000000e+00  0.000000e+00  0.000000e+00  0.000000e+00  5.700000e-01  
9.128732e-01  3.742293e+00  5.992496e-01  0.000000e+00  0.000000e+00  5.700000e-01  9.128732e-01  3.742293e+00  9.240621e-02  0.000000e+00  0.000000e+00  5.700000e-01  1.000000e+00  1.000000e+00  0.000000e+00  0.000000e+00  0.000000e+00  5.700000e-01  1.000000e+00  1.000000e+00  0.000000e+00  0.000000e+00  0.000000e+00  5.700000e-01  1.000000e+00  1.000000e+00  0.000000e+00  0.000000e+00  0.000000e+00  5.700000e-01  1.000000e+00  1.000000e+00  0.000000e+00  0.000000e+00  0.000000e+00  5.700000e-01  
9.208035e-01  4.185863e+00  5.887992e-01  0.000000e+00  0.000000e+00  5.700000e-01  9.208035e-01  4.185863e+00  4.039344e-01  0.000000e+00  0.000000e+00  5.700000e-01  1.000000e+00  1.000000e+00  0.000000e+00  0.000000e+00  0.000000e+00  5.700000e-01  1.000000e+00  1.000000e+00  0.000000e+00  0.000000e+00  0.000000e+00  5.700000e-01  1.000000e+00  1.000000e+00  0.000000e+00  0.000000e+00  0.000000e+00  5.700000e-01  1.000000e+00  1.000000e+00  0.000000e+00  0.000000e+00  0.000000e+00  5.700000e-01  
5.609952e-01  1.631257e+00  5.818439e-01  0.000000e+00  0.000000e+00  5.700000e-01  5.609952e-01  1.631257e+00  6.521239e-01  0.000000e+00  0.000000e+00  5.700000e-01  1.000000e+00  1.000000e+00  0.000000e+00  0.000000e+00  0.000000e+00  5.700000e-01  1.000000e+00  1.000000e+00  0.000000e+00  0.000000e+00  0.000000e+00  5.700000e-01  1.000000e+00  1.000000e+00  0.000000e+00  0.000000e+00  0.000000e+00  5.700000e-01  1.000000e+00  1.000000e+00  0.000000e+00  0.000000e+00  0.000000e+00  5.700000e-01  
1.158175e+00  4.984881e+00  5.110822e-01  0.000000e+00  0.000000e+00  5.700000e-01  1.158175e+00  4.984881e+00  9.464648e-01  0.000000e+00  0.000000e+00  5.700000e-01  1.000000e+00  1.000000e+00  0.000000e+00  0.000000e+00  0.000000e+00  5.700000e-01  1.000000e+00  1.000000e+00  0.000000e+00  0.000000e+00  0.000000e+00  5.700000e-01  1.000000e+00  1.000000e+00  0.000000e+00  0.000000e+00  0.000000e+00  5.700000e-01  1.000000e+00  1.000000e+00  0.000000e+00  0.000000e+00  0.000000e+00  5.700000e-01  
6.901209e-01  1.934942e+00  6.559708e-01  0.000000e+00  0.000000e+00  5.700000e-01  6.901209e-01  1.934942e+00  2.922231e-01  0.000000e+00  0.000000e+00  5.700000e-01  1.000000e+00  1.000000e+00  0.000000e+00  0.000000e+00  0.000000e+00  5.700000e-01  1.000000e+00  1.000000e+00  0.000000e+00  0.000000e+00  0.000000e+00  5.700000e-01  1.000000e+00  1.000000e+00  0.000000e+00  0.000000e+00  0.000000e+00  5.700000e-01  1.000000e+00  1.000000e+00  0.000000e+00  0.000000e+00  0.000000e+00  5.700000e-01  
7.638069e-01  3.111840e+00  4.727136e-01  0.000000e+00  0.000000e+00  5.700000e-01  7.638069e-01  3.111840e+00  8.360341e-01  0.000000e+00  0.000000e+00  5.700000e-01  1.000000e+00  1.000000e+00  0.000000e+00  0.000000e+00  0.000000e+00  5.700000e-01  1.000000e+00  1.000000e+00  0.000000e+00  0.000000e+00  0.000000e+00  5.700000e-01  1.000000e+00  1.000000e+00  0.000000e+00  0.000000e+00  0.000000e+00  5.700000e-01  1.000000e+00  1.000000e+00  0.000000e+00  0.000000e+00  0.000000e+00  5.700000e-01  
8.003882e-01  3.328430e+00  4.752546e-01  0.000000e+00  0.000000e+00  5.700000e-01  8.003882e-01  3.328430e+00  7.908063e-01  0.000000e+00  0.000000e+00  5.700000e-01  1.000000e+00  1.000000e+00  0.000000e+00  0.000000e+00  0.000000e+00  5.700000e-01  1.000000e+00  1.000000e+00  0.000000e+00  0.000000e+00  0.000000e+00  5.700000e-01  1.000000e+00  1.000000e+00  0.000000e+00  0.000000e+00  0.000000e+00  5.700000e-01  1.000000e+00  1.000000e+00  0.000000e+00  0.000000e+00  0.000000e+00  5.700000e-01  
5.786515e-01  1.047078e+00  6.602628e-01  0.000000e+00  0.000000e+00  5.700000e-01  5.786515e-01  1.047078e+00  3.101820e-01  0.000000e+00  0.000000e+00  5.700000e-01  1.000000e+00  1.000000e+00  0.000000e+00  0.000000e+00  0.000000e+00  5.700000e-01  1.000000e+00  1.000000e+00  0.000000e+00  0.000000e+00  0.000000e+00  5.700000e-01  1.000000e+00  1.000000e+00  0.000000e+00  0.000000e+00  0.000000e+00  5.700000e-01  1.000000e+00  1.000000e+00  0.000000e+00  0.000000e+00  0.000000e+00  5.700000e-01  
7.458195e-01  1.541408e+00  7.264299e-01  0.000000e+00  0.000000e+00  5.700000e-01  7.458195e-01  1.541408e+00  2.898685e-01  0.000000e+00  0.000000e+00  5.700000e-01  1.000000e+00  1.000000e+00  0.000000e+00  0.000000e+00  0.000000e+00  5.700000e-01  1.000000e+00  1.000000e+00  0.000000e+00  0.000000e+00  0.000000e+00  5.700000e-01  1.000000e+00  1.000000e+00  0.000000e+00  0.000000e+00  0.000000e+00  5.700000e-01  1.000000e+00  1.000000e+00  0.000000e+00  0.000000e+00  0.000000e+00  5.700000e-01  
1.116149e+00  5.147989e+00  5.879487e-01  0.000000e+00  0.000000e+00  5.700000e-01  1.116149e+00  5.147989e+00  9.906323e-01  0.000000e+00  0.000000e+00  5.700000e-01  1.000000e+00  1.000000e+00  0.000000e+00  0.000000e+00  0.000000e+00  5.700000e-01  1.000000e+00  1.000000e+00  0.000000e+00  0.000000e+00  0.000000e+00  5.700000e-01  1.000000e+00  1.000000e+00  0.000000e+00  0.000000e+00  0.000000e+00  5.700000e-01  1.000000e+00  1.000000e+00  0.000000e+00  0.000000e+00  0.000000e+00  5.700000e-01  
1.283501e+00  4.460807e+00  6.761473e-01  0.000000e+00  0.000000e+00  5.700000e-01  1.283501e+00  4.460807e+00  1.248812e-01  0.000000e+00  0.000000e+00  5.700000e-01  1.000000e+00  1.000000e+00  0.000000e+00  0.000000e+00  0.000000e+00  5.700000e-01  1.000000e+00  1.000000e+00  0.000000e+00  0.000000e+00  0.000000e+00  5.700000e-01  1.000000e+00  1.000000e+00  0.000000e+00  0.000000e+00  0.000000e+00  5.700000e-01  1.000000e+00  1.000000e+00  0.000000e+00  0.000000e+00  0.000000e+00  5.700000e-01  
7.654860e-01  2.140792e+00  6.894521e-01  0.000000e+00  0.000000e+00  5.700000e-01  7.654860e-01  2.140792e+00  6.333115e-01  0.000000e+00  0.000000e+00  5.700000e-01  1.000000e+00  1.000000e+00  0.000000e+00  0.000000e+00  0.000000e+00  5.700000e-01  1.000000e+00  1.000000e+00  0.000000e+00  0.000000e+00  0.000000e+00  5.700000e-01  1.000000e+00  1.000000e+00  0.000000e+00  0.000000e+00  0.000000e+00  5.700000e-01  1.000000e+00  1.000000e+00  0.000000e+00  0.000000e+00  0.000000e+00  5.700000e-01  
9.468230e-01  4.214244e+00  6.393120e-01  0.000000e+00  0.000000e+00  5.700000e-01  9.468230e-01  4.214244e+00  5.095452e-01  0.000000e+00  0.000000e+00  5.700000e-01  1.000000e+00  1.000000e+00  0.000000e+00  0.000000e+00  0.000000e+00  5.700000e-01  1.000000e+00  1.000000e+00  0.000000e+00  0.000000e+00  0.000000e+00  5.700000e-01  1.000000e+00  1.000000e+00  0.000000e+00  0.000000e+00  0.000000e+00  5.700000e-01  1.000000e+00  1.000000e+00  0.000000e+00  0.000000e+00  0.000000e+00  5.700000e-01  
4.261891e-01  1.225345e+00  5.314643e-01  0.000000e+00  0.000000e+00  5.700000e-01  4.261891e-01  1.225345e+00  7.535931e-01  0.000000e+00  0.000000e+00  5.700000e-01  1.000000e+00  1.000000e+00  0.000000e+00  0.000000e+00  0.000000e+00  5.700000e-01  1.000000e+00  1.000000e+00  0.000000e+00  0.000000e+00  0.000000e+00  5.700000e-01  1.000000e+00  1.000000e+00  0.000000e+00  0.000000e+00  0.000000e+00  5.700000e-01  1.000000e+00  1.000000e+00  0.000000e+00  0.000000e+00  0.000000e+00  5.700000e-01  
6.736468e-01  2.603565e+00  5.435553e-01  0.000000e+00  0.000000e+00  5.700000e-01  6.736468e-01  2.603565e+00  6.375575e-01  0.000000e+00  0.000000e+00  5.700000e-01  1.000000e+00  1.000000e+00  0.000000e+00  0.000000e+00  0.000000e+00  5.700000e-01  1.000000e+00  1.000000e+00  0.000000e+00  0.000000e+00  0.000000e+00  5.700000e-01  1.000000e+00  1.000000e+00  0.000000e+00  0.000000e+00  0.000000e+00  5.700000e-01  1.000000e+00  1.000000e+00  0.000000e+00  0.000000e+00  0.000000e+00  5.700000e-01  
9.036632e-01  4.009204e+00  5.486728e-01  0.000000e+00  0.000000e+00  5.700000e-01  9.036632e-01  4.009204e+00  5.929165e-01  0.000000e+00  0.000000e+00  5.700000e-01  1.000000e+00  1.000000e+00  0.000000e+00  0.000000e+00  0.000000e+00  5.700000e-01  1.000000e+00  1.000000e+00  0.000000e+00  0.000000e+00  0.000000e+00  5.700000e-01  1.000000e+00  1.000000e+00  0.000000e+00  0.000000e+00  0.000000e+00  5.700000e-01  1.000000e+00  1.000000e+00  0.000000e+00  0.000000e+00  0.000000e+00  5.700000e-01  
9.858949e-01  2.309794e+00  6.604382e-01  0.000000e+00  0.000000e+00  5.700000e-01  9.858949e-01  2.309794e+00  6.027797e-01  0.000000e+00  0.000000e+00  5.700000e-01  1.000000e+00  1.000000e+00  0.000000e+00  0.000000e+00  0.000000e+00  5.700000e-01  1.000000e+00  1.000000e+00  0.000000e+00  0.000000e+00  0.000000e+00  5.700000e-01  1.000000e+00  1.000000e+00  0.000000e+00  0.000000e+00  0.000000e+00  5.700000e-01  1.000000e+00  1.000000e+00  0.000000e+00  0.000000e+00  0.000000e+00  5.700000e-01  
8.041630e-01  1.692762e+00  7.164038e-01  0.000000e+00  0.000000e+00  5.700000e-01  8.041630e-01  1.692762e+00  9.024715e-01  0.000000e+00  0.000000e+00  5.700000e-01  1.000000e+00  1.000000e+00  0.000000e+00  0.000000e+00  0.000000e+00  5.700000e-01  1.000000e+00  1.000000e+00  0.000000e+00  0.000000e+00  0.000000e+00  5.700000e-01  1.000000e+00  1.000000e+00  0.000000e+00  0.000000e+00  0.000000e+00  5.700000e-01  1.000000e+00  1.000000e+00  0.000000e+00  0.000000e+00  0.000000e+00  5.700000e-01  
1.332104e+00  3.935592e+00  7.144103e-01  0.000000e+00  0.000000e+00  5.700000e-01  1.332104e+00  3.935592e+00  6.286790e-01  0.000000e+00  0.000000e+00  5.700000e-01  1.000000e+00  1.000000e+00  0.000000e+00  0.000000e+00  0.000000e+00  5.700000e-01  1.000000e+00  1.000000e+00  0.000000e+00  0.000000e+00  0.000000e+00  5.700000e-01  1.000000e+00  1.000000e+00  0.000000e+00  0.000000e+00  0.000000e+00  5.700000e-01  1.000000e+00  1.000000e+00  0.000000e+00  0.000000e+00  0.000000e+00  5.700000e-01  
7.129776e-01  2.483706e+00  6.277333e-01  0.000000e+00  0.000000e+00  5.700000e-01  7.129776e-01  2.483706e+00  -1.747007e-01  0.000000e+00  0.000000e+00  5.700000e-01  1.000000e+00  1.000000e+00  0.000000e+00  0.000000e+00  0.000000e+00  5.700000e-01  1.000000e+00  1.000000e+00  0.000000e+00  0.000000e+00  0.000000e+00  5.700000e-01  1.000000e+00  1.000000e+00  0.000000e+00  0.000000e+00  0.000000e+00  5.700000e-01  1.000000e+00  1.000000e+00  0.000000e+00  0.000000e+00  0.000000e+00  5.700000e-01  
4.685361e-01  1.300619e+00  5.055444e-01  0.000000e+00  0.000000e+00  5.700000e-01  4.685361e-01  1.300619e+00  9.437024e-01  0.000000e+00  0.000000e+00  5.700000e-01  1.000000e+00  1.000000e+00  0.000000e+00  0.000000e+00  0.000000e+00  5.700000e-01  1.000000e+00  1.000000e+00  0.000000e+00  0.000000e+00  0.000000e+00  5.700000e-01  1.000000e+00  1.000000e+00  0.000000e+00  0.000000e+00  0.000000e+00  5.700000e-01  1.000000e+00  1.000000e+00  0.000000e+00  0.000000e+00  0.000000e+00  5.700000e-01  
7.921345e-01  3.207922e+00  5.482464e-01  0.000000e+00  0.000000e+00  5.700000e-01  7.921345e-01  3.207922e+00  9.865772e-01  0.000000e+00  0.000000e+00  5.700000e-01  1.000000e+00  1.000000e+00  0.000000e+00  0.000000e+00  0.000000e+00  5.700000e-01  1.000000e+00  1.000000e+00  0.000000e+00  0.000000e+00  0.000000e+00  5.700000e-01  1.000000e+00  1.000000e+00  0.000000e+00  0.000000e+00  0.000000e+00  5.700000e-01  1.000000e+00  1.000000e+00  0.000000e+00  0.000000e+00  0.000000e+00  5.700000e-01  
1.064947e+00  3.624959e+00  6.881750e-01  0.000000e+00  0.000000e+00  5.700000e-01  1.064947e+00  3.624959e+00  -8.277541e-02  0.000000e+00  0.000000e+00  5.700000e-01  1.000000e+00  1.000000e+00  0.000000e+00  0.000000e+00  0.000000e+00  5.700000e-01  1.000000e+00  1.000000e+00  0.000000e+00  0.000000e+00  0.000000e+00  5.700000e-01  1.000000e+00  1.000000e+00  0.000000e+00  0.000000e+00  0.000000e+00  5.700000e-01  1.000000e+00  1.000000e+00  0.000000e+00  0.000000e+00  0.000000e+00  5.700000e-01  
6.284832e-01  2.761584e+00  4.949020e-01  0.000000e+00  0.000000e+00  5.700000e-01  6.284832e-01  2.761584e+00  9.973453e-01  0.000000e+00  0.000000e+00  5.700000e-01  1.000000e+00  1.000000e+00  0.000000e+00  0.000000e+00  0.000000e+00  5.700000e-01  1.000000e+00  1.000000e+00  0.000000e+00  0.000000e+00  0.000000e+00  5.700000e-01  1.000000e+00  1.000000e+00  0.000000e+00  0.000000e+00  0.000000e+00  5.700000e-01  1.000000e+00  1.000000e+00  0.000000e+00  0.000000e+00  0.000000e+00  5.700000e-01  
4.530006e-01  1.664672e+00  4.807479e-01  0.000000e+00  0.000000e+00  5.700000e-01  4.530006e-01  1.664672e+00  7.120873e-01  0.000000e+00  0.000000e+00  5.700000e-01  1.000000e+00  1.000000e+00  0.000000e+00  0.000000e+00  0.000000e+00  5.700000e-01  1.000000e+00  1.000000e+00  0.000000e+00  0.000000e+00  0.000000e+00  5.700000e-01  1.000000e+00  1.000000e+00  0.000000e+00  0.000000e+00  0.000000e+00  5.700000e-01  1.000000e+00  1.000000e+00  0.000000e+00  0.000000e+00  0.000000e+00  5.700000e-01  
6.582887e-01  2.106491e+00  5.794381e-01  0.000000e+00  0.000000e+00  5.700000e-01  6.582887e-01  2.106491e+00  4.536538e-01  0.000000e+00  0.000000e+00  5.700000e-01  1.000000e+00  1.000000e+00  0.000000e+00  0.000000e+00  0.000000e+00  5.700000e-01  1.000000e+00  1.000000e+00  0.000000e+00  0.000000e+00  0.000000e+00  5.700000e-01  1.000000e+00  1.000000e+00  0.000000e+00  0.000000e+00  0.000000e+00  5.700000e-01  1.000000e+00  1.000000e+00  0.000000e+00  0.000000e+00  0.000000e+00  5.700000e-01  
1.013843e+00  3.120830e+00  6.504266e-01  0.000000e+00  0.000000e+00  5.700000e-01  1.013843e+00  3.120830e+00  8.208698e-01  0.000000e+00  0.000000e+00  5.700000e-01  1.000000e+00  1.000000e+00  0.000000e+00  0.000000e+00  0.000000e+00  5.700000e-01  1.000000e+00  1.000000e+00  0.000000e+00  0.000000e+00  0.000000e+00  5.700000e-01  1.000000e+00  1.000000e+00  0.000000e+00  0.000000e+00  0.000000e+00  5.700000e-01  1.000000e+00  1.000000e+00  0.000000e+00  0.000000e+00  0.000000e+00  5.700000e-01  
8.120178e-01  2.496830e+00  6.880005e-01  0.000000e+00  0.000000e+00  5.700000e-01  8.120178e-01  2.496830e+00  1.700627e-01  0.000000e+00  0.000000e+00  5.700000e-01  1.000000e+00  1.000000e+00  0.000000e+00  0.000000e+00  0.000000e+00  5.700000e-01  1.000000e+00  1.000000e+00  0.000000e+00  0.000000e+00  0.000000e+00  5.700000e-01  1.000000e+00  1.000000e+00  0.000000e+00  0.000000e+00  0.000000e+00  5.700000e-01  1.000000e+00  1.000000e+00  0.000000e+00  0.000000e+00  0.000000e+00  5.700000e-01  
9.870585e-01  3.417759e+00  6.436415e-01  0.000000e+00  0.000000e+00  5.700000e-01  9.870585e-01  3.417759e+00  7.314392e-01  0.000000e+00  0.000000e+00  5.700000e-01  1.000000e+00  1.000000e+00  0.000000e+00  0.000000e+00  0.000000e+00  5.700000e-01  1.000000e+00  1.000000e+00  0.000000e+00  0.000000e+00  0.000000e+00  5.700000e-01  1.000000e+00  1.000000e+00  0.000000e+00  0.000000e+00  0.000000e+00  5.700000e-01  1.000000e+00  1.000000e+00  0.000000e+00  0.000000e+00  0.000000e+00  5.700000e-01  
9.718002e-01  3.090891e+00  5.983340e-01  0.000000e+00  0.000000e+00  5.700000e-01  9.718002e-01  3.090891e+00  6.985333e-01  0.000000e+00  0.000000e+00  5.700000e-01  1.000000e+00  1.000000e+00  0.000000e+00  0.000000e+00  0.000000e+00  5.700000e-01  1.000000e+00  1.000000e+00  0.000000e+00  0.000000e+00  0.000000e+00  5.700000e-01  1.000000e+00  1.000000e+00  0.000000e+00  0.000000e+00  0.000000e+00  5.700000e-01  1.000000e+00  1.000000e+00  0.000000e+00  0.000000e+00  0.000000e+00  5.700000e-01  
8.851640e-01  2.503153e+00  5.571162e-01  0.000000e+00  0.000000e+00  5.700000e-01  8.851640e-01  2.503153e+00  9.197191e-01  0.000000e+00  0.000000e+00  5.700000e-01  1.000000e+00  1.000000e+00  0.000000e+00  0.000000e+00  0.000000e+00  5.700000e-01  1.000000e+00  1.000000e+00  0.000000e+00  0.000000e+00  0.000000e+00  5.700000e-01  1.000000e+00  1.000000e+00  0.000000e+00  0.000000e+00  0.000000e+00  5.700000e-01  1.000000e+00  1.000000e+00  0.000000e+00  0.000000e+00  0.000000e+00  5.700000e-01  
1.308124e+00  5.372368e+00  6.013442e-01  0.000000e+00  0.000000e+00  5.700000e-01  1.308124e+00  5.372368e+00  2.887737e-01  0.000000e+00  0.000000e+00  5.700000e-01  1.000000e+00  1.000000e+00  0.000000e+00  0.000000e+00  0.000000e+00  5.700000e-01  1.000000e+00  1.000000e+00  0.000000e+00  0.000000e+00  0.000000e+00  5.700000e-01  1.000000e+00  1.000000e+00  0.000000e+00  0.000000e+00  0.000000e+00  5.700000e-01  1.000000e+00  1.000000e+00  0.000000e+00  0.000000e+00  0.000000e+00  5.700000e-01  
8.555877e-01  1.865376e+00  6.687175e-01  0.000000e+00  0.000000e+00  5.700000e-01  8.555877e-01  1.865376e+00  8.767723e-01  0.000000e+00  0.000000e+00  5.700000e-01  1.000000e+00  1.000000e+00  0.000000e+00  0.000000e+00  0.000000e+00  5.700000e-01  1.000000e+00  1.000000e+00  0.000000e+00  0.000000e+00  0.000000e+00  5.700000e-01  1.000000e+00  1.000000e+00  0.000000e+00  0.000000e+00  0.000000e+00  5.700000e-01  1.000000e+00  1.000000e+00  0.000000e+00  0.000000e+00  0.000000e+00  5.700000e-01  
1.112426e+00  5.307652e+00  6.258538e-01  0.000000e+00  0.000000e+00  5.700000e-01  1.112426e+00  5.307652e+00  6.886173e-01  0.000000e+00  0.000000e+00  5.700000e-01  1.000000e+00  1.000000e+00  0.000000e+00  0.000000e+00  0.000000e+00  5.700000e-01  1.000000e+00  1.000000e+00  0.000000e+00  0.000000e+00  0.000000e+00  5.700000e-01  1.000000e+00  1.000000e+00  0.000000e+00  0.000000e+00  0.000000e+00  5.700000e-01  1.000000e+00  1.000000e+00  0.000000e+00  0.000000e+00  0.000000e+00  5.700000e-01  
9.955495e-01  2.168439e+00  7.174411e-01  0.000000e+00  0.000000e+00  5.700000e-01  9.955495e-01  2.168439e+00  6.640201e-01  0.000000e+00  0.000000e+00  5.700000e-01  1.000000e+00  1.000000e+00  0.000000e+00  0.000000e+00  0.000000e+00  5.700000e-01  1.000000e+00  1.000000e+00  0.000000e+00  0.000000e+00  0.000000e+00  5.700000e-01  1.000000e+00  1.000000e+00  0.000000e+00  0.000000e+00  0.000000e+00  5.700000e-01  1.000000e+00  1.000000e+00  0.000000e+00  0.000000e+00  0.000000e+00  5.700000e-01  
8.429381e-01  1.485989e+00  6.972983e-01  0.000000e+00  0.000000e+00  5.700000e-01  8.429381e-01  1.485989e+00  2.681097e-01  0.000000e+00  0.000000e+00  5.700000e-01  1.000000e+00  1.000000e+00  0.000000e+00  0.000000e+00  0.000000e+00  5.700000e-01  1.000000e+00  1.000000e+00  0.000000e+00  0.000000e+00  0.000000e+00  5.700000e-01  1.000000e+00  1.000000e+00  0.000000e+00  0.000000e+00  0.000000e+00  5.700000e-01  1.000000e+00  1.000000e+00  0.000000e+00  0.000000e+00  0.000000e+00  5.700000e-01  
9.433860e-01  3.048257e+00  6.131179e-01  0.000000e+00  0.000000e+00  5.700000e-01  9.433860e-01  3.048257e+00  5.426050e-01  0.000000e+00  0.000000e+00  5.700000e-01  1.000000e+00  1.000000e+00  0.000000e+00  0.000000e+00  0.000000e+00  5.700000e-01  1.000000e+00  1.000000e+00  0.000000e+00  0.000000e+00  0.000000e+00  5.700000e-01  1.000000e+00  1.000000e+00  0.000000e+00  0.000000e+00  0.000000e+00  5.700000e-01  1.000000e+00  1.000000e+00  0.000000e+00  0.000000e+00  0.000000e+00  5.700000e-01  
8.934172e-01  2.036413e+00  7.005100e-01  0.000000e+00  0.000000e+00  5.700000e-01  8.934172e-01  2.036413e+00  7.631328e-01  0.000000e+00  0.000000e+00  5.700000e-01  1.000000e+00  1.000000e+00  0.000000e+00  0.000000e+00  0.000000e+00  5.700000e-01  1.000000e+00  1.000000e+00  0.000000e+00  0.000000e+00  0.000000e+00  5.700000e-01  1.000000e+00  1.000000e+00  0.000000e+00  0.000000e+00  0.000000e+00  5.700000e-01  1.000000e+00  1.000000e+00  0.000000e+00  0.000000e+00  0.000000e+00  5.700000e-01  
6.977166e-01  2.506486e+00  5.968585e-01  0.000000e+00  0.000000e+00  5.700000e-01  6.977166e-01  2.506486e+00  9.505666e-01  0.000000e+00  0.000000e+00  5.700000e-01  1.000000e+00  1.000000e+00  0.000000e+00  0.000000e+00  0.000000e+00  5.700000e-01  1.000000e+00  1.000000e+00  0.000000e+00  0.000000e+00  0.000000e+00  5.700000e-01  1.000000e+00  1.000000e+00  0.000000e+00  0.000000e+00  0.000000e+00  5.700000e-01  1.000000e+00  1.000000e+00  0.000000e+00  0.000000e+00  0.000000e+00  5.700000e-01  
1.197897e+00  5.013691e+00  6.952403e-01  0.000000e+00  0.000000e+00  5.700000e-01  1.197897e+00  5.013691e+00  6.192870e-01  0.000000e+00  0.000000e+00  5.700000e-01  1.000000e+00  1.000000e+00  0.000000e+00  0.000000e+00  0.000000e+00  5.700000e-01  1.000000e+00  1.000000e+00  0.000000e+00  0.000000e+00  0.000000e+00  5.700000e-01  1.000000e+00  1.000000e+00  0.000000e+00  0.000000e+00  0.000000e+00  5.700000e-01  1.000000e+00  1.000000e+00  0.000000e+00  0.000000e+00  0.000000e+00  5.700000e-01  
1.041414e+00  2.417766e+00  6.905165e-01  0.000000e+00  0.000000e+00  5.700000e-01  1.041414e+00  2.417766e+00  2.060009e-01  0.000000e+00  0.000000e+00  5.700000e-01  1.000000e+00  1.000000e+00  0.000000e+00  0.000000e+00  0.000000e+00  5.700000e-01  1.000000e+00  1.000000e+00  0.000000e+00  0.000000e+00  0.000000e+00  5.700000e-01  1.000000e+00  1.000000e+00  0.000000e+00  0.000000e+00  0.000000e+00  5.700000e-01  1.000000e+00  1.000000e+00  0.000000e+00  0.000000e+00  0.000000e+00  5.700000e-01  
5.280455e-01  4.743913e-01  6.518159e-01  0.000000e+00  0.000000e+00  5.700000e-01  5.280455e-01  4.743913e-01  9.149998e-01  0.000000e+00  0.000000e+00  5.700000e-01  1.000000e+00  1.000000e+00  0.000000e+00  0.000000e+00  0.000000e+00  5.700000e-01  1.000000e+00  1.000000e+00  0.000000e+00  0.000000e+00  0.000000e+00  5.700000e-01  1.000000e+00  1.000000e+00  0.000000e+00  0.000000e+00  0.000000e+00  5.700000e-01  1.000000e+00  1.000000e+00  0.000000e+00  0.000000e+00  0.000000e+00  5.700000e-01  
9.942737e-01  3.931735e+00  5.988622e-01  0.000000e+00  0.000000e+00  5.700000e-01  9.942737e-01  3.931735e+00  3.930157e-01  0.000000e+00  0.000000e+00  5.700000e-01  1.000000e+00  1.000000e+00  0.000000e+00  0.000000e+00  0.000000e+00  5.700000e-01  1.000000e+00  1.000000e+00  0.000000e+00  0.000000e+00  0.000000e+00  5.700000e-01  1.000000e+00  1.000000e+00  0.000000e+00  0.000000e+00  0.000000e+00  5.700000e-01  1.000000e+00  1.000000e+00  0.000000e+00  0.000000e+00  0.000000e+00  5.700000e-01  
1.063347e+00  2.909708e+00  7.560787e-01  0.000000e+00  0.000000e+00  5.700000e-01  1.063347e+00  2.909708e+00  7.268611e-01  0.000000e+00  0.000000e+00  5.700000e-01  1.000000e+00  1.000000e+00  0.000000e+00  0.000000e+00  0.000000e+00  5.700000e-01  1.000000e+00  1.000000e+00  0.000000e+00  0.000000e+00  0.000000e+00  5.700000e-01  1.000000e+00  1.000000e+00  0.000000e+00  0.000000e+00  0.000000e+00  5.700000e-01  1.000000e+00  1.000000e+00  0.000000e+00  0.000000e+00  0.000000e+00  5.700000e-01  
1.171711e+00  5.475286e+00  5.458438e-01  0.000000e+00  0.000000e+00  5.700000e-01  1.171711e+00  5.475286e+00  5.880417e-01  0.000000e+00  0.000000e+00  5.700000e-01  1.000000e+00  1.000000e+00  0.000000e+00  0.000000e+00  0.000000e+00  5.700000e-01  1.000000e+00  1.000000e+00  0.000000e+00  0.000000e+00  0.000000e+00  5.700000e-01  1.000000e+00  1.000000e+00  0.000000e+00  0.000000e+00  0.000000e+00  5.700000e-01  1.000000e+00  1.000000e+00  0.000000e+00  0.000000e+00  0.000000e+00  5.700000e-01  
7.168904e-01  2.985688e+00  5.625566e-01  0.000000e+00  0.000000e+00  5.700000e-01  7.168904e-01  2.985688e+00  4.443696e-01  0.000000e+00  0.000000e+00  5.700000e-01  1.000000e+00  1.000000e+00  0.000000e+00  0.000000e+00  0.000000e+00  5.700000e-01  1.000000e+00  1.000000e+00  0.000000e+00  0.000000e+00  0.000000e+00  5.700000e-01  1.000000e+00  1.000000e+00  0.000000e+00  0.000000e+00  0.000000e+00  5.700000e-01  1.000000e+00  1.000000e+00  0.000000e+00  0.000000e+00  0.000000e+00  5.700000e-01  
7.474590e-01  1.670577e+00  6.125469e-01  0.000000e+00  0.000000e+00  5.700000e-01  7.474590e-01  1.670577e+00  5.477679e-01  0.000000e+00  0.000000e+00  5.700000e-01  1.000000e+00  1.000000e+00  0.000000e+00  0.000000e+00  0.000000e+00  5.700000e-01  1.000000e+00  1.000000e+00  0.000000e+00  0.000000e+00  0.000000e+00  5.700000e-01  1.000000e+00  1.000000e+00  0.000000e+00  0.000000e+00  0.000000e+00  5.700000e-01  1.000000e+00  1.000000e+00  0.000000e+00  0.000000e+00  0.000000e+00  5.700000e-01  
7.901790e-01  2.633439e+00  6.117071e-01  0.000000e+00  0.000000e+00  5.700000e-01  7.901790e-01  2.633439e+00  6.261467e-01  0.000000e+00  0.000000e+00  5.700000e-01  1.000000e+00  1.000000e+00  0.000000e+00  0.000000e+00  0.000000e+00  5.700000e-01  1.000000e+00  1.000000e+00  0.000000e+00  0.000000e+00  0.000000e+00  5.700000e-01  1.000000e+00  1.000000e+00  0.000000e+00  0.000000e+00  0.000000e+00  5.700000e-01  1.000000e+00  1.000000e+00  0.000000e+00  0.000000e+00  0.000000e+00  5.700000e-01  
6.944959e-01  1.381208e+00  5.499321e-01  0.000000e+00  0.000000e+00  5.700000e-01  6.944959e-01  1.381208e+00  7.588258e-01  0.000000e+00  0.000000e+00  5.700000e-01  1.000000e+00  1.000000e+00  0.000000e+00  0.000000e+00  0.000000e+00  5.700000e-01  1.000000e+00  1.000000e+00  0.000000e+00  0.000000e+00  0.000000e+00  5.700000e-01  1.000000e+00  1.000000e+00  0.000000e+00  0.000000e+00  0.000000e+00  5.700000e-01  1.000000e+00  1.000000e+00  0.000000e+00  0.000000e+00  0.000000e+00  5.700000e-01  
1.120262e+00  4.518458e+00  6.003323e-01  0.000000e+00  0.000000e+00  5.700000e-01  1.120262e+00  4.518458e+00  2.059660e-01  0.000000e+00  0.000000e+00  5.700000e-01  1.000000e+00  1.000000e+00  0.000000e+00  0.000000e+00  0.000000e+00  5.700000e-01  1.000000e+00  1.000000e+00  0.000000e+00  0.000000e+00  0.000000e+00  5.700000e-01  1.000000e+00  1.000000e+00  0.000000e+00  0.000000e+00  0.000000e+00  5.700000e-01  1.000000e+00  1.000000e+00  0.000000e+00  0.000000e+00  0.000000e+00  5.700000e-01  
7.020057e-01  8.010027e-01  7.933906e-01  0.000000e+00  0.000000e+00  5.700000e-01  7.020057e-01  8.010027e-01  8.956308e-01  0.000000e+00  0.000000e+00  5.700000e-01  1.000000e+00  1.000000e+00  0.000000e+00  0.000000e+00  0.000000e+00  5.700000e-01  1.000000e+00  1.000000e+00  0.000000e+00  0.000000e+00  0.000000e+00  5.700000e-01  1.000000e+00  1.000000e+00  0.000000e+00  0.000000e+00  0.000000e+00  5.700000e-01  1.000000e+00  1.000000e+00  0.000000e+00  0.000000e+00  0.000000e+00  5.700000e-01  
8.045233e-01  2.389513e+00  4.881990e-01  0.000000e+00  0.000000e+00  5.700000e-01  8.045233e-01  2.389513e+00  9.593729e-01  0.000000e+00  0.000000e+00  5.700000e-01  1.000000e+00  1.000000e+00  0.000000e+00  0.000000e+00  0.000000e+00  5.700000e-01  1.000000e+00  1.000000e+00  0.000000e+00  0.000000e+00  0.000000e+00  5.700000e-01  1.000000e+00  1.000000e+00  0.000000e+00  0.000000e+00  0.000000e+00  5.700000e-01  1.000000e+00  1.000000e+00  0.000000e+00  0.000000e+00  0.000000e+00  5.700000e-01  
8.459356e-01  3.213812e+00  5.832362e-01  0.000000e+00  0.000000e+00  5.700000e-01  8.459356e-01  3.213812e+00  8.834493e-01  0.000000e+00  0.000000e+00  5.700000e-01  1.000000e+00  1.000000e+00  0.000000e+00  0.000000e+00  0.000000e+00  5.700000e-01  1.000000e+00  1.000000e+00  0.000000e+00  0.000000e+00  0.000000e+00  5.700000e-01  1.000000e+00  1.000000e+00  0.000000e+00  0.000000e+00  0.000000e+00  5.700000e-01  1.000000e+00  1.000000e+00  0.000000e+00  0.000000e+00  0.000000e+00  5.700000e-01  
7.212782e-01  2.017073e+00  6.095730e-01  0.000000e+00  0.000000e+00  5.700000e-01  7.212782e-01  2.017073e+00  5.816503e-01  0.000000e+00  0.000000e+00  5.700000e-01  1.000000e+00  1.000000e+00  0.000000e+00  0.000000e+00  0.000000e+00  5.700000e-01  1.000000e+00  1.000000e+00  0.000000e+00  0.000000e+00  0.000000e+00  5.700000e-01  1.000000e+00  1.000000e+00  0.000000e+00  0.000000e+00  0.000000e+00  5.700000e-01  1.000000e+00  1.000000e+00  0.000000e+00  0.000000e+00  0.000000e+00  5.700000e-01  
8.078389e-01  3.455043e+00  5.651947e-01  0.000000e+00  0.000000e+00  5.700000e-01  8.078389e-01  3.455043e+00  9.737527e-01  0.000000e+00  0.000000e+00  5.700000e-01  1.000000e+00  1.000000e+00  0.000000e+00  0.000000e+00  0.000000e+00  5.700000e-01  1.000000e+00  1.000000e+00  0.000000e+00  0.000000e+00  0.000000e+00  5.700000e-01  1.000000e+00  1.000000e+00  0.000000e+00  0.000000e+00  0.000000e+00  5.700000e-01  1.000000e+00  1.000000e+00  0.000000e+00  0.000000e+00  0.000000e+00  5.700000e-01  
6.265720e-01  1.568588e+00  7.055480e-01  0.000000e+00  0.000000e+00  5.700000e-01  6.265720e-01  1.568588e+00  6.438372e-01  0.000000e+00  0.000000e+00  5.700000e-01  1.000000e+00  1.000000e+00  0.000000e+00  0.000000e+00  0.000000e+00  5.700000e-01  1.000000e+00  1.000000e+00  0.000000e+00  0.000000e+00  0.000000e+00  5.700000e-01  1.000000e+00  1.000000e+00  0.000000e+00  0.000000e+00  0.000000e+00  5.700000e-01  1.000000e+00  1.000000e+00  0.000000e+00  0.000000e+00  0.000000e+00  5.700000e-01  
2.755137e-01  6.757498e-02  7.127833e-01  0.000000e+00  0.000000e+00  5.700000e-01  2.755137e-01  6.757498e-02  -2.629936e-03  0.000000e+00  0.000000e+00  5.700000e-01  1.000000e+00  1.000000e+00  0.000000e+00  0.000000e+00  0.000000e+00  5.700000e-01  1.000000e+00  1.000000e+00  0.000000e+00  0.000000e+00  0.000000e+00  5.700000e-01  1.000000e+00  1.000000e+00  0.000000e+00  0.000000e+00  0.000000e+00  5.700000e-01  1.000000e+00  1.000000e+00  0.000000e+00  0.000000e+00  0.000000e+00  5.700000e-01  
7.103049e-01  1.969923e+00  5.864358e-01  0.000000e+00  0.000000e+00  5.700000e-01  7.103049e-01  1.969923e+00  6.837339e-01  0.000000e+00  0.000000e+00  5.700000e-01  1.000000e+00  1.000000e+00  0.000000e+00  0.000000e+00  0.000000e+00  5.700000e-01  1.000000e+00  1.000000e+00  0.000000e+00  0.000000e+00  0.000000e+00  5.700000e-01  1.000000e+00  1.000000e+00  0.000000e+00  0.000000e+00  0.000000e+00  5.700000e-01  1.000000e+00  1.000000e+00  0.000000e+00  0.000000e+00  0.000000e+00  5.700000e-01  
8.947324e-01  1.943423e+00  7.656556e-01  0.000000e+00  0.000000e+00  5.700000e-01  8.947324e-01  1.943423e+00  8.119942e-01  0.000000e+00  0.000000e+00  5.700000e-01  1.000000e+00  1.000000e+00  0.000000e+00  0.000000e+00  0.000000e+00  5.700000e-01  1.000000e+00  1.000000e+00  0.000000e+00  0.000000e+00  0.000000e+00  5.700000e-01  1.000000e+00  1.000000e+00  0.000000e+00  0.000000e+00  0.000000e+00  5.700000e-01  1.000000e+00  1.000000e+00  0.000000e+00  0.000000e+00  0.000000e+00  5.700000e-01  
1.198186e+00  3.516159e+00  6.650797e-01  0.000000e+00  0.000000e+00  5.700000e-01  1.198186e+00  3.516159e+00  2.288539e-01  0.000000e+00  0.000000e+00  5.700000e-01  1.000000e+00  1.000000e+00  0.000000e+00  0.000000e+00  0.000000e+00  5.700000e-01  1.000000e+00  1.000000e+00  0.000000e+00  0.000000e+00  0.000000e+00  5.700000e-01  1.000000e+00  1.000000e+00  0.000000e+00  0.000000e+00  0.000000e+00  5.700000e-01  1.000000e+00  1.000000e+00  0.000000e+00  0.000000e+00  0.000000e+00  5.700000e-01  
8.526396e-01  2.559474e+00  7.046027e-01  0.000000e+00  0.000000e+00  5.700000e-01  8.526396e-01  2.559474e+00  6.590477e-01  0.000000e+00  0.000000e+00  5.700000e-01  1.000000e+00  1.000000e+00  0.000000e+00  0.000000e+00  0.000000e+00  5.700000e-01  1.000000e+00  1.000000e+00  0.000000e+00  0.000000e+00  0.000000e+00  5.700000e-01  1.000000e+00  1.000000e+00  0.000000e+00  0.000000e+00  0.000000e+00  5.700000e-01  1.000000e+00  1.000000e+00  0.000000e+00  0.000000e+00  0.000000e+00  5.700000e-01  
9.845760e-01  3.175648e+00  6.365411e-01  0.000000e+00  0.000000e+00  5.700000e-01  9.845760e-01  3.175648e+00  9.517165e-01  0.000000e+00  0.000000e+00  5.700000e-01  1.000000e+00  1.000000e+00  0.000000e+00  0.000000e+00  0.000000e+00  5.700000e-01  1.000000e+00  1.000000e+00  0.000000e+00  0.000000e+00  0.000000e+00  5.700000e-01  1.000000e+00  1.000000e+00  0.000000e+00  0.000000e+00  0.000000e+00  5.700000e-01  1.000000e+00  1.000000e+00  0.000000e+00  0.000000e+00  0.000000e+00  5.700000e-01  
5.858298e-01  1.467594e+00  6.398252e-01  0.000000e+00  0.000000e+00  5.700000e-01  5.858298e-01  1.467594e+00  6.184587e-01  0.000000e+00  0.000000e+00  5.700000e-01  1.000000e+00  1.000000e+00  0.000000e+00  0.000000e+00  0.000000e+00  5.700000e-01  1.000000e+00  1.000000e+00  0.000000e+00  0.000000e+00  0.000000e+00  5.700000e-01  1.000000e+00  1.000000e+00  0.000000e+00  0.000000e+00  0.000000e+00  5.700000e-01  1.000000e+00  1.000000e+00  0.000000e+00  0.000000e+00  0.000000e+00  5.700000e-01  
7.844194e-01  2.679013e+00  6.429515e-01  0.000000e+00  0.000000e+00  5.700000e-01  7.844194e-01  2.679013e+00  3.598039e-01  0.000000e+00  0.000000e+00  5.700000e-01  1.000000e+00  1.000000e+00  0.000000e+00  0.000000e+00  0.000000e+00  5.700000e-01  1.000000e+00  1.000000e+00  0.000000e+00  0.000000e+00  0.000000e+00  5.700000e-01  1.000000e+00  1.000000e+00  0.000000e+00  0.000000e+00  0.000000e+00  5.700000e-01  1.000000e+00  1.000000e+00  0.000000e+00  0.000000e+00  0.000000e+00  5.700000e-01  
6.941903e-01  1.753427e+00  6.465064e-01  0.000000e+00  0.000000e+00  5.700000e-01  6.941903e-01  1.753427e+00  6.848899e-01  0.000000e+00  0.000000e+00  5.700000e-01  1.000000e+00  1.000000e+00  0.000000e+00  0.000000e+00  0.000000e+00  5.700000e-01  1.000000e+00  1.000000e+00  0.000000e+00  0.000000e+00  0.000000e+00  5.700000e-01  1.000000e+00  1.000000e+00  0.000000e+00  0.000000e+00  0.000000e+00  5.700000e-01  1.000000e+00  1.000000e+00  0.000000e+00  0.000000e+00  0.000000e+00  5.700000e-01  
8.336504e-01  3.301002e+00  6.347167e-01  0.000000e+00  0.000000e+00  5.700000e-01  8.336504e-01  3.301002e+00  4.558393e-01  0.000000e+00  0.000000e+00  5.700000e-01  1.000000e+00  1.000000e+00  0.000000e+00  0.000000e+00  0.000000e+00  5.700000e-01  1.000000e+00  1.000000e+00  0.000000e+00  0.000000e+00  0.000000e+00  5.700000e-01  1.000000e+00  1.000000e+00  0.000000e+00  0.000000e+00  0.000000e+00  5.700000e-01  1.000000e+00  1.000000e+00  0.000000e+00  0.000000e+00  0.000000e+00  5.700000e-01  
7.588603e-01  1.386048e+00  7.270657e-01  0.000000e+00  0.000000e+00  5.700000e-01  7.588603e-01  1.386048e+00  9.141527e-01  0.000000e+00  0.000000e+00  5.700000e-01  1.000000e+00  1.000000e+00  0.000000e+00  0.000000e+00  0.000000e+00  5.700000e-01  1.000000e+00  1.000000e+00  0.000000e+00  0.000000e+00  0.000000e+00  5.700000e-01  1.000000e+00  1.000000e+00  0.000000e+00  0.000000e+00  0.000000e+00  5.700000e-01  1.000000e+00  1.000000e+00  0.000000e+00  0.000000e+00  0.000000e+00  5.700000e-01  
8.356611e-01  2.203024e+00  7.321989e-01  0.000000e+00  0.000000e+00  5.700000e-01  8.356611e-01  2.203024e+00  8.966489e-01  0.000000e+00  0.000000e+00  5.700000e-01  1.000000e+00  1.000000e+00  0.000000e+00  0.000000e+00  0.000000e+00  5.700000e-01  1.000000e+00  1.000000e+00  0.000000e+00  0.000000e+00  0.000000e+00  5.700000e-01  1.000000e+00  1.000000e+00  0.000000e+00  0.000000e+00  0.000000e+00  5.700000e-01  1.000000e+00  1.000000e+00  0.000000e+00  0.000000e+00  0.000000e+00  5.700000e-01  
7.488712e-01  1.803597e+00  5.969819e-01  0.000000e+00  0.000000e+00  5.700000e-01  7.488712e-01  1.803597e+00  7.320275e-01  0.000000e+00  0.000000e+00  5.700000e-01  1.000000e+00  1.000000e+00  0.000000e+00  0.000000e+00  0.000000e+00  5.700000e-01  1.000000e+00  1.000000e+00  0.000000e+00  0.000000e+00  0.000000e+00  5.700000e-01  1.000000e+00  1.000000e+00  0.000000e+00  0.000000e+00  0.000000e+00  5.700000e-01  1.000000e+00  1.000000e+00  0.000000e+00  0.000000e+00  0.000000e+00  5.700000e-01  
5.960572e-01  2.690494e+00  4.998130e-01  0.000000e+00  0.000000e+00  5.700000e-01  5.960572e-01  2.690494e+00  1.895386e-01  0.000000e+00  0.000000e+00  5.700000e-01  1.000000e+00  1.000000e+00  0.000000e+00  0.000000e+00  0.000000e+00  5.700000e-01  1.000000e+00  1.000000e+00  0.000000e+00  0.000000e+00  0.000000e+00  5.700000e-01  1.000000e+00  1.000000e+00  0.000000e+00  0.000000e+00  0.000000e+00  5.700000e-01  1.000000e+00  1.000000e+00  0.000000e+00  0.000000e+00  0.000000e+00  5.700000e-01  
1.045436e+00  3.841740e+00  5.983719e-01  0.000000e+00  0.000000e+00  5.700000e-01  1.045436e+00  3.841740e+00  3.535811e-01  0.000000e+00  0.000000e+00  5.700000e-01  1.000000e+00  1.000000e+00  0.000000e+00  0.000000e+00  0.000000e+00  5.700000e-01  1.000000e+00  1.000000e+00  0.000000e+00  0.000000e+00  0.000000e+00  5.700000e-01  1.000000e+00  1.000000e+00  0.000000e+00  0.000000e+00  0.000000e+00  5.700000e-01  1.000000e+00  1.000000e+00  0.000000e+00  0.000000e+00  0.000000e+00  5.700000e-01  
8.364134e-01  2.114400e+00  7.189550e-01  0.000000e+00  0.000000e+00  5.700000e-01  8.364134e-01  2.114400e+00  9.868692e-01  0.000000e+00  0.000000e+00  5.700000e-01  1.000000e+00  1.000000e+00  0.000000e+00  0.000000e+00  0.000000e+00  5.700000e-01  1.000000e+00  1.000000e+00  0.000000e+00  0.000000e+00  0.000000e+00  5.700000e-01  1.000000e+00  1.000000e+00  0.000000e+00  0.000000e+00  0.000000e+00  5.700000e-01  1.000000e+00  1.000000e+00  0.000000e+00  0.000000e+00  0.000000e+00  5.700000e-01  
6.937656e-01  1.913330e+00  5.930658e-01  0.000000e+00  0.000000e+00  5.700000e-01  6.937656e-01  1.913330e+00  9.983864e-01  0.000000e+00  0.000000e+00  5.700000e-01  1.000000e+00  1.000000e+00  0.000000e+00  0.000000e+00  0.000000e+00  5.700000e-01  1.000000e+00  1.000000e+00  0.000000e+00  0.000000e+00  0.000000e+00  5.700000e-01  1.000000e+00  1.000000e+00  0.000000e+00  0.000000e+00  0.000000e+00  5.700000e-01  1.000000e+00  1.000000e+00  0.000000e+00  0.000000e+00  0.000000e+00  5.700000e-01  
4.891576e-01  2.090123e+00  4.943348e-01  0.000000e+00  0.000000e+00  5.700000e-01  4.891576e-01  2.090123e+00  5.278781e-01  0.000000e+00  0.000000e+00  5.700000e-01  1.000000e+00  1.000000e+00  0.000000e+00  0.000000e+00  0.000000e+00  5.700000e-01  1.000000e+00  1.000000e+00  0.000000e+00  0.000000e+00  0.000000e+00  5.700000e-01  1.000000e+00  1.000000e+00  0.000000e+00  0.000000e+00  0.000000e+00  5.700000e-01  1.000000e+00  1.000000e+00  0.000000e+00  0.000000e+00  0.000000e+00  5.700000e-01  
1.185412e+00  3.947825e+00  7.573246e-01  0.000000e+00  0.000000e+00  5.700000e-01  1.185412e+00  3.947825e+00  9.950011e-01  0.000000e+00  0.000000e+00  5.700000e-01  1.000000e+00  1.000000e+00  0.000000e+00  0.000000e+00  0.000000e+00  5.700000e-01  1.000000e+00  1.000000e+00  0.000000e+00  0.000000e+00  0.000000e+00  5.700000e-01  1.000000e+00  1.000000e+00  0.000000e+00  0.000000e+00  0.000000e+00  5.700000e-01  1.000000e+00  1.000000e+00  0.000000e+00  0.000000e+00  0.000000e+00  5.700000e-01  
4.460099e-01  5.749778e-01  5.982249e-01  0.000000e+00  0.000000e+00  5.700000e-01  4.460099e-01  5.749778e-01  9.805359e-01  0.000000e+00  0.000000e+00  5.700000e-01  1.000000e+00  1.000000e+00  0.000000e+00  0.000000e+00  0.000000e+00  5.700000e-01  1.000000e+00  1.000000e+00  0.000000e+00  0.000000e+00  0.000000e+00  5.700000e-01  1.000000e+00  1.000000e+00  0.000000e+00  0.000000e+00  0.000000e+00  5.700000e-01  1.000000e+00  1.000000e+00  0.000000e+00  0.000000e+00  0.000000e+00  5.700000e-01  
1.043576e+00  3.403420e+00  7.355947e-01  0.000000e+00  0.000000e+00  5.700000e-01  1.043576e+00  3.403420e+00  1.438660e-01  0.000000e+00  0.000000e+00  5.700000e-01  1.000000e+00  1.000000e+00  0.000000e+00  0.000000e+00  0.000000e+00  5.700000e-01  1.000000e+00  1.000000e+00  0.000000e+00  0.000000e+00  0.000000e+00  5.700000e-01  1.000000e+00  1.000000e+00  0.000000e+00  0.000000e+00  0.000000e+00  5.700000e-01  1.000000e+00  1.000000e+00  0.000000e+00  0.000000e+00  0.000000e+00  5.700000e-01  
3.987410e-01  8.978109e-01  4.924168e-01  0.000000e+00  0.000000e+00  5.700000e-01  3.987410e-01  8.978109e-01  8.582751e-01  0.000000e+00  0.000000e+00  5.700000e-01  1.000000e+00  1.000000e+00  0.000000e+00  0.000000e+00  0.000000e+00  5.700000e-01  1.000000e+00  1.000000e+00  0.000000e+00  0.000000e+00  0.000000e+00  5.700000e-01  1.000000e+00  1.000000e+00  0.000000e+00  0.000000e+00  0.000000e+00  5.700000e-01  1.000000e+00  1.000000e+00  0.000000e+00  0.000000e+00  0.000000e+00  5.700000e-01  
7.356123e-01  6.823173e-01  9.513962e-01  0.000000e+00  0.000000e+00  5.700000e-01  7.356123e-01  6.823173e-01  5.968788e-01  0.000000e+00  0.000000e+00  5.700000e-01  1.000000e+00  1.000000e+00  0.000000e+00  0.000000e+00  0.000000e+00  5.700000e-01  1.000000e+00  1.000000e+00  0.000000e+00  0.000000e+00  0.000000e+00  5.700000e-01  1.000000e+00  1.000000e+00  0.000000e+00  0.000000e+00  0.000000e+00  5.700000e-01  1.000000e+00  1.000000e+00  0.000000e+00  0.000000e+00  0.000000e+00  5.700000e-01  
6.717314e-01  9.014162e-01  7.207856e-01  0.000000e+00  0.000000e+00  5.700000e-01  6.717314e-01  9.014162e-01  8.366706e-01  0.000000e+00  0.000000e+00  5.700000e-01  1.000000e+00  1.000000e+00  0.000000e+00  0.000000e+00  0.000000e+00  5.700000e-01  1.000000e+00  1.000000e+00  0.000000e+00  0.000000e+00  0.000000e+00  5.700000e-01  1.000000e+00  1.000000e+00  0.000000e+00  0.000000e+00  0.000000e+00  5.700000e-01  1.000000e+00  1.000000e+00  0.000000e+00  0.000000e+00  0.000000e+00  5.700000e-01  
9.400710e-01  1.995582e+00  8.042829e-01  0.000000e+00  0.000000e+00  5.700000e-01  9.400710e-01  1.995582e+00  8.736542e-01  0.000000e+00  0.000000e+00  5.700000e-01  1.000000e+00  1.000000e+00  0.000000e+00  0.000000e+00  0.000000e+00  5.700000e-01  1.000000e+00  1.000000e+00  0.000000e+00  0.000000e+00  0.000000e+00  5.700000e-01  1.000000e+00  1.000000e+00  0.000000e+00  0.000000e+00  0.000000e+00  5.700000e-01  1.000000e+00  1.000000e+00  0.000000e+00  0.000000e+00  0.000000e+00  5.700000e-01  
4.019844e-01  1.001292e+00  5.427668e-01  0.000000e+00  0.000000e+00  5.700000e-01  4.019844e-01  1.001292e+00  6.109886e-01  0.000000e+00  0.000000e+00  5.700000e-01  1.000000e+00  1.000000e+00  0.000000e+00  0.000000e+00  0.000000e+00  5.700000e-01  1.000000e+00  1.000000e+00  0.000000e+00  0.000000e+00  0.000000e+00  5.700000e-01  1.000000e+00  1.000000e+00  0.000000e+00  0.000000e+00  0.000000e+00  5.700000e-01  1.000000e+00  1.000000e+00  0.000000e+00  0.000000e+00  0.000000e+00  5.700000e-01  
3.177930e-01  2.425206e-02  7.614160e-01  0.000000e+00  0.000000e+00  5.700000e-01  3.177930e-01  2.425206e-02  4.031234e-01  0.000000e+00  0.000000e+00  5.700000e-01  1.000000e+00  1.000000e+00  0.000000e+00  0.000000e+00  0.000000e+00  5.700000e-01  1.000000e+00  1.000000e+00  0.000000e+00  0.000000e+00  0.000000e+00  5.700000e-01  1.000000e+00  1.000000e+00  0.000000e+00  0.000000e+00  0.000000e+00  5.700000e-01  1.000000e+00  1.000000e+00  0.000000e+00  0.000000e+00  0.000000e+00  5.700000e-01  
5.237019e-01  4.948016e-01  6.508170e-01  0.000000e+00  0.000000e+00  5.700000e-01  5.237019e-01  4.948016e-01  6.015070e-01  0.000000e+00  0.000000e+00  5.700000e-01  1.000000e+00  1.000000e+00  0.000000e+00  0.000000e+00  0.000000e+00  5.700000e-01  1.000000e+00  1.000000e+00  0.000000e+00  0.000000e+00  0.000000e+00  5.700000e-01  1.000000e+00  1.000000e+00  0.000000e+00  0.000000e+00  0.000000e+00  5.700000e-01  1.000000e+00  1.000000e+00  0.000000e+00  0.000000e+00  0.000000e+00  5.700000e-01  
9.717212e-01  2.192621e+00  8.313994e-01  0.000000e+00  0.000000e+00  5.700000e-01  9.717212e-01  2.192621e+00  5.948241e-01  0.000000e+00  0.000000e+00  5.700000e-01  1.000000e+00  1.000000e+00  0.000000e+00  0.000000e+00  0.000000e+00  5.700000e-01  1.000000e+00  1.000000e+00  0.000000e+00  0.000000e+00  0.000000e+00  5.700000e-01  1.000000e+00  1.000000e+00  0.000000e+00  0.000000e+00  0.000000e+00  5.700000e-01  1.000000e+00  1.000000e+00  0.000000e+00  0.000000e+00  0.000000e+00  5.700000e-01  
5.849419e-01  2.258143e+00  5.079927e-01  0.000000e+00  0.000000e+00  5.700000e-01  5.849419e-01  2.258143e+00  8.351249e-01  0.000000e+00  0.000000e+00  5.700000e-01  1.000000e+00  1.000000e+00  0.000000e+00  0.000000e+00  0.000000e+00  5.700000e-01  1.000000e+00  1.000000e+00  0.000000e+00  0.000000e+00  0.000000e+00  5.700000e-01  1.000000e+00  1.000000e+00  0.000000e+00  0.000000e+00  0.000000e+00  5.700000e-01  1.000000e+00  1.000000e+00  0.000000e+00  0.000000e+00  0.000000e+00  5.700000e-01  
1.194307e+00  3.685968e+00  7.140743e-01  0.000000e+00  0.000000e+00  5.700000e-01  1.194307e+00  3.685968e+00  8.503566e-01  0.000000e+00  0.000000e+00  5.700000e-01  1.000000e+00  1.000000e+00  0.000000e+00  0.000000e+00  0.000000e+00  5.700000e-01  1.000000e+00  1.000000e+00  0.000000e+00  0.000000e+00  0.000000e+00  5.700000e-01  1.000000e+00  1.000000e+00  0.000000e+00  0.000000e+00  0.000000e+00  5.700000e-01  1.000000e+00  1.000000e+00  0.000000e+00  0.000000e+00  0.000000e+00  5.700000e-01  
8.833030e-01  4.452624e+00  4.466256e-01  0.000000e+00  0.000000e+00  5.700000e-01  8.833030e-01  4.452624e+00  9.389197e-01  0.000000e+00  0.000000e+00  5.700000e-01  1.000000e+00  1.000000e+00  0.000000e+00  0.000000e+00  0.000000e+00  5.700000e-01  1.000000e+00  1.000000e+00  0.000000e+00  0.000000e+00  0.000000e+00  5.700000e-01  1.000000e+00  1.000000e+00  0.000000e+00  0.000000e+00  0.000000e+00  5.700000e-01  1.000000e+00  1.000000e+00  0.000000e+00  0.000000e+00  0.000000e+00  5.700000e-01  
1.071748e+00  4.018524e+00  5.625928e-01  0.000000e+00  0.000000e+00  5.700000e-01  1.071748e+00  4.018524e+00  6.487291e-01  0.000000e+00  0.000000e+00  5.700000e-01  1.000000e+00  1.000000e+00  0.000000e+00  0.000000e+00  0.000000e+00  5.700000e-01  1.000000e+00  1.000000e+00  0.000000e+00  0.000000e+00  0.000000e+00  5.700000e-01  1.000000e+00  1.000000e+00  0.000000e+00  0.000000e+00  0.000000e+00  5.700000e-01  1.000000e+00  1.000000e+00  0.000000e+00  0.000000e+00  0.000000e+00  5.700000e-01  
1.112718e+00  3.884151e+00  6.551448e-01  0.000000e+00  0.000000e+00  5.700000e-01  1.112718e+00  3.884151e+00  5.992402e-01  0.000000e+00  0.000000e+00  5.700000e-01  1.000000e+00  1.000000e+00  0.000000e+00  0.000000e+00  0.000000e+00  5.700000e-01  1.000000e+00  1.000000e+00  0.000000e+00  0.000000e+00  0.000000e+00  5.700000e-01  1.000000e+00  1.000000e+00  0.000000e+00  0.000000e+00  0.000000e+00  5.700000e-01  1.000000e+00  1.000000e+00  0.000000e+00  0.000000e+00  0.000000e+00  5.700000e-01  
1.160634e+00  3.200805e+00  7.494773e-01  0.000000e+00  0.000000e+00  5.700000e-01  1.160634e+00  3.200805e+00  6.814346e-01  0.000000e+00  0.000000e+00  5.700000e-01  1.000000e+00  1.000000e+00  0.000000e+00  0.000000e+00  0.000000e+00  5.700000e-01  1.000000e+00  1.000000e+00  0.000000e+00  0.000000e+00  0.000000e+00  5.700000e-01  1.000000e+00  1.000000e+00  0.000000e+00  0.000000e+00  0.000000e+00  5.700000e-01  1.000000e+00  1.000000e+00  0.000000e+00  0.000000e+00  0.000000e+00  5.700000e-01  
4.360867e-01  2.102470e-01  8.944271e-01  0.000000e+00  0.000000e+00  5.700000e-01  4.360867e-01  2.102470e-01  3.627251e-01  0.000000e+00  0.000000e+00  5.700000e-01  1.000000e+00  1.000000e+00  0.000000e+00  0.000000e+00  0.000000e+00  5.700000e-01  1.000000e+00  1.000000e+00  0.000000e+00  0.000000e+00  0.000000e+00  5.700000e-01  1.000000e+00  1.000000e+00  0.000000e+00  0.000000e+00  0.000000e+00  5.700000e-01  1.000000e+00  1.000000e+00  0.000000e+00  0.000000e+00  0.000000e+00  5.700000e-01  
1.432515e+00  5.278253e+00  7.397460e-01  0.000000e+00  0.000000e+00  5.700000e-01  1.432515e+00  5.278253e+00  5.812557e-01  0.000000e+00  0.000000e+00  5.700000e-01  1.000000e+00  1.000000e+00  0.000000e+00  0.000000e+00  0.000000e+00  5.700000e-01  1.000000e+00  1.000000e+00  0.000000e+00  0.000000e+00  0.000000e+00  5.700000e-01  1.000000e+00  1.000000e+00  0.000000e+00  0.000000e+00  0.000000e+00  5.700000e-01  1.000000e+00  1.000000e+00  0.000000e+00  0.000000e+00  0.000000e+00  5.700000e-01  
6.553937e-01  1.192179e+00  6.255449e-01  0.000000e+00  0.000000e+00  5.700000e-01  6.553937e-01  1.192179e+00  9.639201e-01  0.000000e+00  0.000000e+00  5.700000e-01  1.000000e+00  1.000000e+00  0.000000e+00  0.000000e+00  0.000000e+00  5.700000e-01  1.000000e+00  1.000000e+00  0.000000e+00  0.000000e+00  0.000000e+00  5.700000e-01  1.000000e+00  1.000000e+00  0.000000e+00  0.000000e+00  0.000000e+00  5.700000e-01  1.000000e+00  1.000000e+00  0.000000e+00  0.000000e+00  0.000000e+00  5.700000e-01  
9.109303e-01  2.156505e+00  7.341807e-01  0.000000e+00  0.000000e+00  5.700000e-01  9.109303e-01  2.156505e+00  -1.066119e-01  0.000000e+00  0.000000e+00  5.700000e-01  1.000000e+00  1.000000e+00  0.000000e+00  0.000000e+00  0.000000e+00  5.700000e-01  1.000000e+00  1.000000e+00  0.000000e+00  0.000000e+00  0.000000e+00  5.700000e-01  1.000000e+00  1.000000e+00  0.000000e+00  0.000000e+00  0.000000e+00  5.700000e-01  1.000000e+00  1.000000e+00  0.000000e+00  0.000000e+00  0.000000e+00  5.700000e-01  
7.650964e-01  1.348222e+00  6.660170e-01  0.000000e+00  0.000000e+00  5.700000e-01  7.650964e-01  1.348222e+00  7.484998e-01  0.000000e+00  0.000000e+00  5.700000e-01  1.000000e+00  1.000000e+00  0.000000e+00  0.000000e+00  0.000000e+00  5.700000e-01  1.000000e+00  1.000000e+00  0.000000e+00  0.000000e+00  0.000000e+00  5.700000e-01  1.000000e+00  1.000000e+00  0.000000e+00  0.000000e+00  0.000000e+00  5.700000e-01  1.000000e+00  1.000000e+00  0.000000e+00  0.000000e+00  0.000000e+00  5.700000e-01  
1.179488e+00  4.053080e+00  6.693609e-01  0.000000e+00  0.000000e+00  5.700000e-01  1.179488e+00  4.053080e+00  8.676494e-01  0.000000e+00  0.000000e+00  5.700000e-01  1.000000e+00  1.000000e+00  0.000000e+00  0.000000e+00  0.000000e+00  5.700000e-01  1.000000e+00  1.000000e+00  0.000000e+00  0.000000e+00  0.000000e+00  5.700000e-01  1.000000e+00  1.000000e+00  0.000000e+00  0.000000e+00  0.000000e+00  5.700000e-01  1.000000e+00  1.000000e+00  0.000000e+00  0.000000e+00  0.000000e+00  5.700000e-01  
5.395412e-01  6.679670e-01  6.877418e-01  0.000000e+00  0.000000e+00  5.700000e-01  5.395412e-01  6.679670e-01  7.930540e-01  0.000000e+00  0.000000e+00  5.700000e-01  1.000000e+00  1.000000e+00  0.000000e+00  0.000000e+00  0.000000e+00  5.700000e-01  1.000000e+00  1.000000e+00  0.000000e+00  0.000000e+00  0.000000e+00  5.700000e-01  1.000000e+00  1.000000e+00  0.000000e+00  0.000000e+00  0.000000e+00  5.700000e-01  1.000000e+00  1.000000e+00  0.000000e+00  0.000000e+00  0.000000e+00  5.700000e-01  
5.457491e-01  1.152001e+00  5.619817e-01  0.000000e+00  0.000000e+00  5.700000e-01  5.457491e-01  1.152001e+00  9.385810e-01  0.000000e+00  0.000000e+00  5.700000e-01  1.000000e+00  1.000000e+00  0.000000e+00  0.000000e+00  0.000000e+00  5.700000e-01  1.000000e+00  1.000000e+00  0.000000e+00  0.000000e+00  0.000000e+00  5.700000e-01  1.000000e+00  1.000000e+00  0.000000e+00  0.000000e+00  0.000000e+00  5.700000e-01  1.000000e+00  1.000000e+00  0.000000e+00  0.000000e+00  0.000000e+00  5.700000e-01  
1.004989e+00  3.307487e+00  6.368921e-01  0.000000e+00  0.000000e+00  5.700000e-01  1.004989e+00  3.307487e+00  7.145978e-01  0.000000e+00  0.000000e+00  5.700000e-01  1.000000e+00  1.000000e+00  0.000000e+00  0.000000e+00  0.000000e+00  5.700000e-01  1.000000e+00  1.000000e+00  0.000000e+00  0.000000e+00  0.000000e+00  5.700000e-01  1.000000e+00  1.000000e+00  0.000000e+00  0.000000e+00  0.000000e+00  5.700000e-01  1.000000e+00  1.000000e+00  0.000000e+00  0.000000e+00  0.000000e+00  5.700000e-01  
9.596561e-01  3.164517e+00  7.235352e-01  0.000000e+00  0.000000e+00  5.700000e-01  9.596561e-01  3.164517e+00  7.517276e-01  0.000000e+00  0.000000e+00  5.700000e-01  1.000000e+00  1.000000e+00  0.000000e+00  0.000000e+00  0.000000e+00  5.700000e-01  1.000000e+00  1.000000e+00  0.000000e+00  0.000000e+00  0.000000e+00  5.700000e-01  1.000000e+00  1.000000e+00  0.000000e+00  0.000000e+00  0.000000e+00  5.700000e-01  1.000000e+00  1.000000e+00  0.000000e+00  0.000000e+00  0.000000e+00  5.700000e-01  
8.743567e-01  3.436269e+00  5.163507e-01  0.000000e+00  0.000000e+00  5.700000e-01  8.743567e-01  3.436269e+00  6.541668e-01  0.000000e+00  0.000000e+00  5.700000e-01  1.000000e+00  1.000000e+00  0.000000e+00  0.000000e+00  0.000000e+00  5.700000e-01  1.000000e+00  1.000000e+00  0.000000e+00  0.000000e+00  0.000000e+00  5.700000e-01  1.000000e+00  1.000000e+00  0.000000e+00  0.000000e+00  0.000000e+00  5.700000e-01  1.000000e+00  1.000000e+00  0.000000e+00  0.000000e+00  0.000000e+00  5.700000e-01  
9.305528e-01  2.226829e+00  7.517236e-01  0.000000e+00  0.000000e+00  5.700000e-01  9.305528e-01  2.226829e+00  4.838598e-01  0.000000e+00  0.000000e+00  5.700000e-01  1.000000e+00  1.000000e+00  0.000000e+00  0.000000e+00  0.000000e+00  5.700000e-01  1.000000e+00  1.000000e+00  0.000000e+00  0.000000e+00  0.000000e+00  5.700000e-01  1.000000e+00  1.000000e+00  0.000000e+00  0.000000e+00  0.000000e+00  5.700000e-01  1.000000e+00  1.000000e+00  0.000000e+00  0.000000e+00  0.000000e+00  5.700000e-01  
1.370074e+00  5.768141e+00  6.707336e-01  0.000000e+00  0.000000e+00  5.700000e-01  1.370074e+00  5.768141e+00  6.484373e-01  0.000000e+00  0.000000e+00  5.700000e-01  1.000000e+00  1.000000e+00  0.000000e+00  0.000000e+00  0.000000e+00  5.700000e-01  1.000000e+00  1.000000e+00  0.000000e+00  0.000000e+00  0.000000e+00  5.700000e-01  1.000000e+00  1.000000e+00  0.000000e+00  0.000000e+00  0.000000e+00  5.700000e-01  1.000000e+00  1.000000e+00  0.000000e+00  0.000000e+00  0.000000e+00  5.700000e-01  
5.994043e-01  7.365862e-01  6.913345e-01  0.000000e+00  0.000000e+00  5.700000e-01  5.994043e-01  7.365862e-01  9.837817e-01  0.000000e+00  0.000000e+00  5.700000e-01  1.000000e+00  1.000000e+00  0.000000e+00  0.000000e+00  0.000000e+00  5.700000e-01  1.000000e+00  1.000000e+00  0.000000e+00  0.000000e+00  0.000000e+00  5.700000e-01  1.000000e+00  1.000000e+00  0.000000e+00  0.000000e+00  0.000000e+00  5.700000e-01  1.000000e+00  1.000000e+00  0.000000e+00  0.000000e+00  0.000000e+00  5.700000e-01  
1.219432e+00  4.895776e+00  6.202995e-01  0.000000e+00  0.000000e+00  5.700000e-01  1.219432e+00  4.895776e+00  8.458829e-01  0.000000e+00  0.000000e+00  5.700000e-01  1.000000e+00  1.000000e+00  0.000000e+00  0.000000e+00  0.000000e+00  5.700000e-01  1.000000e+00  1.000000e+00  0.000000e+00  0.000000e+00  0.000000e+00  5.700000e-01  1.000000e+00  1.000000e+00  0.000000e+00  0.000000e+00  0.000000e+00  5.700000e-01  1.000000e+00  1.000000e+00  0.000000e+00  0.000000e+00  0.000000e+00  5.700000e-01  
9.276893e-01  2.334477e+00  6.932035e-01  0.000000e+00  0.000000e+00  5.700000e-01  9.276893e-01  2.334477e+00  7.056402e-01  0.000000e+00  0.000000e+00  5.700000e-01  1.000000e+00  1.000000e+00  0.000000e+00  0.000000e+00  0.000000e+00  5.700000e-01  1.000000e+00  1.000000e+00  0.000000e+00  0.000000e+00  0.000000e+00  5.700000e-01  1.000000e+00  1.000000e+00  0.000000e+00  0.000000e+00  0.000000e+00  5.700000e-01  1.000000e+00  1.000000e+00  0.000000e+00  0.000000e+00  0.000000e+00  5.700000e-01  
7.241963e-01  2.203791e+00  6.473866e-01  0.000000e+00  0.000000e+00  5.700000e-01  7.241963e-01  2.203791e+00  7.446171e-01  0.000000e+00  0.000000e+00  5.700000e-01  1.000000e+00  1.000000e+00  0.000000e+00  0.000000e+00  0.000000e+00  5.700000e-01  1.000000e+00  1.000000e+00  0.000000e+00  0.000000e+00  0.000000e+00  5.700000e-01  1.000000e+00  1.000000e+00  0.000000e+00  0.000000e+00  0.000000e+00  5.700000e-01  1.000000e+00  1.000000e+00  0.000000e+00  0.000000e+00  0.000000e+00  5.700000e-01  
7.004937e-01  1.602129e+00  6.973073e-01  0.000000e+00  0.000000e+00  5.700000e-01  7.004937e-01  1.602129e+00  5.386071e-01  0.000000e+00  0.000000e+00  5.700000e-01  1.000000e+00  1.000000e+00  0.000000e+00  0.000000e+00  0.000000e+00  5.700000e-01  1.000000e+00  1.000000e+00  0.000000e+00  0.000000e+00  0.000000e+00  5.700000e-01  1.000000e+00  1.000000e+00  0.000000e+00  0.000000e+00  0.000000e+00  5.700000e-01  1.000000e+00  1.000000e+00  0.000000e+00  0.000000e+00  0.000000e+00  5.700000e-01  
5.311568e-01  1.984318e+00  5.050124e-01  0.000000e+00  0.000000e+00  5.700000e-01  5.311568e-01  1.984318e+00  3.206490e-01  0.000000e+00  0.000000e+00  5.700000e-01  1.000000e+00  1.000000e+00  0.000000e+00  0.000000e+00  0.000000e+00  5.700000e-01  1.000000e+00  1.000000e+00  0.000000e+00  0.000000e+00  0.000000e+00  5.700000e-01  1.000000e+00  1.000000e+00  0.000000e+00  0.000000e+00  0.000000e+00  5.700000e-01  1.000000e+00  1.000000e+00  0.000000e+00  0.000000e+00  0.000000e+00  5.700000e-01  
8.938809e-01  2.611231e+00  5.978184e-01  0.000000e+00  0.000000e+00  5.700000e-01  8.938809e-01  2.611231e+00  3.274239e-01  0.000000e+00  0.000000e+00  5.700000e-01  1.000000e+00  1.000000e+00  0.000000e+00  0.000000e+00  0.000000e+00  5.700000e-01  1.000000e+00  1.000000e+00  0.000000e+00  0.000000e+00  0.000000e+00  5.700000e-01  1.000000e+00  1.000000e+00  0.000000e+00  0.000000e+00  0.000000e+00  5.700000e-01  1.000000e+00  1.000000e+00  0.000000e+00  0.000000e+00  0.000000e+00  5.700000e-01  
8.684867e-01  3.093081e+00  6.655965e-01  0.000000e+00  0.000000e+00  5.700000e-01  8.684867e-01  3.093081e+00  8.470380e-01  0.000000e+00  0.000000e+00  5.700000e-01  1.000000e+00  1.000000e+00  0.000000e+00  0.000000e+00  0.000000e+00  5.700000e-01  1.000000e+00  1.000000e+00  0.000000e+00  0.000000e+00  0.000000e+00  5.700000e-01  1.000000e+00  1.000000e+00  0.000000e+00  0.000000e+00  0.000000e+00  5.700000e-01  1.000000e+00  1.000000e+00  0.000000e+00  0.000000e+00  0.000000e+00  5.700000e-01  
7.991697e-01  2.784570e+00  6.290413e-01  0.000000e+00  0.000000e+00  5.700000e-01  7.991697e-01  2.784570e+00  9.184455e-01  0.000000e+00  0.000000e+00  5.700000e-01  1.000000e+00  1.000000e+00  0.000000e+00  0.000000e+00  0.000000e+00  5.700000e-01  1.000000e+00  1.000000e+00  0.000000e+00  0.000000e+00  0.000000e+00  5.700000e-01  1.000000e+00  1.000000e+00  0.000000e+00  0.000000e+00  0.000000e+00  5.700000e-01  1.000000e+00  1.000000e+00  0.000000e+00  0.000000e+00  0.000000e+00  5.700000e-01  
7.382244e-01  1.173533e+00  8.064457e-01  0.000000e+00  0.000000e+00  5.700000e-01  7.382244e-01  1.173533e+00  7.468671e-01  0.000000e+00  0.000000e+00  5.700000e-01  1.000000e+00  1.000000e+00  0.000000e+00  0.000000e+00  0.000000e+00  5.700000e-01  1.000000e+00  1.000000e+00  0.000000e+00  0.000000e+00  0.000000e+00  5.700000e-01  1.000000e+00  1.000000e+00  0.000000e+00  0.000000e+00  0.000000e+00  5.700000e-01  1.000000e+00  1.000000e+00  0.000000e+00  0.000000e+00  0.000000e+00  5.700000e-01  
6.544049e-01  1.562502e+00  6.283612e-01  0.000000e+00  0.000000e+00  5.700000e-01  6.544049e-01  1.562502e+00  5.135359e-01  0.000000e+00  0.000000e+00  5.700000e-01  1.000000e+00  1.000000e+00  0.000000e+00  0.000000e+00  0.000000e+00  5.700000e-01  1.000000e+00  1.000000e+00  0.000000e+00  0.000000e+00  0.000000e+00  5.700000e-01  1.000000e+00  1.000000e+00  0.000000e+00  0.000000e+00  0.000000e+00  5.700000e-01  1.000000e+00  1.000000e+00  0.000000e+00  0.000000e+00  0.000000e+00  5.700000e-01  
1.092534e+00  4.346034e+00  6.669933e-01  0.000000e+00  0.000000e+00  5.700000e-01  1.092534e+00  4.346034e+00  4.533191e-01  0.000000e+00  0.000000e+00  5.700000e-01  1.000000e+00  1.000000e+00  0.000000e+00  0.000000e+00  0.000000e+00  5.700000e-01  1.000000e+00  1.000000e+00  0.000000e+00  0.000000e+00  0.000000e+00  5.700000e-01  1.000000e+00  1.000000e+00  0.000000e+00  0.000000e+00  0.000000e+00  5.700000e-01  1.000000e+00  1.000000e+00  0.000000e+00  0.000000e+00  0.000000e+00  5.700000e-01  
1.161641e+00  4.128391e+00  6.312366e-01  0.000000e+00  0.000000e+00  5.700000e-01  1.161641e+00  4.128391e+00  8.186709e-01  0.000000e+00  0.000000e+00  5.700000e-01  1.000000e+00  1.000000e+00  0.000000e+00  0.000000e+00  0.000000e+00  5.700000e-01  1.000000e+00  1.000000e+00  0.000000e+00  0.000000e+00  0.000000e+00  5.700000e-01  1.000000e+00  1.000000e+00  0.000000e+00  0.000000e+00  0.000000e+00  5.700000e-01  1.000000e+00  1.000000e+00  0.000000e+00  0.000000e+00  0.000000e+00  5.700000e-01  
4.150687e-01  1.533234e-01  9.015895e-01  0.000000e+00  0.000000e+00  5.700000e-01  4.150687e-01  1.533234e-01  9.707713e-01  0.000000e+00  0.000000e+00  5.700000e-01  1.000000e+00  1.000000e+00  0.000000e+00  0.000000e+00  0.000000e+00  5.700000e-01  1.000000e+00  1.000000e+00  0.000000e+00  0.000000e+00  0.000000e+00  5.700000e-01  1.000000e+00  1.000000e+00  0.000000e+00  0.000000e+00  0.000000e+00  5.700000e-01  1.000000e+00  1.000000e+00  0.000000e+00  0.000000e+00  0.000000e+00  5.700000e-01  
1.209523e+00  5.089162e+00  6.026656e-01  0.000000e+00  0.000000e+00  5.700000e-01  1.209523e+00  5.089162e+00  9.293690e-01  0.000000e+00  0.000000e+00  5.700000e-01  1.000000e+00  1.000000e+00  0.000000e+00  0.000000e+00  0.000000e+00  5.700000e-01  1.000000e+00  1.000000e+00  0.000000e+00  0.000000e+00  0.000000e+00  5.700000e-01  1.000000e+00  1.000000e+00  0.000000e+00  0.000000e+00  0.000000e+00  5.700000e-01  1.000000e+00  1.000000e+00  0.000000e+00  0.000000e+00  0.000000e+00  5.700000e-01  
9.634249e-01  2.532818e+00  6.382222e-01  0.000000e+00  0.000000e+00  5.700000e-01  9.634249e-01  2.532818e+00  9.056960e-01  0.000000e+00  0.000000e+00  5.700000e-01  1.000000e+00  1.000000e+00  0.000000e+00  0.000000e+00  0.000000e+00  5.700000e-01  1.000000e+00  1.000000e+00  0.000000e+00  0.000000e+00  0.000000e+00  5.700000e-01  1.000000e+00  1.000000e+00  0.000000e+00  0.000000e+00  0.000000e+00  5.700000e-01  1.000000e+00  1.000000e+00  0.000000e+00  0.000000e+00  0.000000e+00  5.700000e-01  
1.002669e+00  3.225029e+00  7.352030e-01  0.000000e+00  0.000000e+00  5.700000e-01  1.002669e+00  3.225029e+00  4.128478e-01  0.000000e+00  0.000000e+00  5.700000e-01  1.000000e+00  1.000000e+00  0.000000e+00  0.000000e+00  0.000000e+00  5.700000e-01  1.000000e+00  1.000000e+00  0.000000e+00  0.000000e+00  0.000000e+00  5.700000e-01  1.000000e+00  1.000000e+00  0.000000e+00  0.000000e+00  0.000000e+00  5.700000e-01  1.000000e+00  1.000000e+00  0.000000e+00  0.000000e+00  0.000000e+00  5.700000e-01  
1.279067e+00  5.395607e+00  7.052720e-01  0.000000e+00  0.000000e+00  5.700000e-01  1.279067e+00  5.395607e+00  5.772364e-01  0.000000e+00  0.000000e+00  5.700000e-01  1.000000e+00  1.000000e+00  0.000000e+00  0.000000e+00  0.000000e+00  5.700000e-01  1.000000e+00  1.000000e+00  0.000000e+00  0.000000e+00  0.000000e+00  5.700000e-01  1.000000e+00  1.000000e+00  0.000000e+00  0.000000e+00  0.000000e+00  5.700000e-01  1.000000e+00  1.000000e+00  0.000000e+00  0.000000e+00  0.000000e+00  5.700000e-01  
8.432853e-01  2.101229e+00  6.676190e-01  0.000000e+00  0.000000e+00  5.700000e-01  8.432853e-01  2.101229e+00  -2.191481e-01  0.000000e+00  0.000000e+00  5.700000e-01  1.000000e+00  1.000000e+00  0.000000e+00  0.000000e+00  0.000000e+00  5.700000e-01  1.000000e+00  1.000000e+00  0.000000e+00  0.000000e+00  0.000000e+00  5.700000e-01  1.000000e+00  1.000000e+00  0.000000e+00  0.000000e+00  0.000000e+00  5.700000e-01  1.000000e+00  1.000000e+00  0.000000e+00  0.000000e+00  0.000000e+00  5.700000e-01  
4.901668e-01  9.749886e-01  5.553295e-01  0.000000e+00  0.000000e+00  5.700000e-01  4.901668e-01  9.749886e-01  4.965999e-01  0.000000e+00  0.000000e+00  5.700000e-01  1.000000e+00  1.000000e+00  0.000000e+00  0.000000e+00  0.000000e+00  5.700000e-01  1.000000e+00  1.000000e+00  0.000000e+00  0.000000e+00  0.000000e+00  5.700000e-01  1.000000e+00  1.000000e+00  0.000000e+00  0.000000e+00  0.000000e+00  5.700000e-01  1.000000e+00  1.000000e+00  0.000000e+00  0.000000e+00  0.000000e+00  5.700000e-01  
9.029205e-01  2.825622e+00  6.529676e-01  0.000000e+00  0.000000e+00  5.700000e-01  9.029205e-01  2.825622e+00  8.404937e-01  0.000000e+00  0.000000e+00  5.700000e-01  1.000000e+00  1.000000e+00  0.000000e+00  0.000000e+00  0.000000e+00  5.700000e-01  1.000000e+00  1.000000e+00  0.000000e+00  0.000000e+00  0.000000e+00  5.700000e-01  1.000000e+00  1.000000e+00  0.000000e+00  0.000000e+00  0.000000e+00  5.700000e-01  1.000000e+00  1.000000e+00  0.000000e+00  0.000000e+00  0.000000e+00  5.700000e-01  
1.093735e+00  3.421146e+00  5.862255e-01  0.000000e+00  0.000000e+00  5.700000e-01  1.093735e+00  3.421146e+00  7.885695e-01  0.000000e+00  0.000000e+00  5.700000e-01  1.000000e+00  1.000000e+00  0.000000e+00  0.000000e+00  0.000000e+00  5.700000e-01  1.000000e+00  1.000000e+00  0.000000e+00  0.000000e+00  0.000000e+00  5.700000e-01  1.000000e+00  1.000000e+00  0.000000e+00  0.000000e+00  0.000000e+00  5.700000e-01  1.000000e+00  1.000000e+00  0.000000e+00  0.000000e+00  0.000000e+00  5.700000e-01  
7.136073e-01  9.436222e-01  8.758034e-01  0.000000e+00  0.000000e+00  5.700000e-01  7.136073e-01  9.436222e-01  9.909786e-01  0.000000e+00  0.000000e+00  5.700000e-01  1.000000e+00  1.000000e+00  0.000000e+00  0.000000e+00  0.000000e+00  5.700000e-01  1.000000e+00  1.000000e+00  0.000000e+00  0.000000e+00  0.000000e+00  5.700000e-01  1.000000e+00  1.000000e+00  0.000000e+00  0.000000e+00  0.000000e+00  5.700000e-01  1.000000e+00  1.000000e+00  0.000000e+00  0.000000e+00  0.000000e+00  5.700000e-01  
9.644589e-01  2.736967e+00  5.765371e-01  0.000000e+00  0.000000e+00  5.700000e-01  9.644589e-01  2.736967e+00  9.433078e-01  0.000000e+00  0.000000e+00  5.700000e-01  1.000000e+00  1.000000e+00  0.000000e+00  0.000000e+00  0.000000e+00  5.700000e-01  1.000000e+00  1.000000e+00  0.000000e+00  0.000000e+00  0.000000e+00  5.700000e-01  1.000000e+00  1.000000e+00  0.000000e+00  0.000000e+00  0.000000e+00  5.700000e-01  1.000000e+00  1.000000e+00  0.000000e+00  0.000000e+00  0.000000e+00  5.700000e-01  
8.034993e-01  2.063541e+00  5.603004e-01  0.000000e+00  0.000000e+00  5.700000e-01  8.034993e-01  2.063541e+00  7.834263e-01  0.000000e+00  0.000000e+00  5.700000e-01  1.000000e+00  1.000000e+00  0.000000e+00  0.000000e+00  0.000000e+00  5.700000e-01  1.000000e+00  1.000000e+00  0.000000e+00  0.000000e+00  0.000000e+00  5.700000e-01  1.000000e+00  1.000000e+00  0.000000e+00  0.000000e+00  0.000000e+00  5.700000e-01  1.000000e+00  1.000000e+00  0.000000e+00  0.000000e+00  0.000000e+00  5.700000e-01  
6.891429e-01  1.499968e+00  5.334522e-01  0.000000e+00  0.000000e+00  5.700000e-01  6.891429e-01  1.499968e+00  8.056976e-01  0.000000e+00  0.000000e+00  5.700000e-01  1.000000e+00  1.000000e+00  0.000000e+00  0.000000e+00  0.000000e+00  5.700000e-01  1.000000e+00  1.000000e+00  0.000000e+00  0.000000e+00  0.000000e+00  5.700000e-01  1.000000e+00  1.000000e+00  0.000000e+00  0.000000e+00  0.000000e+00  5.700000e-01  1.000000e+00  1.000000e+00  0.000000e+00  0.000000e+00  0.000000e+00  5.700000e-01  
1.058244e+00  2.574671e+00  7.594103e-01  0.000000e+00  0.000000e+00  5.700000e-01  1.058244e+00  2.574671e+00  8.902727e-01  0.000000e+00  0.000000e+00  5.700000e-01  1.000000e+00  1.000000e+00  0.000000e+00  0.000000e+00  0.000000e+00  5.700000e-01  1.000000e+00  1.000000e+00  0.000000e+00  0.000000e+00  0.000000e+00  5.700000e-01  1.000000e+00  1.000000e+00  0.000000e+00  0.000000e+00  0.000000e+00  5.700000e-01  1.000000e+00  1.000000e+00  0.000000e+00  0.000000e+00  0.000000e+00  5.700000e-01  
1.183326e+00  4.239725e+00  6.575611e-01  0.000000e+00  0.000000e+00  5.700000e-01  1.183326e+00  4.239725e+00  8.500984e-01  0.000000e+00  0.000000e+00  5.700000e-01  1.000000e+00  1.000000e+00  0.000000e+00  0.000000e+00  0.000000e+00  5.700000e-01  1.000000e+00  1.000000e+00  0.000000e+00  0.000000e+00  0.000000e+00  5.700000e-01  1.000000e+00  1.000000e+00  0.000000e+00  0.000000e+00  0.000000e+00  5.700000e-01  1.000000e+00  1.000000e+00  0.000000e+00  0.000000e+00  0.000000e+00  5.700000e-01  
6.167002e-01  2.223639e+00  5.865313e-01  0.000000e+00  0.000000e+00  5.700000e-01  6.167002e-01  2.223639e+00  4.672988e-01  0.000000e+00  0.000000e+00  5.700000e-01  1.000000e+00  1.000000e+00  0.000000e+00  0.000000e+00  0.000000e+00  5.700000e-01  1.000000e+00  1.000000e+00  0.000000e+00  0.000000e+00  0.000000e+00  5.700000e-01  1.000000e+00  1.000000e+00  0.000000e+00  0.000000e+00  0.000000e+00  5.700000e-01  1.000000e+00  1.000000e+00  0.000000e+00  0.000000e+00  0.000000e+00  5.700000e-01  
1.027934e+00  4.332771e+00  5.276251e-01  0.000000e+00  0.000000e+00  5.700000e-01  1.027934e+00  4.332771e+00  7.724108e-01  0.000000e+00  0.000000e+00  5.700000e-01  1.000000e+00  1.000000e+00  0.000000e+00  0.000000e+00  0.000000e+00  5.700000e-01  1.000000e+00  1.000000e+00  0.000000e+00  0.000000e+00  0.000000e+00  5.700000e-01  1.000000e+00  1.000000e+00  0.000000e+00  0.000000e+00  0.000000e+00  5.700000e-01  1.000000e+00  1.000000e+00  0.000000e+00  0.000000e+00  0.000000e+00  5.700000e-01  
6.945319e-01  1.671856e+00  6.416718e-01  0.000000e+00  0.000000e+00  5.700000e-01  6.945319e-01  1.671856e+00  6.157367e-01  0.000000e+00  0.000000e+00  5.700000e-01  1.000000e+00  1.000000e+00  0.000000e+00  0.000000e+00  0.000000e+00  5.700000e-01  1.000000e+00  1.000000e+00  0.000000e+00  0.000000e+00  0.000000e+00  5.700000e-01  1.000000e+00  1.000000e+00  0.000000e+00  0.000000e+00  0.000000e+00  5.700000e-01  1.000000e+00  1.000000e+00  0.000000e+00  0.000000e+00  0.000000e+00  5.700000e-01  
1.119796e+00  4.345759e+00  7.110072e-01  0.000000e+00  0.000000e+00  5.700000e-01  1.119796e+00  4.345759e+00  5.939794e-01  0.000000e+00  0.000000e+00  5.700000e-01  1.000000e+00  1.000000e+00  0.000000e+00  0.000000e+00  0.000000e+00  5.700000e-01  1.000000e+00  1.000000e+00  0.000000e+00  0.000000e+00  0.000000e+00  5.700000e-01  1.000000e+00  1.000000e+00  0.000000e+00  0.000000e+00  0.000000e+00  5.700000e-01  1.000000e+00  1.000000e+00  0.000000e+00  0.000000e+00  0.000000e+00  5.700000e-01  
9.118426e-01  3.356517e+00  5.487374e-01  0.000000e+00  0.000000e+00  5.700000e-01  9.118426e-01  3.356517e+00  7.142060e-01  0.000000e+00  0.000000e+00  5.700000e-01  1.000000e+00  1.000000e+00  0.000000e+00  0.000000e+00  0.000000e+00  5.700000e-01  1.000000e+00  1.000000e+00  0.000000e+00  0.000000e+00  0.000000e+00  5.700000e-01  1.000000e+00  1.000000e+00  0.000000e+00  0.000000e+00  0.000000e+00  5.700000e-01  1.000000e+00  1.000000e+00  0.000000e+00  0.000000e+00  0.000000e+00  5.700000e-01  
5.957027e-01  1.907870e+00  5.633935e-01  0.000000e+00  0.000000e+00  5.700000e-01  5.957027e-01  1.907870e+00  7.674233e-01  0.000000e+00  0.000000e+00  5.700000e-01  1.000000e+00  1.000000e+00  0.000000e+00  0.000000e+00  0.000000e+00  5.700000e-01  1.000000e+00  1.000000e+00  0.000000e+00  0.000000e+00  0.000000e+00  5.700000e-01  1.000000e+00  1.000000e+00  0.000000e+00  0.000000e+00  0.000000e+00  5.700000e-01  1.000000e+00  1.000000e+00  0.000000e+00  0.000000e+00  0.000000e+00  5.700000e-01  
7.364400e-01  1.865419e+00  5.550523e-01  0.000000e+00  0.000000e+00  5.700000e-01  7.364400e-01  1.865419e+00  7.548391e-01  0.000000e+00  0.000000e+00  5.700000e-01  1.000000e+00  1.000000e+00  0.000000e+00  0.000000e+00  0.000000e+00  5.700000e-01  1.000000e+00  1.000000e+00  0.000000e+00  0.000000e+00  0.000000e+00  5.700000e-01  1.000000e+00  1.000000e+00  0.000000e+00  0.000000e+00  0.000000e+00  5.700000e-01  1.000000e+00  1.000000e+00  0.000000e+00  0.000000e+00  0.000000e+00  5.700000e-01  
5.247761e-01  1.774724e+00  5.122526e-01  0.000000e+00  0.000000e+00  5.700000e-01  5.247761e-01  1.774724e+00  8.350602e-01  0.000000e+00  0.000000e+00  5.700000e-01  1.000000e+00  1.000000e+00  0.000000e+00  0.000000e+00  0.000000e+00  5.700000e-01  1.000000e+00  1.000000e+00  0.000000e+00  0.000000e+00  0.000000e+00  5.700000e-01  1.000000e+00  1.000000e+00  0.000000e+00  0.000000e+00  0.000000e+00  5.700000e-01  1.000000e+00  1.000000e+00  0.000000e+00  0.000000e+00  0.000000e+00  5.700000e-01  
1.153008e+00  3.442232e+00  6.512762e-01  0.000000e+00  0.000000e+00  5.700000e-01  1.153008e+00  3.442232e+00  5.468253e-01  0.000000e+00  0.000000e+00  5.700000e-01  1.000000e+00  1.000000e+00  0.000000e+00  0.000000e+00  0.000000e+00  5.700000e-01  1.000000e+00  1.000000e+00  0.000000e+00  0.000000e+00  0.000000e+00  5.700000e-01  1.000000e+00  1.000000e+00  0.000000e+00  0.000000e+00  0.000000e+00  5.700000e-01  1.000000e+00  1.000000e+00  0.000000e+00  0.000000e+00  0.000000e+00  5.700000e-01  
6.270140e-01  1.630449e+00  5.975979e-01  0.000000e+00  0.000000e+00  5.700000e-01  6.270140e-01  1.630449e+00  -2.420157e-02  0.000000e+00  0.000000e+00  5.700000e-01  1.000000e+00  1.000000e+00  0.000000e+00  0.000000e+00  0.000000e+00  5.700000e-01  1.000000e+00  1.000000e+00  0.000000e+00  0.000000e+00  0.000000e+00  5.700000e-01  1.000000e+00  1.000000e+00  0.000000e+00  0.000000e+00  0.000000e+00  5.700000e-01  1.000000e+00  1.000000e+00  0.000000e+00  0.000000e+00  0.000000e+00  5.700000e-01  
1.547299e+00  5.443516e+00  7.288719e-01  0.000000e+00  0.000000e+00  5.700000e-01  1.547299e+00  5.443516e+00  8.243476e-01  0.000000e+00  0.000000e+00  5.700000e-01  1.000000e+00  1.000000e+00  0.000000e+00  0.000000e+00  0.000000e+00  5.700000e-01  1.000000e+00  1.000000e+00  0.000000e+00  0.000000e+00  0.000000e+00  5.700000e-01  1.000000e+00  1.000000e+00  0.000000e+00  0.000000e+00  0.000000e+00  5.700000e-01  1.000000e+00  1.000000e+00  0.000000e+00  0.000000e+00  0.000000e+00  5.700000e-01  
1.071432e+00  3.139014e+00  6.568019e-01  0.000000e+00  0.000000e+00  5.700000e-01  1.071432e+00  3.139014e+00  6.332823e-01  0.000000e+00  0.000000e+00  5.700000e-01  1.000000e+00  1.000000e+00  0.000000e+00  0.000000e+00  0.000000e+00  5.700000e-01  1.000000e+00  1.000000e+00  0.000000e+00  0.000000e+00  0.000000e+00  5.700000e-01  1.000000e+00  1.000000e+00  0.000000e+00  0.000000e+00  0.000000e+00  5.700000e-01  1.000000e+00  1.000000e+00  0.000000e+00  0.000000e+00  0.000000e+00  5.700000e-01  
1.070712e+00  2.603954e+00  7.180229e-01  0.000000e+00  0.000000e+00  5.700000e-01  1.070712e+00  2.603954e+00  4.438123e-01  0.000000e+00  0.000000e+00  5.700000e-01  1.000000e+00  1.000000e+00  0.000000e+00  0.000000e+00  0.000000e+00  5.700000e-01  1.000000e+00  1.000000e+00  0.000000e+00  0.000000e+00  0.000000e+00  5.700000e-01  1.000000e+00  1.000000e+00  0.000000e+00  0.000000e+00  0.000000e+00  5.700000e-01  1.000000e+00  1.000000e+00  0.000000e+00  0.000000e+00  0.000000e+00  5.700000e-01  
9.714499e-01  3.418987e+00  6.291198e-01  0.000000e+00  0.000000e+00  5.700000e-01  9.714499e-01  3.418987e+00  9.096883e-01  0.000000e+00  0.000000e+00  5.700000e-01  1.000000e+00  1.000000e+00  0.000000e+00  0.000000e+00  0.000000e+00  5.700000e-01  1.000000e+00  1.000000e+00  0.000000e+00  0.000000e+00  0.000000e+00  5.700000e-01  1.000000e+00  1.000000e+00  0.000000e+00  0.000000e+00  0.000000e+00  5.700000e-01  1.000000e+00  1.000000e+00  0.000000e+00  0.000000e+00  0.000000e+00  5.700000e-01  
1.293286e+00  5.020479e+00  5.801199e-01  0.000000e+00  0.000000e+00  5.700000e-01  1.293286e+00  5.020479e+00  5.424809e-01  0.000000e+00  0.000000e+00  5.700000e-01  1.000000e+00  1.000000e+00  0.000000e+00  0.000000e+00  0.000000e+00  5.700000e-01  1.000000e+00  1.000000e+00  0.000000e+00  0.000000e+00  0.000000e+00  5.700000e-01  1.000000e+00  1.000000e+00  0.000000e+00  0.000000e+00  0.000000e+00  5.700000e-01  1.000000e+00  1.000000e+00  0.000000e+00  0.000000e+00  0.000000e+00  5.700000e-01  
1.030063e+00  3.241497e+00  6.506595e-01  0.000000e+00  0.000000e+00  5.700000e-01  1.030063e+00  3.241497e+00  8.000712e-01  0.000000e+00  0.000000e+00  5.700000e-01  1.000000e+00  1.000000e+00  0.000000e+00  0.000000e+00  0.000000e+00  5.700000e-01  1.000000e+00  1.000000e+00  0.000000e+00  0.000000e+00  0.000000e+00  5.700000e-01  1.000000e+00  1.000000e+00  0.000000e+00  0.000000e+00  0.000000e+00  5.700000e-01  1.000000e+00  1.000000e+00  0.000000e+00  0.000000e+00  0.000000e+00  5.700000e-01  
4.331025e-01  3.087533e-01  7.465228e-01  0.000000e+00  0.000000e+00  5.700000e-01  4.331025e-01  3.087533e-01  6.156908e-01  0.000000e+00  0.000000e+00  5.700000e-01  1.000000e+00  1.000000e+00  0.000000e+00  0.000000e+00  0.000000e+00  5.700000e-01  1.000000e+00  1.000000e+00  0.000000e+00  0.000000e+00  0.000000e+00  5.700000e-01  1.000000e+00  1.000000e+00  0.000000e+00  0.000000e+00  0.000000e+00  5.700000e-01  1.000000e+00  1.000000e+00  0.000000e+00  0.000000e+00  0.000000e+00  5.700000e-01  
3.987494e-01  2.821435e-01  7.847174e-01  0.000000e+00  0.000000e+00  5.700000e-01  3.987494e-01  2.821435e-01  8.562809e-01  0.000000e+00  0.000000e+00  5.700000e-01  1.000000e+00  1.000000e+00  0.000000e+00  0.000000e+00  0.000000e+00  5.700000e-01  1.000000e+00  1.000000e+00  0.000000e+00  0.000000e+00  0.000000e+00  5.700000e-01  1.000000e+00  1.000000e+00  0.000000e+00  0.000000e+00  0.000000e+00  5.700000e-01  1.000000e+00  1.000000e+00  0.000000e+00  0.000000e+00  0.000000e+00  5.700000e-01  
6.177766e-01  1.259006e+00  5.672714e-01  0.000000e+00  0.000000e+00  5.700000e-01  6.177766e-01  1.259006e+00  8.132098e-01  0.000000e+00  0.000000e+00  5.700000e-01  1.000000e+00  1.000000e+00  0.000000e+00  0.000000e+00  0.000000e+00  5.700000e-01  1.000000e+00  1.000000e+00  0.000000e+00  0.000000e+00  0.000000e+00  5.700000e-01  1.000000e+00  1.000000e+00  0.000000e+00  0.000000e+00  0.000000e+00  5.700000e-01  1.000000e+00  1.000000e+00  0.000000e+00  0.000000e+00  0.000000e+00  5.700000e-01  
1.236959e+00  3.140248e+00  6.719537e-01  0.000000e+00  0.000000e+00  5.700000e-01  1.236959e+00  3.140248e+00  8.076917e-01  0.000000e+00  0.000000e+00  5.700000e-01  1.000000e+00  1.000000e+00  0.000000e+00  0.000000e+00  0.000000e+00  5.700000e-01  1.000000e+00  1.000000e+00  0.000000e+00  0.000000e+00  0.000000e+00  5.700000e-01  1.000000e+00  1.000000e+00  0.000000e+00  0.000000e+00  0.000000e+00  5.700000e-01  1.000000e+00  1.000000e+00  0.000000e+00  0.000000e+00  0.000000e+00  5.700000e-01  
1.331365e+00  5.095986e+00  6.725503e-01  0.000000e+00  0.000000e+00  5.700000e-01  1.331365e+00  5.095986e+00  5.681196e-01  0.000000e+00  0.000000e+00  5.700000e-01  1.000000e+00  1.000000e+00  0.000000e+00  0.000000e+00  0.000000e+00  5.700000e-01  1.000000e+00  1.000000e+00  0.000000e+00  0.000000e+00  0.000000e+00  5.700000e-01  1.000000e+00  1.000000e+00  0.000000e+00  0.000000e+00  0.000000e+00  5.700000e-01  1.000000e+00  1.000000e+00  0.000000e+00  0.000000e+00  0.000000e+00  5.700000e-01  
4.908648e-01  1.377388e+00  6.111330e-01  0.000000e+00  0.000000e+00  5.700000e-01  4.908648e-01  1.377388e+00  8.369192e-01  0.000000e+00  0.000000e+00  5.700000e-01  1.000000e+00  1.000000e+00  0.000000e+00  0.000000e+00  0.000000e+00  5.700000e-01  1.000000e+00  1.000000e+00  0.000000e+00  0.000000e+00  0.000000e+00  5.700000e-01  1.000000e+00  1.000000e+00  0.000000e+00  0.000000e+00  0.000000e+00  5.700000e-01  1.000000e+00  1.000000e+00  0.000000e+00  0.000000e+00  0.000000e+00  5.700000e-01  
1.016675e+00  3.564240e+00  5.788939e-01  0.000000e+00  0.000000e+00  5.700000e-01  1.016675e+00  3.564240e+00  9.497820e-01  0.000000e+00  0.000000e+00  5.700000e-01  1.000000e+00  1.000000e+00  0.000000e+00  0.000000e+00  0.000000e+00  5.700000e-01  1.000000e+00  1.000000e+00  0.000000e+00  0.000000e+00  0.000000e+00  5.700000e-01  1.000000e+00  1.000000e+00  0.000000e+00  0.000000e+00  0.000000e+00  5.700000e-01  1.000000e+00  1.000000e+00  0.000000e+00  0.000000e+00  0.000000e+00  5.700000e-01  
8.018684e-01  2.966370e+00  5.506403e-01  0.000000e+00  0.000000e+00  5.700000e-01  8.018684e-01  2.966370e+00  3.435445e-01  0.000000e+00  0.000000e+00  5.700000e-01  1.000000e+00  1.000000e+00  0.000000e+00  0.000000e+00  0.000000e+00  5.700000e-01  1.000000e+00  1.000000e+00  0.000000e+00  0.000000e+00  0.000000e+00  5.700000e-01  1.000000e+00  1.000000e+00  0.000000e+00  0.000000e+00  0.000000e+00  5.700000e-01  1.000000e+00  1.000000e+00  0.000000e+00  0.000000e+00  0.000000e+00  5.700000e-01  
4.215332e-01  7.768608e-01  5.437061e-01  0.000000e+00  0.000000e+00  5.700000e-01  4.215332e-01  7.768608e-01  7.575963e-01  0.000000e+00  0.000000e+00  5.700000e-01  1.000000e+00  1.000000e+00  0.000000e+00  0.000000e+00  0.000000e+00  5.700000e-01  1.000000e+00  1.000000e+00  0.000000e+00  0.000000e+00  0.000000e+00  5.700000e-01  1.000000e+00  1.000000e+00  0.000000e+00  0.000000e+00  0.000000e+00  5.700000e-01  1.000000e+00  1.000000e+00  0.000000e+00  0.000000e+00  0.000000e+00  5.700000e-01  
7.022934e-01  2.160653e+00  6.812437e-01  0.000000e+00  0.000000e+00  5.700000e-01  7.022934e-01  2.160653e+00  2.623227e-01  0.000000e+00  0.000000e+00  5.700000e-01  1.000000e+00  1.000000e+00  0.000000e+00  0.000000e+00  0.000000e+00  5.700000e-01  1.000000e+00  1.000000e+00  0.000000e+00  0.000000e+00  0.000000e+00  5.700000e-01  1.000000e+00  1.000000e+00  0.000000e+00  0.000000e+00  0.000000e+00  5.700000e-01  1.000000e+00  1.000000e+00  0.000000e+00  0.000000e+00  0.000000e+00  5.700000e-01  
3.405659e-01  8.418608e-01  4.516976e-01  0.000000e+00  0.000000e+00  5.700000e-01  3.405659e-01  8.418608e-01  5.712069e-01  0.000000e+00  0.000000e+00  5.700000e-01  1.000000e+00  1.000000e+00  0.000000e+00  0.000000e+00  0.000000e+00  5.700000e-01  1.000000e+00  1.000000e+00  0.000000e+00  0.000000e+00  0.000000e+00  5.700000e-01  1.000000e+00  1.000000e+00  0.000000e+00  0.000000e+00  0.000000e+00  5.700000e-01  1.000000e+00  1.000000e+00  0.000000e+00  0.000000e+00  0.000000e+00  5.700000e-01  
8.242016e-01  3.207469e+00  6.152626e-01  0.000000e+00  0.000000e+00  5.700000e-01  8.242016e-01  3.207469e+00  7.302126e-01  0.000000e+00  0.000000e+00  5.700000e-01  1.000000e+00  1.000000e+00  0.000000e+00  0.000000e+00  0.000000e+00  5.700000e-01  1.000000e+00  1.000000e+00  0.000000e+00  0.000000e+00  0.000000e+00  5.700000e-01  1.000000e+00  1.000000e+00  0.000000e+00  0.000000e+00  0.000000e+00  5.700000e-01  1.000000e+00  1.000000e+00  0.000000e+00  0.000000e+00  0.000000e+00  5.700000e-01  
6.410857e-01  7.061158e-01  7.030608e-01  0.000000e+00  0.000000e+00  5.700000e-01  6.410857e-01  7.061158e-01  9.549027e-01  0.000000e+00  0.000000e+00  5.700000e-01  1.000000e+00  1.000000e+00  0.000000e+00  0.000000e+00  0.000000e+00  5.700000e-01  1.000000e+00  1.000000e+00  0.000000e+00  0.000000e+00  0.000000e+00  5.700000e-01  1.000000e+00  1.000000e+00  0.000000e+00  0.000000e+00  0.000000e+00  5.700000e-01  1.000000e+00  1.000000e+00  0.000000e+00  0.000000e+00  0.000000e+00  5.700000e-01  
5.665551e-01  3.118922e-01  8.601515e-01  0.000000e+00  0.000000e+00  5.700000e-01  5.665551e-01  3.118922e-01  9.535198e-01  0.000000e+00  0.000000e+00  5.700000e-01  1.000000e+00  1.000000e+00  0.000000e+00  0.000000e+00  0.000000e+00  5.700000e-01  1.000000e+00  1.000000e+00  0.000000e+00  0.000000e+00  0.000000e+00  5.700000e-01  1.000000e+00  1.000000e+00  0.000000e+00  0.000000e+00  0.000000e+00  5.700000e-01  1.000000e+00  1.000000e+00  0.000000e+00  0.000000e+00  0.000000e+00  5.700000e-01  
5.218976e-01  1.388410e+00  4.869347e-01  0.000000e+00  0.000000e+00  5.700000e-01  5.218976e-01  1.388410e+00  9.694283e-01  0.000000e+00  0.000000e+00  5.700000e-01  1.000000e+00  1.000000e+00  0.000000e+00  0.000000e+00  0.000000e+00  5.700000e-01  1.000000e+00  1.000000e+00  0.000000e+00  0.000000e+00  0.000000e+00  5.700000e-01  1.000000e+00  1.000000e+00  0.000000e+00  0.000000e+00  0.000000e+00  5.700000e-01  1.000000e+00  1.000000e+00  0.000000e+00  0.000000e+00  0.000000e+00  5.700000e-01  
6.441392e-01  1.517096e+00  5.862096e-01  0.000000e+00  0.000000e+00  5.700000e-01  6.441392e-01  1.517096e+00  9.381716e-01  0.000000e+00  0.000000e+00  5.700000e-01  1.000000e+00  1.000000e+00  0.000000e+00  0.000000e+00  0.000000e+00  5.700000e-01  1.000000e+00  1.000000e+00  0.000000e+00  0.000000e+00  0.000000e+00  5.700000e-01  1.000000e+00  1.000000e+00  0.000000e+00  0.000000e+00  0.000000e+00  5.700000e-01  1.000000e+00  1.000000e+00  0.000000e+00  0.000000e+00  0.000000e+00  5.700000e-01  
7.284657e-01  1.898320e+00  5.771863e-01  0.000000e+00  0.000000e+00  5.700000e-01  7.284657e-01  1.898320e+00  9.783268e-01  0.000000e+00  0.000000e+00  5.700000e-01  1.000000e+00  1.000000e+00  0.000000e+00  0.000000e+00  0.000000e+00  5.700000e-01  1.000000e+00  1.000000e+00  0.000000e+00  0.000000e+00  0.000000e+00  5.700000e-01  1.000000e+00  1.000000e+00  0.000000e+00  0.000000e+00  0.000000e+00  5.700000e-01  1.000000e+00  1.000000e+00  0.000000e+00  0.000000e+00  0.000000e+00  5.700000e-01  
7.291994e-01  1.941664e+00  5.935713e-01  0.000000e+00  0.000000e+00  5.700000e-01  7.291994e-01  1.941664e+00  9.971920e-01  0.000000e+00  0.000000e+00  5.700000e-01  1.000000e+00  1.000000e+00  0.000000e+00  0.000000e+00  0.000000e+00  5.700000e-01  1.000000e+00  1.000000e+00  0.000000e+00  0.000000e+00  0.000000e+00  5.700000e-01  1.000000e+00  1.000000e+00  0.000000e+00  0.000000e+00  0.000000e+00  5.700000e-01  1.000000e+00  1.000000e+00  0.000000e+00  0.000000e+00  0.000000e+00  5.700000e-01  
6.761364e-01  1.924020e+00  5.820760e-01  0.000000e+00  0.000000e+00  5.700000e-01  6.761364e-01  1.924020e+00  9.619208e-01  0.000000e+00  0.000000e+00  5.700000e-01  1.000000e+00  1.000000e+00  0.000000e+00  0.000000e+00  0.000000e+00  5.700000e-01  1.000000e+00  1.000000e+00  0.000000e+00  0.000000e+00  0.000000e+00  5.700000e-01  1.000000e+00  1.000000e+00  0.000000e+00  0.000000e+00  0.000000e+00  5.700000e-01  1.000000e+00  1.000000e+00  0.000000e+00  0.000000e+00  0.000000e+00  5.700000e-01  
7.042766e-01  1.840286e+00  5.781766e-01  0.000000e+00  0.000000e+00  5.700000e-01  7.042766e-01  1.840286e+00  9.616225e-01  0.000000e+00  0.000000e+00  5.700000e-01  1.000000e+00  1.000000e+00  0.000000e+00  0.000000e+00  0.000000e+00  5.700000e-01  1.000000e+00  1.000000e+00  0.000000e+00  0.000000e+00  0.000000e+00  5.700000e-01  1.000000e+00  1.000000e+00  0.000000e+00  0.000000e+00  0.000000e+00  5.700000e-01  1.000000e+00  1.000000e+00  0.000000e+00  0.000000e+00  0.000000e+00  5.700000e-01  
6.393006e-01  1.550869e+00  5.985629e-01  0.000000e+00  0.000000e+00  5.700000e-01  6.393006e-01  1.550869e+00  9.456039e-01  0.000000e+00  0.000000e+00  5.700000e-01  1.000000e+00  1.000000e+00  0.000000e+00  0.000000e+00  0.000000e+00  5.700000e-01  1.000000e+00  1.000000e+00  0.000000e+00  0.000000e+00  0.000000e+00  5.700000e-01  1.000000e+00  1.000000e+00  0.000000e+00  0.000000e+00  0.000000e+00  5.700000e-01  1.000000e+00  1.000000e+00  0.000000e+00  0.000000e+00  0.000000e+00  5.700000e-01  
6.942313e-01  1.725236e+00  5.797793e-01  0.000000e+00  0.000000e+00  5.700000e-01  6.942313e-01  1.725236e+00  9.562804e-01  0.000000e+00  0.000000e+00  5.700000e-01  1.000000e+00  1.000000e+00  0.000000e+00  0.000000e+00  0.000000e+00  5.700000e-01  1.000000e+00  1.000000e+00  0.000000e+00  0.000000e+00  0.000000e+00  5.700000e-01  1.000000e+00  1.000000e+00  0.000000e+00  0.000000e+00  0.000000e+00  5.700000e-01  1.000000e+00  1.000000e+00  0.000000e+00  0.000000e+00  0.000000e+00  5.700000e-01  
6.752553e-01  1.579416e+00  5.945636e-01  0.000000e+00  0.000000e+00  5.700000e-01  6.752553e-01  1.579416e+00  9.991561e-01  0.000000e+00  0.000000e+00  5.700000e-01  1.000000e+00  1.000000e+00  0.000000e+00  0.000000e+00  0.000000e+00  5.700000e-01  1.000000e+00  1.000000e+00  0.000000e+00  0.000000e+00  0.000000e+00  5.700000e-01  1.000000e+00  1.000000e+00  0.000000e+00  0.000000e+00  0.000000e+00  5.700000e-01  1.000000e+00  1.000000e+00  0.000000e+00  0.000000e+00  0.000000e+00  5.700000e-01  
6.772008e-01  1.826063e+00  5.742565e-01  0.000000e+00  0.000000e+00  5.700000e-01  6.772008e-01  1.826063e+00  9.845536e-01  0.000000e+00  0.000000e+00  5.700000e-01  1.000000e+00  1.000000e+00  0.000000e+00  0.000000e+00  0.000000e+00  5.700000e-01  1.000000e+00  1.000000e+00  0.000000e+00  0.000000e+00  0.000000e+00  5.700000e-01  1.000000e+00  1.000000e+00  0.000000e+00  0.000000e+00  0.000000e+00  5.700000e-01  1.000000e+00  1.000000e+00  0.000000e+00  0.000000e+00  0.000000e+00  5.700000e-01  
7.273358e-01  2.012714e+00  5.552445e-01  0.000000e+00  0.000000e+00  5.700000e-01  7.273358e-01  2.012714e+00  9.795797e-01  0.000000e+00  0.000000e+00  5.700000e-01  1.000000e+00  1.000000e+00  0.000000e+00  0.000000e+00  0.000000e+00  5.700000e-01  1.000000e+00  1.000000e+00  0.000000e+00  0.000000e+00  0.000000e+00  5.700000e-01  1.000000e+00  1.000000e+00  0.000000e+00  0.000000e+00  0.000000e+00  5.700000e-01  1.000000e+00  1.000000e+00  0.000000e+00  0.000000e+00  0.000000e+00  5.700000e-01  
7.206493e-01  1.607289e+00  5.899332e-01  0.000000e+00  0.000000e+00  5.700000e-01  7.206493e-01  1.607289e+00  9.837471e-01  0.000000e+00  0.000000e+00  5.700000e-01  1.000000e+00  1.000000e+00  0.000000e+00  0.000000e+00  0.000000e+00  5.700000e-01  1.000000e+00  1.000000e+00  0.000000e+00  0.000000e+00  0.000000e+00  5.700000e-01  1.000000e+00  1.000000e+00  0.000000e+00  0.000000e+00  0.000000e+00  5.700000e-01  1.000000e+00  1.000000e+00  0.000000e+00  0.000000e+00  0.000000e+00  5.700000e-01  
7.223844e-01  1.840127e+00  5.489165e-01  0.000000e+00  0.000000e+00  5.700000e-01  7.223844e-01  1.840127e+00  9.740836e-01  0.000000e+00  0.000000e+00  5.700000e-01  1.000000e+00  1.000000e+00  0.000000e+00  0.000000e+00  0.000000e+00  5.700000e-01  1.000000e+00  1.000000e+00  0.000000e+00  0.000000e+00  0.000000e+00  5.700000e-01  1.000000e+00  1.000000e+00  0.000000e+00  0.000000e+00  0.000000e+00  5.700000e-01  1.000000e+00  1.000000e+00  0.000000e+00  0.000000e+00  0.000000e+00  5.700000e-01  
6.029271e-01  1.355958e+00  5.988716e-01  0.000000e+00  0.000000e+00  5.700000e-01  6.029271e-01  1.355958e+00  9.450387e-01  0.000000e+00  0.000000e+00  5.700000e-01  1.000000e+00  1.000000e+00  0.000000e+00  0.000000e+00  0.000000e+00  5.700000e-01  1.000000e+00  1.000000e+00  0.000000e+00  0.000000e+00  0.000000e+00  5.700000e-01  1.000000e+00  1.000000e+00  0.000000e+00  0.000000e+00  0.000000e+00  5.700000e-01  1.000000e+00  1.000000e+00  0.000000e+00  0.000000e+00  0.000000e+00  5.700000e-01  
6.413912e-01  1.183956e+00  6.334843e-01  0.000000e+00  0.000000e+00  5.700000e-01  6.413912e-01  1.183956e+00  9.834280e-01  0.000000e+00  0.000000e+00  5.700000e-01  1.000000e+00  1.000000e+00  0.000000e+00  0.000000e+00  0.000000e+00  5.700000e-01  1.000000e+00  1.000000e+00  0.000000e+00  0.000000e+00  0.000000e+00  5.700000e-01  1.000000e+00  1.000000e+00  0.000000e+00  0.000000e+00  0.000000e+00  5.700000e-01  1.000000e+00  1.000000e+00  0.000000e+00  0.000000e+00  0.000000e+00  5.700000e-01  
7.375894e-01  2.132011e+00  5.484934e-01  0.000000e+00  0.000000e+00  5.700000e-01  7.375894e-01  2.132011e+00  9.351326e-01  0.000000e+00  0.000000e+00  5.700000e-01  1.000000e+00  1.000000e+00  0.000000e+00  0.000000e+00  0.000000e+00  5.700000e-01  1.000000e+00  1.000000e+00  0.000000e+00  0.000000e+00  0.000000e+00  5.700000e-01  1.000000e+00  1.000000e+00  0.000000e+00  0.000000e+00  0.000000e+00  5.700000e-01  1.000000e+00  1.000000e+00  0.000000e+00  0.000000e+00  0.000000e+00  5.700000e-01  
7.999153e-01  2.411846e+00  5.760002e-01  0.000000e+00  0.000000e+00  5.700000e-01  7.999153e-01  2.411846e+00  9.740971e-01  0.000000e+00  0.000000e+00  5.700000e-01  1.000000e+00  1.000000e+00  0.000000e+00  0.000000e+00  0.000000e+00  5.700000e-01  1.000000e+00  1.000000e+00  0.000000e+00  0.000000e+00  0.000000e+00  5.700000e-01  1.000000e+00  1.000000e+00  0.000000e+00  0.000000e+00  0.000000e+00  5.700000e-01  1.000000e+00  1.000000e+00  0.000000e+00  0.000000e+00  0.000000e+00  5.700000e-01  
6.256031e-01  1.580743e+00  5.568339e-01  0.000000e+00  0.000000e+00  5.700000e-01  6.256031e-01  1.580743e+00  8.983944e-01  0.000000e+00  0.000000e+00  5.700000e-01  1.000000e+00  1.000000e+00  0.000000e+00  0.000000e+00  0.000000e+00  5.700000e-01  1.000000e+00  1.000000e+00  0.000000e+00  0.000000e+00  0.000000e+00  5.700000e-01  1.000000e+00  1.000000e+00  0.000000e+00  0.000000e+00  0.000000e+00  5.700000e-01  1.000000e+00  1.000000e+00  0.000000e+00  0.000000e+00  0.000000e+00  5.700000e-01  
6.648464e-01  1.967738e+00  5.530165e-01  0.000000e+00  0.000000e+00  5.700000e-01  6.648464e-01  1.967738e+00  8.893283e-01  0.000000e+00  0.000000e+00  5.700000e-01  1.000000e+00  1.000000e+00  0.000000e+00  0.000000e+00  0.000000e+00  5.700000e-01  1.000000e+00  1.000000e+00  0.000000e+00  0.000000e+00  0.000000e+00  5.700000e-01  1.000000e+00  1.000000e+00  0.000000e+00  0.000000e+00  0.000000e+00  5.700000e-01  1.000000e+00  1.000000e+00  0.000000e+00  0.000000e+00  0.000000e+00  5.700000e-01  
7.051336e-01  1.759265e+00  5.916888e-01  0.000000e+00  0.000000e+00  5.700000e-01  7.051336e-01  1.759265e+00  9.853554e-01  0.000000e+00  0.000000e+00  5.700000e-01  1.000000e+00  1.000000e+00  0.000000e+00  0.000000e+00  0.000000e+00  5.700000e-01  1.000000e+00  1.000000e+00  0.000000e+00  0.000000e+00  0.000000e+00  5.700000e-01  1.000000e+00  1.000000e+00  0.000000e+00  0.000000e+00  0.000000e+00  5.700000e-01  1.000000e+00  1.000000e+00  0.000000e+00  0.000000e+00  0.000000e+00  5.700000e-01  
6.750639e-01  1.900114e+00  5.936207e-01  0.000000e+00  0.000000e+00  5.700000e-01  6.750639e-01  1.900114e+00  8.931268e-01  0.000000e+00  0.000000e+00  5.700000e-01  1.000000e+00  1.000000e+00  0.000000e+00  0.000000e+00  0.000000e+00  5.700000e-01  1.000000e+00  1.000000e+00  0.000000e+00  0.000000e+00  0.000000e+00  5.700000e-01  1.000000e+00  1.000000e+00  0.000000e+00  0.000000e+00  0.000000e+00  5.700000e-01  1.000000e+00  1.000000e+00  0.000000e+00  0.000000e+00  0.000000e+00  5.700000e-01  
6.928665e-01  1.898108e+00  5.934308e-01  0.000000e+00  0.000000e+00  5.700000e-01  6.928665e-01  1.898108e+00  8.893313e-01  0.000000e+00  0.000000e+00  5.700000e-01  1.000000e+00  1.000000e+00  0.000000e+00  0.000000e+00  0.000000e+00  5.700000e-01  1.000000e+00  1.000000e+00  0.000000e+00  0.000000e+00  0.000000e+00  5.700000e-01  1.000000e+00  1.000000e+00  0.000000e+00  0.000000e+00  0.000000e+00  5.700000e-01  1.000000e+00  1.000000e+00  0.000000e+00  0.000000e+00  0.000000e+00  5.700000e-01  
6.467668e-01  1.727834e+00  5.549674e-01  0.000000e+00  0.000000e+00  5.700000e-01  6.467668e-01  1.727834e+00  9.270789e-01  0.000000e+00  0.000000e+00  5.700000e-01  1.000000e+00  1.000000e+00  0.000000e+00  0.000000e+00  0.000000e+00  5.700000e-01  1.000000e+00  1.000000e+00  0.000000e+00  0.000000e+00  0.000000e+00  5.700000e-01  1.000000e+00  1.000000e+00  0.000000e+00  0.000000e+00  0.000000e+00  5.700000e-01  1.000000e+00  1.000000e+00  0.000000e+00  0.000000e+00  0.000000e+00  5.700000e-01  
8.913531e-01  2.321989e+00  6.918983e-01  0.000000e+00  0.000000e+00  5.700000e-01  8.913531e-01  2.321989e+00  9.893078e-01  0.000000e+00  0.000000e+00  5.700000e-01  1.000000e+00  1.000000e+00  0.000000e+00  0.000000e+00  0.000000e+00  5.700000e-01  1.000000e+00  1.000000e+00  0.000000e+00  0.000000e+00  0.000000e+00  5.700000e-01  1.000000e+00  1.000000e+00  0.000000e+00  0.000000e+00  0.000000e+00  5.700000e-01  1.000000e+00  1.000000e+00  0.000000e+00  0.000000e+00  0.000000e+00  5.700000e-01  
5.682359e-01  1.374566e+00  5.604417e-01  0.000000e+00  0.000000e+00  5.700000e-01  5.682359e-01  1.374566e+00  8.032195e-01  0.000000e+00  0.000000e+00  5.700000e-01  1.000000e+00  1.000000e+00  0.000000e+00  0.000000e+00  0.000000e+00  5.700000e-01  1.000000e+00  1.000000e+00  0.000000e+00  0.000000e+00  0.000000e+00  5.700000e-01  1.000000e+00  1.000000e+00  0.000000e+00  0.000000e+00  0.000000e+00  5.700000e-01  1.000000e+00  1.000000e+00  0.000000e+00  0.000000e+00  0.000000e+00  5.700000e-01  
6.068465e-01  1.726940e+00  5.420736e-01  0.000000e+00  0.000000e+00  5.700000e-01  6.068465e-01  1.726940e+00  9.938247e-01  0.000000e+00  0.000000e+00  5.700000e-01  1.000000e+00  1.000000e+00  0.000000e+00  0.000000e+00  0.000000e+00  5.700000e-01  1.000000e+00  1.000000e+00  0.000000e+00  0.000000e+00  0.000000e+00  5.700000e-01  1.000000e+00  1.000000e+00  0.000000e+00  0.000000e+00  0.000000e+00  5.700000e-01  1.000000e+00  1.000000e+00  0.000000e+00  0.000000e+00  0.000000e+00  5.700000e-01  
7.612985e-01  1.982517e+00  5.729686e-01  0.000000e+00  0.000000e+00  5.700000e-01  7.612985e-01  1.982517e+00  8.886525e-01  0.000000e+00  0.000000e+00  5.700000e-01  1.000000e+00  1.000000e+00  0.000000e+00  0.000000e+00  0.000000e+00  5.700000e-01  1.000000e+00  1.000000e+00  0.000000e+00  0.000000e+00  0.000000e+00  5.700000e-01  1.000000e+00  1.000000e+00  0.000000e+00  0.000000e+00  0.000000e+00  5.700000e-01  1.000000e+00  1.000000e+00  0.000000e+00  0.000000e+00  0.000000e+00  5.700000e-01  
6.485733e-01  1.726688e+00  5.989817e-01  0.000000e+00  0.000000e+00  5.700000e-01  6.485733e-01  1.726688e+00  9.073604e-01  0.000000e+00  0.000000e+00  5.700000e-01  1.000000e+00  1.000000e+00  0.000000e+00  0.000000e+00  0.000000e+00  5.700000e-01  1.000000e+00  1.000000e+00  0.000000e+00  0.000000e+00  0.000000e+00  5.700000e-01  1.000000e+00  1.000000e+00  0.000000e+00  0.000000e+00  0.000000e+00  5.700000e-01  1.000000e+00  1.000000e+00  0.000000e+00  0.000000e+00  0.000000e+00  5.700000e-01  
9.294623e-01  3.320609e+00  5.843926e-01  0.000000e+00  0.000000e+00  5.700000e-01  9.294623e-01  3.320609e+00  8.740847e-01  0.000000e+00  0.000000e+00  5.700000e-01  1.000000e+00  1.000000e+00  0.000000e+00  0.000000e+00  0.000000e+00  5.700000e-01  1.000000e+00  1.000000e+00  0.000000e+00  0.000000e+00  0.000000e+00  5.700000e-01  1.000000e+00  1.000000e+00  0.000000e+00  0.000000e+00  0.000000e+00  5.700000e-01  1.000000e+00  1.000000e+00  0.000000e+00  0.000000e+00  0.000000e+00  5.700000e-01  
7.650608e-01  1.506884e+00  6.805085e-01  0.000000e+00  0.000000e+00  5.700000e-01  7.650608e-01  1.506884e+00  8.742645e-01  0.000000e+00  0.000000e+00  5.700000e-01  1.000000e+00  1.000000e+00  0.000000e+00  0.000000e+00  0.000000e+00  5.700000e-01  1.000000e+00  1.000000e+00  0.000000e+00  0.000000e+00  0.000000e+00  5.700000e-01  1.000000e+00  1.000000e+00  0.000000e+00  0.000000e+00  0.000000e+00  5.700000e-01  1.000000e+00  1.000000e+00  0.000000e+00  0.000000e+00  0.000000e+00  5.700000e-01  
7.110418e-01  1.920008e+00  5.494540e-01  0.000000e+00  0.000000e+00  5.700000e-01  7.110418e-01  1.920008e+00  9.995242e-01  0.000000e+00  0.000000e+00  5.700000e-01  1.000000e+00  1.000000e+00  0.000000e+00  0.000000e+00  0.000000e+00  5.700000e-01  1.000000e+00  1.000000e+00  0.000000e+00  0.000000e+00  0.000000e+00  5.700000e-01  1.000000e+00  1.000000e+00  0.000000e+00  0.000000e+00  0.000000e+00  5.700000e-01  1.000000e+00  1.000000e+00  0.000000e+00  0.000000e+00  0.000000e+00  5.700000e-01  
6.958392e-01  1.899161e+00  5.597776e-01  0.000000e+00  0.000000e+00  5.700000e-01  6.958392e-01  1.899161e+00  9.781402e-01  0.000000e+00  0.000000e+00  5.700000e-01  1.000000e+00  1.000000e+00  0.000000e+00  0.000000e+00  0.000000e+00  5.700000e-01  1.000000e+00  1.000000e+00  0.000000e+00  0.000000e+00  0.000000e+00  5.700000e-01  1.000000e+00  1.000000e+00  0.000000e+00  0.000000e+00  0.000000e+00  5.700000e-01  1.000000e+00  1.000000e+00  0.000000e+00  0.000000e+00  0.000000e+00  5.700000e-01  
6.809508e-01  2.031835e+00  5.415734e-01  0.000000e+00  0.000000e+00  5.700000e-01  6.809508e-01  2.031835e+00  9.993685e-01  0.000000e+00  0.000000e+00  5.700000e-01  1.000000e+00  1.000000e+00  0.000000e+00  0.000000e+00  0.000000e+00  5.700000e-01  1.000000e+00  1.000000e+00  0.000000e+00  0.000000e+00  0.000000e+00  5.700000e-01  1.000000e+00  1.000000e+00  0.000000e+00  0.000000e+00  0.000000e+00  5.700000e-01  1.000000e+00  1.000000e+00  0.000000e+00  0.000000e+00  0.000000e+00  5.700000e-01  
6.927928e-01  1.891184e+00  5.380949e-01  0.000000e+00  0.000000e+00  5.700000e-01  6.927928e-01  1.891184e+00  9.756934e-01  0.000000e+00  0.000000e+00  5.700000e-01  1.000000e+00  1.000000e+00  0.000000e+00  0.000000e+00  0.000000e+00  5.700000e-01  1.000000e+00  1.000000e+00  0.000000e+00  0.000000e+00  0.000000e+00  5.700000e-01  1.000000e+00  1.000000e+00  0.000000e+00  0.000000e+00  0.000000e+00  5.700000e-01  1.000000e+00  1.000000e+00  0.000000e+00  0.000000e+00  0.000000e+00  5.700000e-01  
6.966372e-01  1.915079e+00  5.489253e-01  0.000000e+00  0.000000e+00  5.700000e-01  6.966372e-01  1.915079e+00  9.830824e-01  0.000000e+00  0.000000e+00  5.700000e-01  1.000000e+00  1.000000e+00  0.000000e+00  0.000000e+00  0.000000e+00  5.700000e-01  1.000000e+00  1.000000e+00  0.000000e+00  0.000000e+00  0.000000e+00  5.700000e-01  1.000000e+00  1.000000e+00  0.000000e+00  0.000000e+00  0.000000e+00  5.700000e-01  1.000000e+00  1.000000e+00  0.000000e+00  0.000000e+00  0.000000e+00  5.700000e-01  
7.177318e-01  2.123018e+00  5.703887e-01  0.000000e+00  0.000000e+00  5.700000e-01  7.177318e-01  2.123018e+00  9.881945e-01  0.000000e+00  0.000000e+00  5.700000e-01  1.000000e+00  1.000000e+00  0.000000e+00  0.000000e+00  0.000000e+00  5.700000e-01  1.000000e+00  1.000000e+00  0.000000e+00  0.000000e+00  0.000000e+00  5.700000e-01  1.000000e+00  1.000000e+00  0.000000e+00  0.000000e+00  0.000000e+00  5.700000e-01  1.000000e+00  1.000000e+00  0.000000e+00  0.000000e+00  0.000000e+00  5.700000e-01  
6.957665e-01  2.053673e+00  5.550681e-01  0.000000e+00  0.000000e+00  5.700000e-01  6.957665e-01  2.053673e+00  9.994246e-01  0.000000e+00  0.000000e+00  5.700000e-01  1.000000e+00  1.000000e+00  0.000000e+00  0.000000e+00  0.000000e+00  5.700000e-01  1.000000e+00  1.000000e+00  0.000000e+00  0.000000e+00  0.000000e+00  5.700000e-01  1.000000e+00  1.000000e+00  0.000000e+00  0.000000e+00  0.000000e+00  5.700000e-01  1.000000e+00  1.000000e+00  0.000000e+00  0.000000e+00  0.000000e+00  5.700000e-01  
6.985496e-01  1.996981e+00  5.435027e-01  0.000000e+00  0.000000e+00  5.700000e-01  6.985496e-01  1.996981e+00  9.968674e-01  0.000000e+00  0.000000e+00  5.700000e-01  1.000000e+00  1.000000e+00  0.000000e+00  0.000000e+00  0.000000e+00  5.700000e-01  1.000000e+00  1.000000e+00  0.000000e+00  0.000000e+00  0.000000e+00  5.700000e-01  1.000000e+00  1.000000e+00  0.000000e+00  0.000000e+00  0.000000e+00  5.700000e-01  1.000000e+00  1.000000e+00  0.000000e+00  0.000000e+00  0.000000e+00  5.700000e-01  
6.882726e-01  2.020714e+00  5.500160e-01  0.000000e+00  0.000000e+00  5.700000e-01  6.882726e-01  2.020714e+00  9.899531e-01  0.000000e+00  0.000000e+00  5.700000e-01  1.000000e+00  1.000000e+00  0.000000e+00  0.000000e+00  0.000000e+00  5.700000e-01  1.000000e+00  1.000000e+00  0.000000e+00  0.000000e+00  0.000000e+00  5.700000e-01  1.000000e+00  1.000000e+00  0.000000e+00  0.000000e+00  0.000000e+00  5.700000e-01  1.000000e+00  1.000000e+00  0.000000e+00  0.000000e+00  0.000000e+00  5.700000e-01  
6.930869e-01  1.816615e+00  5.438543e-01  0.000000e+00  0.000000e+00  5.700000e-01  6.930869e-01  1.816615e+00  9.888829e-01  0.000000e+00  0.000000e+00  5.700000e-01  1.000000e+00  1.000000e+00  0.000000e+00  0.000000e+00  0.000000e+00  5.700000e-01  1.000000e+00  1.000000e+00  0.000000e+00  0.000000e+00  0.000000e+00  5.700000e-01  1.000000e+00  1.000000e+00  0.000000e+00  0.000000e+00  0.000000e+00  5.700000e-01  1.000000e+00  1.000000e+00  0.000000e+00  0.000000e+00  0.000000e+00  5.700000e-01  
7.215871e-01  1.969480e+00  5.469818e-01  0.000000e+00  0.000000e+00  5.700000e-01  7.215871e-01  1.969480e+00  9.778960e-01  0.000000e+00  0.000000e+00  5.700000e-01  1.000000e+00  1.000000e+00  0.000000e+00  0.000000e+00  0.000000e+00  5.700000e-01  1.000000e+00  1.000000e+00  0.000000e+00  0.000000e+00  0.000000e+00  5.700000e-01  1.000000e+00  1.000000e+00  0.000000e+00  0.000000e+00  0.000000e+00  5.700000e-01  1.000000e+00  1.000000e+00  0.000000e+00  0.000000e+00  0.000000e+00  5.700000e-01  
7.144780e-01  1.991815e+00  5.551265e-01  0.000000e+00  0.000000e+00  5.700000e-01  7.144780e-01  1.991815e+00  9.910164e-01  0.000000e+00  0.000000e+00  5.700000e-01  1.000000e+00  1.000000e+00  0.000000e+00  0.000000e+00  0.000000e+00  5.700000e-01  1.000000e+00  1.000000e+00  0.000000e+00  0.000000e+00  0.000000e+00  5.700000e-01  1.000000e+00  1.000000e+00  0.000000e+00  0.000000e+00  0.000000e+00  5.700000e-01  1.000000e+00  1.000000e+00  0.000000e+00  0.000000e+00  0.000000e+00  5.700000e-01  
7.314582e-01  1.971022e+00  5.607209e-01  0.000000e+00  0.000000e+00  5.700000e-01  7.314582e-01  1.971022e+00  9.880593e-01  0.000000e+00  0.000000e+00  5.700000e-01  1.000000e+00  1.000000e+00  0.000000e+00  0.000000e+00  0.000000e+00  5.700000e-01  1.000000e+00  1.000000e+00  0.000000e+00  0.000000e+00  0.000000e+00  5.700000e-01  1.000000e+00  1.000000e+00  0.000000e+00  0.000000e+00  0.000000e+00  5.700000e-01  1.000000e+00  1.000000e+00  0.000000e+00  0.000000e+00  0.000000e+00  5.700000e-01  
6.797076e-01  1.971248e+00  5.576088e-01  0.000000e+00  0.000000e+00  5.700000e-01  6.797076e-01  1.971248e+00  9.934623e-01  0.000000e+00  0.000000e+00  5.700000e-01  1.000000e+00  1.000000e+00  0.000000e+00  0.000000e+00  0.000000e+00  5.700000e-01  1.000000e+00  1.000000e+00  0.000000e+00  0.000000e+00  0.000000e+00  5.700000e-01  1.000000e+00  1.000000e+00  0.000000e+00  0.000000e+00  0.000000e+00  5.700000e-01  1.000000e+00  1.000000e+00  0.000000e+00  0.000000e+00  0.000000e+00  5.700000e-01  
6.770828e-01  1.865332e+00  5.483618e-01  0.000000e+00  0.000000e+00  5.700000e-01  6.770828e-01  1.865332e+00  9.814075e-01  0.000000e+00  0.000000e+00  5.700000e-01  1.000000e+00  1.000000e+00  0.000000e+00  0.000000e+00  0.000000e+00  5.700000e-01  1.000000e+00  1.000000e+00  0.000000e+00  0.000000e+00  0.000000e+00  5.700000e-01  1.000000e+00  1.000000e+00  0.000000e+00  0.000000e+00  0.000000e+00  5.700000e-01  1.000000e+00  1.000000e+00  0.000000e+00  0.000000e+00  0.000000e+00  5.700000e-01  
7.097955e-01  1.911097e+00  5.463088e-01  0.000000e+00  0.000000e+00  5.700000e-01  7.097955e-01  1.911097e+00  9.786983e-01  0.000000e+00  0.000000e+00  5.700000e-01  1.000000e+00  1.000000e+00  0.000000e+00  0.000000e+00  0.000000e+00  5.700000e-01  1.000000e+00  1.000000e+00  0.000000e+00  0.000000e+00  0.000000e+00  5.700000e-01  1.000000e+00  1.000000e+00  0.000000e+00  0.000000e+00  0.000000e+00  5.700000e-01  1.000000e+00  1.000000e+00  0.000000e+00  0.000000e+00  0.000000e+00  5.700000e-01  
6.994247e-01  2.015112e+00  5.582547e-01  0.000000e+00  0.000000e+00  5.700000e-01  6.994247e-01  2.015112e+00  9.975234e-01  0.000000e+00  0.000000e+00  5.700000e-01  1.000000e+00  1.000000e+00  0.000000e+00  0.000000e+00  0.000000e+00  5.700000e-01  1.000000e+00  1.000000e+00  0.000000e+00  0.000000e+00  0.000000e+00  5.700000e-01  1.000000e+00  1.000000e+00  0.000000e+00  0.000000e+00  0.000000e+00  5.700000e-01  1.000000e+00  1.000000e+00  0.000000e+00  0.000000e+00  0.000000e+00  5.700000e-01  
7.131496e-01  1.758410e+00  5.579833e-01  0.000000e+00  0.000000e+00  5.700000e-01  7.131496e-01  1.758410e+00  9.888058e-01  0.000000e+00  0.000000e+00  5.700000e-01  1.000000e+00  1.000000e+00  0.000000e+00  0.000000e+00  0.000000e+00  5.700000e-01  1.000000e+00  1.000000e+00  0.000000e+00  0.000000e+00  0.000000e+00  5.700000e-01  1.000000e+00  1.000000e+00  0.000000e+00  0.000000e+00  0.000000e+00  5.700000e-01  1.000000e+00  1.000000e+00  0.000000e+00  0.000000e+00  0.000000e+00  5.700000e-01  
7.045546e-01  2.109094e+00  5.504553e-01  0.000000e+00  0.000000e+00  5.700000e-01  7.045546e-01  2.109094e+00  9.937882e-01  0.000000e+00  0.000000e+00  5.700000e-01  1.000000e+00  1.000000e+00  0.000000e+00  0.000000e+00  0.000000e+00  5.700000e-01  1.000000e+00  1.000000e+00  0.000000e+00  0.000000e+00  0.000000e+00  5.700000e-01  1.000000e+00  1.000000e+00  0.000000e+00  0.000000e+00  0.000000e+00  5.700000e-01  1.000000e+00  1.000000e+00  0.000000e+00  0.000000e+00  0.000000e+00  5.700000e-01  
6.812095e-01  1.954681e+00  5.627314e-01  0.000000e+00  0.000000e+00  5.700000e-01  6.812095e-01  1.954681e+00  9.755813e-01  0.000000e+00  0.000000e+00  5.700000e-01  1.000000e+00  1.000000e+00  0.000000e+00  0.000000e+00  0.000000e+00  5.700000e-01  1.000000e+00  1.000000e+00  0.000000e+00  0.000000e+00  0.000000e+00  5.700000e-01  1.000000e+00  1.000000e+00  0.000000e+00  0.000000e+00  0.000000e+00  5.700000e-01  1.000000e+00  1.000000e+00  0.000000e+00  0.000000e+00  0.000000e+00  5.700000e-01  
7.862995e-01  2.300298e+00  5.558590e-01  0.000000e+00  0.000000e+00  5.700000e-01  7.862995e-01  2.300298e+00  9.212970e-01  0.000000e+00  0.000000e+00  5.700000e-01  1.000000e+00  1.000000e+00  0.000000e+00  0.000000e+00  0.000000e+00  5.700000e-01  1.000000e+00  1.000000e+00  0.000000e+00  0.000000e+00  0.000000e+00  5.700000e-01  1.000000e+00  1.000000e+00  0.000000e+00  0.000000e+00  0.000000e+00  5.700000e-01  1.000000e+00  1.000000e+00  0.000000e+00  0.000000e+00  0.000000e+00  5.700000e-01  
7.447934e-01  2.056649e+00  5.624723e-01  0.000000e+00  0.000000e+00  5.700000e-01  7.447934e-01  2.056649e+00  9.839590e-01  0.000000e+00  0.000000e+00  5.700000e-01  1.000000e+00  1.000000e+00  0.000000e+00  0.000000e+00  0.000000e+00  5.700000e-01  1.000000e+00  1.000000e+00  0.000000e+00  0.000000e+00  0.000000e+00  5.700000e-01  1.000000e+00  1.000000e+00  0.000000e+00  0.000000e+00  0.000000e+00  5.700000e-01  1.000000e+00  1.000000e+00  0.000000e+00  0.000000e+00  0.000000e+00  5.700000e-01  
7.776012e-01  2.108407e+00  5.804107e-01  0.000000e+00  0.000000e+00  5.700000e-01  7.776012e-01  2.108407e+00  9.461887e-01  0.000000e+00  0.000000e+00  5.700000e-01  1.000000e+00  1.000000e+00  0.000000e+00  0.000000e+00  0.000000e+00  5.700000e-01  1.000000e+00  1.000000e+00  0.000000e+00  0.000000e+00  0.000000e+00  5.700000e-01  1.000000e+00  1.000000e+00  0.000000e+00  0.000000e+00  0.000000e+00  5.700000e-01  1.000000e+00  1.000000e+00  0.000000e+00  0.000000e+00  0.000000e+00  5.700000e-01  
7.663335e-01  2.137552e+00  5.494055e-01  0.000000e+00  0.000000e+00  5.700000e-01  7.663335e-01  2.137552e+00  9.797600e-01  0.000000e+00  0.000000e+00  5.700000e-01  1.000000e+00  1.000000e+00  0.000000e+00  0.000000e+00  0.000000e+00  5.700000e-01  1.000000e+00  1.000000e+00  0.000000e+00  0.000000e+00  0.000000e+00  5.700000e-01  1.000000e+00  1.000000e+00  0.000000e+00  0.000000e+00  0.000000e+00  5.700000e-01  1.000000e+00  1.000000e+00  0.000000e+00  0.000000e+00  0.000000e+00  5.700000e-01  
7.669045e-01  2.257413e+00  5.759601e-01  0.000000e+00  0.000000e+00  5.700000e-01  7.669045e-01  2.257413e+00  9.795029e-01  0.000000e+00  0.000000e+00  5.700000e-01  1.000000e+00  1.000000e+00  0.000000e+00  0.000000e+00  0.000000e+00  5.700000e-01  1.000000e+00  1.000000e+00  0.000000e+00  0.000000e+00  0.000000e+00  5.700000e-01  1.000000e+00  1.000000e+00  0.000000e+00  0.000000e+00  0.000000e+00  5.700000e-01  1.000000e+00  1.000000e+00  0.000000e+00  0.000000e+00  0.000000e+00  5.700000e-01  
6.666646e-01  2.299946e+00  5.140337e-01  0.000000e+00  0.000000e+00  5.700000e-01  6.666646e-01  2.299946e+00  9.501998e-01  0.000000e+00  0.000000e+00  5.700000e-01  1.000000e+00  1.000000e+00  0.000000e+00  0.000000e+00  0.000000e+00  5.700000e-01  1.000000e+00  1.000000e+00  0.000000e+00  0.000000e+00  0.000000e+00  5.700000e-01  1.000000e+00  1.000000e+00  0.000000e+00  0.000000e+00  0.000000e+00  5.700000e-01  1.000000e+00  1.000000e+00  0.000000e+00  0.000000e+00  0.000000e+00  5.700000e-01  
6.609263e-01  1.649166e+00  5.377918e-01  0.000000e+00  0.000000e+00  5.700000e-01  6.609263e-01  1.649166e+00  8.650999e-01  0.000000e+00  0.000000e+00  5.700000e-01  1.000000e+00  1.000000e+00  0.000000e+00  0.000000e+00  0.000000e+00  5.700000e-01  1.000000e+00  1.000000e+00  0.000000e+00  0.000000e+00  0.000000e+00  5.700000e-01  1.000000e+00  1.000000e+00  0.000000e+00  0.000000e+00  0.000000e+00  5.700000e-01  1.000000e+00  1.000000e+00  0.000000e+00  0.000000e+00  0.000000e+00  5.700000e-01  
7.565019e-01  2.150641e+00  5.573674e-01  0.000000e+00  0.000000e+00  5.700000e-01  7.565019e-01  2.150641e+00  9.794723e-01  0.000000e+00  0.000000e+00  5.700000e-01  1.000000e+00  1.000000e+00  0.000000e+00  0.000000e+00  0.000000e+00  5.700000e-01  1.000000e+00  1.000000e+00  0.000000e+00  0.000000e+00  0.000000e+00  5.700000e-01  1.000000e+00  1.000000e+00  0.000000e+00  0.000000e+00  0.000000e+00  5.700000e-01  1.000000e+00  1.000000e+00  0.000000e+00  0.000000e+00  0.000000e+00  5.700000e-01  
7.613170e-01  2.158269e+00  5.431268e-01  0.000000e+00  0.000000e+00  5.700000e-01  7.613170e-01  2.158269e+00  9.611543e-01  0.000000e+00  0.000000e+00  5.700000e-01  1.000000e+00  1.000000e+00  0.000000e+00  0.000000e+00  0.000000e+00  5.700000e-01  1.000000e+00  1.000000e+00  0.000000e+00  0.000000e+00  0.000000e+00  5.700000e-01  1.000000e+00  1.000000e+00  0.000000e+00  0.000000e+00  0.000000e+00  5.700000e-01  1.000000e+00  1.000000e+00  0.000000e+00  0.000000e+00  0.000000e+00  5.700000e-01  
7.745896e-01  2.497623e+00  5.366307e-01  0.000000e+00  0.000000e+00  5.700000e-01  7.745896e-01  2.497623e+00  9.032905e-01  0.000000e+00  0.000000e+00  5.700000e-01  1.000000e+00  1.000000e+00  0.000000e+00  0.000000e+00  0.000000e+00  5.700000e-01  1.000000e+00  1.000000e+00  0.000000e+00  0.000000e+00  0.000000e+00  5.700000e-01  1.000000e+00  1.000000e+00  0.000000e+00  0.000000e+00  0.000000e+00  5.700000e-01  1.000000e+00  1.000000e+00  0.000000e+00  0.000000e+00  0.000000e+00  5.700000e-01  
7.374729e-01  2.253204e+00  5.340857e-01  0.000000e+00  0.000000e+00  5.700000e-01  7.374729e-01  2.253204e+00  8.874872e-01  0.000000e+00  0.000000e+00  5.700000e-01  1.000000e+00  1.000000e+00  0.000000e+00  0.000000e+00  0.000000e+00  5.700000e-01  1.000000e+00  1.000000e+00  0.000000e+00  0.000000e+00  0.000000e+00  5.700000e-01  1.000000e+00  1.000000e+00  0.000000e+00  0.000000e+00  0.000000e+00  5.700000e-01  1.000000e+00  1.000000e+00  0.000000e+00  0.000000e+00  0.000000e+00  5.700000e-01  
7.417836e-01  2.068751e+00  5.615614e-01  0.000000e+00  0.000000e+00  5.700000e-01  7.417836e-01  2.068751e+00  9.669532e-01  0.000000e+00  0.000000e+00  5.700000e-01  1.000000e+00  1.000000e+00  0.000000e+00  0.000000e+00  0.000000e+00  5.700000e-01  1.000000e+00  1.000000e+00  0.000000e+00  0.000000e+00  0.000000e+00  5.700000e-01  1.000000e+00  1.000000e+00  0.000000e+00  0.000000e+00  0.000000e+00  5.700000e-01  1.000000e+00  1.000000e+00  0.000000e+00  0.000000e+00  0.000000e+00  5.700000e-01  
7.043337e-01  2.094839e+00  5.517212e-01  0.000000e+00  0.000000e+00  5.700000e-01  7.043337e-01  2.094839e+00  9.949645e-01  0.000000e+00  0.000000e+00  5.700000e-01  1.000000e+00  1.000000e+00  0.000000e+00  0.000000e+00  0.000000e+00  5.700000e-01  1.000000e+00  1.000000e+00  0.000000e+00  0.000000e+00  0.000000e+00  5.700000e-01  1.000000e+00  1.000000e+00  0.000000e+00  0.000000e+00  0.000000e+00  5.700000e-01  1.000000e+00  1.000000e+00  0.000000e+00  0.000000e+00  0.000000e+00  5.700000e-01  
6.771646e-01  1.974473e+00  5.381986e-01  0.000000e+00  0.000000e+00  5.700000e-01  6.771646e-01  1.974473e+00  9.748641e-01  0.000000e+00  0.000000e+00  5.700000e-01  1.000000e+00  1.000000e+00  0.000000e+00  0.000000e+00  0.000000e+00  5.700000e-01  1.000000e+00  1.000000e+00  0.000000e+00  0.000000e+00  0.000000e+00  5.700000e-01  1.000000e+00  1.000000e+00  0.000000e+00  0.000000e+00  0.000000e+00  5.700000e-01  1.000000e+00  1.000000e+00  0.000000e+00  0.000000e+00  0.000000e+00  5.700000e-01  
6.959383e-01  2.239261e+00  5.597606e-01  0.000000e+00  0.000000e+00  5.700000e-01  6.959383e-01  2.239261e+00  9.997095e-01  0.000000e+00  0.000000e+00  5.700000e-01  1.000000e+00  1.000000e+00  0.000000e+00  0.000000e+00  0.000000e+00  5.700000e-01  1.000000e+00  1.000000e+00  0.000000e+00  0.000000e+00  0.000000e+00  5.700000e-01  1.000000e+00  1.000000e+00  0.000000e+00  0.000000e+00  0.000000e+00  5.700000e-01  1.000000e+00  1.000000e+00  0.000000e+00  0.000000e+00  0.000000e+00  5.700000e-01  
6.936365e-01  1.853584e+00  5.526080e-01  0.000000e+00  0.000000e+00  5.700000e-01  6.936365e-01  1.853584e+00  9.990295e-01  0.000000e+00  0.000000e+00  5.700000e-01  1.000000e+00  1.000000e+00  0.000000e+00  0.000000e+00  0.000000e+00  5.700000e-01  1.000000e+00  1.000000e+00  0.000000e+00  0.000000e+00  0.000000e+00  5.700000e-01  1.000000e+00  1.000000e+00  0.000000e+00  0.000000e+00  0.000000e+00  5.700000e-01  1.000000e+00  1.000000e+00  0.000000e+00  0.000000e+00  0.000000e+00  5.700000e-01  
7.031746e-01  2.136976e+00  5.327533e-01  0.000000e+00  0.000000e+00  5.700000e-01  7.031746e-01  2.136976e+00  9.882067e-01  0.000000e+00  0.000000e+00  5.700000e-01  1.000000e+00  1.000000e+00  0.000000e+00  0.000000e+00  0.000000e+00  5.700000e-01  1.000000e+00  1.000000e+00  0.000000e+00  0.000000e+00  0.000000e+00  5.700000e-01  1.000000e+00  1.000000e+00  0.000000e+00  0.000000e+00  0.000000e+00  5.700000e-01  1.000000e+00  1.000000e+00  0.000000e+00  0.000000e+00  0.000000e+00  5.700000e-01  
7.232053e-01  1.574271e+00  5.814987e-01  0.000000e+00  0.000000e+00  5.700000e-01  7.232053e-01  1.574271e+00  9.829643e-01  0.000000e+00  0.000000e+00  5.700000e-01  1.000000e+00  1.000000e+00  0.000000e+00  0.000000e+00  0.000000e+00  5.700000e-01  1.000000e+00  1.000000e+00  0.000000e+00  0.000000e+00  0.000000e+00  5.700000e-01  1.000000e+00  1.000000e+00  0.000000e+00  0.000000e+00  0.000000e+00  5.700000e-01  1.000000e+00  1.000000e+00  0.000000e+00  0.000000e+00  0.000000e+00  5.700000e-01  
6.527991e-01  2.165252e+00  5.411111e-01  0.000000e+00  0.000000e+00  5.700000e-01  6.527991e-01  2.165252e+00  9.449264e-01  0.000000e+00  0.000000e+00  5.700000e-01  1.000000e+00  1.000000e+00  0.000000e+00  0.000000e+00  0.000000e+00  5.700000e-01  1.000000e+00  1.000000e+00  0.000000e+00  0.000000e+00  0.000000e+00  5.700000e-01  1.000000e+00  1.000000e+00  0.000000e+00  0.000000e+00  0.000000e+00  5.700000e-01  1.000000e+00  1.000000e+00  0.000000e+00  0.000000e+00  0.000000e+00  5.700000e-01  
6.573678e-01  1.848803e+00  5.709157e-01  0.000000e+00  0.000000e+00  5.700000e-01  6.573678e-01  1.848803e+00  9.916821e-01  0.000000e+00  0.000000e+00  5.700000e-01  1.000000e+00  1.000000e+00  0.000000e+00  0.000000e+00  0.000000e+00  5.700000e-01  1.000000e+00  1.000000e+00  0.000000e+00  0.000000e+00  0.000000e+00  5.700000e-01  1.000000e+00  1.000000e+00  0.000000e+00  0.000000e+00  0.000000e+00  5.700000e-01  1.000000e+00  1.000000e+00  0.000000e+00  0.000000e+00  0.000000e+00  5.700000e-01  
6.369243e-01  1.696816e+00  5.177910e-01  0.000000e+00  0.000000e+00  5.700000e-01  6.369243e-01  1.696816e+00  9.728807e-01  0.000000e+00  0.000000e+00  5.700000e-01  1.000000e+00  1.000000e+00  0.000000e+00  0.000000e+00  0.000000e+00  5.700000e-01  1.000000e+00  1.000000e+00  0.000000e+00  0.000000e+00  0.000000e+00  5.700000e-01  1.000000e+00  1.000000e+00  0.000000e+00  0.000000e+00  0.000000e+00  5.700000e-01  1.000000e+00  1.000000e+00  0.000000e+00  0.000000e+00  0.000000e+00  5.700000e-01  
7.744732e-01  2.346744e+00  5.358576e-01  0.000000e+00  0.000000e+00  5.700000e-01  7.744732e-01  2.346744e+00  9.842720e-01  0.000000e+00  0.000000e+00  5.700000e-01  1.000000e+00  1.000000e+00  0.000000e+00  0.000000e+00  0.000000e+00  5.700000e-01  1.000000e+00  1.000000e+00  0.000000e+00  0.000000e+00  0.000000e+00  5.700000e-01  1.000000e+00  1.000000e+00  0.000000e+00  0.000000e+00  0.000000e+00  5.700000e-01  1.000000e+00  1.000000e+00  0.000000e+00  0.000000e+00  0.000000e+00  5.700000e-01  
7.105113e-01  2.035988e+00  5.706107e-01  0.000000e+00  0.000000e+00  5.700000e-01  7.105113e-01  2.035988e+00  9.935718e-01  0.000000e+00  0.000000e+00  5.700000e-01  1.000000e+00  1.000000e+00  0.000000e+00  0.000000e+00  0.000000e+00  5.700000e-01  1.000000e+00  1.000000e+00  0.000000e+00  0.000000e+00  0.000000e+00  5.700000e-01  1.000000e+00  1.000000e+00  0.000000e+00  0.000000e+00  0.000000e+00  5.700000e-01  1.000000e+00  1.000000e+00  0.000000e+00  0.000000e+00  0.000000e+00  5.700000e-01  
8.076943e-01  2.503202e+00  5.443562e-01  0.000000e+00  0.000000e+00  5.700000e-01  8.076943e-01  2.503202e+00  9.638265e-01  0.000000e+00  0.000000e+00  5.700000e-01  1.000000e+00  1.000000e+00  0.000000e+00  0.000000e+00  0.000000e+00  5.700000e-01  1.000000e+00  1.000000e+00  0.000000e+00  0.000000e+00  0.000000e+00  5.700000e-01  1.000000e+00  1.000000e+00  0.000000e+00  0.000000e+00  0.000000e+00  5.700000e-01  1.000000e+00  1.000000e+00  0.000000e+00  0.000000e+00  0.000000e+00  5.700000e-01  
6.810257e-01  2.104988e+00  5.537933e-01  0.000000e+00  0.000000e+00  5.700000e-01  6.810257e-01  2.104988e+00  9.418291e-01  0.000000e+00  0.000000e+00  5.700000e-01  1.000000e+00  1.000000e+00  0.000000e+00  0.000000e+00  0.000000e+00  5.700000e-01  1.000000e+00  1.000000e+00  0.000000e+00  0.000000e+00  0.000000e+00  5.700000e-01  1.000000e+00  1.000000e+00  0.000000e+00  0.000000e+00  0.000000e+00  5.700000e-01  1.000000e+00  1.000000e+00  0.000000e+00  0.000000e+00  0.000000e+00  5.700000e-01  
6.623176e-01  1.983388e+00  5.530161e-01  0.000000e+00  0.000000e+00  5.700000e-01  6.623176e-01  1.983388e+00  9.709964e-01  0.000000e+00  0.000000e+00  5.700000e-01  1.000000e+00  1.000000e+00  0.000000e+00  0.000000e+00  0.000000e+00  5.700000e-01  1.000000e+00  1.000000e+00  0.000000e+00  0.000000e+00  0.000000e+00  5.700000e-01  1.000000e+00  1.000000e+00  0.000000e+00  0.000000e+00  0.000000e+00  5.700000e-01  1.000000e+00  1.000000e+00  0.000000e+00  0.000000e+00  0.000000e+00  5.700000e-01  
7.493431e-01  1.993136e+00  5.652426e-01  0.000000e+00  0.000000e+00  5.700000e-01  7.493431e-01  1.993136e+00  8.549379e-01  0.000000e+00  0.000000e+00  5.700000e-01  1.000000e+00  1.000000e+00  0.000000e+00  0.000000e+00  0.000000e+00  5.700000e-01  1.000000e+00  1.000000e+00  0.000000e+00  0.000000e+00  0.000000e+00  5.700000e-01  1.000000e+00  1.000000e+00  0.000000e+00  0.000000e+00  0.000000e+00  5.700000e-01  1.000000e+00  1.000000e+00  0.000000e+00  0.000000e+00  0.000000e+00  5.700000e-01  
6.746274e-01  1.769772e+00  5.331920e-01  0.000000e+00  0.000000e+00  5.700000e-01  6.746274e-01  1.769772e+00  9.781620e-01  0.000000e+00  0.000000e+00  5.700000e-01  1.000000e+00  1.000000e+00  0.000000e+00  0.000000e+00  0.000000e+00  5.700000e-01  1.000000e+00  1.000000e+00  0.000000e+00  0.000000e+00  0.000000e+00  5.700000e-01  1.000000e+00  1.000000e+00  0.000000e+00  0.000000e+00  0.000000e+00  5.700000e-01  1.000000e+00  1.000000e+00  0.000000e+00  0.000000e+00  0.000000e+00  5.700000e-01  
7.272508e-01  2.246635e+00  5.483048e-01  0.000000e+00  0.000000e+00  5.700000e-01  7.272508e-01  2.246635e+00  9.355856e-01  0.000000e+00  0.000000e+00  5.700000e-01  1.000000e+00  1.000000e+00  0.000000e+00  0.000000e+00  0.000000e+00  5.700000e-01  1.000000e+00  1.000000e+00  0.000000e+00  0.000000e+00  0.000000e+00  5.700000e-01  1.000000e+00  1.000000e+00  0.000000e+00  0.000000e+00  0.000000e+00  5.700000e-01  1.000000e+00  1.000000e+00  0.000000e+00  0.000000e+00  0.000000e+00  5.700000e-01  
6.332580e-01  1.718323e+00  5.728821e-01  0.000000e+00  0.000000e+00  5.700000e-01  6.332580e-01  1.718323e+00  9.694590e-01  0.000000e+00  0.000000e+00  5.700000e-01  1.000000e+00  1.000000e+00  0.000000e+00  0.000000e+00  0.000000e+00  5.700000e-01  1.000000e+00  1.000000e+00  0.000000e+00  0.000000e+00  0.000000e+00  5.700000e-01  1.000000e+00  1.000000e+00  0.000000e+00  0.000000e+00  0.000000e+00  5.700000e-01  1.000000e+00  1.000000e+00  0.000000e+00  0.000000e+00  0.000000e+00  5.700000e-01  
5.818257e-01  9.365139e-01  6.725649e-01  0.000000e+00  0.000000e+00  5.700000e-01  5.818257e-01  9.365139e-01  9.582725e-01  0.000000e+00  0.000000e+00  5.700000e-01  1.000000e+00  1.000000e+00  0.000000e+00  0.000000e+00  0.000000e+00  5.700000e-01  1.000000e+00  1.000000e+00  0.000000e+00  0.000000e+00  0.000000e+00  5.700000e-01  1.000000e+00  1.000000e+00  0.000000e+00  0.000000e+00  0.000000e+00  5.700000e-01  1.000000e+00  1.000000e+00  0.000000e+00  0.000000e+00  0.000000e+00  5.700000e-01  
5.285228e-01  8.037385e-01  6.871213e-01  0.000000e+00  0.000000e+00  5.700000e-01  5.285228e-01  8.037385e-01  9.810783e-01  0.000000e+00  0.000000e+00  5.700000e-01  1.000000e+00  1.000000e+00  0.000000e+00  0.000000e+00  0.000000e+00  5.700000e-01  1.000000e+00  1.000000e+00  0.000000e+00  0.000000e+00  0.000000e+00  5.700000e-01  1.000000e+00  1.000000e+00  0.000000e+00  0.000000e+00  0.000000e+00  5.700000e-01  1.000000e+00  1.000000e+00  0.000000e+00  0.000000e+00  0.000000e+00  5.700000e-01  
5.414935e-01  6.453280e-01  7.000142e-01  0.000000e+00  0.000000e+00  5.700000e-01  5.414935e-01  6.453280e-01  9.790137e-01  0.000000e+00  0.000000e+00  5.700000e-01  1.000000e+00  1.000000e+00  0.000000e+00  0.000000e+00  0.000000e+00  5.700000e-01  1.000000e+00  1.000000e+00  0.000000e+00  0.000000e+00  0.000000e+00  5.700000e-01  1.000000e+00  1.000000e+00  0.000000e+00  0.000000e+00  0.000000e+00  5.700000e-01  1.000000e+00  1.000000e+00  0.000000e+00  0.000000e+00  0.000000e+00  5.700000e-01  
5.710756e-01  7.191674e-01  7.129893e-01  0.000000e+00  0.000000e+00  5.700000e-01  5.710756e-01  7.191674e-01  9.899298e-01  0.000000e+00  0.000000e+00  5.700000e-01  1.000000e+00  1.000000e+00  0.000000e+00  0.000000e+00  0.000000e+00  5.700000e-01  1.000000e+00  1.000000e+00  0.000000e+00  0.000000e+00  0.000000e+00  5.700000e-01  1.000000e+00  1.000000e+00  0.000000e+00  0.000000e+00  0.000000e+00  5.700000e-01  1.000000e+00  1.000000e+00  0.000000e+00  0.000000e+00  0.000000e+00  5.700000e-01  
5.415200e-01  8.897454e-01  6.767762e-01  0.000000e+00  0.000000e+00  5.700000e-01  5.415200e-01  8.897454e-01  9.819204e-01  0.000000e+00  0.000000e+00  5.700000e-01  1.000000e+00  1.000000e+00  0.000000e+00  0.000000e+00  0.000000e+00  5.700000e-01  1.000000e+00  1.000000e+00  0.000000e+00  0.000000e+00  0.000000e+00  5.700000e-01  1.000000e+00  1.000000e+00  0.000000e+00  0.000000e+00  0.000000e+00  5.700000e-01  1.000000e+00  1.000000e+00  0.000000e+00  0.000000e+00  0.000000e+00  5.700000e-01  
5.205398e-01  6.828857e-01  6.822422e-01  0.000000e+00  0.000000e+00  5.700000e-01  5.205398e-01  6.828857e-01  9.739091e-01  0.000000e+00  0.000000e+00  5.700000e-01  1.000000e+00  1.000000e+00  0.000000e+00  0.000000e+00  0.000000e+00  5.700000e-01  1.000000e+00  1.000000e+00  0.000000e+00  0.000000e+00  0.000000e+00  5.700000e-01  1.000000e+00  1.000000e+00  0.000000e+00  0.000000e+00  0.000000e+00  5.700000e-01  1.000000e+00  1.000000e+00  0.000000e+00  0.000000e+00  0.000000e+00  5.700000e-01  
5.663806e-01  7.456065e-01  7.015452e-01  0.000000e+00  0.000000e+00  5.700000e-01  5.663806e-01  7.456065e-01  9.655210e-01  0.000000e+00  0.000000e+00  5.700000e-01  1.000000e+00  1.000000e+00  0.000000e+00  0.000000e+00  0.000000e+00  5.700000e-01  1.000000e+00  1.000000e+00  0.000000e+00  0.000000e+00  0.000000e+00  5.700000e-01  1.000000e+00  1.000000e+00  0.000000e+00  0.000000e+00  0.000000e+00  5.700000e-01  1.000000e+00  1.000000e+00  0.000000e+00  0.000000e+00  0.000000e+00  5.700000e-01  
5.132474e-01  7.627594e-01  6.805006e-01  0.000000e+00  0.000000e+00  5.700000e-01  5.132474e-01  7.627594e-01  9.729106e-01  0.000000e+00  0.000000e+00  5.700000e-01  1.000000e+00  1.000000e+00  0.000000e+00  0.000000e+00  0.000000e+00  5.700000e-01  1.000000e+00  1.000000e+00  0.000000e+00  0.000000e+00  0.000000e+00  5.700000e-01  1.000000e+00  1.000000e+00  0.000000e+00  0.000000e+00  0.000000e+00  5.700000e-01  1.000000e+00  1.000000e+00  0.000000e+00  0.000000e+00  0.000000e+00  5.700000e-01  
4.671555e-01  5.093739e-01  6.989880e-01  0.000000e+00  0.000000e+00  5.700000e-01  4.671555e-01  5.093739e-01  9.866810e-01  0.000000e+00  0.000000e+00  5.700000e-01  1.000000e+00  1.000000e+00  0.000000e+00  0.000000e+00  0.000000e+00  5.700000e-01  1.000000e+00  1.000000e+00  0.000000e+00  0.000000e+00  0.000000e+00  5.700000e-01  1.000000e+00  1.000000e+00  0.000000e+00  0.000000e+00  0.000000e+00  5.700000e-01  1.000000e+00  1.000000e+00  0.000000e+00  0.000000e+00  0.000000e+00  5.700000e-01  
5.792336e-01  8.389356e-01  6.863628e-01  0.000000e+00  0.000000e+00  5.700000e-01  5.792336e-01  8.389356e-01  9.618616e-01  0.000000e+00  0.000000e+00  5.700000e-01  1.000000e+00  1.000000e+00  0.000000e+00  0.000000e+00  0.000000e+00  5.700000e-01  1.000000e+00  1.000000e+00  0.000000e+00  0.000000e+00  0.000000e+00  5.700000e-01  1.000000e+00  1.000000e+00  0.000000e+00  0.000000e+00  0.000000e+00  5.700000e-01  1.000000e+00  1.000000e+00  0.000000e+00  0.000000e+00  0.000000e+00  5.700000e-01  
5.504229e-01  7.576883e-01  6.803786e-01  0.000000e+00  0.000000e+00  5.700000e-01  5.504229e-01  7.576883e-01  9.679116e-01  0.000000e+00  0.000000e+00  5.700000e-01  1.000000e+00  1.000000e+00  0.000000e+00  0.000000e+00  0.000000e+00  5.700000e-01  1.000000e+00  1.000000e+00  0.000000e+00  0.000000e+00  0.000000e+00  5.700000e-01  1.000000e+00  1.000000e+00  0.000000e+00  0.000000e+00  0.000000e+00  5.700000e-01  1.000000e+00  1.000000e+00  0.000000e+00  0.000000e+00  0.000000e+00  5.700000e-01  
5.253485e-01  6.118078e-01  6.994218e-01  0.000000e+00  0.000000e+00  5.700000e-01  5.253485e-01  6.118078e-01  9.802669e-01  0.000000e+00  0.000000e+00  5.700000e-01  1.000000e+00  1.000000e+00  0.000000e+00  0.000000e+00  0.000000e+00  5.700000e-01  1.000000e+00  1.000000e+00  0.000000e+00  0.000000e+00  0.000000e+00  5.700000e-01  1.000000e+00  1.000000e+00  0.000000e+00  0.000000e+00  0.000000e+00  5.700000e-01  1.000000e+00  1.000000e+00  0.000000e+00  0.000000e+00  0.000000e+00  5.700000e-01  
5.414975e-01  6.721629e-01  6.820992e-01  0.000000e+00  0.000000e+00  5.700000e-01  5.414975e-01  6.721629e-01  9.755589e-01  0.000000e+00  0.000000e+00  5.700000e-01  1.000000e+00  1.000000e+00  0.000000e+00  0.000000e+00  0.000000e+00  5.700000e-01  1.000000e+00  1.000000e+00  0.000000e+00  0.000000e+00  0.000000e+00  5.700000e-01  1.000000e+00  1.000000e+00  0.000000e+00  0.000000e+00  0.000000e+00  5.700000e-01  1.000000e+00  1.000000e+00  0.000000e+00  0.000000e+00  0.000000e+00  5.700000e-01  
5.588337e-01  8.784710e-01  6.810004e-01  0.000000e+00  0.000000e+00  5.700000e-01  5.588337e-01  8.784710e-01  9.995559e-01  0.000000e+00  0.000000e+00  5.700000e-01  1.000000e+00  1.000000e+00  0.000000e+00  0.000000e+00  0.000000e+00  5.700000e-01  1.000000e+00  1.000000e+00  0.000000e+00  0.000000e+00  0.000000e+00  5.700000e-01  1.000000e+00  1.000000e+00  0.000000e+00  0.000000e+00  0.000000e+00  5.700000e-01  1.000000e+00  1.000000e+00  0.000000e+00  0.000000e+00  0.000000e+00  5.700000e-01  
5.346226e-01  7.333040e-01  6.952506e-01  0.000000e+00  0.000000e+00  5.700000e-01  5.346226e-01  7.333040e-01  9.151541e-01  0.000000e+00  0.000000e+00  5.700000e-01  1.000000e+00  1.000000e+00  0.000000e+00  0.000000e+00  0.000000e+00  5.700000e-01  1.000000e+00  1.000000e+00  0.000000e+00  0.000000e+00  0.000000e+00  5.700000e-01  1.000000e+00  1.000000e+00  0.000000e+00  0.000000e+00  0.000000e+00  5.700000e-01  1.000000e+00  1.000000e+00  0.000000e+00  0.000000e+00  0.000000e+00  5.700000e-01  
4.922575e-01  6.367201e-01  6.782120e-01  0.000000e+00  0.000000e+00  5.700000e-01  4.922575e-01  6.367201e-01  9.537897e-01  0.000000e+00  0.000000e+00  5.700000e-01  1.000000e+00  1.000000e+00  0.000000e+00  0.000000e+00  0.000000e+00  5.700000e-01  1.000000e+00  1.000000e+00  0.000000e+00  0.000000e+00  0.000000e+00  5.700000e-01  1.000000e+00  1.000000e+00  0.000000e+00  0.000000e+00  0.000000e+00  5.700000e-01  1.000000e+00  1.000000e+00  0.000000e+00  0.000000e+00  0.000000e+00  5.700000e-01  
5.631565e-01  8.076726e-01  6.738434e-01  0.000000e+00  0.000000e+00  5.700000e-01  5.631565e-01  8.076726e-01  9.245045e-01  0.000000e+00  0.000000e+00  5.700000e-01  1.000000e+00  1.000000e+00  0.000000e+00  0.000000e+00  0.000000e+00  5.700000e-01  1.000000e+00  1.000000e+00  0.000000e+00  0.000000e+00  0.000000e+00  5.700000e-01  1.000000e+00  1.000000e+00  0.000000e+00  0.000000e+00  0.000000e+00  5.700000e-01  1.000000e+00  1.000000e+00  0.000000e+00  0.000000e+00  0.000000e+00  5.700000e-01  
5.435437e-01  8.553970e-01  6.884680e-01  0.000000e+00  0.000000e+00  5.700000e-01  5.435437e-01  8.553970e-01  9.039202e-01  0.000000e+00  0.000000e+00  5.700000e-01  1.000000e+00  1.000000e+00  0.000000e+00  0.000000e+00  0.000000e+00  5.700000e-01  1.000000e+00  1.000000e+00  0.000000e+00  0.000000e+00  0.000000e+00  5.700000e-01  1.000000e+00  1.000000e+00  0.000000e+00  0.000000e+00  0.000000e+00  5.700000e-01  1.000000e+00  1.000000e+00  0.000000e+00  0.000000e+00  0.000000e+00  5.700000e-01  
5.677025e-01  8.537879e-01  6.860898e-01  0.000000e+00  0.000000e+00  5.700000e-01  5.677025e-01  8.537879e-01  9.820603e-01  0.000000e+00  0.000000e+00  5.700000e-01  1.000000e+00  1.000000e+00  0.000000e+00  0.000000e+00  0.000000e+00  5.700000e-01  1.000000e+00  1.000000e+00  0.000000e+00  0.000000e+00  0.000000e+00  5.700000e-01  1.000000e+00  1.000000e+00  0.000000e+00  0.000000e+00  0.000000e+00  5.700000e-01  1.000000e+00  1.000000e+00  0.000000e+00  0.000000e+00  0.000000e+00  5.700000e-01  
5.981097e-01  8.631600e-01  6.900782e-01  0.000000e+00  0.000000e+00  5.700000e-01  5.981097e-01  8.631600e-01  9.772031e-01  0.000000e+00  0.000000e+00  5.700000e-01  1.000000e+00  1.000000e+00  0.000000e+00  0.000000e+00  0.000000e+00  5.700000e-01  1.000000e+00  1.000000e+00  0.000000e+00  0.000000e+00  0.000000e+00  5.700000e-01  1.000000e+00  1.000000e+00  0.000000e+00  0.000000e+00  0.000000e+00  5.700000e-01  1.000000e+00  1.000000e+00  0.000000e+00  0.000000e+00  0.000000e+00  5.700000e-01  
5.995580e-01  1.033539e+00  6.577513e-01  0.000000e+00  0.000000e+00  5.700000e-01  5.995580e-01  1.033539e+00  9.470305e-01  0.000000e+00  0.000000e+00  5.700000e-01  1.000000e+00  1.000000e+00  0.000000e+00  0.000000e+00  0.000000e+00  5.700000e-01  1.000000e+00  1.000000e+00  0.000000e+00  0.000000e+00  0.000000e+00  5.700000e-01  1.000000e+00  1.000000e+00  0.000000e+00  0.000000e+00  0.000000e+00  5.700000e-01  1.000000e+00  1.000000e+00  0.000000e+00  0.000000e+00  0.000000e+00  5.700000e-01  
6.350753e-01  1.018979e+00  6.844057e-01  0.000000e+00  0.000000e+00  5.700000e-01  6.350753e-01  1.018979e+00  9.020394e-01  0.000000e+00  0.000000e+00  5.700000e-01  1.000000e+00  1.000000e+00  0.000000e+00  0.000000e+00  0.000000e+00  5.700000e-01  1.000000e+00  1.000000e+00  0.000000e+00  0.000000e+00  0.000000e+00  5.700000e-01  1.000000e+00  1.000000e+00  0.000000e+00  0.000000e+00  0.000000e+00  5.700000e-01  1.000000e+00  1.000000e+00  0.000000e+00  0.000000e+00  0.000000e+00  5.700000e-01  
6.557855e-01  1.191843e+00  6.987861e-01  0.000000e+00  0.000000e+00  5.700000e-01  6.557855e-01  1.191843e+00  9.855009e-01  0.000000e+00  0.000000e+00  5.700000e-01  1.000000e+00  1.000000e+00  0.000000e+00  0.000000e+00  0.000000e+00  5.700000e-01  1.000000e+00  1.000000e+00  0.000000e+00  0.000000e+00  0.000000e+00  5.700000e-01  1.000000e+00  1.000000e+00  0.000000e+00  0.000000e+00  0.000000e+00  5.700000e-01  1.000000e+00  1.000000e+00  0.000000e+00  0.000000e+00  0.000000e+00  5.700000e-01  
5.104809e-01  5.770999e-01  6.925592e-01  0.000000e+00  0.000000e+00  5.700000e-01  5.104809e-01  5.770999e-01  9.780638e-01  0.000000e+00  0.000000e+00  5.700000e-01  1.000000e+00  1.000000e+00  0.000000e+00  0.000000e+00  0.000000e+00  5.700000e-01  1.000000e+00  1.000000e+00  0.000000e+00  0.000000e+00  0.000000e+00  5.700000e-01  1.000000e+00  1.000000e+00  0.000000e+00  0.000000e+00  0.000000e+00  5.700000e-01  1.000000e+00  1.000000e+00  0.000000e+00  0.000000e+00  0.000000e+00  5.700000e-01  
6.963815e-01  1.708567e+00  6.542567e-01  0.000000e+00  0.000000e+00  5.700000e-01  6.963815e-01  1.708567e+00  9.677149e-01  0.000000e+00  0.000000e+00  5.700000e-01  1.000000e+00  1.000000e+00  0.000000e+00  0.000000e+00  0.000000e+00  5.700000e-01  1.000000e+00  1.000000e+00  0.000000e+00  0.000000e+00  0.000000e+00  5.700000e-01  1.000000e+00  1.000000e+00  0.000000e+00  0.000000e+00  0.000000e+00  5.700000e-01  1.000000e+00  1.000000e+00  0.000000e+00  0.000000e+00  0.000000e+00  5.700000e-01  
5.579895e-01  7.127658e-01  6.640573e-01  0.000000e+00  0.000000e+00  5.700000e-01  5.579895e-01  7.127658e-01  9.526209e-01  0.000000e+00  0.000000e+00  5.700000e-01  1.000000e+00  1.000000e+00  0.000000e+00  0.000000e+00  0.000000e+00  5.700000e-01  1.000000e+00  1.000000e+00  0.000000e+00  0.000000e+00  0.000000e+00  5.700000e-01  1.000000e+00  1.000000e+00  0.000000e+00  0.000000e+00  0.000000e+00  5.700000e-01  1.000000e+00  1.000000e+00  0.000000e+00  0.000000e+00  0.000000e+00  5.700000e-01  
5.641896e-01  7.356864e-01  7.071410e-01  0.000000e+00  0.000000e+00  5.700000e-01  5.641896e-01  7.356864e-01  9.828571e-01  0.000000e+00  0.000000e+00  5.700000e-01  1.000000e+00  1.000000e+00  0.000000e+00  0.000000e+00  0.000000e+00  5.700000e-01  1.000000e+00  1.000000e+00  0.000000e+00  0.000000e+00  0.000000e+00  5.700000e-01  1.000000e+00  1.000000e+00  0.000000e+00  0.000000e+00  0.000000e+00  5.700000e-01  1.000000e+00  1.000000e+00  0.000000e+00  0.000000e+00  0.000000e+00  5.700000e-01  
6.003957e-01  9.717751e-01  6.677407e-01  0.000000e+00  0.000000e+00  5.700000e-01  6.003957e-01  9.717751e-01  9.561701e-01  0.000000e+00  0.000000e+00  5.700000e-01  1.000000e+00  1.000000e+00  0.000000e+00  0.000000e+00  0.000000e+00  5.700000e-01  1.000000e+00  1.000000e+00  0.000000e+00  0.000000e+00  0.000000e+00  5.700000e-01  1.000000e+00  1.000000e+00  0.000000e+00  0.000000e+00  0.000000e+00  5.700000e-01  1.000000e+00  1.000000e+00  0.000000e+00  0.000000e+00  0.000000e+00  5.700000e-01  
5.781970e-01  1.076918e+00  6.524158e-01  0.000000e+00  0.000000e+00  5.700000e-01  5.781970e-01  1.076918e+00  9.759818e-01  0.000000e+00  0.000000e+00  5.700000e-01  1.000000e+00  1.000000e+00  0.000000e+00  0.000000e+00  0.000000e+00  5.700000e-01  1.000000e+00  1.000000e+00  0.000000e+00  0.000000e+00  0.000000e+00  5.700000e-01  1.000000e+00  1.000000e+00  0.000000e+00  0.000000e+00  0.000000e+00  5.700000e-01  1.000000e+00  1.000000e+00  0.000000e+00  0.000000e+00  0.000000e+00  5.700000e-01  
6.548868e-01  8.705914e-01  7.106972e-01  0.000000e+00  0.000000e+00  5.700000e-01  6.548868e-01  8.705914e-01  9.822497e-01  0.000000e+00  0.000000e+00  5.700000e-01  1.000000e+00  1.000000e+00  0.000000e+00  0.000000e+00  0.000000e+00  5.700000e-01  1.000000e+00  1.000000e+00  0.000000e+00  0.000000e+00  0.000000e+00  5.700000e-01  1.000000e+00  1.000000e+00  0.000000e+00  0.000000e+00  0.000000e+00  5.700000e-01  1.000000e+00  1.000000e+00  0.000000e+00  0.000000e+00  0.000000e+00  5.700000e-01  
5.761397e-01  9.442843e-01  7.187083e-01  0.000000e+00  0.000000e+00  5.700000e-01  5.761397e-01  9.442843e-01  9.803836e-01  0.000000e+00  0.000000e+00  5.700000e-01  1.000000e+00  1.000000e+00  0.000000e+00  0.000000e+00  0.000000e+00  5.700000e-01  1.000000e+00  1.000000e+00  0.000000e+00  0.000000e+00  0.000000e+00  5.700000e-01  1.000000e+00  1.000000e+00  0.000000e+00  0.000000e+00  0.000000e+00  5.700000e-01  1.000000e+00  1.000000e+00  0.000000e+00  0.000000e+00  0.000000e+00  5.700000e-01  
5.935069e-01  9.601992e-01  6.757272e-01  0.000000e+00  0.000000e+00  5.700000e-01  5.935069e-01  9.601992e-01  9.829662e-01  0.000000e+00  0.000000e+00  5.700000e-01  1.000000e+00  1.000000e+00  0.000000e+00  0.000000e+00  0.000000e+00  5.700000e-01  1.000000e+00  1.000000e+00  0.000000e+00  0.000000e+00  0.000000e+00  5.700000e-01  1.000000e+00  1.000000e+00  0.000000e+00  0.000000e+00  0.000000e+00  5.700000e-01  1.000000e+00  1.000000e+00  0.000000e+00  0.000000e+00  0.000000e+00  5.700000e-01  
6.332739e-01  1.172027e+00  6.748732e-01  0.000000e+00  0.000000e+00  5.700000e-01  6.332739e-01  1.172027e+00  9.464101e-01  0.000000e+00  0.000000e+00  5.700000e-01  1.000000e+00  1.000000e+00  0.000000e+00  0.000000e+00  0.000000e+00  5.700000e-01  1.000000e+00  1.000000e+00  0.000000e+00  0.000000e+00  0.000000e+00  5.700000e-01  1.000000e+00  1.000000e+00  0.000000e+00  0.000000e+00  0.000000e+00  5.700000e-01  1.000000e+00  1.000000e+00  0.000000e+00  0.000000e+00  0.000000e+00  5.700000e-01  
5.048480e-01  6.474596e-01  6.483890e-01  0.000000e+00  0.000000e+00  5.700000e-01  5.048480e-01  6.474596e-01  8.570196e-01  0.000000e+00  0.000000e+00  5.700000e-01  1.000000e+00  1.000000e+00  0.000000e+00  0.000000e+00  0.000000e+00  5.700000e-01  1.000000e+00  1.000000e+00  0.000000e+00  0.000000e+00  0.000000e+00  5.700000e-01  1.000000e+00  1.000000e+00  0.000000e+00  0.000000e+00  0.000000e+00  5.700000e-01  1.000000e+00  1.000000e+00  0.000000e+00  0.000000e+00  0.000000e+00  5.700000e-01  
5.580505e-01  6.663489e-01  7.014815e-01  0.000000e+00  0.000000e+00  5.700000e-01  5.580505e-01  6.663489e-01  9.758461e-01  0.000000e+00  0.000000e+00  5.700000e-01  1.000000e+00  1.000000e+00  0.000000e+00  0.000000e+00  0.000000e+00  5.700000e-01  1.000000e+00  1.000000e+00  0.000000e+00  0.000000e+00  0.000000e+00  5.700000e-01  1.000000e+00  1.000000e+00  0.000000e+00  0.000000e+00  0.000000e+00  5.700000e-01  1.000000e+00  1.000000e+00  0.000000e+00  0.000000e+00  0.000000e+00  5.700000e-01  
6.547261e-01  1.003136e+00  7.079149e-01  0.000000e+00  0.000000e+00  5.700000e-01  6.547261e-01  1.003136e+00  9.330995e-01  0.000000e+00  0.000000e+00  5.700000e-01  1.000000e+00  1.000000e+00  0.000000e+00  0.000000e+00  0.000000e+00  5.700000e-01  1.000000e+00  1.000000e+00  0.000000e+00  0.000000e+00  0.000000e+00  5.700000e-01  1.000000e+00  1.000000e+00  0.000000e+00  0.000000e+00  0.000000e+00  5.700000e-01  1.000000e+00  1.000000e+00  0.000000e+00  0.000000e+00  0.000000e+00  5.700000e-01  
5.813709e-01  9.349133e-01  6.753569e-01  0.000000e+00  0.000000e+00  5.700000e-01  5.813709e-01  9.349133e-01  9.344720e-01  0.000000e+00  0.000000e+00  5.700000e-01  1.000000e+00  1.000000e+00  0.000000e+00  0.000000e+00  0.000000e+00  5.700000e-01  1.000000e+00  1.000000e+00  0.000000e+00  0.000000e+00  0.000000e+00  5.700000e-01  1.000000e+00  1.000000e+00  0.000000e+00  0.000000e+00  0.000000e+00  5.700000e-01  1.000000e+00  1.000000e+00  0.000000e+00  0.000000e+00  0.000000e+00  5.700000e-01  
4.795112e-01  4.345342e-01  6.794817e-01  0.000000e+00  0.000000e+00  5.700000e-01  4.795112e-01  4.345342e-01  9.367614e-01  0.000000e+00  0.000000e+00  5.700000e-01  1.000000e+00  1.000000e+00  0.000000e+00  0.000000e+00  0.000000e+00  5.700000e-01  1.000000e+00  1.000000e+00  0.000000e+00  0.000000e+00  0.000000e+00  5.700000e-01  1.000000e+00  1.000000e+00  0.000000e+00  0.000000e+00  0.000000e+00  5.700000e-01  1.000000e+00  1.000000e+00  0.000000e+00  0.000000e+00  0.000000e+00  5.700000e-01  
6.001877e-01  9.520237e-01  6.640350e-01  0.000000e+00  0.000000e+00  5.700000e-01  6.001877e-01  9.520237e-01  9.460551e-01  0.000000e+00  0.000000e+00  5.700000e-01  1.000000e+00  1.000000e+00  0.000000e+00  0.000000e+00  0.000000e+00  5.700000e-01  1.000000e+00  1.000000e+00  0.000000e+00  0.000000e+00  0.000000e+00  5.700000e-01  1.000000e+00  1.000000e+00  0.000000e+00  0.000000e+00  0.000000e+00  5.700000e-01  1.000000e+00  1.000000e+00  0.000000e+00  0.000000e+00  0.000000e+00  5.700000e-01  
5.740593e-01  9.332600e-01  6.569345e-01  0.000000e+00  0.000000e+00  5.700000e-01  5.740593e-01  9.332600e-01  9.023412e-01  0.000000e+00  0.000000e+00  5.700000e-01  1.000000e+00  1.000000e+00  0.000000e+00  0.000000e+00  0.000000e+00  5.700000e-01  1.000000e+00  1.000000e+00  0.000000e+00  0.000000e+00  0.000000e+00  5.700000e-01  1.000000e+00  1.000000e+00  0.000000e+00  0.000000e+00  0.000000e+00  5.700000e-01  1.000000e+00  1.000000e+00  0.000000e+00  0.000000e+00  0.000000e+00  5.700000e-01  
6.269460e-01  1.276669e+00  6.581287e-01  0.000000e+00  0.000000e+00  5.700000e-01  6.269460e-01  1.276669e+00  9.526563e-01  0.000000e+00  0.000000e+00  5.700000e-01  1.000000e+00  1.000000e+00  0.000000e+00  0.000000e+00  0.000000e+00  5.700000e-01  1.000000e+00  1.000000e+00  0.000000e+00  0.000000e+00  0.000000e+00  5.700000e-01  1.000000e+00  1.000000e+00  0.000000e+00  0.000000e+00  0.000000e+00  5.700000e-01  1.000000e+00  1.000000e+00  0.000000e+00  0.000000e+00  0.000000e+00  5.700000e-01  
4.045729e-01  3.087859e-01  7.103478e-01  0.000000e+00  0.000000e+00  5.700000e-01  4.045729e-01  3.087859e-01  9.786053e-01  0.000000e+00  0.000000e+00  5.700000e-01  1.000000e+00  1.000000e+00  0.000000e+00  0.000000e+00  0.000000e+00  5.700000e-01  1.000000e+00  1.000000e+00  0.000000e+00  0.000000e+00  0.000000e+00  5.700000e-01  1.000000e+00  1.000000e+00  0.000000e+00  0.000000e+00  0.000000e+00  5.700000e-01  1.000000e+00  1.000000e+00  0.000000e+00  0.000000e+00  0.000000e+00  5.700000e-01  
5.778840e-01  6.794060e-01  7.402171e-01  0.000000e+00  0.000000e+00  5.700000e-01  5.778840e-01  6.794060e-01  9.634852e-01  0.000000e+00  0.000000e+00  5.700000e-01  1.000000e+00  1.000000e+00  0.000000e+00  0.000000e+00  0.000000e+00  5.700000e-01  1.000000e+00  1.000000e+00  0.000000e+00  0.000000e+00  0.000000e+00  5.700000e-01  1.000000e+00  1.000000e+00  0.000000e+00  0.000000e+00  0.000000e+00  5.700000e-01  1.000000e+00  1.000000e+00  0.000000e+00  0.000000e+00  0.000000e+00  5.700000e-01  
5.075737e-01  5.468029e-01  6.974406e-01  0.000000e+00  0.000000e+00  5.700000e-01  5.075737e-01  5.468029e-01  9.259484e-01  0.000000e+00  0.000000e+00  5.700000e-01  1.000000e+00  1.000000e+00  0.000000e+00  0.000000e+00  0.000000e+00  5.700000e-01  1.000000e+00  1.000000e+00  0.000000e+00  0.000000e+00  0.000000e+00  5.700000e-01  1.000000e+00  1.000000e+00  0.000000e+00  0.000000e+00  0.000000e+00  5.700000e-01  1.000000e+00  1.000000e+00  0.000000e+00  0.000000e+00  0.000000e+00  5.700000e-01  
6.767056e-01  1.238515e+00  6.956701e-01  0.000000e+00  0.000000e+00  5.700000e-01  6.767056e-01  1.238515e+00  9.272430e-01  0.000000e+00  0.000000e+00  5.700000e-01  1.000000e+00  1.000000e+00  0.000000e+00  0.000000e+00  0.000000e+00  5.700000e-01  1.000000e+00  1.000000e+00  0.000000e+00  0.000000e+00  0.000000e+00  5.700000e-01  1.000000e+00  1.000000e+00  0.000000e+00  0.000000e+00  0.000000e+00  5.700000e-01  1.000000e+00  1.000000e+00  0.000000e+00  0.000000e+00  0.000000e+00  5.700000e-01  
4.469008e-01  4.393003e-01  6.959980e-01  0.000000e+00  0.000000e+00  5.700000e-01  4.469008e-01  4.393003e-01  9.233414e-01  0.000000e+00  0.000000e+00  5.700000e-01  1.000000e+00  1.000000e+00  0.000000e+00  0.000000e+00  0.000000e+00  5.700000e-01  1.000000e+00  1.000000e+00  0.000000e+00  0.000000e+00  0.000000e+00  5.700000e-01  1.000000e+00  1.000000e+00  0.000000e+00  0.000000e+00  0.000000e+00  5.700000e-01  1.000000e+00  1.000000e+00  0.000000e+00  0.000000e+00  0.000000e+00  5.700000e-01  
5.485737e-01  6.228908e-01  6.830410e-01  0.000000e+00  0.000000e+00  5.700000e-01  5.485737e-01  6.228908e-01  9.170805e-01  0.000000e+00  0.000000e+00  5.700000e-01  1.000000e+00  1.000000e+00  0.000000e+00  0.000000e+00  0.000000e+00  5.700000e-01  1.000000e+00  1.000000e+00  0.000000e+00  0.000000e+00  0.000000e+00  5.700000e-01  1.000000e+00  1.000000e+00  0.000000e+00  0.000000e+00  0.000000e+00  5.700000e-01  1.000000e+00  1.000000e+00  0.000000e+00  0.000000e+00  0.000000e+00  5.700000e-01  
5.668956e-01  7.923113e-01  6.653838e-01  0.000000e+00  0.000000e+00  5.700000e-01  5.668956e-01  7.923113e-01  9.270068e-01  0.000000e+00  0.000000e+00  5.700000e-01  1.000000e+00  1.000000e+00  0.000000e+00  0.000000e+00  0.000000e+00  5.700000e-01  1.000000e+00  1.000000e+00  0.000000e+00  0.000000e+00  0.000000e+00  5.700000e-01  1.000000e+00  1.000000e+00  0.000000e+00  0.000000e+00  0.000000e+00  5.700000e-01  1.000000e+00  1.000000e+00  0.000000e+00  0.000000e+00  0.000000e+00  5.700000e-01  
5.877278e-01  8.949325e-01  7.058570e-01  0.000000e+00  0.000000e+00  5.700000e-01  5.877278e-01  8.949325e-01  9.434316e-01  0.000000e+00  0.000000e+00  5.700000e-01  1.000000e+00  1.000000e+00  0.000000e+00  0.000000e+00  0.000000e+00  5.700000e-01  1.000000e+00  1.000000e+00  0.000000e+00  0.000000e+00  0.000000e+00  5.700000e-01  1.000000e+00  1.000000e+00  0.000000e+00  0.000000e+00  0.000000e+00  5.700000e-01  1.000000e+00  1.000000e+00  0.000000e+00  0.000000e+00  0.000000e+00  5.700000e-01  
5.355826e-01  6.332735e-01  6.714940e-01  0.000000e+00  0.000000e+00  5.700000e-01  5.355826e-01  6.332735e-01  9.920344e-01  0.000000e+00  0.000000e+00  5.700000e-01  1.000000e+00  1.000000e+00  0.000000e+00  0.000000e+00  0.000000e+00  5.700000e-01  1.000000e+00  1.000000e+00  0.000000e+00  0.000000e+00  0.000000e+00  5.700000e-01  1.000000e+00  1.000000e+00  0.000000e+00  0.000000e+00  0.000000e+00  5.700000e-01  1.000000e+00  1.000000e+00  0.000000e+00  0.000000e+00  0.000000e+00  5.700000e-01  
6.214651e-01  1.186545e+00  6.654617e-01  0.000000e+00  0.000000e+00  5.700000e-01  6.214651e-01  1.186545e+00  8.471041e-01  0.000000e+00  0.000000e+00  5.700000e-01  1.000000e+00  1.000000e+00  0.000000e+00  0.000000e+00  0.000000e+00  5.700000e-01  1.000000e+00  1.000000e+00  0.000000e+00  0.000000e+00  0.000000e+00  5.700000e-01  1.000000e+00  1.000000e+00  0.000000e+00  0.000000e+00  0.000000e+00  5.700000e-01  1.000000e+00  1.000000e+00  0.000000e+00  0.000000e+00  0.000000e+00  5.700000e-01  
6.701047e-01  1.135623e+00  7.143398e-01  0.000000e+00  0.000000e+00  5.700000e-01  6.701047e-01  1.135623e+00  9.574881e-01  0.000000e+00  0.000000e+00  5.700000e-01  1.000000e+00  1.000000e+00  0.000000e+00  0.000000e+00  0.000000e+00  5.700000e-01  1.000000e+00  1.000000e+00  0.000000e+00  0.000000e+00  0.000000e+00  5.700000e-01  1.000000e+00  1.000000e+00  0.000000e+00  0.000000e+00  0.000000e+00  5.700000e-01  1.000000e+00  1.000000e+00  0.000000e+00  0.000000e+00  0.000000e+00  5.700000e-01  
6.997106e-01  1.058890e+00  6.486579e-01  0.000000e+00  0.000000e+00  5.700000e-01  6.997106e-01  1.058890e+00  9.143885e-01  0.000000e+00  0.000000e+00  5.700000e-01  1.000000e+00  1.000000e+00  0.000000e+00  0.000000e+00  0.000000e+00  5.700000e-01  1.000000e+00  1.000000e+00  0.000000e+00  0.000000e+00  0.000000e+00  5.700000e-01  1.000000e+00  1.000000e+00  0.000000e+00  0.000000e+00  0.000000e+00  5.700000e-01  1.000000e+00  1.000000e+00  0.000000e+00  0.000000e+00  0.000000e+00  5.700000e-01  
5.880968e-01  5.088794e-01  7.497188e-01  0.000000e+00  0.000000e+00  5.700000e-01  5.880968e-01  5.088794e-01  8.635180e-01  0.000000e+00  0.000000e+00  5.700000e-01  1.000000e+00  1.000000e+00  0.000000e+00  0.000000e+00  0.000000e+00  5.700000e-01  1.000000e+00  1.000000e+00  0.000000e+00  0.000000e+00  0.000000e+00  5.700000e-01  1.000000e+00  1.000000e+00  0.000000e+00  0.000000e+00  0.000000e+00  5.700000e-01  1.000000e+00  1.000000e+00  0.000000e+00  0.000000e+00  0.000000e+00  5.700000e-01  
5.297440e-01  7.835972e-01  6.933743e-01  0.000000e+00  0.000000e+00  5.700000e-01  5.297440e-01  7.835972e-01  8.953463e-01  0.000000e+00  0.000000e+00  5.700000e-01  1.000000e+00  1.000000e+00  0.000000e+00  0.000000e+00  0.000000e+00  5.700000e-01  1.000000e+00  1.000000e+00  0.000000e+00  0.000000e+00  0.000000e+00  5.700000e-01  1.000000e+00  1.000000e+00  0.000000e+00  0.000000e+00  0.000000e+00  5.700000e-01  1.000000e+00  1.000000e+00  0.000000e+00  0.000000e+00  0.000000e+00  5.700000e-01  
6.692984e-01  1.158100e+00  6.480684e-01  0.000000e+00  0.000000e+00  5.700000e-01  6.692984e-01  1.158100e+00  9.889372e-01  0.000000e+00  0.000000e+00  5.700000e-01  1.000000e+00  1.000000e+00  0.000000e+00  0.000000e+00  0.000000e+00  5.700000e-01  1.000000e+00  1.000000e+00  0.000000e+00  0.000000e+00  0.000000e+00  5.700000e-01  1.000000e+00  1.000000e+00  0.000000e+00  0.000000e+00  0.000000e+00  5.700000e-01  1.000000e+00  1.000000e+00  0.000000e+00  0.000000e+00  0.000000e+00  5.700000e-01  
6.109456e-01  6.950557e-01  8.167790e-01  0.000000e+00  0.000000e+00  5.700000e-01  6.109456e-01  6.950557e-01  -8.293392e-01  0.000000e+00  0.000000e+00  5.700000e-01  1.000000e+00  1.000000e+00  0.000000e+00  0.000000e+00  0.000000e+00  5.700000e-01  1.000000e+00  1.000000e+00  0.000000e+00  0.000000e+00  0.000000e+00  5.700000e-01  1.000000e+00  1.000000e+00  0.000000e+00  0.000000e+00  0.000000e+00  5.700000e-01  1.000000e+00  1.000000e+00  0.000000e+00  0.000000e+00  0.000000e+00  5.700000e-01  
6.097675e-01  7.288377e-01  8.013753e-01  0.000000e+00  0.000000e+00  5.700000e-01  6.097675e-01  7.288377e-01  -8.427761e-01  0.000000e+00  0.000000e+00  5.700000e-01  1.000000e+00  1.000000e+00  0.000000e+00  0.000000e+00  0.000000e+00  5.700000e-01  1.000000e+00  1.000000e+00  0.000000e+00  0.000000e+00  0.000000e+00  5.700000e-01  1.000000e+00  1.000000e+00  0.000000e+00  0.000000e+00  0.000000e+00  5.700000e-01  1.000000e+00  1.000000e+00  0.000000e+00  0.000000e+00  0.000000e+00  5.700000e-01  
5.896513e-01  6.620536e-01  7.998694e-01  0.000000e+00  0.000000e+00  5.700000e-01  5.896513e-01  6.620536e-01  -7.909239e-01  0.000000e+00  0.000000e+00  5.700000e-01  1.000000e+00  1.000000e+00  0.000000e+00  0.000000e+00  0.000000e+00  5.700000e-01  1.000000e+00  1.000000e+00  0.000000e+00  0.000000e+00  0.000000e+00  5.700000e-01  1.000000e+00  1.000000e+00  0.000000e+00  0.000000e+00  0.000000e+00  5.700000e-01  1.000000e+00  1.000000e+00  0.000000e+00  0.000000e+00  0.000000e+00  5.700000e-01  
6.103117e-01  7.801564e-01  7.964544e-01  0.000000e+00  0.000000e+00  5.700000e-01  6.103117e-01  7.801564e-01  -8.587383e-01  0.000000e+00  0.000000e+00  5.700000e-01  1.000000e+00  1.000000e+00  0.000000e+00  0.000000e+00  0.000000e+00  5.700000e-01  1.000000e+00  1.000000e+00  0.000000e+00  0.000000e+00  0.000000e+00  5.700000e-01  1.000000e+00  1.000000e+00  0.000000e+00  0.000000e+00  0.000000e+00  5.700000e-01  1.000000e+00  1.000000e+00  0.000000e+00  0.000000e+00  0.000000e+00  5.700000e-01  
5.810910e-01  7.089021e-01  8.148154e-01  0.000000e+00  0.000000e+00  5.700000e-01  5.810910e-01  7.089021e-01  -8.096067e-01  0.000000e+00  0.000000e+00  5.700000e-01  1.000000e+00  1.000000e+00  0.000000e+00  0.000000e+00  0.000000e+00  5.700000e-01  1.000000e+00  1.000000e+00  0.000000e+00  0.000000e+00  0.000000e+00  5.700000e-01  1.000000e+00  1.000000e+00  0.000000e+00  0.000000e+00  0.000000e+00  5.700000e-01  1.000000e+00  1.000000e+00  0.000000e+00  0.000000e+00  0.000000e+00  5.700000e-01  
5.809659e-01  5.390614e-01  8.383287e-01  0.000000e+00  0.000000e+00  5.700000e-01  5.809659e-01  5.390614e-01  -8.032900e-01  0.000000e+00  0.000000e+00  5.700000e-01  1.000000e+00  1.000000e+00  0.000000e+00  0.000000e+00  0.000000e+00  5.700000e-01  1.000000e+00  1.000000e+00  0.000000e+00  0.000000e+00  0.000000e+00  5.700000e-01  1.000000e+00  1.000000e+00  0.000000e+00  0.000000e+00  0.000000e+00  5.700000e-01  1.000000e+00  1.000000e+00  0.000000e+00  0.000000e+00  0.000000e+00  5.700000e-01  
6.049044e-01  7.925798e-01  7.863880e-01  0.000000e+00  0.000000e+00  5.700000e-01  6.049044e-01  7.925798e-01  -8.493859e-01  0.000000e+00  0.000000e+00  5.700000e-01  1.000000e+00  1.000000e+00  0.000000e+00  0.000000e+00  0.000000e+00  5.700000e-01  1.000000e+00  1.000000e+00  0.000000e+00  0.000000e+00  0.000000e+00  5.700000e-01  1.000000e+00  1.000000e+00  0.000000e+00  0.000000e+00  0.000000e+00  5.700000e-01  1.000000e+00  1.000000e+00  0.000000e+00  0.000000e+00  0.000000e+00  5.700000e-01  
6.098264e-01  6.150107e-01  8.201622e-01  0.000000e+00  0.000000e+00  5.700000e-01  6.098264e-01  6.150107e-01  -7.529891e-01  0.000000e+00  0.000000e+00  5.700000e-01  1.000000e+00  1.000000e+00  0.000000e+00  0.000000e+00  0.000000e+00  5.700000e-01  1.000000e+00  1.000000e+00  0.000000e+00  0.000000e+00  0.000000e+00  5.700000e-01  1.000000e+00  1.000000e+00  0.000000e+00  0.000000e+00  0.000000e+00  5.700000e-01  1.000000e+00  1.000000e+00  0.000000e+00  0.000000e+00  0.000000e+00  5.700000e-01  
5.215926e-01  4.272404e-01  8.181193e-01  0.000000e+00  0.000000e+00  5.700000e-01  5.215926e-01  4.272404e-01  -7.548003e-01  0.000000e+00  0.000000e+00  5.700000e-01  1.000000e+00  1.000000e+00  0.000000e+00  0.000000e+00  0.000000e+00  5.700000e-01  1.000000e+00  1.000000e+00  0.000000e+00  0.000000e+00  0.000000e+00  5.700000e-01  1.000000e+00  1.000000e+00  0.000000e+00  0.000000e+00  0.000000e+00  5.700000e-01  1.000000e+00  1.000000e+00  0.000000e+00  0.000000e+00  0.000000e+00  5.700000e-01  
6.398458e-01  8.034033e-01  8.058977e-01  0.000000e+00  0.000000e+00  5.700000e-01  6.398458e-01  8.034033e-01  -7.395985e-01  0.000000e+00  0.000000e+00  5.700000e-01  1.000000e+00  1.000000e+00  0.000000e+00  0.000000e+00  0.000000e+00  5.700000e-01  1.000000e+00  1.000000e+00  0.000000e+00  0.000000e+00  0.000000e+00  5.700000e-01  1.000000e+00  1.000000e+00  0.000000e+00  0.000000e+00  0.000000e+00  5.700000e-01  1.000000e+00  1.000000e+00  0.000000e+00  0.000000e+00  0.000000e+00  5.700000e-01  
6.115949e-01  6.667085e-01  8.119078e-01  0.000000e+00  0.000000e+00  5.700000e-01  6.115949e-01  6.667085e-01  -6.444626e-01  0.000000e+00  0.000000e+00  5.700000e-01  1.000000e+00  1.000000e+00  0.000000e+00  0.000000e+00  0.000000e+00  5.700000e-01  1.000000e+00  1.000000e+00  0.000000e+00  0.000000e+00  0.000000e+00  5.700000e-01  1.000000e+00  1.000000e+00  0.000000e+00  0.000000e+00  0.000000e+00  5.700000e-01  1.000000e+00  1.000000e+00  0.000000e+00  0.000000e+00  0.000000e+00  5.700000e-01  
5.242069e-01  5.101562e-01  7.977971e-01  0.000000e+00  0.000000e+00  5.700000e-01  5.242069e-01  5.101562e-01  -7.890870e-01  0.000000e+00  0.000000e+00  5.700000e-01  1.000000e+00  1.000000e+00  0.000000e+00  0.000000e+00  0.000000e+00  5.700000e-01  1.000000e+00  1.000000e+00  0.000000e+00  0.000000e+00  0.000000e+00  5.700000e-01  1.000000e+00  1.000000e+00  0.000000e+00  0.000000e+00  0.000000e+00  5.700000e-01  1.000000e+00  1.000000e+00  0.000000e+00  0.000000e+00  0.000000e+00  5.700000e-01  
5.464767e-01  6.130497e-01  7.882791e-01  0.000000e+00  0.000000e+00  5.700000e-01  5.464767e-01  6.130497e-01  -7.348828e-01  0.000000e+00  0.000000e+00  5.700000e-01  1.000000e+00  1.000000e+00  0.000000e+00  0.000000e+00  0.000000e+00  5.700000e-01  1.000000e+00  1.000000e+00  0.000000e+00  0.000000e+00  0.000000e+00  5.700000e-01  1.000000e+00  1.000000e+00  0.000000e+00  0.000000e+00  0.000000e+00  5.700000e-01  1.000000e+00  1.000000e+00  0.000000e+00  0.000000e+00  0.000000e+00  5.700000e-01  
6.008606e-01  6.183963e-01  8.338461e-01  0.000000e+00  0.000000e+00  5.700000e-01  6.008606e-01  6.183963e-01  -7.038083e-01  0.000000e+00  0.000000e+00  5.700000e-01  1.000000e+00  1.000000e+00  0.000000e+00  0.000000e+00  0.000000e+00  5.700000e-01  1.000000e+00  1.000000e+00  0.000000e+00  0.000000e+00  0.000000e+00  5.700000e-01  1.000000e+00  1.000000e+00  0.000000e+00  0.000000e+00  0.000000e+00  5.700000e-01  1.000000e+00  1.000000e+00  0.000000e+00  0.000000e+00  0.000000e+00  5.700000e-01  
5.492253e-01  4.811764e-01  8.523583e-01  0.000000e+00  0.000000e+00  5.700000e-01  5.492253e-01  4.811764e-01  -7.975173e-01  0.000000e+00  0.000000e+00  5.700000e-01  1.000000e+00  1.000000e+00  0.000000e+00  0.000000e+00  0.000000e+00  5.700000e-01  1.000000e+00  1.000000e+00  0.000000e+00  0.000000e+00  0.000000e+00  5.700000e-01  1.000000e+00  1.000000e+00  0.000000e+00  0.000000e+00  0.000000e+00  5.700000e-01  1.000000e+00  1.000000e+00  0.000000e+00  0.000000e+00  0.000000e+00  5.700000e-01  
6.219053e-01  8.317593e-01  7.577850e-01  0.000000e+00  0.000000e+00  5.700000e-01  6.219053e-01  8.317593e-01  -7.004883e-01  0.000000e+00  0.000000e+00  5.700000e-01  1.000000e+00  1.000000e+00  0.000000e+00  0.000000e+00  0.000000e+00  5.700000e-01  1.000000e+00  1.000000e+00  0.000000e+00  0.000000e+00  0.000000e+00  5.700000e-01  1.000000e+00  1.000000e+00  0.000000e+00  0.000000e+00  0.000000e+00  5.700000e-01  1.000000e+00  1.000000e+00  0.000000e+00  0.000000e+00  0.000000e+00  5.700000e-01  
6.170377e-01  7.836249e-01  7.960450e-01  0.000000e+00  0.000000e+00  5.700000e-01  6.170377e-01  7.836249e-01  -5.730047e-01  0.000000e+00  0.000000e+00  5.700000e-01  1.000000e+00  1.000000e+00  0.000000e+00  0.000000e+00  0.000000e+00  5.700000e-01  1.000000e+00  1.000000e+00  0.000000e+00  0.000000e+00  0.000000e+00  5.700000e-01  1.000000e+00  1.000000e+00  0.000000e+00  0.000000e+00  0.000000e+00  5.700000e-01  1.000000e+00  1.000000e+00  0.000000e+00  0.000000e+00  0.000000e+00  5.700000e-01  
6.304927e-01  9.566655e-01  8.036570e-01  0.000000e+00  0.000000e+00  5.700000e-01  6.304927e-01  9.566655e-01  -7.203200e-01  0.000000e+00  0.000000e+00  5.700000e-01  1.000000e+00  1.000000e+00  0.000000e+00  0.000000e+00  0.000000e+00  5.700000e-01  1.000000e+00  1.000000e+00  0.000000e+00  0.000000e+00  0.000000e+00  5.700000e-01  1.000000e+00  1.000000e+00  0.000000e+00  0.000000e+00  0.000000e+00  5.700000e-01  1.000000e+00  1.000000e+00  0.000000e+00  0.000000e+00  0.000000e+00  5.700000e-01  
6.532652e-01  7.415582e-01  8.211587e-01  0.000000e+00  0.000000e+00  5.700000e-01  6.532652e-01  7.415582e-01  -6.812788e-01  0.000000e+00  0.000000e+00  5.700000e-01  1.000000e+00  1.000000e+00  0.000000e+00  0.000000e+00  0.000000e+00  5.700000e-01  1.000000e+00  1.000000e+00  0.000000e+00  0.000000e+00  0.000000e+00  5.700000e-01  1.000000e+00  1.000000e+00  0.000000e+00  0.000000e+00  0.000000e+00  5.700000e-01  1.000000e+00  1.000000e+00  0.000000e+00  0.000000e+00  0.000000e+00  5.700000e-01  
5.600365e-01  5.703890e-01  8.472197e-01  0.000000e+00  0.000000e+00  5.700000e-01  5.600365e-01  5.703890e-01  -7.557153e-01  0.000000e+00  0.000000e+00  5.700000e-01  1.000000e+00  1.000000e+00  0.000000e+00  0.000000e+00  0.000000e+00  5.700000e-01  1.000000e+00  1.000000e+00  0.000000e+00  0.000000e+00  0.000000e+00  5.700000e-01  1.000000e+00  1.000000e+00  0.000000e+00  0.000000e+00  0.000000e+00  5.700000e-01  1.000000e+00  1.000000e+00  0.000000e+00  0.000000e+00  0.000000e+00  5.700000e-01  
7.066206e-01  8.050591e-01  8.207806e-01  0.000000e+00  0.000000e+00  5.700000e-01  7.066206e-01  8.050591e-01  -3.824451e-01  0.000000e+00  0.000000e+00  5.700000e-01  1.000000e+00  1.000000e+00  0.000000e+00  0.000000e+00  0.000000e+00  5.700000e-01  1.000000e+00  1.000000e+00  0.000000e+00  0.000000e+00  0.000000e+00  5.700000e-01  1.000000e+00  1.000000e+00  0.000000e+00  0.000000e+00  0.000000e+00  5.700000e-01  1.000000e+00  1.000000e+00  0.000000e+00  0.000000e+00  0.000000e+00  5.700000e-01  
5.952206e-01  1.340979e+00  6.789185e-01  0.000000e+00  0.000000e+00  5.700000e-01  5.952206e-01  1.340979e+00  -4.056105e-01  0.000000e+00  0.000000e+00  5.700000e-01  1.000000e+00  1.000000e+00  0.000000e+00  0.000000e+00  0.000000e+00  5.700000e-01  1.000000e+00  1.000000e+00  0.000000e+00  0.000000e+00  0.000000e+00  5.700000e-01  1.000000e+00  1.000000e+00  0.000000e+00  0.000000e+00  0.000000e+00  5.700000e-01  1.000000e+00  1.000000e+00  0.000000e+00  0.000000e+00  0.000000e+00  5.700000e-01  
6.057722e-01  1.078812e+00  7.648029e-01  0.000000e+00  0.000000e+00  5.700000e-01  6.057722e-01  1.078812e+00  -5.517086e-01  0.000000e+00  0.000000e+00  5.700000e-01  1.000000e+00  1.000000e+00  0.000000e+00  0.000000e+00  0.000000e+00  5.700000e-01  1.000000e+00  1.000000e+00  0.000000e+00  0.000000e+00  0.000000e+00  5.700000e-01  1.000000e+00  1.000000e+00  0.000000e+00  0.000000e+00  0.000000e+00  5.700000e-01  1.000000e+00  1.000000e+00  0.000000e+00  0.000000e+00  0.000000e+00  5.700000e-01  
5.956724e-01  6.616742e-01  7.755629e-01  0.000000e+00  0.000000e+00  5.700000e-01  5.956724e-01  6.616742e-01  -5.673321e-01  0.000000e+00  0.000000e+00  5.700000e-01  1.000000e+00  1.000000e+00  0.000000e+00  0.000000e+00  0.000000e+00  5.700000e-01  1.000000e+00  1.000000e+00  0.000000e+00  0.000000e+00  0.000000e+00  5.700000e-01  1.000000e+00  1.000000e+00  0.000000e+00  0.000000e+00  0.000000e+00  5.700000e-01  1.000000e+00  1.000000e+00  0.000000e+00  0.000000e+00  0.000000e+00  5.700000e-01  
6.860089e-01  1.840374e+00  5.745224e-01  0.000000e+00  0.000000e+00  5.700000e-01  6.860089e-01  1.840374e+00  9.994545e-01  0.000000e+00  0.000000e+00  5.700000e-01  1.000000e+00  1.000000e+00  0.000000e+00  0.000000e+00  0.000000e+00  5.700000e-01  1.000000e+00  1.000000e+00  0.000000e+00  0.000000e+00  0.000000e+00  5.700000e-01  1.000000e+00  1.000000e+00  0.000000e+00  0.000000e+00  0.000000e+00  5.700000e-01  1.000000e+00  1.000000e+00  0.000000e+00  0.000000e+00  0.000000e+00  5.700000e-01  
6.624005e-01  1.811904e+00  5.573618e-01  0.000000e+00  0.000000e+00  5.700000e-01  6.624005e-01  1.811904e+00  9.801373e-01  0.000000e+00  0.000000e+00  5.700000e-01  1.000000e+00  1.000000e+00  0.000000e+00  0.000000e+00  0.000000e+00  5.700000e-01  1.000000e+00  1.000000e+00  0.000000e+00  0.000000e+00  0.000000e+00  5.700000e-01  1.000000e+00  1.000000e+00  0.000000e+00  0.000000e+00  0.000000e+00  5.700000e-01  1.000000e+00  1.000000e+00  0.000000e+00  0.000000e+00  0.000000e+00  5.700000e-01  
6.877576e-01  1.990596e+00  5.683855e-01  0.000000e+00  0.000000e+00  5.700000e-01  6.877576e-01  1.990596e+00  9.825122e-01  0.000000e+00  0.000000e+00  5.700000e-01  1.000000e+00  1.000000e+00  0.000000e+00  0.000000e+00  0.000000e+00  5.700000e-01  1.000000e+00  1.000000e+00  0.000000e+00  0.000000e+00  0.000000e+00  5.700000e-01  1.000000e+00  1.000000e+00  0.000000e+00  0.000000e+00  0.000000e+00  5.700000e-01  1.000000e+00  1.000000e+00  0.000000e+00  0.000000e+00  0.000000e+00  5.700000e-01  
6.831116e-01  1.792538e+00  5.722356e-01  0.000000e+00  0.000000e+00  5.700000e-01  6.831116e-01  1.792538e+00  9.904675e-01  0.000000e+00  0.000000e+00  5.700000e-01  1.000000e+00  1.000000e+00  0.000000e+00  0.000000e+00  0.000000e+00  5.700000e-01  1.000000e+00  1.000000e+00  0.000000e+00  0.000000e+00  0.000000e+00  5.700000e-01  1.000000e+00  1.000000e+00  0.000000e+00  0.000000e+00  0.000000e+00  5.700000e-01  1.000000e+00  1.000000e+00  0.000000e+00  0.000000e+00  0.000000e+00  5.700000e-01  
6.610150e-01  1.773625e+00  5.658175e-01  0.000000e+00  0.000000e+00  5.700000e-01  6.610150e-01  1.773625e+00  9.513571e-01  0.000000e+00  0.000000e+00  5.700000e-01  1.000000e+00  1.000000e+00  0.000000e+00  0.000000e+00  0.000000e+00  5.700000e-01  1.000000e+00  1.000000e+00  0.000000e+00  0.000000e+00  0.000000e+00  5.700000e-01  1.000000e+00  1.000000e+00  0.000000e+00  0.000000e+00  0.000000e+00  5.700000e-01  1.000000e+00  1.000000e+00  0.000000e+00  0.000000e+00  0.000000e+00  5.700000e-01  
6.466354e-01  1.743902e+00  5.621862e-01  0.000000e+00  0.000000e+00  5.700000e-01  6.466354e-01  1.743902e+00  9.704150e-01  0.000000e+00  0.000000e+00  5.700000e-01  1.000000e+00  1.000000e+00  0.000000e+00  0.000000e+00  0.000000e+00  5.700000e-01  1.000000e+00  1.000000e+00  0.000000e+00  0.000000e+00  0.000000e+00  5.700000e-01  1.000000e+00  1.000000e+00  0.000000e+00  0.000000e+00  0.000000e+00  5.700000e-01  1.000000e+00  1.000000e+00  0.000000e+00  0.000000e+00  0.000000e+00  5.700000e-01  
6.302797e-01  1.583649e+00  5.811779e-01  0.000000e+00  0.000000e+00  5.700000e-01  6.302797e-01  1.583649e+00  9.456039e-01  0.000000e+00  0.000000e+00  5.700000e-01  1.000000e+00  1.000000e+00  0.000000e+00  0.000000e+00  0.000000e+00  5.700000e-01  1.000000e+00  1.000000e+00  0.000000e+00  0.000000e+00  0.000000e+00  5.700000e-01  1.000000e+00  1.000000e+00  0.000000e+00  0.000000e+00  0.000000e+00  5.700000e-01  1.000000e+00  1.000000e+00  0.000000e+00  0.000000e+00  0.000000e+00  5.700000e-01  
6.613755e-01  1.556083e+00  5.697211e-01  0.000000e+00  0.000000e+00  5.700000e-01  6.613755e-01  1.556083e+00  9.928254e-01  0.000000e+00  0.000000e+00  5.700000e-01  1.000000e+00  1.000000e+00  0.000000e+00  0.000000e+00  0.000000e+00  5.700000e-01  1.000000e+00  1.000000e+00  0.000000e+00  0.000000e+00  0.000000e+00  5.700000e-01  1.000000e+00  1.000000e+00  0.000000e+00  0.000000e+00  0.000000e+00  5.700000e-01  1.000000e+00  1.000000e+00  0.000000e+00  0.000000e+00  0.000000e+00  5.700000e-01  
6.977884e-01  1.893474e+00  5.837046e-01  0.000000e+00  0.000000e+00  5.700000e-01  6.977884e-01  1.893474e+00  9.538267e-01  0.000000e+00  0.000000e+00  5.700000e-01  1.000000e+00  1.000000e+00  0.000000e+00  0.000000e+00  0.000000e+00  5.700000e-01  1.000000e+00  1.000000e+00  0.000000e+00  0.000000e+00  0.000000e+00  5.700000e-01  1.000000e+00  1.000000e+00  0.000000e+00  0.000000e+00  0.000000e+00  5.700000e-01  1.000000e+00  1.000000e+00  0.000000e+00  0.000000e+00  0.000000e+00  5.700000e-01  
6.679065e-01  1.772702e+00  5.637207e-01  0.000000e+00  0.000000e+00  5.700000e-01  6.679065e-01  1.772702e+00  9.829142e-01  0.000000e+00  0.000000e+00  5.700000e-01  1.000000e+00  1.000000e+00  0.000000e+00  0.000000e+00  0.000000e+00  5.700000e-01  1.000000e+00  1.000000e+00  0.000000e+00  0.000000e+00  0.000000e+00  5.700000e-01  1.000000e+00  1.000000e+00  0.000000e+00  0.000000e+00  0.000000e+00  5.700000e-01  1.000000e+00  1.000000e+00  0.000000e+00  0.000000e+00  0.000000e+00  5.700000e-01  
7.024290e-01  1.790491e+00  6.003562e-01  0.000000e+00  0.000000e+00  5.700000e-01  7.024290e-01  1.790491e+00  8.502055e-01  0.000000e+00  0.000000e+00  5.700000e-01  1.000000e+00  1.000000e+00  0.000000e+00  0.000000e+00  0.000000e+00  5.700000e-01  1.000000e+00  1.000000e+00  0.000000e+00  0.000000e+00  0.000000e+00  5.700000e-01  1.000000e+00  1.000000e+00  0.000000e+00  0.000000e+00  0.000000e+00  5.700000e-01  1.000000e+00  1.000000e+00  0.000000e+00  0.000000e+00  0.000000e+00  5.700000e-01  
6.838037e-01  1.571474e+00  5.979644e-01  0.000000e+00  0.000000e+00  5.700000e-01  6.838037e-01  1.571474e+00  9.392627e-01  0.000000e+00  0.000000e+00  5.700000e-01  1.000000e+00  1.000000e+00  0.000000e+00  0.000000e+00  0.000000e+00  5.700000e-01  1.000000e+00  1.000000e+00  0.000000e+00  0.000000e+00  0.000000e+00  5.700000e-01  1.000000e+00  1.000000e+00  0.000000e+00  0.000000e+00  0.000000e+00  5.700000e-01  1.000000e+00  1.000000e+00  0.000000e+00  0.000000e+00  0.000000e+00  5.700000e-01  
7.042041e-01  1.867882e+00  6.056817e-01  0.000000e+00  0.000000e+00  5.700000e-01  7.042041e-01  1.867882e+00  9.996271e-01  0.000000e+00  0.000000e+00  5.700000e-01  1.000000e+00  1.000000e+00  0.000000e+00  0.000000e+00  0.000000e+00  5.700000e-01  1.000000e+00  1.000000e+00  0.000000e+00  0.000000e+00  0.000000e+00  5.700000e-01  1.000000e+00  1.000000e+00  0.000000e+00  0.000000e+00  0.000000e+00  5.700000e-01  1.000000e+00  1.000000e+00  0.000000e+00  0.000000e+00  0.000000e+00  5.700000e-01  
5.294638e-01  1.177857e+00  5.487324e-01  0.000000e+00  0.000000e+00  5.700000e-01  5.294638e-01  1.177857e+00  9.741916e-01  0.000000e+00  0.000000e+00  5.700000e-01  1.000000e+00  1.000000e+00  0.000000e+00  0.000000e+00  0.000000e+00  5.700000e-01  1.000000e+00  1.000000e+00  0.000000e+00  0.000000e+00  0.000000e+00  5.700000e-01  1.000000e+00  1.000000e+00  0.000000e+00  0.000000e+00  0.000000e+00  5.700000e-01  1.000000e+00  1.000000e+00  0.000000e+00  0.000000e+00  0.000000e+00  5.700000e-01  
7.099454e-01  2.051854e+00  5.653998e-01  0.000000e+00  0.000000e+00  5.700000e-01  7.099454e-01  2.051854e+00  8.975576e-01  0.000000e+00  0.000000e+00  5.700000e-01  1.000000e+00  1.000000e+00  0.000000e+00  0.000000e+00  0.000000e+00  5.700000e-01  1.000000e+00  1.000000e+00  0.000000e+00  0.000000e+00  0.000000e+00  5.700000e-01  1.000000e+00  1.000000e+00  0.000000e+00  0.000000e+00  0.000000e+00  5.700000e-01  1.000000e+00  1.000000e+00  0.000000e+00  0.000000e+00  0.000000e+00  5.700000e-01  
8.216531e-01  2.728464e+00  5.580228e-01  0.000000e+00  0.000000e+00  5.700000e-01  8.216531e-01  2.728464e+00  8.869487e-01  0.000000e+00  0.000000e+00  5.700000e-01  1.000000e+00  1.000000e+00  0.000000e+00  0.000000e+00  0.000000e+00  5.700000e-01  1.000000e+00  1.000000e+00  0.000000e+00  0.000000e+00  0.000000e+00  5.700000e-01  1.000000e+00  1.000000e+00  0.000000e+00  0.000000e+00  0.000000e+00  5.700000e-01  1.000000e+00  1.000000e+00  0.000000e+00  0.000000e+00  0.000000e+00  5.700000e-01  
6.430187e-01  1.684048e+00  5.739716e-01  0.000000e+00  0.000000e+00  5.700000e-01  6.430187e-01  1.684048e+00  9.622312e-01  0.000000e+00  0.000000e+00  5.700000e-01  1.000000e+00  1.000000e+00  0.000000e+00  0.000000e+00  0.000000e+00  5.700000e-01  1.000000e+00  1.000000e+00  0.000000e+00  0.000000e+00  0.000000e+00  5.700000e-01  1.000000e+00  1.000000e+00  0.000000e+00  0.000000e+00  0.000000e+00  5.700000e-01  1.000000e+00  1.000000e+00  0.000000e+00  0.000000e+00  0.000000e+00  5.700000e-01  
7.797791e-01  2.331099e+00  5.959501e-01  0.000000e+00  0.000000e+00  5.700000e-01  7.797791e-01  2.331099e+00  9.374593e-01  0.000000e+00  0.000000e+00  5.700000e-01  1.000000e+00  1.000000e+00  0.000000e+00  0.000000e+00  0.000000e+00  5.700000e-01  1.000000e+00  1.000000e+00  0.000000e+00  0.000000e+00  0.000000e+00  5.700000e-01  1.000000e+00  1.000000e+00  0.000000e+00  0.000000e+00  0.000000e+00  5.700000e-01  1.000000e+00  1.000000e+00  0.000000e+00  0.000000e+00  0.000000e+00  5.700000e-01  
7.457199e-01  2.428734e+00  5.835581e-01  0.000000e+00  0.000000e+00  5.700000e-01  7.457199e-01  2.428734e+00  9.952452e-01  0.000000e+00  0.000000e+00  5.700000e-01  1.000000e+00  1.000000e+00  0.000000e+00  0.000000e+00  0.000000e+00  5.700000e-01  1.000000e+00  1.000000e+00  0.000000e+00  0.000000e+00  0.000000e+00  5.700000e-01  1.000000e+00  1.000000e+00  0.000000e+00  0.000000e+00  0.000000e+00  5.700000e-01  1.000000e+00  1.000000e+00  0.000000e+00  0.000000e+00  0.000000e+00  5.700000e-01  
6.208254e-01  1.773699e+00  5.274305e-01  0.000000e+00  0.000000e+00  5.700000e-01  6.208254e-01  1.773699e+00  9.313397e-01  0.000000e+00  0.000000e+00  5.700000e-01  1.000000e+00  1.000000e+00  0.000000e+00  0.000000e+00  0.000000e+00  5.700000e-01  1.000000e+00  1.000000e+00  0.000000e+00  0.000000e+00  0.000000e+00  5.700000e-01  1.000000e+00  1.000000e+00  0.000000e+00  0.000000e+00  0.000000e+00  5.700000e-01  1.000000e+00  1.000000e+00  0.000000e+00  0.000000e+00  0.000000e+00  5.700000e-01  
5.175806e-01  1.070406e+00  5.906340e-01  0.000000e+00  0.000000e+00  5.700000e-01  5.175806e-01  1.070406e+00  9.984384e-01  0.000000e+00  0.000000e+00  5.700000e-01  1.000000e+00  1.000000e+00  0.000000e+00  0.000000e+00  0.000000e+00  5.700000e-01  1.000000e+00  1.000000e+00  0.000000e+00  0.000000e+00  0.000000e+00  5.700000e-01  1.000000e+00  1.000000e+00  0.000000e+00  0.000000e+00  0.000000e+00  5.700000e-01  1.000000e+00  1.000000e+00  0.000000e+00  0.000000e+00  0.000000e+00  5.700000e-01  
7.458735e-01  2.325641e+00  5.581387e-01  0.000000e+00  0.000000e+00  5.700000e-01  7.458735e-01  2.325641e+00  9.737773e-01  0.000000e+00  0.000000e+00  5.700000e-01  1.000000e+00  1.000000e+00  0.000000e+00  0.000000e+00  0.000000e+00  5.700000e-01  1.000000e+00  1.000000e+00  0.000000e+00  0.000000e+00  0.000000e+00  5.700000e-01  1.000000e+00  1.000000e+00  0.000000e+00  0.000000e+00  0.000000e+00  5.700000e-01  1.000000e+00  1.000000e+00  0.000000e+00  0.000000e+00  0.000000e+00  5.700000e-01  
6.860478e-01  1.933270e+00  5.857754e-01  0.000000e+00  0.000000e+00  5.700000e-01  6.860478e-01  1.933270e+00  8.977747e-01  0.000000e+00  0.000000e+00  5.700000e-01  1.000000e+00  1.000000e+00  0.000000e+00  0.000000e+00  0.000000e+00  5.700000e-01  1.000000e+00  1.000000e+00  0.000000e+00  0.000000e+00  0.000000e+00  5.700000e-01  1.000000e+00  1.000000e+00  0.000000e+00  0.000000e+00  0.000000e+00  5.700000e-01  1.000000e+00  1.000000e+00  0.000000e+00  0.000000e+00  0.000000e+00  5.700000e-01  
6.472313e-01  1.850090e+00  5.510863e-01  0.000000e+00  0.000000e+00  5.700000e-01  6.472313e-01  1.850090e+00  9.947430e-01  0.000000e+00  0.000000e+00  5.700000e-01  1.000000e+00  1.000000e+00  0.000000e+00  0.000000e+00  0.000000e+00  5.700000e-01  1.000000e+00  1.000000e+00  0.000000e+00  0.000000e+00  0.000000e+00  5.700000e-01  1.000000e+00  1.000000e+00  0.000000e+00  0.000000e+00  0.000000e+00  5.700000e-01  1.000000e+00  1.000000e+00  0.000000e+00  0.000000e+00  0.000000e+00  5.700000e-01  
7.795752e-01  2.007811e+00  5.911366e-01  0.000000e+00  0.000000e+00  5.700000e-01  7.795752e-01  2.007811e+00  9.376883e-01  0.000000e+00  0.000000e+00  5.700000e-01  1.000000e+00  1.000000e+00  0.000000e+00  0.000000e+00  0.000000e+00  5.700000e-01  1.000000e+00  1.000000e+00  0.000000e+00  0.000000e+00  0.000000e+00  5.700000e-01  1.000000e+00  1.000000e+00  0.000000e+00  0.000000e+00  0.000000e+00  5.700000e-01  1.000000e+00  1.000000e+00  0.000000e+00  0.000000e+00  0.000000e+00  5.700000e-01  
6.957510e-01  1.739321e+00  5.738950e-01  0.000000e+00  0.000000e+00  5.700000e-01  6.957510e-01  1.739321e+00  9.885142e-01  0.000000e+00  0.000000e+00  5.700000e-01  1.000000e+00  1.000000e+00  0.000000e+00  0.000000e+00  0.000000e+00  5.700000e-01  1.000000e+00  1.000000e+00  0.000000e+00  0.000000e+00  0.000000e+00  5.700000e-01  1.000000e+00  1.000000e+00  0.000000e+00  0.000000e+00  0.000000e+00  5.700000e-01  1.000000e+00  1.000000e+00  0.000000e+00  0.000000e+00  0.000000e+00  5.700000e-01  
7.756846e-01  2.523796e+00  5.204806e-01  0.000000e+00  0.000000e+00  5.700000e-01  7.756846e-01  2.523796e+00  9.578146e-01  0.000000e+00  0.000000e+00  5.700000e-01  1.000000e+00  1.000000e+00  0.000000e+00  0.000000e+00  0.000000e+00  5.700000e-01  1.000000e+00  1.000000e+00  0.000000e+00  0.000000e+00  0.000000e+00  5.700000e-01  1.000000e+00  1.000000e+00  0.000000e+00  0.000000e+00  0.000000e+00  5.700000e-01  1.000000e+00  1.000000e+00  0.000000e+00  0.000000e+00  0.000000e+00  5.700000e-01  
7.347142e-01  1.862086e+00  5.748309e-01  0.000000e+00  0.000000e+00  5.700000e-01  7.347142e-01  1.862086e+00  8.425710e-01  0.000000e+00  0.000000e+00  5.700000e-01  1.000000e+00  1.000000e+00  0.000000e+00  0.000000e+00  0.000000e+00  5.700000e-01  1.000000e+00  1.000000e+00  0.000000e+00  0.000000e+00  0.000000e+00  5.700000e-01  1.000000e+00  1.000000e+00  0.000000e+00  0.000000e+00  0.000000e+00  5.700000e-01  1.000000e+00  1.000000e+00  0.000000e+00  0.000000e+00  0.000000e+00  5.700000e-01  
6.733663e-01  1.730864e+00  5.638644e-01  0.000000e+00  0.000000e+00  5.700000e-01  6.733663e-01  1.730864e+00  9.323493e-01  0.000000e+00  0.000000e+00  5.700000e-01  1.000000e+00  1.000000e+00  0.000000e+00  0.000000e+00  0.000000e+00  5.700000e-01  1.000000e+00  1.000000e+00  0.000000e+00  0.000000e+00  0.000000e+00  5.700000e-01  1.000000e+00  1.000000e+00  0.000000e+00  0.000000e+00  0.000000e+00  5.700000e-01  1.000000e+00  1.000000e+00  0.000000e+00  0.000000e+00  0.000000e+00  5.700000e-01  
7.512978e-01  1.885854e+00  6.004744e-01  0.000000e+00  0.000000e+00  5.700000e-01  7.512978e-01  1.885854e+00  9.876261e-01  0.000000e+00  0.000000e+00  5.700000e-01  1.000000e+00  1.000000e+00  0.000000e+00  0.000000e+00  0.000000e+00  5.700000e-01  1.000000e+00  1.000000e+00  0.000000e+00  0.000000e+00  0.000000e+00  5.700000e-01  1.000000e+00  1.000000e+00  0.000000e+00  0.000000e+00  0.000000e+00  5.700000e-01  1.000000e+00  1.000000e+00  0.000000e+00  0.000000e+00  0.000000e+00  5.700000e-01  
6.885496e-01  1.786428e+00  5.795715e-01  0.000000e+00  0.000000e+00  5.700000e-01  6.885496e-01  1.786428e+00  9.904675e-01  0.000000e+00  0.000000e+00  5.700000e-01  1.000000e+00  1.000000e+00  0.000000e+00  0.000000e+00  0.000000e+00  5.700000e-01  1.000000e+00  1.000000e+00  0.000000e+00  0.000000e+00  0.000000e+00  5.700000e-01  1.000000e+00  1.000000e+00  0.000000e+00  0.000000e+00  0.000000e+00  5.700000e-01  1.000000e+00  1.000000e+00  0.000000e+00  0.000000e+00  0.000000e+00  5.700000e-01  
6.724104e-01  1.790711e+00  5.705752e-01  0.000000e+00  0.000000e+00  5.700000e-01  6.724104e-01  1.790711e+00  9.912010e-01  0.000000e+00  0.000000e+00  5.700000e-01  1.000000e+00  1.000000e+00  0.000000e+00  0.000000e+00  0.000000e+00  5.700000e-01  1.000000e+00  1.000000e+00  0.000000e+00  0.000000e+00  0.000000e+00  5.700000e-01  1.000000e+00  1.000000e+00  0.000000e+00  0.000000e+00  0.000000e+00  5.700000e-01  1.000000e+00  1.000000e+00  0.000000e+00  0.000000e+00  0.000000e+00  5.700000e-01  
7.040494e-01  1.905208e+00  5.798275e-01  0.000000e+00  0.000000e+00  5.700000e-01  7.040494e-01  1.905208e+00  9.946007e-01  0.000000e+00  0.000000e+00  5.700000e-01  1.000000e+00  1.000000e+00  0.000000e+00  0.000000e+00  0.000000e+00  5.700000e-01  1.000000e+00  1.000000e+00  0.000000e+00  0.000000e+00  0.000000e+00  5.700000e-01  1.000000e+00  1.000000e+00  0.000000e+00  0.000000e+00  0.000000e+00  5.700000e-01  1.000000e+00  1.000000e+00  0.000000e+00  0.000000e+00  0.000000e+00  5.700000e-01  
6.919687e-01  1.728551e+00  5.693986e-01  0.000000e+00  0.000000e+00  5.700000e-01  6.919687e-01  1.728551e+00  9.965250e-01  0.000000e+00  0.000000e+00  5.700000e-01  1.000000e+00  1.000000e+00  0.000000e+00  0.000000e+00  0.000000e+00  5.700000e-01  1.000000e+00  1.000000e+00  0.000000e+00  0.000000e+00  0.000000e+00  5.700000e-01  1.000000e+00  1.000000e+00  0.000000e+00  0.000000e+00  0.000000e+00  5.700000e-01  1.000000e+00  1.000000e+00  0.000000e+00  0.000000e+00  0.000000e+00  5.700000e-01  
6.500067e-01  1.740782e+00  5.653784e-01  0.000000e+00  0.000000e+00  5.700000e-01  6.500067e-01  1.740782e+00  9.932914e-01  0.000000e+00  0.000000e+00  5.700000e-01  1.000000e+00  1.000000e+00  0.000000e+00  0.000000e+00  0.000000e+00  5.700000e-01  1.000000e+00  1.000000e+00  0.000000e+00  0.000000e+00  0.000000e+00  5.700000e-01  1.000000e+00  1.000000e+00  0.000000e+00  0.000000e+00  0.000000e+00  5.700000e-01  1.000000e+00  1.000000e+00  0.000000e+00  0.000000e+00  0.000000e+00  5.700000e-01  
6.929142e-01  1.748539e+00  5.760648e-01  0.000000e+00  0.000000e+00  5.700000e-01  6.929142e-01  1.748539e+00  9.973617e-01  0.000000e+00  0.000000e+00  5.700000e-01  1.000000e+00  1.000000e+00  0.000000e+00  0.000000e+00  0.000000e+00  5.700000e-01  1.000000e+00  1.000000e+00  0.000000e+00  0.000000e+00  0.000000e+00  5.700000e-01  1.000000e+00  1.000000e+00  0.000000e+00  0.000000e+00  0.000000e+00  5.700000e-01  1.000000e+00  1.000000e+00  0.000000e+00  0.000000e+00  0.000000e+00  5.700000e-01  
6.860043e-01  1.864432e+00  5.637800e-01  0.000000e+00  0.000000e+00  5.700000e-01  6.860043e-01  1.864432e+00  9.927135e-01  0.000000e+00  0.000000e+00  5.700000e-01  1.000000e+00  1.000000e+00  0.000000e+00  0.000000e+00  0.000000e+00  5.700000e-01  1.000000e+00  1.000000e+00  0.000000e+00  0.000000e+00  0.000000e+00  5.700000e-01  1.000000e+00  1.000000e+00  0.000000e+00  0.000000e+00  0.000000e+00  5.700000e-01  1.000000e+00  1.000000e+00  0.000000e+00  0.000000e+00  0.000000e+00  5.700000e-01  
6.743731e-01  1.676203e+00  5.793724e-01  0.000000e+00  0.000000e+00  5.700000e-01  6.743731e-01  1.676203e+00  9.930972e-01  0.000000e+00  0.000000e+00  5.700000e-01  1.000000e+00  1.000000e+00  0.000000e+00  0.000000e+00  0.000000e+00  5.700000e-01  1.000000e+00  1.000000e+00  0.000000e+00  0.000000e+00  0.000000e+00  5.700000e-01  1.000000e+00  1.000000e+00  0.000000e+00  0.000000e+00  0.000000e+00  5.700000e-01  1.000000e+00  1.000000e+00  0.000000e+00  0.000000e+00  0.000000e+00  5.700000e-01  
6.691859e-01  1.811398e+00  5.692593e-01  0.000000e+00  0.000000e+00  5.700000e-01  6.691859e-01  1.811398e+00  9.863779e-01  0.000000e+00  0.000000e+00  5.700000e-01  1.000000e+00  1.000000e+00  0.000000e+00  0.000000e+00  0.000000e+00  5.700000e-01  1.000000e+00  1.000000e+00  0.000000e+00  0.000000e+00  0.000000e+00  5.700000e-01  1.000000e+00  1.000000e+00  0.000000e+00  0.000000e+00  0.000000e+00  5.700000e-01  1.000000e+00  1.000000e+00  0.000000e+00  0.000000e+00  0.000000e+00  5.700000e-01  
6.496793e-01  1.679636e+00  5.687485e-01  0.000000e+00  0.000000e+00  5.700000e-01  6.496793e-01  1.679636e+00  9.981070e-01  0.000000e+00  0.000000e+00  5.700000e-01  1.000000e+00  1.000000e+00  0.000000e+00  0.000000e+00  0.000000e+00  5.700000e-01  1.000000e+00  1.000000e+00  0.000000e+00  0.000000e+00  0.000000e+00  5.700000e-01  1.000000e+00  1.000000e+00  0.000000e+00  0.000000e+00  0.000000e+00  5.700000e-01  1.000000e+00  1.000000e+00  0.000000e+00  0.000000e+00  0.000000e+00  5.700000e-01  
6.804652e-01  1.626148e+00  5.724989e-01  0.000000e+00  0.000000e+00  5.700000e-01  6.804652e-01  1.626148e+00  9.904830e-01  0.000000e+00  0.000000e+00  5.700000e-01  1.000000e+00  1.000000e+00  0.000000e+00  0.000000e+00  0.000000e+00  5.700000e-01  1.000000e+00  1.000000e+00  0.000000e+00  0.000000e+00  0.000000e+00  5.700000e-01  1.000000e+00  1.000000e+00  0.000000e+00  0.000000e+00  0.000000e+00  5.700000e-01  1.000000e+00  1.000000e+00  0.000000e+00  0.000000e+00  0.000000e+00  5.700000e-01  
6.917624e-01  1.730549e+00  5.747815e-01  0.000000e+00  0.000000e+00  5.700000e-01  6.917624e-01  1.730549e+00  9.985756e-01  0.000000e+00  0.000000e+00  5.700000e-01  1.000000e+00  1.000000e+00  0.000000e+00  0.000000e+00  0.000000e+00  5.700000e-01  1.000000e+00  1.000000e+00  0.000000e+00  0.000000e+00  0.000000e+00  5.700000e-01  1.000000e+00  1.000000e+00  0.000000e+00  0.000000e+00  0.000000e+00  5.700000e-01  1.000000e+00  1.000000e+00  0.000000e+00  0.000000e+00  0.000000e+00  5.700000e-01  
6.906575e-01  1.890148e+00  5.682196e-01  0.000000e+00  0.000000e+00  5.700000e-01  6.906575e-01  1.890148e+00  9.856640e-01  0.000000e+00  0.000000e+00  5.700000e-01  1.000000e+00  1.000000e+00  0.000000e+00  0.000000e+00  0.000000e+00  5.700000e-01  1.000000e+00  1.000000e+00  0.000000e+00  0.000000e+00  0.000000e+00  5.700000e-01  1.000000e+00  1.000000e+00  0.000000e+00  0.000000e+00  0.000000e+00  5.700000e-01  1.000000e+00  1.000000e+00  0.000000e+00  0.000000e+00  0.000000e+00  5.700000e-01  
6.836294e-01  1.708240e+00  5.819035e-01  0.000000e+00  0.000000e+00  5.700000e-01  6.836294e-01  1.708240e+00  9.870987e-01  0.000000e+00  0.000000e+00  5.700000e-01  1.000000e+00  1.000000e+00  0.000000e+00  0.000000e+00  0.000000e+00  5.700000e-01  1.000000e+00  1.000000e+00  0.000000e+00  0.000000e+00  0.000000e+00  5.700000e-01  1.000000e+00  1.000000e+00  0.000000e+00  0.000000e+00  0.000000e+00  5.700000e-01  1.000000e+00  1.000000e+00  0.000000e+00  0.000000e+00  0.000000e+00  5.700000e-01  
6.779696e-01  1.704236e+00  5.692992e-01  0.000000e+00  0.000000e+00  5.700000e-01  6.779696e-01  1.704236e+00  9.985878e-01  0.000000e+00  0.000000e+00  5.700000e-01  1.000000e+00  1.000000e+00  0.000000e+00  0.000000e+00  0.000000e+00  5.700000e-01  1.000000e+00  1.000000e+00  0.000000e+00  0.000000e+00  0.000000e+00  5.700000e-01  1.000000e+00  1.000000e+00  0.000000e+00  0.000000e+00  0.000000e+00  5.700000e-01  1.000000e+00  1.000000e+00  0.000000e+00  0.000000e+00  0.000000e+00  5.700000e-01  
6.839538e-01  1.749918e+00  5.735672e-01  0.000000e+00  0.000000e+00  5.700000e-01  6.839538e-01  1.749918e+00  9.918106e-01  0.000000e+00  0.000000e+00  5.700000e-01  1.000000e+00  1.000000e+00  0.000000e+00  0.000000e+00  0.000000e+00  5.700000e-01  1.000000e+00  1.000000e+00  0.000000e+00  0.000000e+00  0.000000e+00  5.700000e-01  1.000000e+00  1.000000e+00  0.000000e+00  0.000000e+00  0.000000e+00  5.700000e-01  1.000000e+00  1.000000e+00  0.000000e+00  0.000000e+00  0.000000e+00  5.700000e-01  
7.120873e-01  1.901171e+00  5.701262e-01  0.000000e+00  0.000000e+00  5.700000e-01  7.120873e-01  1.901171e+00  9.875945e-01  0.000000e+00  0.000000e+00  5.700000e-01  1.000000e+00  1.000000e+00  0.000000e+00  0.000000e+00  0.000000e+00  5.700000e-01  1.000000e+00  1.000000e+00  0.000000e+00  0.000000e+00  0.000000e+00  5.700000e-01  1.000000e+00  1.000000e+00  0.000000e+00  0.000000e+00  0.000000e+00  5.700000e-01  1.000000e+00  1.000000e+00  0.000000e+00  0.000000e+00  0.000000e+00  5.700000e-01  
6.695234e-01  1.923956e+00  5.641145e-01  0.000000e+00  0.000000e+00  5.700000e-01  6.695234e-01  1.923956e+00  9.994644e-01  0.000000e+00  0.000000e+00  5.700000e-01  1.000000e+00  1.000000e+00  0.000000e+00  0.000000e+00  0.000000e+00  5.700000e-01  1.000000e+00  1.000000e+00  0.000000e+00  0.000000e+00  0.000000e+00  5.700000e-01  1.000000e+00  1.000000e+00  0.000000e+00  0.000000e+00  0.000000e+00  5.700000e-01  1.000000e+00  1.000000e+00  0.000000e+00  0.000000e+00  0.000000e+00  5.700000e-01  
6.805768e-01  1.952588e+00  5.630404e-01  0.000000e+00  0.000000e+00  5.700000e-01  6.805768e-01  1.952588e+00  9.765591e-01  0.000000e+00  0.000000e+00  5.700000e-01  1.000000e+00  1.000000e+00  0.000000e+00  0.000000e+00  0.000000e+00  5.700000e-01  1.000000e+00  1.000000e+00  0.000000e+00  0.000000e+00  0.000000e+00  5.700000e-01  1.000000e+00  1.000000e+00  0.000000e+00  0.000000e+00  0.000000e+00  5.700000e-01  1.000000e+00  1.000000e+00  0.000000e+00  0.000000e+00  0.000000e+00  5.700000e-01  
6.772813e-01  1.686739e+00  5.678475e-01  0.000000e+00  0.000000e+00  5.700000e-01  6.772813e-01  1.686739e+00  9.964321e-01  0.000000e+00  0.000000e+00  5.700000e-01  1.000000e+00  1.000000e+00  0.000000e+00  0.000000e+00  0.000000e+00  5.700000e-01  1.000000e+00  1.000000e+00  0.000000e+00  0.000000e+00  0.000000e+00  5.700000e-01  1.000000e+00  1.000000e+00  0.000000e+00  0.000000e+00  0.000000e+00  5.700000e-01  1.000000e+00  1.000000e+00  0.000000e+00  0.000000e+00  0.000000e+00  5.700000e-01  
6.759861e-01  1.883265e+00  5.559669e-01  0.000000e+00  0.000000e+00  5.700000e-01  6.759861e-01  1.883265e+00  9.910868e-01  0.000000e+00  0.000000e+00  5.700000e-01  1.000000e+00  1.000000e+00  0.000000e+00  0.000000e+00  0.000000e+00  5.700000e-01  1.000000e+00  1.000000e+00  0.000000e+00  0.000000e+00  0.000000e+00  5.700000e-01  1.000000e+00  1.000000e+00  0.000000e+00  0.000000e+00  0.000000e+00  5.700000e-01  1.000000e+00  1.000000e+00  0.000000e+00  0.000000e+00  0.000000e+00  5.700000e-01  
7.491717e-01  1.996036e+00  5.706283e-01  0.000000e+00  0.000000e+00  5.700000e-01  7.491717e-01  1.996036e+00  9.605166e-01  0.000000e+00  0.000000e+00  5.700000e-01  1.000000e+00  1.000000e+00  0.000000e+00  0.000000e+00  0.000000e+00  5.700000e-01  1.000000e+00  1.000000e+00  0.000000e+00  0.000000e+00  0.000000e+00  5.700000e-01  1.000000e+00  1.000000e+00  0.000000e+00  0.000000e+00  0.000000e+00  5.700000e-01  1.000000e+00  1.000000e+00  0.000000e+00  0.000000e+00  0.000000e+00  5.700000e-01  
7.045184e-01  2.024185e+00  5.642077e-01  0.000000e+00  0.000000e+00  5.700000e-01  7.045184e-01  2.024185e+00  9.907591e-01  0.000000e+00  0.000000e+00  5.700000e-01  1.000000e+00  1.000000e+00  0.000000e+00  0.000000e+00  0.000000e+00  5.700000e-01  1.000000e+00  1.000000e+00  0.000000e+00  0.000000e+00  0.000000e+00  5.700000e-01  1.000000e+00  1.000000e+00  0.000000e+00  0.000000e+00  0.000000e+00  5.700000e-01  1.000000e+00  1.000000e+00  0.000000e+00  0.000000e+00  0.000000e+00  5.700000e-01  
6.960653e-01  1.752747e+00  6.042957e-01  0.000000e+00  0.000000e+00  5.700000e-01  6.960653e-01  1.752747e+00  8.945950e-01  0.000000e+00  0.000000e+00  5.700000e-01  1.000000e+00  1.000000e+00  0.000000e+00  0.000000e+00  0.000000e+00  5.700000e-01  1.000000e+00  1.000000e+00  0.000000e+00  0.000000e+00  0.000000e+00  5.700000e-01  1.000000e+00  1.000000e+00  0.000000e+00  0.000000e+00  0.000000e+00  5.700000e-01  1.000000e+00  1.000000e+00  0.000000e+00  0.000000e+00  0.000000e+00  5.700000e-01  
5.975254e-01  1.612523e+00  5.633532e-01  0.000000e+00  0.000000e+00  5.700000e-01  5.975254e-01  1.612523e+00  9.625790e-01  0.000000e+00  0.000000e+00  5.700000e-01  1.000000e+00  1.000000e+00  0.000000e+00  0.000000e+00  0.000000e+00  5.700000e-01  1.000000e+00  1.000000e+00  0.000000e+00  0.000000e+00  0.000000e+00  5.700000e-01  1.000000e+00  1.000000e+00  0.000000e+00  0.000000e+00  0.000000e+00  5.700000e-01  1.000000e+00  1.000000e+00  0.000000e+00  0.000000e+00  0.000000e+00  5.700000e-01  
6.843721e-01  1.729097e+00  5.804575e-01  0.000000e+00  0.000000e+00  5.700000e-01  6.843721e-01  1.729097e+00  9.908922e-01  0.000000e+00  0.000000e+00  5.700000e-01  1.000000e+00  1.000000e+00  0.000000e+00  0.000000e+00  0.000000e+00  5.700000e-01  1.000000e+00  1.000000e+00  0.000000e+00  0.000000e+00  0.000000e+00  5.700000e-01  1.000000e+00  1.000000e+00  0.000000e+00  0.000000e+00  0.000000e+00  5.700000e-01  1.000000e+00  1.000000e+00  0.000000e+00  0.000000e+00  0.000000e+00  5.700000e-01  
7.984139e-01  2.541255e+00  5.666944e-01  0.000000e+00  0.000000e+00  5.700000e-01  7.984139e-01  2.541255e+00  9.095590e-01  0.000000e+00  0.000000e+00  5.700000e-01  1.000000e+00  1.000000e+00  0.000000e+00  0.000000e+00  0.000000e+00  5.700000e-01  1.000000e+00  1.000000e+00  0.000000e+00  0.000000e+00  0.000000e+00  5.700000e-01  1.000000e+00  1.000000e+00  0.000000e+00  0.000000e+00  0.000000e+00  5.700000e-01  1.000000e+00  1.000000e+00  0.000000e+00  0.000000e+00  0.000000e+00  5.700000e-01  
5.395402e-01  1.095450e+00  5.769691e-01  0.000000e+00  0.000000e+00  5.700000e-01  5.395402e-01  1.095450e+00  9.803298e-01  0.000000e+00  0.000000e+00  5.700000e-01  1.000000e+00  1.000000e+00  0.000000e+00  0.000000e+00  0.000000e+00  5.700000e-01  1.000000e+00  1.000000e+00  0.000000e+00  0.000000e+00  0.000000e+00  5.700000e-01  1.000000e+00  1.000000e+00  0.000000e+00  0.000000e+00  0.000000e+00  5.700000e-01  1.000000e+00  1.000000e+00  0.000000e+00  0.000000e+00  0.000000e+00  5.700000e-01  
6.216652e-01  1.455025e+00  5.685024e-01  0.000000e+00  0.000000e+00  5.700000e-01  6.216652e-01  1.455025e+00  9.937662e-01  0.000000e+00  0.000000e+00  5.700000e-01  1.000000e+00  1.000000e+00  0.000000e+00  0.000000e+00  0.000000e+00  5.700000e-01  1.000000e+00  1.000000e+00  0.000000e+00  0.000000e+00  0.000000e+00  5.700000e-01  1.000000e+00  1.000000e+00  0.000000e+00  0.000000e+00  0.000000e+00  5.700000e-01  1.000000e+00  1.000000e+00  0.000000e+00  0.000000e+00  0.000000e+00  5.700000e-01  
7.411843e-01  1.900803e+00  5.812554e-01  0.000000e+00  0.000000e+00  5.700000e-01  7.411843e-01  1.900803e+00  9.441870e-01  0.000000e+00  0.000000e+00  5.700000e-01  1.000000e+00  1.000000e+00  0.000000e+00  0.000000e+00  0.000000e+00  5.700000e-01  1.000000e+00  1.000000e+00  0.000000e+00  0.000000e+00  0.000000e+00  5.700000e-01  1.000000e+00  1.000000e+00  0.000000e+00  0.000000e+00  0.000000e+00  5.700000e-01  1.000000e+00  1.000000e+00  0.000000e+00  0.000000e+00  0.000000e+00  5.700000e-01  
7.206725e-01  2.180263e+00  5.425148e-01  0.000000e+00  0.000000e+00  5.700000e-01  7.206725e-01  2.180263e+00  9.793593e-01  0.000000e+00  0.000000e+00  5.700000e-01  1.000000e+00  1.000000e+00  0.000000e+00  0.000000e+00  0.000000e+00  5.700000e-01  1.000000e+00  1.000000e+00  0.000000e+00  0.000000e+00  0.000000e+00  5.700000e-01  1.000000e+00  1.000000e+00  0.000000e+00  0.000000e+00  0.000000e+00  5.700000e-01  1.000000e+00  1.000000e+00  0.000000e+00  0.000000e+00  0.000000e+00  5.700000e-01  
7.863296e-01  2.192951e+00  6.126057e-01  0.000000e+00  0.000000e+00  5.700000e-01  7.863296e-01  2.192951e+00  9.759024e-01  0.000000e+00  0.000000e+00  5.700000e-01  1.000000e+00  1.000000e+00  0.000000e+00  0.000000e+00  0.000000e+00  5.700000e-01  1.000000e+00  1.000000e+00  0.000000e+00  0.000000e+00  0.000000e+00  5.700000e-01  1.000000e+00  1.000000e+00  0.000000e+00  0.000000e+00  0.000000e+00  5.700000e-01  1.000000e+00  1.000000e+00  0.000000e+00  0.000000e+00  0.000000e+00  5.700000e-01  
7.639203e-01  2.182533e+00  6.021376e-01  0.000000e+00  0.000000e+00  5.700000e-01  7.639203e-01  2.182533e+00  9.981093e-01  0.000000e+00  0.000000e+00  5.700000e-01  1.000000e+00  1.000000e+00  0.000000e+00  0.000000e+00  0.000000e+00  5.700000e-01  1.000000e+00  1.000000e+00  0.000000e+00  0.000000e+00  0.000000e+00  5.700000e-01  1.000000e+00  1.000000e+00  0.000000e+00  0.000000e+00  0.000000e+00  5.700000e-01  1.000000e+00  1.000000e+00  0.000000e+00  0.000000e+00  0.000000e+00  5.700000e-01  
7.804042e-01  2.199408e+00  6.111954e-01  0.000000e+00  0.000000e+00  5.700000e-01  7.804042e-01  2.199408e+00  9.978576e-01  0.000000e+00  0.000000e+00  5.700000e-01  1.000000e+00  1.000000e+00  0.000000e+00  0.000000e+00  0.000000e+00  5.700000e-01  1.000000e+00  1.000000e+00  0.000000e+00  0.000000e+00  0.000000e+00  5.700000e-01  1.000000e+00  1.000000e+00  0.000000e+00  0.000000e+00  0.000000e+00  5.700000e-01  1.000000e+00  1.000000e+00  0.000000e+00  0.000000e+00  0.000000e+00  5.700000e-01  
7.800054e-01  2.199214e+00  6.111107e-01  0.000000e+00  0.000000e+00  5.700000e-01  7.800054e-01  2.199214e+00  9.539553e-01  0.000000e+00  0.000000e+00  5.700000e-01  1.000000e+00  1.000000e+00  0.000000e+00  0.000000e+00  0.000000e+00  5.700000e-01  1.000000e+00  1.000000e+00  0.000000e+00  0.000000e+00  0.000000e+00  5.700000e-01  1.000000e+00  1.000000e+00  0.000000e+00  0.000000e+00  0.000000e+00  5.700000e-01  1.000000e+00  1.000000e+00  0.000000e+00  0.000000e+00  0.000000e+00  5.700000e-01  
7.361982e-01  2.075424e+00  6.044825e-01  0.000000e+00  0.000000e+00  5.700000e-01  7.361982e-01  2.075424e+00  9.861718e-01  0.000000e+00  0.000000e+00  5.700000e-01  1.000000e+00  1.000000e+00  0.000000e+00  0.000000e+00  0.000000e+00  5.700000e-01  1.000000e+00  1.000000e+00  0.000000e+00  0.000000e+00  0.000000e+00  5.700000e-01  1.000000e+00  1.000000e+00  0.000000e+00  0.000000e+00  0.000000e+00  5.700000e-01  1.000000e+00  1.000000e+00  0.000000e+00  0.000000e+00  0.000000e+00  5.700000e-01  
7.421877e-01  2.003421e+00  6.135255e-01  0.000000e+00  0.000000e+00  5.700000e-01  7.421877e-01  2.003421e+00  9.948058e-01  0.000000e+00  0.000000e+00  5.700000e-01  1.000000e+00  1.000000e+00  0.000000e+00  0.000000e+00  0.000000e+00  5.700000e-01  1.000000e+00  1.000000e+00  0.000000e+00  0.000000e+00  0.000000e+00  5.700000e-01  1.000000e+00  1.000000e+00  0.000000e+00  0.000000e+00  0.000000e+00  5.700000e-01  1.000000e+00  1.000000e+00  0.000000e+00  0.000000e+00  0.000000e+00  5.700000e-01  
7.380092e-01  2.177990e+00  6.047751e-01  0.000000e+00  0.000000e+00  5.700000e-01  7.380092e-01  2.177990e+00  9.882256e-01  0.000000e+00  0.000000e+00  5.700000e-01  1.000000e+00  1.000000e+00  0.000000e+00  0.000000e+00  0.000000e+00  5.700000e-01  1.000000e+00  1.000000e+00  0.000000e+00  0.000000e+00  0.000000e+00  5.700000e-01  1.000000e+00  1.000000e+00  0.000000e+00  0.000000e+00  0.000000e+00  5.700000e-01  1.000000e+00  1.000000e+00  0.000000e+00  0.000000e+00  0.000000e+00  5.700000e-01  
8.061898e-01  2.262119e+00  6.135017e-01  0.000000e+00  0.000000e+00  5.700000e-01  8.061898e-01  2.262119e+00  9.888417e-01  0.000000e+00  0.000000e+00  5.700000e-01  1.000000e+00  1.000000e+00  0.000000e+00  0.000000e+00  0.000000e+00  5.700000e-01  1.000000e+00  1.000000e+00  0.000000e+00  0.000000e+00  0.000000e+00  5.700000e-01  1.000000e+00  1.000000e+00  0.000000e+00  0.000000e+00  0.000000e+00  5.700000e-01  1.000000e+00  1.000000e+00  0.000000e+00  0.000000e+00  0.000000e+00  5.700000e-01  
7.955043e-01  2.270027e+00  6.042860e-01  0.000000e+00  0.000000e+00  5.700000e-01  7.955043e-01  2.270027e+00  9.792373e-01  0.000000e+00  0.000000e+00  5.700000e-01  1.000000e+00  1.000000e+00  0.000000e+00  0.000000e+00  0.000000e+00  5.700000e-01  1.000000e+00  1.000000e+00  0.000000e+00  0.000000e+00  0.000000e+00  5.700000e-01  1.000000e+00  1.000000e+00  0.000000e+00  0.000000e+00  0.000000e+00  5.700000e-01  1.000000e+00  1.000000e+00  0.000000e+00  0.000000e+00  0.000000e+00  5.700000e-01  
8.149591e-01  2.255654e+00  6.210251e-01  0.000000e+00  0.000000e+00  5.700000e-01  8.149591e-01  2.255654e+00  9.808692e-01  0.000000e+00  0.000000e+00  5.700000e-01  1.000000e+00  1.000000e+00  0.000000e+00  0.000000e+00  0.000000e+00  5.700000e-01  1.000000e+00  1.000000e+00  0.000000e+00  0.000000e+00  0.000000e+00  5.700000e-01  1.000000e+00  1.000000e+00  0.000000e+00  0.000000e+00  0.000000e+00  5.700000e-01  1.000000e+00  1.000000e+00  0.000000e+00  0.000000e+00  0.000000e+00  5.700000e-01  
7.770771e-01  2.113019e+00  6.113908e-01  0.000000e+00  0.000000e+00  5.700000e-01  7.770771e-01  2.113019e+00  9.913359e-01  0.000000e+00  0.000000e+00  5.700000e-01  1.000000e+00  1.000000e+00  0.000000e+00  0.000000e+00  0.000000e+00  5.700000e-01  1.000000e+00  1.000000e+00  0.000000e+00  0.000000e+00  0.000000e+00  5.700000e-01  1.000000e+00  1.000000e+00  0.000000e+00  0.000000e+00  0.000000e+00  5.700000e-01  1.000000e+00  1.000000e+00  0.000000e+00  0.000000e+00  0.000000e+00  5.700000e-01  
8.302394e-01  2.370891e+00  6.206279e-01  0.000000e+00  0.000000e+00  5.700000e-01  8.302394e-01  2.370891e+00  9.891286e-01  0.000000e+00  0.000000e+00  5.700000e-01  1.000000e+00  1.000000e+00  0.000000e+00  0.000000e+00  0.000000e+00  5.700000e-01  1.000000e+00  1.000000e+00  0.000000e+00  0.000000e+00  0.000000e+00  5.700000e-01  1.000000e+00  1.000000e+00  0.000000e+00  0.000000e+00  0.000000e+00  5.700000e-01  1.000000e+00  1.000000e+00  0.000000e+00  0.000000e+00  0.000000e+00  5.700000e-01  
7.640674e-01  2.026096e+00  6.205747e-01  0.000000e+00  0.000000e+00  5.700000e-01  7.640674e-01  2.026096e+00  9.898962e-01  0.000000e+00  0.000000e+00  5.700000e-01  1.000000e+00  1.000000e+00  0.000000e+00  0.000000e+00  0.000000e+00  5.700000e-01  1.000000e+00  1.000000e+00  0.000000e+00  0.000000e+00  0.000000e+00  5.700000e-01  1.000000e+00  1.000000e+00  0.000000e+00  0.000000e+00  0.000000e+00  5.700000e-01  1.000000e+00  1.000000e+00  0.000000e+00  0.000000e+00  0.000000e+00  5.700000e-01  
7.897499e-01  2.099517e+00  6.019991e-01  0.000000e+00  0.000000e+00  5.700000e-01  7.897499e-01  2.099517e+00  9.893650e-01  0.000000e+00  0.000000e+00  5.700000e-01  1.000000e+00  1.000000e+00  0.000000e+00  0.000000e+00  0.000000e+00  5.700000e-01  1.000000e+00  1.000000e+00  0.000000e+00  0.000000e+00  0.000000e+00  5.700000e-01  1.000000e+00  1.000000e+00  0.000000e+00  0.000000e+00  0.000000e+00  5.700000e-01  1.000000e+00  1.000000e+00  0.000000e+00  0.000000e+00  0.000000e+00  5.700000e-01  
7.212010e-01  2.007035e+00  5.927249e-01  0.000000e+00  0.000000e+00  5.700000e-01  7.212010e-01  2.007035e+00  9.240313e-01  0.000000e+00  0.000000e+00  5.700000e-01  1.000000e+00  1.000000e+00  0.000000e+00  0.000000e+00  0.000000e+00  5.700000e-01  1.000000e+00  1.000000e+00  0.000000e+00  0.000000e+00  0.000000e+00  5.700000e-01  1.000000e+00  1.000000e+00  0.000000e+00  0.000000e+00  0.000000e+00  5.700000e-01  1.000000e+00  1.000000e+00  0.000000e+00  0.000000e+00  0.000000e+00  5.700000e-01  
7.902755e-01  2.404624e+00  5.920098e-01  0.000000e+00  0.000000e+00  5.700000e-01  7.902755e-01  2.404624e+00  9.875093e-01  0.000000e+00  0.000000e+00  5.700000e-01  1.000000e+00  1.000000e+00  0.000000e+00  0.000000e+00  0.000000e+00  5.700000e-01  1.000000e+00  1.000000e+00  0.000000e+00  0.000000e+00  0.000000e+00  5.700000e-01  1.000000e+00  1.000000e+00  0.000000e+00  0.000000e+00  0.000000e+00  5.700000e-01  1.000000e+00  1.000000e+00  0.000000e+00  0.000000e+00  0.000000e+00  5.700000e-01  
6.849043e-01  1.602025e+00  6.166630e-01  0.000000e+00  0.000000e+00  5.700000e-01  6.849043e-01  1.602025e+00  9.723852e-01  0.000000e+00  0.000000e+00  5.700000e-01  1.000000e+00  1.000000e+00  0.000000e+00  0.000000e+00  0.000000e+00  5.700000e-01  1.000000e+00  1.000000e+00  0.000000e+00  0.000000e+00  0.000000e+00  5.700000e-01  1.000000e+00  1.000000e+00  0.000000e+00  0.000000e+00  0.000000e+00  5.700000e-01  1.000000e+00  1.000000e+00  0.000000e+00  0.000000e+00  0.000000e+00  5.700000e-01  
7.314618e-01  2.233224e+00  5.820031e-01  0.000000e+00  0.000000e+00  5.700000e-01  7.314618e-01  2.233224e+00  9.930591e-01  0.000000e+00  0.000000e+00  5.700000e-01  1.000000e+00  1.000000e+00  0.000000e+00  0.000000e+00  0.000000e+00  5.700000e-01  1.000000e+00  1.000000e+00  0.000000e+00  0.000000e+00  0.000000e+00  5.700000e-01  1.000000e+00  1.000000e+00  0.000000e+00  0.000000e+00  0.000000e+00  5.700000e-01  1.000000e+00  1.000000e+00  0.000000e+00  0.000000e+00  0.000000e+00  5.700000e-01  
7.930419e-01  2.299328e+00  6.279466e-01  0.000000e+00  0.000000e+00  5.700000e-01  7.930419e-01  2.299328e+00  9.841355e-01  0.000000e+00  0.000000e+00  5.700000e-01  1.000000e+00  1.000000e+00  0.000000e+00  0.000000e+00  0.000000e+00  5.700000e-01  1.000000e+00  1.000000e+00  0.000000e+00  0.000000e+00  0.000000e+00  5.700000e-01  1.000000e+00  1.000000e+00  0.000000e+00  0.000000e+00  0.000000e+00  5.700000e-01  1.000000e+00  1.000000e+00  0.000000e+00  0.000000e+00  0.000000e+00  5.700000e-01  
7.825352e-01  2.196459e+00  6.361846e-01  0.000000e+00  0.000000e+00  5.700000e-01  7.825352e-01  2.196459e+00  9.783754e-01  0.000000e+00  0.000000e+00  5.700000e-01  1.000000e+00  1.000000e+00  0.000000e+00  0.000000e+00  0.000000e+00  5.700000e-01  1.000000e+00  1.000000e+00  0.000000e+00  0.000000e+00  0.000000e+00  5.700000e-01  1.000000e+00  1.000000e+00  0.000000e+00  0.000000e+00  0.000000e+00  5.700000e-01  1.000000e+00  1.000000e+00  0.000000e+00  0.000000e+00  0.000000e+00  5.700000e-01  
7.343217e-01  1.841623e+00  6.140301e-01  0.000000e+00  0.000000e+00  5.700000e-01  7.343217e-01  1.841623e+00  9.146670e-01  0.000000e+00  0.000000e+00  5.700000e-01  1.000000e+00  1.000000e+00  0.000000e+00  0.000000e+00  0.000000e+00  5.700000e-01  1.000000e+00  1.000000e+00  0.000000e+00  0.000000e+00  0.000000e+00  5.700000e-01  1.000000e+00  1.000000e+00  0.000000e+00  0.000000e+00  0.000000e+00  5.700000e-01  1.000000e+00  1.000000e+00  0.000000e+00  0.000000e+00  0.000000e+00  5.700000e-01  
7.881828e-01  2.283283e+00  6.444396e-01  0.000000e+00  0.000000e+00  5.700000e-01  7.881828e-01  2.283283e+00  9.082767e-01  0.000000e+00  0.000000e+00  5.700000e-01  1.000000e+00  1.000000e+00  0.000000e+00  0.000000e+00  0.000000e+00  5.700000e-01  1.000000e+00  1.000000e+00  0.000000e+00  0.000000e+00  0.000000e+00  5.700000e-01  1.000000e+00  1.000000e+00  0.000000e+00  0.000000e+00  0.000000e+00  5.700000e-01  1.000000e+00  1.000000e+00  0.000000e+00  0.000000e+00  0.000000e+00  5.700000e-01  
9.019874e-01  2.694884e+00  6.239668e-01  0.000000e+00  0.000000e+00  5.700000e-01  9.019874e-01  2.694884e+00  9.483535e-01  0.000000e+00  0.000000e+00  5.700000e-01  1.000000e+00  1.000000e+00  0.000000e+00  0.000000e+00  0.000000e+00  5.700000e-01  1.000000e+00  1.000000e+00  0.000000e+00  0.000000e+00  0.000000e+00  5.700000e-01  1.000000e+00  1.000000e+00  0.000000e+00  0.000000e+00  0.000000e+00  5.700000e-01  1.000000e+00  1.000000e+00  0.000000e+00  0.000000e+00  0.000000e+00  5.700000e-01  
7.569438e-01  1.788640e+00  6.442527e-01  0.000000e+00  0.000000e+00  5.700000e-01  7.569438e-01  1.788640e+00  9.771619e-01  0.000000e+00  0.000000e+00  5.700000e-01  1.000000e+00  1.000000e+00  0.000000e+00  0.000000e+00  0.000000e+00  5.700000e-01  1.000000e+00  1.000000e+00  0.000000e+00  0.000000e+00  0.000000e+00  5.700000e-01  1.000000e+00  1.000000e+00  0.000000e+00  0.000000e+00  0.000000e+00  5.700000e-01  1.000000e+00  1.000000e+00  0.000000e+00  0.000000e+00  0.000000e+00  5.700000e-01  
6.931729e-01  1.543003e+00  6.097295e-01  0.000000e+00  0.000000e+00  5.700000e-01  6.931729e-01  1.543003e+00  9.992685e-01  0.000000e+00  0.000000e+00  5.700000e-01  1.000000e+00  1.000000e+00  0.000000e+00  0.000000e+00  0.000000e+00  5.700000e-01  1.000000e+00  1.000000e+00  0.000000e+00  0.000000e+00  0.000000e+00  5.700000e-01  1.000000e+00  1.000000e+00  0.000000e+00  0.000000e+00  0.000000e+00  5.700000e-01  1.000000e+00  1.000000e+00  0.000000e+00  0.000000e+00  0.000000e+00  5.700000e-01  
7.300781e-01  2.350947e+00  5.900027e-01  0.000000e+00  0.000000e+00  5.700000e-01  7.300781e-01  2.350947e+00  8.145171e-01  0.000000e+00  0.000000e+00  5.700000e-01  1.000000e+00  1.000000e+00  0.000000e+00  0.000000e+00  0.000000e+00  5.700000e-01  1.000000e+00  1.000000e+00  0.000000e+00  0.000000e+00  0.000000e+00  5.700000e-01  1.000000e+00  1.000000e+00  0.000000e+00  0.000000e+00  0.000000e+00  5.700000e-01  1.000000e+00  1.000000e+00  0.000000e+00  0.000000e+00  0.000000e+00  5.700000e-01  
7.875972e-01  1.984826e+00  6.260164e-01  0.000000e+00  0.000000e+00  5.700000e-01  7.875972e-01  1.984826e+00  9.741684e-01  0.000000e+00  0.000000e+00  5.700000e-01  1.000000e+00  1.000000e+00  0.000000e+00  0.000000e+00  0.000000e+00  5.700000e-01  1.000000e+00  1.000000e+00  0.000000e+00  0.000000e+00  0.000000e+00  5.700000e-01  1.000000e+00  1.000000e+00  0.000000e+00  0.000000e+00  0.000000e+00  5.700000e-01  1.000000e+00  1.000000e+00  0.000000e+00  0.000000e+00  0.000000e+00  5.700000e-01  
6.620024e-01  1.502549e+00  6.092542e-01  0.000000e+00  0.000000e+00  5.700000e-01  6.620024e-01  1.502549e+00  9.840568e-01  0.000000e+00  0.000000e+00  5.700000e-01  1.000000e+00  1.000000e+00  0.000000e+00  0.000000e+00  0.000000e+00  5.700000e-01  1.000000e+00  1.000000e+00  0.000000e+00  0.000000e+00  0.000000e+00  5.700000e-01  1.000000e+00  1.000000e+00  0.000000e+00  0.000000e+00  0.000000e+00  5.700000e-01  1.000000e+00  1.000000e+00  0.000000e+00  0.000000e+00  0.000000e+00  5.700000e-01  
8.881544e-01  2.313452e+00  6.007944e-01  0.000000e+00  0.000000e+00  5.700000e-01  8.881544e-01  2.313452e+00  9.494292e-01  0.000000e+00  0.000000e+00  5.700000e-01  1.000000e+00  1.000000e+00  0.000000e+00  0.000000e+00  0.000000e+00  5.700000e-01  1.000000e+00  1.000000e+00  0.000000e+00  0.000000e+00  0.000000e+00  5.700000e-01  1.000000e+00  1.000000e+00  0.000000e+00  0.000000e+00  0.000000e+00  5.700000e-01  1.000000e+00  1.000000e+00  0.000000e+00  0.000000e+00  0.000000e+00  5.700000e-01  
7.205607e-01  1.801064e+00  5.965421e-01  0.000000e+00  0.000000e+00  5.700000e-01  7.205607e-01  1.801064e+00  9.350811e-01  0.000000e+00  0.000000e+00  5.700000e-01  1.000000e+00  1.000000e+00  0.000000e+00  0.000000e+00  0.000000e+00  5.700000e-01  1.000000e+00  1.000000e+00  0.000000e+00  0.000000e+00  0.000000e+00  5.700000e-01  1.000000e+00  1.000000e+00  0.000000e+00  0.000000e+00  0.000000e+00  5.700000e-01  1.000000e+00  1.000000e+00  0.000000e+00  0.000000e+00  0.000000e+00  5.700000e-01  
7.648200e-01  2.065766e+00  5.784742e-01  0.000000e+00  0.000000e+00  5.700000e-01  7.648200e-01  2.065766e+00  9.490604e-01  0.000000e+00  0.000000e+00  5.700000e-01  1.000000e+00  1.000000e+00  0.000000e+00  0.000000e+00  0.000000e+00  5.700000e-01  1.000000e+00  1.000000e+00  0.000000e+00  0.000000e+00  0.000000e+00  5.700000e-01  1.000000e+00  1.000000e+00  0.000000e+00  0.000000e+00  0.000000e+00  5.700000e-01  1.000000e+00  1.000000e+00  0.000000e+00  0.000000e+00  0.000000e+00  5.700000e-01  
7.542388e-01  1.872589e+00  6.356148e-01  0.000000e+00  0.000000e+00  5.700000e-01  7.542388e-01  1.872589e+00  9.601938e-01  0.000000e+00  0.000000e+00  5.700000e-01  1.000000e+00  1.000000e+00  0.000000e+00  0.000000e+00  0.000000e+00  5.700000e-01  1.000000e+00  1.000000e+00  0.000000e+00  0.000000e+00  0.000000e+00  5.700000e-01  1.000000e+00  1.000000e+00  0.000000e+00  0.000000e+00  0.000000e+00  5.700000e-01  1.000000e+00  1.000000e+00  0.000000e+00  0.000000e+00  0.000000e+00  5.700000e-01  
7.979214e-01  2.018852e+00  6.136333e-01  0.000000e+00  0.000000e+00  5.700000e-01  7.979214e-01  2.018852e+00  9.044559e-01  0.000000e+00  0.000000e+00  5.700000e-01  1.000000e+00  1.000000e+00  0.000000e+00  0.000000e+00  0.000000e+00  5.700000e-01  1.000000e+00  1.000000e+00  0.000000e+00  0.000000e+00  0.000000e+00  5.700000e-01  1.000000e+00  1.000000e+00  0.000000e+00  0.000000e+00  0.000000e+00  5.700000e-01  1.000000e+00  1.000000e+00  0.000000e+00  0.000000e+00  0.000000e+00  5.700000e-01  
7.878642e-01  2.339784e+00  6.209636e-01  0.000000e+00  0.000000e+00  5.700000e-01  7.878642e-01  2.339784e+00  9.541459e-01  0.000000e+00  0.000000e+00  5.700000e-01  1.000000e+00  1.000000e+00  0.000000e+00  0.000000e+00  0.000000e+00  5.700000e-01  1.000000e+00  1.000000e+00  0.000000e+00  0.000000e+00  0.000000e+00  5.700000e-01  1.000000e+00  1.000000e+00  0.000000e+00  0.000000e+00  0.000000e+00  5.700000e-01  1.000000e+00  1.000000e+00  0.000000e+00  0.000000e+00  0.000000e+00  5.700000e-01  
8.380954e-01  2.601871e+00  6.126857e-01  0.000000e+00  0.000000e+00  5.700000e-01  8.380954e-01  2.601871e+00  9.978814e-01  0.000000e+00  0.000000e+00  5.700000e-01  1.000000e+00  1.000000e+00  0.000000e+00  0.000000e+00  0.000000e+00  5.700000e-01  1.000000e+00  1.000000e+00  0.000000e+00  0.000000e+00  0.000000e+00  5.700000e-01  1.000000e+00  1.000000e+00  0.000000e+00  0.000000e+00  0.000000e+00  5.700000e-01  1.000000e+00  1.000000e+00  0.000000e+00  0.000000e+00  0.000000e+00  5.700000e-01  
8.893207e-01  2.488297e+00  6.433284e-01  0.000000e+00  0.000000e+00  5.700000e-01  8.893207e-01  2.488297e+00  9.742049e-01  0.000000e+00  0.000000e+00  5.700000e-01  1.000000e+00  1.000000e+00  0.000000e+00  0.000000e+00  0.000000e+00  5.700000e-01  1.000000e+00  1.000000e+00  0.000000e+00  0.000000e+00  0.000000e+00  5.700000e-01  1.000000e+00  1.000000e+00  0.000000e+00  0.000000e+00  0.000000e+00  5.700000e-01  1.000000e+00  1.000000e+00  0.000000e+00  0.000000e+00  0.000000e+00  5.700000e-01  
8.450197e-01  2.564239e+00  5.765845e-01  0.000000e+00  0.000000e+00  5.700000e-01  8.450197e-01  2.564239e+00  9.340406e-01  0.000000e+00  0.000000e+00  5.700000e-01  1.000000e+00  1.000000e+00  0.000000e+00  0.000000e+00  0.000000e+00  5.700000e-01  1.000000e+00  1.000000e+00  0.000000e+00  0.000000e+00  0.000000e+00  5.700000e-01  1.000000e+00  1.000000e+00  0.000000e+00  0.000000e+00  0.000000e+00  5.700000e-01  1.000000e+00  1.000000e+00  0.000000e+00  0.000000e+00  0.000000e+00  5.700000e-01  
6.889186e-01  1.737766e+00  5.928373e-01  0.000000e+00  0.000000e+00  5.700000e-01  6.889186e-01  1.737766e+00  9.107354e-01  0.000000e+00  0.000000e+00  5.700000e-01  1.000000e+00  1.000000e+00  0.000000e+00  0.000000e+00  0.000000e+00  5.700000e-01  1.000000e+00  1.000000e+00  0.000000e+00  0.000000e+00  0.000000e+00  5.700000e-01  1.000000e+00  1.000000e+00  0.000000e+00  0.000000e+00  0.000000e+00  5.700000e-01  1.000000e+00  1.000000e+00  0.000000e+00  0.000000e+00  0.000000e+00  5.700000e-01  
9.230220e-01  2.984741e+00  6.205255e-01  0.000000e+00  0.000000e+00  5.700000e-01  9.230220e-01  2.984741e+00  9.940457e-01  0.000000e+00  0.000000e+00  5.700000e-01  1.000000e+00  1.000000e+00  0.000000e+00  0.000000e+00  0.000000e+00  5.700000e-01  1.000000e+00  1.000000e+00  0.000000e+00  0.000000e+00  0.000000e+00  5.700000e-01  1.000000e+00  1.000000e+00  0.000000e+00  0.000000e+00  0.000000e+00  5.700000e-01  1.000000e+00  1.000000e+00  0.000000e+00  0.000000e+00  0.000000e+00  5.700000e-01  
6.731186e-01  1.753775e+00  6.031514e-01  0.000000e+00  0.000000e+00  5.700000e-01  6.731186e-01  1.753775e+00  9.998279e-01  0.000000e+00  0.000000e+00  5.700000e-01  1.000000e+00  1.000000e+00  0.000000e+00  0.000000e+00  0.000000e+00  5.700000e-01  1.000000e+00  1.000000e+00  0.000000e+00  0.000000e+00  0.000000e+00  5.700000e-01  1.000000e+00  1.000000e+00  0.000000e+00  0.000000e+00  0.000000e+00  5.700000e-01  1.000000e+00  1.000000e+00  0.000000e+00  0.000000e+00  0.000000e+00  5.700000e-01  
8.413484e-01  2.589819e+00  6.247950e-01  0.000000e+00  0.000000e+00  5.700000e-01  8.413484e-01  2.589819e+00  9.630645e-01  0.000000e+00  0.000000e+00  5.700000e-01  1.000000e+00  1.000000e+00  0.000000e+00  0.000000e+00  0.000000e+00  5.700000e-01  1.000000e+00  1.000000e+00  0.000000e+00  0.000000e+00  0.000000e+00  5.700000e-01  1.000000e+00  1.000000e+00  0.000000e+00  0.000000e+00  0.000000e+00  5.700000e-01  1.000000e+00  1.000000e+00  0.000000e+00  0.000000e+00  0.000000e+00  5.700000e-01  
7.201132e-01  2.238478e+00  5.708621e-01  0.000000e+00  0.000000e+00  5.700000e-01  7.201132e-01  2.238478e+00  9.805060e-01  0.000000e+00  0.000000e+00  5.700000e-01  1.000000e+00  1.000000e+00  0.000000e+00  0.000000e+00  0.000000e+00  5.700000e-01  1.000000e+00  1.000000e+00  0.000000e+00  0.000000e+00  0.000000e+00  5.700000e-01  1.000000e+00  1.000000e+00  0.000000e+00  0.000000e+00  0.000000e+00  5.700000e-01  1.000000e+00  1.000000e+00  0.000000e+00  0.000000e+00  0.000000e+00  5.700000e-01  
6.466528e-01  1.425306e+00  6.151907e-01  0.000000e+00  0.000000e+00  5.700000e-01  6.466528e-01  1.425306e+00  9.778996e-01  0.000000e+00  0.000000e+00  5.700000e-01  1.000000e+00  1.000000e+00  0.000000e+00  0.000000e+00  0.000000e+00  5.700000e-01  1.000000e+00  1.000000e+00  0.000000e+00  0.000000e+00  0.000000e+00  5.700000e-01  1.000000e+00  1.000000e+00  0.000000e+00  0.000000e+00  0.000000e+00  5.700000e-01  1.000000e+00  1.000000e+00  0.000000e+00  0.000000e+00  0.000000e+00  5.700000e-01  
6.137397e-01  1.442386e+00  6.190152e-01  0.000000e+00  0.000000e+00  5.700000e-01  6.137397e-01  1.442386e+00  9.864214e-01  0.000000e+00  0.000000e+00  5.700000e-01  1.000000e+00  1.000000e+00  0.000000e+00  0.000000e+00  0.000000e+00  5.700000e-01  1.000000e+00  1.000000e+00  0.000000e+00  0.000000e+00  0.000000e+00  5.700000e-01  1.000000e+00  1.000000e+00  0.000000e+00  0.000000e+00  0.000000e+00  5.700000e-01  1.000000e+00  1.000000e+00  0.000000e+00  0.000000e+00  0.000000e+00  5.700000e-01  
6.787891e-01  1.516024e+00  6.150364e-01  0.000000e+00  0.000000e+00  5.700000e-01  6.787891e-01  1.516024e+00  9.926861e-01  0.000000e+00  0.000000e+00  5.700000e-01  1.000000e+00  1.000000e+00  0.000000e+00  0.000000e+00  0.000000e+00  5.700000e-01  1.000000e+00  1.000000e+00  0.000000e+00  0.000000e+00  0.000000e+00  5.700000e-01  1.000000e+00  1.000000e+00  0.000000e+00  0.000000e+00  0.000000e+00  5.700000e-01  1.000000e+00  1.000000e+00  0.000000e+00  0.000000e+00  0.000000e+00  5.700000e-01  
6.265601e-01  1.484696e+00  6.157860e-01  0.000000e+00  0.000000e+00  5.700000e-01  6.265601e-01  1.484696e+00  9.781206e-01  0.000000e+00  0.000000e+00  5.700000e-01  1.000000e+00  1.000000e+00  0.000000e+00  0.000000e+00  0.000000e+00  5.700000e-01  1.000000e+00  1.000000e+00  0.000000e+00  0.000000e+00  0.000000e+00  5.700000e-01  1.000000e+00  1.000000e+00  0.000000e+00  0.000000e+00  0.000000e+00  5.700000e-01  1.000000e+00  1.000000e+00  0.000000e+00  0.000000e+00  0.000000e+00  5.700000e-01  
6.549265e-01  1.401754e+00  6.191952e-01  0.000000e+00  0.000000e+00  5.700000e-01  6.549265e-01  1.401754e+00  9.915805e-01  0.000000e+00  0.000000e+00  5.700000e-01  1.000000e+00  1.000000e+00  0.000000e+00  0.000000e+00  0.000000e+00  5.700000e-01  1.000000e+00  1.000000e+00  0.000000e+00  0.000000e+00  0.000000e+00  5.700000e-01  1.000000e+00  1.000000e+00  0.000000e+00  0.000000e+00  0.000000e+00  5.700000e-01  1.000000e+00  1.000000e+00  0.000000e+00  0.000000e+00  0.000000e+00  5.700000e-01  
6.523324e-01  1.507595e+00  6.138226e-01  0.000000e+00  0.000000e+00  5.700000e-01  6.523324e-01  1.507595e+00  9.781449e-01  0.000000e+00  0.000000e+00  5.700000e-01  1.000000e+00  1.000000e+00  0.000000e+00  0.000000e+00  0.000000e+00  5.700000e-01  1.000000e+00  1.000000e+00  0.000000e+00  0.000000e+00  0.000000e+00  5.700000e-01  1.000000e+00  1.000000e+00  0.000000e+00  0.000000e+00  0.000000e+00  5.700000e-01  1.000000e+00  1.000000e+00  0.000000e+00  0.000000e+00  0.000000e+00  5.700000e-01  
6.380340e-01  1.457192e+00  6.145780e-01  0.000000e+00  0.000000e+00  5.700000e-01  6.380340e-01  1.457192e+00  9.960523e-01  0.000000e+00  0.000000e+00  5.700000e-01  1.000000e+00  1.000000e+00  0.000000e+00  0.000000e+00  0.000000e+00  5.700000e-01  1.000000e+00  1.000000e+00  0.000000e+00  0.000000e+00  0.000000e+00  5.700000e-01  1.000000e+00  1.000000e+00  0.000000e+00  0.000000e+00  0.000000e+00  5.700000e-01  1.000000e+00  1.000000e+00  0.000000e+00  0.000000e+00  0.000000e+00  5.700000e-01  
6.098132e-01  1.477466e+00  6.194024e-01  0.000000e+00  0.000000e+00  5.700000e-01  6.098132e-01  1.477466e+00  9.951553e-01  0.000000e+00  0.000000e+00  5.700000e-01  1.000000e+00  1.000000e+00  0.000000e+00  0.000000e+00  0.000000e+00  5.700000e-01  1.000000e+00  1.000000e+00  0.000000e+00  0.000000e+00  0.000000e+00  5.700000e-01  1.000000e+00  1.000000e+00  0.000000e+00  0.000000e+00  0.000000e+00  5.700000e-01  1.000000e+00  1.000000e+00  0.000000e+00  0.000000e+00  0.000000e+00  5.700000e-01  
6.521228e-01  1.599534e+00  6.231425e-01  0.000000e+00  0.000000e+00  5.700000e-01  6.521228e-01  1.599534e+00  9.786218e-01  0.000000e+00  0.000000e+00  5.700000e-01  1.000000e+00  1.000000e+00  0.000000e+00  0.000000e+00  0.000000e+00  5.700000e-01  1.000000e+00  1.000000e+00  0.000000e+00  0.000000e+00  0.000000e+00  5.700000e-01  1.000000e+00  1.000000e+00  0.000000e+00  0.000000e+00  0.000000e+00  5.700000e-01  1.000000e+00  1.000000e+00  0.000000e+00  0.000000e+00  0.000000e+00  5.700000e-01  
6.309799e-01  1.515369e+00  6.115744e-01  0.000000e+00  0.000000e+00  5.700000e-01  6.309799e-01  1.515369e+00  9.804647e-01  0.000000e+00  0.000000e+00  5.700000e-01  1.000000e+00  1.000000e+00  0.000000e+00  0.000000e+00  0.000000e+00  5.700000e-01  1.000000e+00  1.000000e+00  0.000000e+00  0.000000e+00  0.000000e+00  5.700000e-01  1.000000e+00  1.000000e+00  0.000000e+00  0.000000e+00  0.000000e+00  5.700000e-01  1.000000e+00  1.000000e+00  0.000000e+00  0.000000e+00  0.000000e+00  5.700000e-01  
6.222407e-01  1.374621e+00  6.099409e-01  0.000000e+00  0.000000e+00  5.700000e-01  6.222407e-01  1.374621e+00  9.949610e-01  0.000000e+00  0.000000e+00  5.700000e-01  1.000000e+00  1.000000e+00  0.000000e+00  0.000000e+00  0.000000e+00  5.700000e-01  1.000000e+00  1.000000e+00  0.000000e+00  0.000000e+00  0.000000e+00  5.700000e-01  1.000000e+00  1.000000e+00  0.000000e+00  0.000000e+00  0.000000e+00  5.700000e-01  1.000000e+00  1.000000e+00  0.000000e+00  0.000000e+00  0.000000e+00  5.700000e-01  
5.968978e-01  1.548451e+00  5.855805e-01  0.000000e+00  0.000000e+00  5.700000e-01  5.968978e-01  1.548451e+00  9.998395e-01  0.000000e+00  0.000000e+00  5.700000e-01  1.000000e+00  1.000000e+00  0.000000e+00  0.000000e+00  0.000000e+00  5.700000e-01  1.000000e+00  1.000000e+00  0.000000e+00  0.000000e+00  0.000000e+00  5.700000e-01  1.000000e+00  1.000000e+00  0.000000e+00  0.000000e+00  0.000000e+00  5.700000e-01  1.000000e+00  1.000000e+00  0.000000e+00  0.000000e+00  0.000000e+00  5.700000e-01  
6.974130e-01  1.545259e+00  6.154862e-01  0.000000e+00  0.000000e+00  5.700000e-01  6.974130e-01  1.545259e+00  9.749430e-01  0.000000e+00  0.000000e+00  5.700000e-01  1.000000e+00  1.000000e+00  0.000000e+00  0.000000e+00  0.000000e+00  5.700000e-01  1.000000e+00  1.000000e+00  0.000000e+00  0.000000e+00  0.000000e+00  5.700000e-01  1.000000e+00  1.000000e+00  0.000000e+00  0.000000e+00  0.000000e+00  5.700000e-01  1.000000e+00  1.000000e+00  0.000000e+00  0.000000e+00  0.000000e+00  5.700000e-01  
6.525346e-01  1.872476e+00  6.153335e-01  0.000000e+00  0.000000e+00  5.700000e-01  6.525346e-01  1.872476e+00  9.789386e-01  0.000000e+00  0.000000e+00  5.700000e-01  1.000000e+00  1.000000e+00  0.000000e+00  0.000000e+00  0.000000e+00  5.700000e-01  1.000000e+00  1.000000e+00  0.000000e+00  0.000000e+00  0.000000e+00  5.700000e-01  1.000000e+00  1.000000e+00  0.000000e+00  0.000000e+00  0.000000e+00  5.700000e-01  1.000000e+00  1.000000e+00  0.000000e+00  0.000000e+00  0.000000e+00  5.700000e-01  
6.448241e-01  1.628291e+00  6.044606e-01  0.000000e+00  0.000000e+00  5.700000e-01  6.448241e-01  1.628291e+00  9.706087e-01  0.000000e+00  0.000000e+00  5.700000e-01  1.000000e+00  1.000000e+00  0.000000e+00  0.000000e+00  0.000000e+00  5.700000e-01  1.000000e+00  1.000000e+00  0.000000e+00  0.000000e+00  0.000000e+00  5.700000e-01  1.000000e+00  1.000000e+00  0.000000e+00  0.000000e+00  0.000000e+00  5.700000e-01  1.000000e+00  1.000000e+00  0.000000e+00  0.000000e+00  0.000000e+00  5.700000e-01  
6.443117e-01  1.367290e+00  6.060883e-01  0.000000e+00  0.000000e+00  5.700000e-01  6.443117e-01  1.367290e+00  9.992380e-01  0.000000e+00  0.000000e+00  5.700000e-01  1.000000e+00  1.000000e+00  0.000000e+00  0.000000e+00  0.000000e+00  5.700000e-01  1.000000e+00  1.000000e+00  0.000000e+00  0.000000e+00  0.000000e+00  5.700000e-01  1.000000e+00  1.000000e+00  0.000000e+00  0.000000e+00  0.000000e+00  5.700000e-01  1.000000e+00  1.000000e+00  0.000000e+00  0.000000e+00  0.000000e+00  5.700000e-01  
6.120705e-01  1.581032e+00  6.064180e-01  0.000000e+00  0.000000e+00  5.700000e-01  6.120705e-01  1.581032e+00  9.958275e-01  0.000000e+00  0.000000e+00  5.700000e-01  1.000000e+00  1.000000e+00  0.000000e+00  0.000000e+00  0.000000e+00  5.700000e-01  1.000000e+00  1.000000e+00  0.000000e+00  0.000000e+00  0.000000e+00  5.700000e-01  1.000000e+00  1.000000e+00  0.000000e+00  0.000000e+00  0.000000e+00  5.700000e-01  1.000000e+00  1.000000e+00  0.000000e+00  0.000000e+00  0.000000e+00  5.700000e-01  
6.579740e-01  1.566393e+00  6.110187e-01  0.000000e+00  0.000000e+00  5.700000e-01  6.579740e-01  1.566393e+00  9.464442e-01  0.000000e+00  0.000000e+00  5.700000e-01  1.000000e+00  1.000000e+00  0.000000e+00  0.000000e+00  0.000000e+00  5.700000e-01  1.000000e+00  1.000000e+00  0.000000e+00  0.000000e+00  0.000000e+00  5.700000e-01  1.000000e+00  1.000000e+00  0.000000e+00  0.000000e+00  0.000000e+00  5.700000e-01  1.000000e+00  1.000000e+00  0.000000e+00  0.000000e+00  0.000000e+00  5.700000e-01  
6.687242e-01  1.681449e+00  6.238400e-01  0.000000e+00  0.000000e+00  5.700000e-01  6.687242e-01  1.681449e+00  9.860730e-01  0.000000e+00  0.000000e+00  5.700000e-01  1.000000e+00  1.000000e+00  0.000000e+00  0.000000e+00  0.000000e+00  5.700000e-01  1.000000e+00  1.000000e+00  0.000000e+00  0.000000e+00  0.000000e+00  5.700000e-01  1.000000e+00  1.000000e+00  0.000000e+00  0.000000e+00  0.000000e+00  5.700000e-01  1.000000e+00  1.000000e+00  0.000000e+00  0.000000e+00  0.000000e+00  5.700000e-01  
6.903625e-01  1.639627e+00  6.183748e-01  0.000000e+00  0.000000e+00  5.700000e-01  6.903625e-01  1.639627e+00  9.803139e-01  0.000000e+00  0.000000e+00  5.700000e-01  1.000000e+00  1.000000e+00  0.000000e+00  0.000000e+00  0.000000e+00  5.700000e-01  1.000000e+00  1.000000e+00  0.000000e+00  0.000000e+00  0.000000e+00  5.700000e-01  1.000000e+00  1.000000e+00  0.000000e+00  0.000000e+00  0.000000e+00  5.700000e-01  1.000000e+00  1.000000e+00  0.000000e+00  0.000000e+00  0.000000e+00  5.700000e-01  
5.274274e-01  1.934115e+00  5.573658e-01  0.000000e+00  0.000000e+00  5.700000e-01  5.274274e-01  1.934115e+00  7.987931e-01  0.000000e+00  0.000000e+00  5.700000e-01  1.000000e+00  1.000000e+00  0.000000e+00  0.000000e+00  0.000000e+00  5.700000e-01  1.000000e+00  1.000000e+00  0.000000e+00  0.000000e+00  0.000000e+00  5.700000e-01  1.000000e+00  1.000000e+00  0.000000e+00  0.000000e+00  0.000000e+00  5.700000e-01  1.000000e+00  1.000000e+00  0.000000e+00  0.000000e+00  0.000000e+00  5.700000e-01  
5.320060e-01  6.994588e-01  6.108819e-01  0.000000e+00  0.000000e+00  5.700000e-01  5.320060e-01  6.994588e-01  9.659153e-01  0.000000e+00  0.000000e+00  5.700000e-01  1.000000e+00  1.000000e+00  0.000000e+00  0.000000e+00  0.000000e+00  5.700000e-01  1.000000e+00  1.000000e+00  0.000000e+00  0.000000e+00  0.000000e+00  5.700000e-01  1.000000e+00  1.000000e+00  0.000000e+00  0.000000e+00  0.000000e+00  5.700000e-01  1.000000e+00  1.000000e+00  0.000000e+00  0.000000e+00  0.000000e+00  5.700000e-01  
6.246002e-01  1.295974e+00  6.113743e-01  0.000000e+00  0.000000e+00  5.700000e-01  6.246002e-01  1.295974e+00  9.464983e-01  0.000000e+00  0.000000e+00  5.700000e-01  1.000000e+00  1.000000e+00  0.000000e+00  0.000000e+00  0.000000e+00  5.700000e-01  1.000000e+00  1.000000e+00  0.000000e+00  0.000000e+00  0.000000e+00  5.700000e-01  1.000000e+00  1.000000e+00  0.000000e+00  0.000000e+00  0.000000e+00  5.700000e-01  1.000000e+00  1.000000e+00  0.000000e+00  0.000000e+00  0.000000e+00  5.700000e-01  
6.921329e-01  1.481337e+00  6.059098e-01  0.000000e+00  0.000000e+00  5.700000e-01  6.921329e-01  1.481337e+00  9.163547e-01  0.000000e+00  0.000000e+00  5.700000e-01  1.000000e+00  1.000000e+00  0.000000e+00  0.000000e+00  0.000000e+00  5.700000e-01  1.000000e+00  1.000000e+00  0.000000e+00  0.000000e+00  0.000000e+00  5.700000e-01  1.000000e+00  1.000000e+00  0.000000e+00  0.000000e+00  0.000000e+00  5.700000e-01  1.000000e+00  1.000000e+00  0.000000e+00  0.000000e+00  0.000000e+00  5.700000e-01  
4.644586e-01  7.230858e-01  6.099712e-01  0.000000e+00  0.000000e+00  5.700000e-01  4.644586e-01  7.230858e-01  9.740287e-01  0.000000e+00  0.000000e+00  5.700000e-01  1.000000e+00  1.000000e+00  0.000000e+00  0.000000e+00  0.000000e+00  5.700000e-01  1.000000e+00  1.000000e+00  0.000000e+00  0.000000e+00  0.000000e+00  5.700000e-01  1.000000e+00  1.000000e+00  0.000000e+00  0.000000e+00  0.000000e+00  5.700000e-01  1.000000e+00  1.000000e+00  0.000000e+00  0.000000e+00  0.000000e+00  5.700000e-01  
6.258351e-01  1.641540e+00  6.042015e-01  0.000000e+00  0.000000e+00  5.700000e-01  6.258351e-01  1.641540e+00  9.251928e-01  0.000000e+00  0.000000e+00  5.700000e-01  1.000000e+00  1.000000e+00  0.000000e+00  0.000000e+00  0.000000e+00  5.700000e-01  1.000000e+00  1.000000e+00  0.000000e+00  0.000000e+00  0.000000e+00  5.700000e-01  1.000000e+00  1.000000e+00  0.000000e+00  0.000000e+00  0.000000e+00  5.700000e-01  1.000000e+00  1.000000e+00  0.000000e+00  0.000000e+00  0.000000e+00  5.700000e-01  
4.938757e-01  1.239312e+00  5.915650e-01  0.000000e+00  0.000000e+00  5.700000e-01  4.938757e-01  1.239312e+00  8.614388e-01  0.000000e+00  0.000000e+00  5.700000e-01  1.000000e+00  1.000000e+00  0.000000e+00  0.000000e+00  0.000000e+00  5.700000e-01  1.000000e+00  1.000000e+00  0.000000e+00  0.000000e+00  0.000000e+00  5.700000e-01  1.000000e+00  1.000000e+00  0.000000e+00  0.000000e+00  0.000000e+00  5.700000e-01  1.000000e+00  1.000000e+00  0.000000e+00  0.000000e+00  0.000000e+00  5.700000e-01  
6.020365e-01  1.242313e+00  6.163733e-01  0.000000e+00  0.000000e+00  5.700000e-01  6.020365e-01  1.242313e+00  9.375600e-01  0.000000e+00  0.000000e+00  5.700000e-01  1.000000e+00  1.000000e+00  0.000000e+00  0.000000e+00  0.000000e+00  5.700000e-01  1.000000e+00  1.000000e+00  0.000000e+00  0.000000e+00  0.000000e+00  5.700000e-01  1.000000e+00  1.000000e+00  0.000000e+00  0.000000e+00  0.000000e+00  5.700000e-01  1.000000e+00  1.000000e+00  0.000000e+00  0.000000e+00  0.000000e+00  5.700000e-01  
8.283156e-01  1.984247e+00  5.750840e-01  0.000000e+00  0.000000e+00  5.700000e-01  8.283156e-01  1.984247e+00  9.043462e-01  0.000000e+00  0.000000e+00  5.700000e-01  1.000000e+00  1.000000e+00  0.000000e+00  0.000000e+00  0.000000e+00  5.700000e-01  1.000000e+00  1.000000e+00  0.000000e+00  0.000000e+00  0.000000e+00  5.700000e-01  1.000000e+00  1.000000e+00  0.000000e+00  0.000000e+00  0.000000e+00  5.700000e-01  1.000000e+00  1.000000e+00  0.000000e+00  0.000000e+00  0.000000e+00  5.700000e-01  
6.393903e-01  1.375376e+00  6.024404e-01  0.000000e+00  0.000000e+00  5.700000e-01  6.393903e-01  1.375376e+00  9.783398e-01  0.000000e+00  0.000000e+00  5.700000e-01  1.000000e+00  1.000000e+00  0.000000e+00  0.000000e+00  0.000000e+00  5.700000e-01  1.000000e+00  1.000000e+00  0.000000e+00  0.000000e+00  0.000000e+00  5.700000e-01  1.000000e+00  1.000000e+00  0.000000e+00  0.000000e+00  0.000000e+00  5.700000e-01  1.000000e+00  1.000000e+00  0.000000e+00  0.000000e+00  0.000000e+00  5.700000e-01  
7.115965e-01  1.728200e+00  5.495319e-01  0.000000e+00  0.000000e+00  5.700000e-01  7.115965e-01  1.728200e+00  9.971386e-01  0.000000e+00  0.000000e+00  5.700000e-01  1.000000e+00  1.000000e+00  0.000000e+00  0.000000e+00  0.000000e+00  5.700000e-01  1.000000e+00  1.000000e+00  0.000000e+00  0.000000e+00  0.000000e+00  5.700000e-01  1.000000e+00  1.000000e+00  0.000000e+00  0.000000e+00  0.000000e+00  5.700000e-01  1.000000e+00  1.000000e+00  0.000000e+00  0.000000e+00  0.000000e+00  5.700000e-01  
5.935659e-01  1.381578e+00  6.130279e-01  0.000000e+00  0.000000e+00  5.700000e-01  5.935659e-01  1.381578e+00  8.969901e-01  0.000000e+00  0.000000e+00  5.700000e-01  1.000000e+00  1.000000e+00  0.000000e+00  0.000000e+00  0.000000e+00  5.700000e-01  1.000000e+00  1.000000e+00  0.000000e+00  0.000000e+00  0.000000e+00  5.700000e-01  1.000000e+00  1.000000e+00  0.000000e+00  0.000000e+00  0.000000e+00  5.700000e-01  1.000000e+00  1.000000e+00  0.000000e+00  0.000000e+00  0.000000e+00  5.700000e-01  
7.587579e-01  2.545593e+00  6.245140e-01  0.000000e+00  0.000000e+00  5.700000e-01  7.587579e-01  2.545593e+00  8.796173e-01  0.000000e+00  0.000000e+00  5.700000e-01  1.000000e+00  1.000000e+00  0.000000e+00  0.000000e+00  0.000000e+00  5.700000e-01  1.000000e+00  1.000000e+00  0.000000e+00  0.000000e+00  0.000000e+00  5.700000e-01  1.000000e+00  1.000000e+00  0.000000e+00  0.000000e+00  0.000000e+00  5.700000e-01  1.000000e+00  1.000000e+00  0.000000e+00  0.000000e+00  0.000000e+00  5.700000e-01  
5.412714e-01  9.550796e-01  6.116053e-01  0.000000e+00  0.000000e+00  5.700000e-01  5.412714e-01  9.550796e-01  9.798633e-01  0.000000e+00  0.000000e+00  5.700000e-01  1.000000e+00  1.000000e+00  0.000000e+00  0.000000e+00  0.000000e+00  5.700000e-01  1.000000e+00  1.000000e+00  0.000000e+00  0.000000e+00  0.000000e+00  5.700000e-01  1.000000e+00  1.000000e+00  0.000000e+00  0.000000e+00  0.000000e+00  5.700000e-01  1.000000e+00  1.000000e+00  0.000000e+00  0.000000e+00  0.000000e+00  5.700000e-01  
6.287016e-01  1.775079e+00  5.431545e-01  0.000000e+00  0.000000e+00  5.700000e-01  6.287016e-01  1.775079e+00  9.588999e-01  0.000000e+00  0.000000e+00  5.700000e-01  1.000000e+00  1.000000e+00  0.000000e+00  0.000000e+00  0.000000e+00  5.700000e-01  1.000000e+00  1.000000e+00  0.000000e+00  0.000000e+00  0.000000e+00  5.700000e-01  1.000000e+00  1.000000e+00  0.000000e+00  0.000000e+00  0.000000e+00  5.700000e-01  1.000000e+00  1.000000e+00  0.000000e+00  0.000000e+00  0.000000e+00  5.700000e-01  
6.097313e-01  1.007232e+00  6.153973e-01  0.000000e+00  0.000000e+00  5.700000e-01  6.097313e-01  1.007232e+00  9.922539e-01  0.000000e+00  0.000000e+00  5.700000e-01  1.000000e+00  1.000000e+00  0.000000e+00  0.000000e+00  0.000000e+00  5.700000e-01  1.000000e+00  1.000000e+00  0.000000e+00  0.000000e+00  0.000000e+00  5.700000e-01  1.000000e+00  1.000000e+00  0.000000e+00  0.000000e+00  0.000000e+00  5.700000e-01  1.000000e+00  1.000000e+00  0.000000e+00  0.000000e+00  0.000000e+00  5.700000e-01  
6.327311e-01  1.851258e+00  6.170353e-01  0.000000e+00  0.000000e+00  5.700000e-01  6.327311e-01  1.851258e+00  9.149089e-01  0.000000e+00  0.000000e+00  5.700000e-01  1.000000e+00  1.000000e+00  0.000000e+00  0.000000e+00  0.000000e+00  5.700000e-01  1.000000e+00  1.000000e+00  0.000000e+00  0.000000e+00  0.000000e+00  5.700000e-01  1.000000e+00  1.000000e+00  0.000000e+00  0.000000e+00  0.000000e+00  5.700000e-01  1.000000e+00  1.000000e+00  0.000000e+00  0.000000e+00  0.000000e+00  5.700000e-01  
6.710814e-01  1.385350e+00  6.112548e-01  0.000000e+00  0.000000e+00  5.700000e-01  6.710814e-01  1.385350e+00  9.635717e-01  0.000000e+00  0.000000e+00  5.700000e-01  1.000000e+00  1.000000e+00  0.000000e+00  0.000000e+00  0.000000e+00  5.700000e-01  1.000000e+00  1.000000e+00  0.000000e+00  0.000000e+00  0.000000e+00  5.700000e-01  1.000000e+00  1.000000e+00  0.000000e+00  0.000000e+00  0.000000e+00  5.700000e-01  1.000000e+00  1.000000e+00  0.000000e+00  0.000000e+00  0.000000e+00  5.700000e-01  
8.313879e-01  2.089115e+00  5.934152e-01  0.000000e+00  0.000000e+00  5.700000e-01  8.313879e-01  2.089115e+00  8.701063e-01  0.000000e+00  0.000000e+00  5.700000e-01  1.000000e+00  1.000000e+00  0.000000e+00  0.000000e+00  0.000000e+00  5.700000e-01  1.000000e+00  1.000000e+00  0.000000e+00  0.000000e+00  0.000000e+00  5.700000e-01  1.000000e+00  1.000000e+00  0.000000e+00  0.000000e+00  0.000000e+00  5.700000e-01  1.000000e+00  1.000000e+00  0.000000e+00  0.000000e+00  0.000000e+00  5.700000e-01  
5.648217e-01  1.557415e+00  6.330718e-01  0.000000e+00  0.000000e+00  5.700000e-01  5.648217e-01  1.557415e+00  9.786416e-01  0.000000e+00  0.000000e+00  5.700000e-01  1.000000e+00  1.000000e+00  0.000000e+00  0.000000e+00  0.000000e+00  5.700000e-01  1.000000e+00  1.000000e+00  0.000000e+00  0.000000e+00  0.000000e+00  5.700000e-01  1.000000e+00  1.000000e+00  0.000000e+00  0.000000e+00  0.000000e+00  5.700000e-01  1.000000e+00  1.000000e+00  0.000000e+00  0.000000e+00  0.000000e+00  5.700000e-01  
2.227252e-01  7.994661e-01  3.788351e-01  0.000000e+00  0.000000e+00  5.700000e-01  2.227252e-01  7.994661e-01  9.852075e-01  0.000000e+00  0.000000e+00  5.700000e-01  1.000000e+00  1.000000e+00  0.000000e+00  0.000000e+00  0.000000e+00  5.700000e-01  1.000000e+00  1.000000e+00  0.000000e+00  0.000000e+00  0.000000e+00  5.700000e-01  1.000000e+00  1.000000e+00  0.000000e+00  0.000000e+00  0.000000e+00  5.700000e-01  1.000000e+00  1.000000e+00  0.000000e+00  0.000000e+00  0.000000e+00  5.700000e-01  
2.084791e-01  8.367860e-01  3.737214e-01  0.000000e+00  0.000000e+00  5.700000e-01  2.084791e-01  8.367860e-01  9.951553e-01  0.000000e+00  0.000000e+00  5.700000e-01  1.000000e+00  1.000000e+00  0.000000e+00  0.000000e+00  0.000000e+00  5.700000e-01  1.000000e+00  1.000000e+00  0.000000e+00  0.000000e+00  0.000000e+00  5.700000e-01  1.000000e+00  1.000000e+00  0.000000e+00  0.000000e+00  0.000000e+00  5.700000e-01  1.000000e+00  1.000000e+00  0.000000e+00  0.000000e+00  0.000000e+00  5.700000e-01  
2.507888e-01  9.588540e-01  3.774615e-01  0.000000e+00  0.000000e+00  5.700000e-01  2.507888e-01  9.588540e-01  9.786218e-01  0.000000e+00  0.000000e+00  5.700000e-01  1.000000e+00  1.000000e+00  0.000000e+00  0.000000e+00  0.000000e+00  5.700000e-01  1.000000e+00  1.000000e+00  0.000000e+00  0.000000e+00  0.000000e+00  5.700000e-01  1.000000e+00  1.000000e+00  0.000000e+00  0.000000e+00  0.000000e+00  5.700000e-01  1.000000e+00  1.000000e+00  0.000000e+00  0.000000e+00  0.000000e+00  5.700000e-01  
2.455272e-01  8.966205e-01  3.761915e-01  0.000000e+00  0.000000e+00  5.700000e-01  2.455272e-01  8.966205e-01  9.848526e-01  0.000000e+00  0.000000e+00  5.700000e-01  1.000000e+00  1.000000e+00  0.000000e+00  0.000000e+00  0.000000e+00  5.700000e-01  1.000000e+00  1.000000e+00  0.000000e+00  0.000000e+00  0.000000e+00  5.700000e-01  1.000000e+00  1.000000e+00  0.000000e+00  0.000000e+00  0.000000e+00  5.700000e-01  1.000000e+00  1.000000e+00  0.000000e+00  0.000000e+00  0.000000e+00  5.700000e-01  
2.181081e-01  8.009174e-01  3.805342e-01  0.000000e+00  0.000000e+00  5.700000e-01  2.181081e-01  8.009174e-01  9.507525e-01  0.000000e+00  0.000000e+00  5.700000e-01  1.000000e+00  1.000000e+00  0.000000e+00  0.000000e+00  0.000000e+00  5.700000e-01  1.000000e+00  1.000000e+00  0.000000e+00  0.000000e+00  0.000000e+00  5.700000e-01  1.000000e+00  1.000000e+00  0.000000e+00  0.000000e+00  0.000000e+00  5.700000e-01  1.000000e+00  1.000000e+00  0.000000e+00  0.000000e+00  0.000000e+00  5.700000e-01  
2.226331e-01  8.687690e-01  3.823393e-01  0.000000e+00  0.000000e+00  5.700000e-01  2.226331e-01  8.687690e-01  9.846624e-01  0.000000e+00  0.000000e+00  5.700000e-01  1.000000e+00  1.000000e+00  0.000000e+00  0.000000e+00  0.000000e+00  5.700000e-01  1.000000e+00  1.000000e+00  0.000000e+00  0.000000e+00  0.000000e+00  5.700000e-01  1.000000e+00  1.000000e+00  0.000000e+00  0.000000e+00  0.000000e+00  5.700000e-01  1.000000e+00  1.000000e+00  0.000000e+00  0.000000e+00  0.000000e+00  5.700000e-01  
2.224475e-01  7.989138e-01  3.729319e-01  0.000000e+00  0.000000e+00  5.700000e-01  2.224475e-01  7.989138e-01  9.773210e-01  0.000000e+00  0.000000e+00  5.700000e-01  1.000000e+00  1.000000e+00  0.000000e+00  0.000000e+00  0.000000e+00  5.700000e-01  1.000000e+00  1.000000e+00  0.000000e+00  0.000000e+00  0.000000e+00  5.700000e-01  1.000000e+00  1.000000e+00  0.000000e+00  0.000000e+00  0.000000e+00  5.700000e-01  1.000000e+00  1.000000e+00  0.000000e+00  0.000000e+00  0.000000e+00  5.700000e-01  
2.475996e-01  8.772107e-01  3.721967e-01  0.000000e+00  0.000000e+00  5.700000e-01  2.475996e-01  8.772107e-01  9.759024e-01  0.000000e+00  0.000000e+00  5.700000e-01  1.000000e+00  1.000000e+00  0.000000e+00  0.000000e+00  0.000000e+00  5.700000e-01  1.000000e+00  1.000000e+00  0.000000e+00  0.000000e+00  0.000000e+00  5.700000e-01  1.000000e+00  1.000000e+00  0.000000e+00  0.000000e+00  0.000000e+00  5.700000e-01  1.000000e+00  1.000000e+00  0.000000e+00  0.000000e+00  0.000000e+00  5.700000e-01  
2.426555e-01  7.839196e-01  3.768392e-01  0.000000e+00  0.000000e+00  5.700000e-01  2.426555e-01  7.839196e-01  9.701840e-01  0.000000e+00  0.000000e+00  5.700000e-01  1.000000e+00  1.000000e+00  0.000000e+00  0.000000e+00  0.000000e+00  5.700000e-01  1.000000e+00  1.000000e+00  0.000000e+00  0.000000e+00  0.000000e+00  5.700000e-01  1.000000e+00  1.000000e+00  0.000000e+00  0.000000e+00  0.000000e+00  5.700000e-01  1.000000e+00  1.000000e+00  0.000000e+00  0.000000e+00  0.000000e+00  5.700000e-01  
2.735313e-01  7.536426e-01  3.753836e-01  0.000000e+00  0.000000e+00  5.700000e-01  2.735313e-01  7.536426e-01  9.862688e-01  0.000000e+00  0.000000e+00  5.700000e-01  1.000000e+00  1.000000e+00  0.000000e+00  0.000000e+00  0.000000e+00  5.700000e-01  1.000000e+00  1.000000e+00  0.000000e+00  0.000000e+00  0.000000e+00  5.700000e-01  1.000000e+00  1.000000e+00  0.000000e+00  0.000000e+00  0.000000e+00  5.700000e-01  1.000000e+00  1.000000e+00  0.000000e+00  0.000000e+00  0.000000e+00  5.700000e-01  
2.219191e-01  9.718019e-01  3.759066e-01  0.000000e+00  0.000000e+00  5.700000e-01  2.219191e-01  9.718019e-01  9.999204e-01  0.000000e+00  0.000000e+00  5.700000e-01  1.000000e+00  1.000000e+00  0.000000e+00  0.000000e+00  0.000000e+00  5.700000e-01  1.000000e+00  1.000000e+00  0.000000e+00  0.000000e+00  0.000000e+00  5.700000e-01  1.000000e+00  1.000000e+00  0.000000e+00  0.000000e+00  0.000000e+00  5.700000e-01  1.000000e+00  1.000000e+00  0.000000e+00  0.000000e+00  0.000000e+00  5.700000e-01  
2.738521e-01  6.676273e-01  3.819754e-01  0.000000e+00  0.000000e+00  5.700000e-01  2.738521e-01  6.676273e-01  9.825643e-01  0.000000e+00  0.000000e+00  5.700000e-01  1.000000e+00  1.000000e+00  0.000000e+00  0.000000e+00  0.000000e+00  5.700000e-01  1.000000e+00  1.000000e+00  0.000000e+00  0.000000e+00  0.000000e+00  5.700000e-01  1.000000e+00  1.000000e+00  0.000000e+00  0.000000e+00  0.000000e+00  5.700000e-01  1.000000e+00  1.000000e+00  0.000000e+00  0.000000e+00  0.000000e+00  5.700000e-01  
2.673903e-01  1.040769e+00  3.781590e-01  0.000000e+00  0.000000e+00  5.700000e-01  2.673903e-01  1.040769e+00  9.860730e-01  0.000000e+00  0.000000e+00  5.700000e-01  1.000000e+00  1.000000e+00  0.000000e+00  0.000000e+00  0.000000e+00  5.700000e-01  1.000000e+00  1.000000e+00  0.000000e+00  0.000000e+00  0.000000e+00  5.700000e-01  1.000000e+00  1.000000e+00  0.000000e+00  0.000000e+00  0.000000e+00  5.700000e-01  1.000000e+00  1.000000e+00  0.000000e+00  0.000000e+00  0.000000e+00  5.700000e-01  
1.968993e-01  6.982803e-01  3.859937e-01  0.000000e+00  0.000000e+00  5.700000e-01  1.968993e-01  6.982803e-01  9.618614e-01  0.000000e+00  0.000000e+00  5.700000e-01  1.000000e+00  1.000000e+00  0.000000e+00  0.000000e+00  0.000000e+00  5.700000e-01  1.000000e+00  1.000000e+00  0.000000e+00  0.000000e+00  0.000000e+00  5.700000e-01  1.000000e+00  1.000000e+00  0.000000e+00  0.000000e+00  0.000000e+00  5.700000e-01  1.000000e+00  1.000000e+00  0.000000e+00  0.000000e+00  0.000000e+00  5.700000e-01  
1.683744e-01  5.363623e-01  3.762330e-01  0.000000e+00  0.000000e+00  5.700000e-01  1.683744e-01  5.363623e-01  9.896114e-01  0.000000e+00  0.000000e+00  5.700000e-01  1.000000e+00  1.000000e+00  0.000000e+00  0.000000e+00  0.000000e+00  5.700000e-01  1.000000e+00  1.000000e+00  0.000000e+00  0.000000e+00  0.000000e+00  5.700000e-01  1.000000e+00  1.000000e+00  0.000000e+00  0.000000e+00  0.000000e+00  5.700000e-01  1.000000e+00  1.000000e+00  0.000000e+00  0.000000e+00  0.000000e+00  5.700000e-01  
2.663515e-01  1.088711e+00  3.786464e-01  0.000000e+00  0.000000e+00  5.700000e-01  2.663515e-01  1.088711e+00  9.695873e-01  0.000000e+00  0.000000e+00  5.700000e-01  1.000000e+00  1.000000e+00  0.000000e+00  0.000000e+00  0.000000e+00  5.700000e-01  1.000000e+00  1.000000e+00  0.000000e+00  0.000000e+00  0.000000e+00  5.700000e-01  1.000000e+00  1.000000e+00  0.000000e+00  0.000000e+00  0.000000e+00  5.700000e-01  1.000000e+00  1.000000e+00  0.000000e+00  0.000000e+00  0.000000e+00  5.700000e-01  
2.963788e-01  1.053759e+00  3.761853e-01  0.000000e+00  0.000000e+00  5.700000e-01  2.963788e-01  1.053759e+00  9.776833e-01  0.000000e+00  0.000000e+00  5.700000e-01  1.000000e+00  1.000000e+00  0.000000e+00  0.000000e+00  0.000000e+00  5.700000e-01  1.000000e+00  1.000000e+00  0.000000e+00  0.000000e+00  0.000000e+00  5.700000e-01  1.000000e+00  1.000000e+00  0.000000e+00  0.000000e+00  0.000000e+00  5.700000e-01  1.000000e+00  1.000000e+00  0.000000e+00  0.000000e+00  0.000000e+00  5.700000e-01  
1.739902e-01  6.517379e-01  3.846759e-01  0.000000e+00  0.000000e+00  5.700000e-01  1.739902e-01  6.517379e-01  9.963212e-01  0.000000e+00  0.000000e+00  5.700000e-01  1.000000e+00  1.000000e+00  0.000000e+00  0.000000e+00  0.000000e+00  5.700000e-01  1.000000e+00  1.000000e+00  0.000000e+00  0.000000e+00  0.000000e+00  5.700000e-01  1.000000e+00  1.000000e+00  0.000000e+00  0.000000e+00  0.000000e+00  5.700000e-01  1.000000e+00  1.000000e+00  0.000000e+00  0.000000e+00  0.000000e+00  5.700000e-01  
2.346755e-01  7.783880e-01  3.852033e-01  0.000000e+00  0.000000e+00  5.700000e-01  2.346755e-01  7.783880e-01  9.792157e-01  0.000000e+00  0.000000e+00  5.700000e-01  1.000000e+00  1.000000e+00  0.000000e+00  0.000000e+00  0.000000e+00  5.700000e-01  1.000000e+00  1.000000e+00  0.000000e+00  0.000000e+00  0.000000e+00  5.700000e-01  1.000000e+00  1.000000e+00  0.000000e+00  0.000000e+00  0.000000e+00  5.700000e-01  1.000000e+00  1.000000e+00  0.000000e+00  0.000000e+00  0.000000e+00  5.700000e-01  
3.044506e-01  8.829309e-01  3.832236e-01  0.000000e+00  0.000000e+00  5.700000e-01  3.044506e-01  8.829309e-01  9.561167e-01  0.000000e+00  0.000000e+00  5.700000e-01  1.000000e+00  1.000000e+00  0.000000e+00  0.000000e+00  0.000000e+00  5.700000e-01  1.000000e+00  1.000000e+00  0.000000e+00  0.000000e+00  0.000000e+00  5.700000e-01  1.000000e+00  1.000000e+00  0.000000e+00  0.000000e+00  0.000000e+00  5.700000e-01  1.000000e+00  1.000000e+00  0.000000e+00  0.000000e+00  0.000000e+00  5.700000e-01  
3.028326e-01  8.720685e-01  4.404458e-01  0.000000e+00  0.000000e+00  5.700000e-01  3.028326e-01  8.720685e-01  9.753295e-01  0.000000e+00  0.000000e+00  5.700000e-01  1.000000e+00  1.000000e+00  0.000000e+00  0.000000e+00  0.000000e+00  5.700000e-01  1.000000e+00  1.000000e+00  0.000000e+00  0.000000e+00  0.000000e+00  5.700000e-01  1.000000e+00  1.000000e+00  0.000000e+00  0.000000e+00  0.000000e+00  5.700000e-01  1.000000e+00  1.000000e+00  0.000000e+00  0.000000e+00  0.000000e+00  5.700000e-01  
2.018123e-01  6.093683e-01  4.087177e-01  0.000000e+00  0.000000e+00  5.700000e-01  2.018123e-01  6.093683e-01  9.292185e-01  0.000000e+00  0.000000e+00  5.700000e-01  1.000000e+00  1.000000e+00  0.000000e+00  0.000000e+00  0.000000e+00  5.700000e-01  1.000000e+00  1.000000e+00  0.000000e+00  0.000000e+00  0.000000e+00  5.700000e-01  1.000000e+00  1.000000e+00  0.000000e+00  0.000000e+00  0.000000e+00  5.700000e-01  1.000000e+00  1.000000e+00  0.000000e+00  0.000000e+00  0.000000e+00  5.700000e-01  
1.556868e-01  2.483490e-01  4.359818e-01  0.000000e+00  0.000000e+00  5.700000e-01  1.556868e-01  2.483490e-01  9.778755e-01  0.000000e+00  0.000000e+00  5.700000e-01  1.000000e+00  1.000000e+00  0.000000e+00  0.000000e+00  0.000000e+00  5.700000e-01  1.000000e+00  1.000000e+00  0.000000e+00  0.000000e+00  0.000000e+00  5.700000e-01  1.000000e+00  1.000000e+00  0.000000e+00  0.000000e+00  0.000000e+00  5.700000e-01  1.000000e+00  1.000000e+00  0.000000e+00  0.000000e+00  0.000000e+00  5.700000e-01  
2.813763e-01  1.189170e+00  3.933029e-01  0.000000e+00  0.000000e+00  5.700000e-01  2.813763e-01  1.189170e+00  9.929906e-01  0.000000e+00  0.000000e+00  5.700000e-01  1.000000e+00  1.000000e+00  0.000000e+00  0.000000e+00  0.000000e+00  5.700000e-01  1.000000e+00  1.000000e+00  0.000000e+00  0.000000e+00  0.000000e+00  5.700000e-01  1.000000e+00  1.000000e+00  0.000000e+00  0.000000e+00  0.000000e+00  5.700000e-01  1.000000e+00  1.000000e+00  0.000000e+00  0.000000e+00  0.000000e+00  5.700000e-01  
2.963193e-01  7.883486e-01  4.106061e-01  0.000000e+00  0.000000e+00  5.700000e-01  2.963193e-01  7.883486e-01  8.862941e-01  0.000000e+00  0.000000e+00  5.700000e-01  1.000000e+00  1.000000e+00  0.000000e+00  0.000000e+00  0.000000e+00  5.700000e-01  1.000000e+00  1.000000e+00  0.000000e+00  0.000000e+00  0.000000e+00  5.700000e-01  1.000000e+00  1.000000e+00  0.000000e+00  0.000000e+00  0.000000e+00  5.700000e-01  1.000000e+00  1.000000e+00  0.000000e+00  0.000000e+00  0.000000e+00  5.700000e-01  
3.326077e-01  9.892118e-01  4.064525e-01  0.000000e+00  0.000000e+00  5.700000e-01  3.326077e-01  9.892118e-01  9.719196e-01  0.000000e+00  0.000000e+00  5.700000e-01  1.000000e+00  1.000000e+00  0.000000e+00  0.000000e+00  0.000000e+00  5.700000e-01  1.000000e+00  1.000000e+00  0.000000e+00  0.000000e+00  0.000000e+00  5.700000e-01  1.000000e+00  1.000000e+00  0.000000e+00  0.000000e+00  0.000000e+00  5.700000e-01  1.000000e+00  1.000000e+00  0.000000e+00  0.000000e+00  0.000000e+00  5.700000e-01  
2.779685e-01  1.200470e+00  4.138440e-01  0.000000e+00  0.000000e+00  5.700000e-01  2.779685e-01  1.200470e+00  9.603388e-01  0.000000e+00  0.000000e+00  5.700000e-01  1.000000e+00  1.000000e+00  0.000000e+00  0.000000e+00  0.000000e+00  5.700000e-01  1.000000e+00  1.000000e+00  0.000000e+00  0.000000e+00  0.000000e+00  5.700000e-01  1.000000e+00  1.000000e+00  0.000000e+00  0.000000e+00  0.000000e+00  5.700000e-01  1.000000e+00  1.000000e+00  0.000000e+00  0.000000e+00  0.000000e+00  5.700000e-01  
2.630936e-01  7.035606e-01  4.442655e-01  0.000000e+00  0.000000e+00  5.700000e-01  2.630936e-01  7.035606e-01  9.945509e-01  0.000000e+00  0.000000e+00  5.700000e-01  1.000000e+00  1.000000e+00  0.000000e+00  0.000000e+00  0.000000e+00  5.700000e-01  1.000000e+00  1.000000e+00  0.000000e+00  0.000000e+00  0.000000e+00  5.700000e-01  1.000000e+00  1.000000e+00  0.000000e+00  0.000000e+00  0.000000e+00  5.700000e-01  1.000000e+00  1.000000e+00  0.000000e+00  0.000000e+00  0.000000e+00  5.700000e-01  
3.031390e-01  8.779497e-01  4.059291e-01  0.000000e+00  0.000000e+00  5.700000e-01  3.031390e-01  8.779497e-01  9.871811e-01  0.000000e+00  0.000000e+00  5.700000e-01  1.000000e+00  1.000000e+00  0.000000e+00  0.000000e+00  0.000000e+00  5.700000e-01  1.000000e+00  1.000000e+00  0.000000e+00  0.000000e+00  0.000000e+00  5.700000e-01  1.000000e+00  1.000000e+00  0.000000e+00  0.000000e+00  0.000000e+00  5.700000e-01  1.000000e+00  1.000000e+00  0.000000e+00  0.000000e+00  0.000000e+00  5.700000e-01  
3.906855e-01  1.217445e+00  3.868752e-01  0.000000e+00  0.000000e+00  5.700000e-01  3.906855e-01  1.217445e+00  9.813139e-01  0.000000e+00  0.000000e+00  5.700000e-01  1.000000e+00  1.000000e+00  0.000000e+00  0.000000e+00  0.000000e+00  5.700000e-01  1.000000e+00  1.000000e+00  0.000000e+00  0.000000e+00  0.000000e+00  5.700000e-01  1.000000e+00  1.000000e+00  0.000000e+00  0.000000e+00  0.000000e+00  5.700000e-01  1.000000e+00  1.000000e+00  0.000000e+00  0.000000e+00  0.000000e+00  5.700000e-01  
2.239158e-01  6.252656e-01  4.051207e-01  0.000000e+00  0.000000e+00  5.700000e-01  2.239158e-01  6.252656e-01  8.698521e-01  0.000000e+00  0.000000e+00  5.700000e-01  1.000000e+00  1.000000e+00  0.000000e+00  0.000000e+00  0.000000e+00  5.700000e-01  1.000000e+00  1.000000e+00  0.000000e+00  0.000000e+00  0.000000e+00  5.700000e-01  1.000000e+00  1.000000e+00  0.000000e+00  0.000000e+00  0.000000e+00  5.700000e-01  1.000000e+00  1.000000e+00  0.000000e+00  0.000000e+00  0.000000e+00  5.700000e-01  
1.617960e-01  2.531215e-01  3.977455e-01  0.000000e+00  0.000000e+00  5.700000e-01  1.617960e-01  2.531215e-01  9.263245e-01  0.000000e+00  0.000000e+00  5.700000e-01  1.000000e+00  1.000000e+00  0.000000e+00  0.000000e+00  0.000000e+00  5.700000e-01  1.000000e+00  1.000000e+00  0.000000e+00  0.000000e+00  0.000000e+00  5.700000e-01  1.000000e+00  1.000000e+00  0.000000e+00  0.000000e+00  0.000000e+00  5.700000e-01  1.000000e+00  1.000000e+00  0.000000e+00  0.000000e+00  0.000000e+00  5.700000e-01  
3.067097e-01  8.055793e-01  4.250098e-01  0.000000e+00  0.000000e+00  5.700000e-01  3.067097e-01  8.055793e-01  9.278983e-01  0.000000e+00  0.000000e+00  5.700000e-01  1.000000e+00  1.000000e+00  0.000000e+00  0.000000e+00  0.000000e+00  5.700000e-01  1.000000e+00  1.000000e+00  0.000000e+00  0.000000e+00  0.000000e+00  5.700000e-01  1.000000e+00  1.000000e+00  0.000000e+00  0.000000e+00  0.000000e+00  5.700000e-01  1.000000e+00  1.000000e+00  0.000000e+00  0.000000e+00  0.000000e+00  5.700000e-01  
1.749765e-01  1.333686e-01  4.656076e-01  0.000000e+00  0.000000e+00  5.700000e-01  1.749765e-01  1.333686e-01  9.152070e-01  0.000000e+00  0.000000e+00  5.700000e-01  1.000000e+00  1.000000e+00  0.000000e+00  0.000000e+00  0.000000e+00  5.700000e-01  1.000000e+00  1.000000e+00  0.000000e+00  0.000000e+00  0.000000e+00  5.700000e-01  1.000000e+00  1.000000e+00  0.000000e+00  0.000000e+00  0.000000e+00  5.700000e-01  1.000000e+00  1.000000e+00  0.000000e+00  0.000000e+00  0.000000e+00  5.700000e-01  
2.274742e-01  7.741281e-01  4.084222e-01  0.000000e+00  0.000000e+00  5.700000e-01  2.274742e-01  7.741281e-01  9.122376e-01  0.000000e+00  0.000000e+00  5.700000e-01  1.000000e+00  1.000000e+00  0.000000e+00  0.000000e+00  0.000000e+00  5.700000e-01  1.000000e+00  1.000000e+00  0.000000e+00  0.000000e+00  0.000000e+00  5.700000e-01  1.000000e+00  1.000000e+00  0.000000e+00  0.000000e+00  0.000000e+00  5.700000e-01  1.000000e+00  1.000000e+00  0.000000e+00  0.000000e+00  0.000000e+00  5.700000e-01  
3.211099e-01  1.128420e+00  4.355888e-01  0.000000e+00  0.000000e+00  5.700000e-01  3.211099e-01  1.128420e+00  9.657860e-01  0.000000e+00  0.000000e+00  5.700000e-01  1.000000e+00  1.000000e+00  0.000000e+00  0.000000e+00  0.000000e+00  5.700000e-01  1.000000e+00  1.000000e+00  0.000000e+00  0.000000e+00  0.000000e+00  5.700000e-01  1.000000e+00  1.000000e+00  0.000000e+00  0.000000e+00  0.000000e+00  5.700000e-01  1.000000e+00  1.000000e+00  0.000000e+00  0.000000e+00  0.000000e+00  5.700000e-01  
3.275762e-01  8.749964e-01  4.253492e-01  0.000000e+00  0.000000e+00  5.700000e-01  3.275762e-01  8.749964e-01  9.284680e-01  0.000000e+00  0.000000e+00  5.700000e-01  1.000000e+00  1.000000e+00  0.000000e+00  0.000000e+00  0.000000e+00  5.700000e-01  1.000000e+00  1.000000e+00  0.000000e+00  0.000000e+00  0.000000e+00  5.700000e-01  1.000000e+00  1.000000e+00  0.000000e+00  0.000000e+00  0.000000e+00  5.700000e-01  1.000000e+00  1.000000e+00  0.000000e+00  0.000000e+00  0.000000e+00  5.700000e-01  
3.236625e-01  1.344606e+00  4.398122e-01  0.000000e+00  0.000000e+00  5.700000e-01  3.236625e-01  1.344606e+00  9.125801e-01  0.000000e+00  0.000000e+00  5.700000e-01  1.000000e+00  1.000000e+00  0.000000e+00  0.000000e+00  0.000000e+00  5.700000e-01  1.000000e+00  1.000000e+00  0.000000e+00  0.000000e+00  0.000000e+00  5.700000e-01  1.000000e+00  1.000000e+00  0.000000e+00  0.000000e+00  0.000000e+00  5.700000e-01  1.000000e+00  1.000000e+00  0.000000e+00  0.000000e+00  0.000000e+00  5.700000e-01  
3.150841e-01  8.573194e-01  4.081336e-01  0.000000e+00  0.000000e+00  5.700000e-01  3.150841e-01  8.573194e-01  8.414491e-01  0.000000e+00  0.000000e+00  5.700000e-01  1.000000e+00  1.000000e+00  0.000000e+00  0.000000e+00  0.000000e+00  5.700000e-01  1.000000e+00  1.000000e+00  0.000000e+00  0.000000e+00  0.000000e+00  5.700000e-01  1.000000e+00  1.000000e+00  0.000000e+00  0.000000e+00  0.000000e+00  5.700000e-01  1.000000e+00  1.000000e+00  0.000000e+00  0.000000e+00  0.000000e+00  5.700000e-01  
3.236146e-01  7.304424e-01  4.396988e-01  0.000000e+00  0.000000e+00  5.700000e-01  3.236146e-01  7.304424e-01  8.988861e-01  0.000000e+00  0.000000e+00  5.700000e-01  1.000000e+00  1.000000e+00  0.000000e+00  0.000000e+00  0.000000e+00  5.700000e-01  1.000000e+00  1.000000e+00  0.000000e+00  0.000000e+00  0.000000e+00  5.700000e-01  1.000000e+00  1.000000e+00  0.000000e+00  0.000000e+00  0.000000e+00  5.700000e-01  1.000000e+00  1.000000e+00  0.000000e+00  0.000000e+00  0.000000e+00  5.700000e-01  
3.880042e-01  1.133492e+00  4.204113e-01  0.000000e+00  0.000000e+00  5.700000e-01  3.880042e-01  1.133492e+00  9.912198e-01  0.000000e+00  0.000000e+00  5.700000e-01  1.000000e+00  1.000000e+00  0.000000e+00  0.000000e+00  0.000000e+00  5.700000e-01  1.000000e+00  1.000000e+00  0.000000e+00  0.000000e+00  0.000000e+00  5.700000e-01  1.000000e+00  1.000000e+00  0.000000e+00  0.000000e+00  0.000000e+00  5.700000e-01  1.000000e+00  1.000000e+00  0.000000e+00  0.000000e+00  0.000000e+00  5.700000e-01  
4.351030e-01  1.283100e+00  4.344022e-01  0.000000e+00  0.000000e+00  5.700000e-01  4.351030e-01  1.283100e+00  9.591218e-01  0.000000e+00  0.000000e+00  5.700000e-01  1.000000e+00  1.000000e+00  0.000000e+00  0.000000e+00  0.000000e+00  5.700000e-01  1.000000e+00  1.000000e+00  0.000000e+00  0.000000e+00  0.000000e+00  5.700000e-01  1.000000e+00  1.000000e+00  0.000000e+00  0.000000e+00  0.000000e+00  5.700000e-01  1.000000e+00  1.000000e+00  0.000000e+00  0.000000e+00  0.000000e+00  5.700000e-01  
3.935922e-01  1.218313e+00  4.117358e-01  0.000000e+00  0.000000e+00  5.700000e-01  3.935922e-01  1.218313e+00  9.927029e-01  0.000000e+00  0.000000e+00  5.700000e-01  1.000000e+00  1.000000e+00  0.000000e+00  0.000000e+00  0.000000e+00  5.700000e-01  1.000000e+00  1.000000e+00  0.000000e+00  0.000000e+00  0.000000e+00  5.700000e-01  1.000000e+00  1.000000e+00  0.000000e+00  0.000000e+00  0.000000e+00  5.700000e-01  1.000000e+00  1.000000e+00  0.000000e+00  0.000000e+00  0.000000e+00  5.700000e-01  
1.948002e-01  6.694356e-01  4.174030e-01  0.000000e+00  0.000000e+00  5.700000e-01  1.948002e-01  6.694356e-01  9.592305e-01  0.000000e+00  0.000000e+00  5.700000e-01  1.000000e+00  1.000000e+00  0.000000e+00  0.000000e+00  0.000000e+00  5.700000e-01  1.000000e+00  1.000000e+00  0.000000e+00  0.000000e+00  0.000000e+00  5.700000e-01  1.000000e+00  1.000000e+00  0.000000e+00  0.000000e+00  0.000000e+00  5.700000e-01  1.000000e+00  1.000000e+00  0.000000e+00  0.000000e+00  0.000000e+00  5.700000e-01  
3.436965e-01  1.021807e+00  4.098130e-01  0.000000e+00  0.000000e+00  5.700000e-01  3.436965e-01  1.021807e+00  9.068801e-01  0.000000e+00  0.000000e+00  5.700000e-01  1.000000e+00  1.000000e+00  0.000000e+00  0.000000e+00  0.000000e+00  5.700000e-01  1.000000e+00  1.000000e+00  0.000000e+00  0.000000e+00  0.000000e+00  5.700000e-01  1.000000e+00  1.000000e+00  0.000000e+00  0.000000e+00  0.000000e+00  5.700000e-01  1.000000e+00  1.000000e+00  0.000000e+00  0.000000e+00  0.000000e+00  5.700000e-01  
4.460442e-01  1.297233e-01  9.991745e-01  0.000000e+00  0.000000e+00  5.700000e-01  4.460442e-01  1.297233e-01  9.824555e-01  0.000000e+00  0.000000e+00  5.700000e-01  1.000000e+00  1.000000e+00  0.000000e+00  0.000000e+00  0.000000e+00  5.700000e-01  1.000000e+00  1.000000e+00  0.000000e+00  0.000000e+00  0.000000e+00  5.700000e-01  1.000000e+00  1.000000e+00  0.000000e+00  0.000000e+00  0.000000e+00  5.700000e-01  1.000000e+00  1.000000e+00  0.000000e+00  0.000000e+00  0.000000e+00  5.700000e-01  
4.712374e-01  1.291941e-01  9.910274e-01  0.000000e+00  0.000000e+00  5.700000e-01  4.712374e-01  1.291941e-01  9.837404e-01  0.000000e+00  0.000000e+00  5.700000e-01  1.000000e+00  1.000000e+00  0.000000e+00  0.000000e+00  0.000000e+00  5.700000e-01  1.000000e+00  1.000000e+00  0.000000e+00  0.000000e+00  0.000000e+00  5.700000e-01  1.000000e+00  1.000000e+00  0.000000e+00  0.000000e+00  0.000000e+00  5.700000e-01  1.000000e+00  1.000000e+00  0.000000e+00  0.000000e+00  0.000000e+00  5.700000e-01  
4.119978e-01  3.308266e-02  9.965988e-01  0.000000e+00  0.000000e+00  5.700000e-01  4.119978e-01  3.308266e-02  9.968169e-01  0.000000e+00  0.000000e+00  5.700000e-01  1.000000e+00  1.000000e+00  0.000000e+00  0.000000e+00  0.000000e+00  5.700000e-01  1.000000e+00  1.000000e+00  0.000000e+00  0.000000e+00  0.000000e+00  5.700000e-01  1.000000e+00  1.000000e+00  0.000000e+00  0.000000e+00  0.000000e+00  5.700000e-01  1.000000e+00  1.000000e+00  0.000000e+00  0.000000e+00  0.000000e+00  5.700000e-01  
4.561053e-01  2.632520e-02  9.967706e-01  0.000000e+00  0.000000e+00  5.700000e-01  4.561053e-01  2.632520e-02  9.777468e-01  0.000000e+00  0.000000e+00  5.700000e-01  1.000000e+00  1.000000e+00  0.000000e+00  0.000000e+00  0.000000e+00  5.700000e-01  1.000000e+00  1.000000e+00  0.000000e+00  0.000000e+00  0.000000e+00  5.700000e-01  1.000000e+00  1.000000e+00  0.000000e+00  0.000000e+00  0.000000e+00  5.700000e-01  1.000000e+00  1.000000e+00  0.000000e+00  0.000000e+00  0.000000e+00  5.700000e-01  
4.493480e-01  1.372452e-01  9.936258e-01  0.000000e+00  0.000000e+00  5.700000e-01  4.493480e-01  1.372452e-01  9.964216e-01  0.000000e+00  0.000000e+00  5.700000e-01  1.000000e+00  1.000000e+00  0.000000e+00  0.000000e+00  0.000000e+00  5.700000e-01  1.000000e+00  1.000000e+00  0.000000e+00  0.000000e+00  0.000000e+00  5.700000e-01  1.000000e+00  1.000000e+00  0.000000e+00  0.000000e+00  0.000000e+00  5.700000e-01  1.000000e+00  1.000000e+00  0.000000e+00  0.000000e+00  0.000000e+00  5.700000e-01  
4.447775e-01  8.107094e-02  9.982796e-01  0.000000e+00  0.000000e+00  5.700000e-01  4.447775e-01  8.107094e-02  9.886612e-01  0.000000e+00  0.000000e+00  5.700000e-01  1.000000e+00  1.000000e+00  0.000000e+00  0.000000e+00  0.000000e+00  5.700000e-01  1.000000e+00  1.000000e+00  0.000000e+00  0.000000e+00  0.000000e+00  5.700000e-01  1.000000e+00  1.000000e+00  0.000000e+00  0.000000e+00  0.000000e+00  5.700000e-01  1.000000e+00  1.000000e+00  0.000000e+00  0.000000e+00  0.000000e+00  5.700000e-01  
4.303856e-01  7.500222e-03  9.969828e-01  0.000000e+00  0.000000e+00  5.700000e-01  4.303856e-01  7.500222e-03  9.904655e-01  0.000000e+00  0.000000e+00  5.700000e-01  1.000000e+00  1.000000e+00  0.000000e+00  0.000000e+00  0.000000e+00  5.700000e-01  1.000000e+00  1.000000e+00  0.000000e+00  0.000000e+00  0.000000e+00  5.700000e-01  1.000000e+00  1.000000e+00  0.000000e+00  0.000000e+00  0.000000e+00  5.700000e-01  1.000000e+00  1.000000e+00  0.000000e+00  0.000000e+00  0.000000e+00  5.700000e-01  
3.994057e-01  6.378777e-04  9.989854e-01  0.000000e+00  0.000000e+00  5.700000e-01  3.994057e-01  6.378777e-04  9.864194e-01  0.000000e+00  0.000000e+00  5.700000e-01  1.000000e+00  1.000000e+00  0.000000e+00  0.000000e+00  0.000000e+00  5.700000e-01  1.000000e+00  1.000000e+00  0.000000e+00  0.000000e+00  0.000000e+00  5.700000e-01  1.000000e+00  1.000000e+00  0.000000e+00  0.000000e+00  0.000000e+00  5.700000e-01  1.000000e+00  1.000000e+00  0.000000e+00  0.000000e+00  0.000000e+00  5.700000e-01  
4.480578e-01  7.480769e-02  9.977951e-01  0.000000e+00  0.000000e+00  5.700000e-01  4.480578e-01  7.480769e-02  9.855924e-01  0.000000e+00  0.000000e+00  5.700000e-01  1.000000e+00  1.000000e+00  0.000000e+00  0.000000e+00  0.000000e+00  5.700000e-01  1.000000e+00  1.000000e+00  0.000000e+00  0.000000e+00  0.000000e+00  5.700000e-01  1.000000e+00  1.000000e+00  0.000000e+00  0.000000e+00  0.000000e+00  5.700000e-01  1.000000e+00  1.000000e+00  0.000000e+00  0.000000e+00  0.000000e+00  5.700000e-01  
4.469859e-01  6.457198e-02  9.963434e-01  0.000000e+00  0.000000e+00  5.700000e-01  4.469859e-01  6.457198e-02  9.891032e-01  0.000000e+00  0.000000e+00  5.700000e-01  1.000000e+00  1.000000e+00  0.000000e+00  0.000000e+00  0.000000e+00  5.700000e-01  1.000000e+00  1.000000e+00  0.000000e+00  0.000000e+00  0.000000e+00  5.700000e-01  1.000000e+00  1.000000e+00  0.000000e+00  0.000000e+00  0.000000e+00  5.700000e-01  1.000000e+00  1.000000e+00  0.000000e+00  0.000000e+00  0.000000e+00  5.700000e-01  
4.504559e-01  9.376159e-02  9.962832e-01  0.000000e+00  0.000000e+00  5.700000e-01  4.504559e-01  9.376159e-02  9.562879e-01  0.000000e+00  0.000000e+00  5.700000e-01  1.000000e+00  1.000000e+00  0.000000e+00  0.000000e+00  0.000000e+00  5.700000e-01  1.000000e+00  1.000000e+00  0.000000e+00  0.000000e+00  0.000000e+00  5.700000e-01  1.000000e+00  1.000000e+00  0.000000e+00  0.000000e+00  0.000000e+00  5.700000e-01  1.000000e+00  1.000000e+00  0.000000e+00  0.000000e+00  0.000000e+00  5.700000e-01  
3.939093e-01  1.132185e-01  9.888676e-01  0.000000e+00  0.000000e+00  5.700000e-01  3.939093e-01  1.132185e-01  9.704130e-01  0.000000e+00  0.000000e+00  5.700000e-01  1.000000e+00  1.000000e+00  0.000000e+00  0.000000e+00  0.000000e+00  5.700000e-01  1.000000e+00  1.000000e+00  0.000000e+00  0.000000e+00  0.000000e+00  5.700000e-01  1.000000e+00  1.000000e+00  0.000000e+00  0.000000e+00  0.000000e+00  5.700000e-01  1.000000e+00  1.000000e+00  0.000000e+00  0.000000e+00  0.000000e+00  5.700000e-01  
4.029517e-01  4.268951e-02  9.970765e-01  0.000000e+00  0.000000e+00  5.700000e-01  4.029517e-01  4.268951e-02  9.824001e-01  0.000000e+00  0.000000e+00  5.700000e-01  1.000000e+00  1.000000e+00  0.000000e+00  0.000000e+00  0.000000e+00  5.700000e-01  1.000000e+00  1.000000e+00  0.000000e+00  0.000000e+00  0.000000e+00  5.700000e-01  1.000000e+00  1.000000e+00  0.000000e+00  0.000000e+00  0.000000e+00  5.700000e-01  1.000000e+00  1.000000e+00  0.000000e+00  0.000000e+00  0.000000e+00  5.700000e-01  
4.357878e-01  5.862340e-04  9.921150e-01  0.000000e+00  0.000000e+00  5.700000e-01  4.357878e-01  5.862340e-04  9.714078e-01  0.000000e+00  0.000000e+00  5.700000e-01  1.000000e+00  1.000000e+00  0.000000e+00  0.000000e+00  0.000000e+00  5.700000e-01  1.000000e+00  1.000000e+00  0.000000e+00  0.000000e+00  0.000000e+00  5.700000e-01  1.000000e+00  1.000000e+00  0.000000e+00  0.000000e+00  0.000000e+00  5.700000e-01  1.000000e+00  1.000000e+00  0.000000e+00  0.000000e+00  0.000000e+00  5.700000e-01  
4.218428e-01  1.378153e-01  9.847734e-01  0.000000e+00  0.000000e+00  5.700000e-01  4.218428e-01  1.378153e-01  9.015689e-01  0.000000e+00  0.000000e+00  5.700000e-01  1.000000e+00  1.000000e+00  0.000000e+00  0.000000e+00  0.000000e+00  5.700000e-01  1.000000e+00  1.000000e+00  0.000000e+00  0.000000e+00  0.000000e+00  5.700000e-01  1.000000e+00  1.000000e+00  0.000000e+00  0.000000e+00  0.000000e+00  5.700000e-01  1.000000e+00  1.000000e+00  0.000000e+00  0.000000e+00  0.000000e+00  5.700000e-01  
4.321474e-01  5.860773e-02  9.848433e-01  0.000000e+00  0.000000e+00  5.700000e-01  4.321474e-01  5.860773e-02  9.156372e-01  0.000000e+00  0.000000e+00  5.700000e-01  1.000000e+00  1.000000e+00  0.000000e+00  0.000000e+00  0.000000e+00  5.700000e-01  1.000000e+00  1.000000e+00  0.000000e+00  0.000000e+00  0.000000e+00  5.700000e-01  1.000000e+00  1.000000e+00  0.000000e+00  0.000000e+00  0.000000e+00  5.700000e-01  1.000000e+00  1.000000e+00  0.000000e+00  0.000000e+00  0.000000e+00  5.700000e-01  
4.425297e-01  8.802777e-02  9.960905e-01  0.000000e+00  0.000000e+00  5.700000e-01  4.425297e-01  8.802777e-02  9.616205e-01  0.000000e+00  0.000000e+00  5.700000e-01  1.000000e+00  1.000000e+00  0.000000e+00  0.000000e+00  0.000000e+00  5.700000e-01  1.000000e+00  1.000000e+00  0.000000e+00  0.000000e+00  0.000000e+00  5.700000e-01  1.000000e+00  1.000000e+00  0.000000e+00  0.000000e+00  0.000000e+00  5.700000e-01  1.000000e+00  1.000000e+00  0.000000e+00  0.000000e+00  0.000000e+00  5.700000e-01  
3.933539e-01  9.553753e-02  9.942467e-01  0.000000e+00  0.000000e+00  5.700000e-01  3.933539e-01  9.553753e-02  9.546400e-01  0.000000e+00  0.000000e+00  5.700000e-01  1.000000e+00  1.000000e+00  0.000000e+00  0.000000e+00  0.000000e+00  5.700000e-01  1.000000e+00  1.000000e+00  0.000000e+00  0.000000e+00  0.000000e+00  5.700000e-01  1.000000e+00  1.000000e+00  0.000000e+00  0.000000e+00  0.000000e+00  5.700000e-01  1.000000e+00  1.000000e+00  0.000000e+00  0.000000e+00  0.000000e+00  5.700000e-01  
3.906614e-01  3.352464e-02  9.959955e-01  0.000000e+00  0.000000e+00  5.700000e-01  3.906614e-01  3.352464e-02  9.795175e-01  0.000000e+00  0.000000e+00  5.700000e-01  1.000000e+00  1.000000e+00  0.000000e+00  0.000000e+00  0.000000e+00  5.700000e-01  1.000000e+00  1.000000e+00  0.000000e+00  0.000000e+00  0.000000e+00  5.700000e-01  1.000000e+00  1.000000e+00  0.000000e+00  0.000000e+00  0.000000e+00  5.700000e-01  1.000000e+00  1.000000e+00  0.000000e+00  0.000000e+00  0.000000e+00  5.700000e-01  
4.675696e-01  3.182266e-02  9.954585e-01  0.000000e+00  0.000000e+00  5.700000e-01  4.675696e-01  3.182266e-02  9.677751e-01  0.000000e+00  0.000000e+00  5.700000e-01  1.000000e+00  1.000000e+00  0.000000e+00  0.000000e+00  0.000000e+00  5.700000e-01  1.000000e+00  1.000000e+00  0.000000e+00  0.000000e+00  0.000000e+00  5.700000e-01  1.000000e+00  1.000000e+00  0.000000e+00  0.000000e+00  0.000000e+00  5.700000e-01  1.000000e+00  1.000000e+00  0.000000e+00  0.000000e+00  0.000000e+00  5.700000e-01  
4.509984e-01  7.570432e-02  9.810536e-01  0.000000e+00  0.000000e+00  5.700000e-01  4.509984e-01  7.570432e-02  9.513848e-01  0.000000e+00  0.000000e+00  5.700000e-01  1.000000e+00  1.000000e+00  0.000000e+00  0.000000e+00  0.000000e+00  5.700000e-01  1.000000e+00  1.000000e+00  0.000000e+00  0.000000e+00  0.000000e+00  5.700000e-01  1.000000e+00  1.000000e+00  0.000000e+00  0.000000e+00  0.000000e+00  5.700000e-01  1.000000e+00  1.000000e+00  0.000000e+00  0.000000e+00  0.000000e+00  5.700000e-01  
4.876674e-01  6.867939e-02  9.827143e-01  0.000000e+00  0.000000e+00  5.700000e-01  4.876674e-01  6.867939e-02  9.594272e-01  0.000000e+00  0.000000e+00  5.700000e-01  1.000000e+00  1.000000e+00  0.000000e+00  0.000000e+00  0.000000e+00  5.700000e-01  1.000000e+00  1.000000e+00  0.000000e+00  0.000000e+00  0.000000e+00  5.700000e-01  1.000000e+00  1.000000e+00  0.000000e+00  0.000000e+00  0.000000e+00  5.700000e-01  1.000000e+00  1.000000e+00  0.000000e+00  0.000000e+00  0.000000e+00  5.700000e-01  
4.707602e-01  1.107832e-01  9.607528e-01  0.000000e+00  0.000000e+00  5.700000e-01  4.707602e-01  1.107832e-01  8.525980e-01  0.000000e+00  0.000000e+00  5.700000e-01  1.000000e+00  1.000000e+00  0.000000e+00  0.000000e+00  0.000000e+00  5.700000e-01  1.000000e+00  1.000000e+00  0.000000e+00  0.000000e+00  0.000000e+00  5.700000e-01  1.000000e+00  1.000000e+00  0.000000e+00  0.000000e+00  0.000000e+00  5.700000e-01  1.000000e+00  1.000000e+00  0.000000e+00  0.000000e+00  0.000000e+00  5.700000e-01  
5.693860e-01  2.018795e-01  9.995130e-01  0.000000e+00  0.000000e+00  5.700000e-01  5.693860e-01  2.018795e-01  9.373554e-01  0.000000e+00  0.000000e+00  5.700000e-01  1.000000e+00  1.000000e+00  0.000000e+00  0.000000e+00  0.000000e+00  5.700000e-01  1.000000e+00  1.000000e+00  0.000000e+00  0.000000e+00  0.000000e+00  5.700000e-01  1.000000e+00  1.000000e+00  0.000000e+00  0.000000e+00  0.000000e+00  5.700000e-01  1.000000e+00  1.000000e+00  0.000000e+00  0.000000e+00  0.000000e+00  5.700000e-01  
5.938935e-01  3.096040e-01  9.984348e-01  0.000000e+00  0.000000e+00  5.700000e-01  5.938935e-01  3.096040e-01  8.976034e-01  0.000000e+00  0.000000e+00  5.700000e-01  1.000000e+00  1.000000e+00  0.000000e+00  0.000000e+00  0.000000e+00  5.700000e-01  1.000000e+00  1.000000e+00  0.000000e+00  0.000000e+00  0.000000e+00  5.700000e-01  1.000000e+00  1.000000e+00  0.000000e+00  0.000000e+00  0.000000e+00  5.700000e-01  1.000000e+00  1.000000e+00  0.000000e+00  0.000000e+00  0.000000e+00  5.700000e-01  
5.146562e-01  2.775198e-01  9.802244e-01  0.000000e+00  0.000000e+00  5.700000e-01  5.146562e-01  2.775198e-01  9.517006e-01  0.000000e+00  0.000000e+00  5.700000e-01  1.000000e+00  1.000000e+00  0.000000e+00  0.000000e+00  0.000000e+00  5.700000e-01  1.000000e+00  1.000000e+00  0.000000e+00  0.000000e+00  0.000000e+00  5.700000e-01  1.000000e+00  1.000000e+00  0.000000e+00  0.000000e+00  0.000000e+00  5.700000e-01  1.000000e+00  1.000000e+00  0.000000e+00  0.000000e+00  0.000000e+00  5.700000e-01  
4.514368e-01  1.053995e-02  9.717749e-01  0.000000e+00  0.000000e+00  5.700000e-01  4.514368e-01  1.053995e-02  9.946296e-01  0.000000e+00  0.000000e+00  5.700000e-01  1.000000e+00  1.000000e+00  0.000000e+00  0.000000e+00  0.000000e+00  5.700000e-01  1.000000e+00  1.000000e+00  0.000000e+00  0.000000e+00  0.000000e+00  5.700000e-01  1.000000e+00  1.000000e+00  0.000000e+00  0.000000e+00  0.000000e+00  5.700000e-01  1.000000e+00  1.000000e+00  0.000000e+00  0.000000e+00  0.000000e+00  5.700000e-01  
5.463274e-01  2.545899e-01  9.899579e-01  0.000000e+00  0.000000e+00  5.700000e-01  5.463274e-01  2.545899e-01  9.371657e-01  0.000000e+00  0.000000e+00  5.700000e-01  1.000000e+00  1.000000e+00  0.000000e+00  0.000000e+00  0.000000e+00  5.700000e-01  1.000000e+00  1.000000e+00  0.000000e+00  0.000000e+00  0.000000e+00  5.700000e-01  1.000000e+00  1.000000e+00  0.000000e+00  0.000000e+00  0.000000e+00  5.700000e-01  1.000000e+00  1.000000e+00  0.000000e+00  0.000000e+00  0.000000e+00  5.700000e-01  
5.032328e-01  2.044648e-01  9.956388e-01  0.000000e+00  0.000000e+00  5.700000e-01  5.032328e-01  2.044648e-01  8.674984e-01  0.000000e+00  0.000000e+00  5.700000e-01  1.000000e+00  1.000000e+00  0.000000e+00  0.000000e+00  0.000000e+00  5.700000e-01  1.000000e+00  1.000000e+00  0.000000e+00  0.000000e+00  0.000000e+00  5.700000e-01  1.000000e+00  1.000000e+00  0.000000e+00  0.000000e+00  0.000000e+00  5.700000e-01  1.000000e+00  1.000000e+00  0.000000e+00  0.000000e+00  0.000000e+00  5.700000e-01  
5.175509e-01  2.754682e-01  9.902288e-01  0.000000e+00  0.000000e+00  5.700000e-01  5.175509e-01  2.754682e-01  9.999985e-01  0.000000e+00  0.000000e+00  5.700000e-01  1.000000e+00  1.000000e+00  0.000000e+00  0.000000e+00  0.000000e+00  5.700000e-01  1.000000e+00  1.000000e+00  0.000000e+00  0.000000e+00  0.000000e+00  5.700000e-01  1.000000e+00  1.000000e+00  0.000000e+00  0.000000e+00  0.000000e+00  5.700000e-01  1.000000e+00  1.000000e+00  0.000000e+00  0.000000e+00  0.000000e+00  5.700000e-01  
4.914168e-01  1.012066e-01  9.132268e-01  0.000000e+00  0.000000e+00  5.700000e-01  4.914168e-01  1.012066e-01  9.976390e-01  0.000000e+00  0.000000e+00  5.700000e-01  1.000000e+00  1.000000e+00  0.000000e+00  0.000000e+00  0.000000e+00  5.700000e-01  1.000000e+00  1.000000e+00  0.000000e+00  0.000000e+00  0.000000e+00  5.700000e-01  1.000000e+00  1.000000e+00  0.000000e+00  0.000000e+00  0.000000e+00  5.700000e-01  1.000000e+00  1.000000e+00  0.000000e+00  0.000000e+00  0.000000e+00  5.700000e-01  
5.333129e-01  4.079555e-01  9.349552e-01  0.000000e+00  0.000000e+00  5.700000e-01  5.333129e-01  4.079555e-01  9.702357e-01  0.000000e+00  0.000000e+00  5.700000e-01  1.000000e+00  1.000000e+00  0.000000e+00  0.000000e+00  0.000000e+00  5.700000e-01  1.000000e+00  1.000000e+00  0.000000e+00  0.000000e+00  0.000000e+00  5.700000e-01  1.000000e+00  1.000000e+00  0.000000e+00  0.000000e+00  0.000000e+00  5.700000e-01  1.000000e+00  1.000000e+00  0.000000e+00  0.000000e+00  0.000000e+00  5.700000e-01  
5.095065e-01  7.808095e-02  9.821414e-01  0.000000e+00  0.000000e+00  5.700000e-01  5.095065e-01  7.808095e-02  8.805864e-01  0.000000e+00  0.000000e+00  5.700000e-01  1.000000e+00  1.000000e+00  0.000000e+00  0.000000e+00  0.000000e+00  5.700000e-01  1.000000e+00  1.000000e+00  0.000000e+00  0.000000e+00  0.000000e+00  5.700000e-01  1.000000e+00  1.000000e+00  0.000000e+00  0.000000e+00  0.000000e+00  5.700000e-01  1.000000e+00  1.000000e+00  0.000000e+00  0.000000e+00  0.000000e+00  5.700000e-01  
4.250563e-01  1.571672e-02  9.867594e-01  0.000000e+00  0.000000e+00  5.700000e-01  4.250563e-01  1.571672e-02  9.783378e-01  0.000000e+00  0.000000e+00  5.700000e-01  1.000000e+00  1.000000e+00  0.000000e+00  0.000000e+00  0.000000e+00  5.700000e-01  1.000000e+00  1.000000e+00  0.000000e+00  0.000000e+00  0.000000e+00  5.700000e-01  1.000000e+00  1.000000e+00  0.000000e+00  0.000000e+00  0.000000e+00  5.700000e-01  1.000000e+00  1.000000e+00  0.000000e+00  0.000000e+00  0.000000e+00  5.700000e-01  
5.092015e-01  1.793541e-01  9.726620e-01  0.000000e+00  0.000000e+00  5.700000e-01  5.092015e-01  1.793541e-01  8.918239e-01  0.000000e+00  0.000000e+00  5.700000e-01  1.000000e+00  1.000000e+00  0.000000e+00  0.000000e+00  0.000000e+00  5.700000e-01  1.000000e+00  1.000000e+00  0.000000e+00  0.000000e+00  0.000000e+00  5.700000e-01  1.000000e+00  1.000000e+00  0.000000e+00  0.000000e+00  0.000000e+00  5.700000e-01  1.000000e+00  1.000000e+00  0.000000e+00  0.000000e+00  0.000000e+00  5.700000e-01  
3.551517e-01  1.619049e-02  9.270787e-01  0.000000e+00  0.000000e+00  5.700000e-01  3.551517e-01  1.619049e-02  9.243539e-01  0.000000e+00  0.000000e+00  5.700000e-01  1.000000e+00  1.000000e+00  0.000000e+00  0.000000e+00  0.000000e+00  5.700000e-01  1.000000e+00  1.000000e+00  0.000000e+00  0.000000e+00  0.000000e+00  5.700000e-01  1.000000e+00  1.000000e+00  0.000000e+00  0.000000e+00  0.000000e+00  5.700000e-01  1.000000e+00  1.000000e+00  0.000000e+00  0.000000e+00  0.000000e+00  5.700000e-01  
4.433866e-01  7.007115e-03  9.779209e-01  0.000000e+00  0.000000e+00  5.700000e-01  4.433866e-01  7.007115e-03  9.853534e-01  0.000000e+00  0.000000e+00  5.700000e-01  1.000000e+00  1.000000e+00  0.000000e+00  0.000000e+00  0.000000e+00  5.700000e-01  1.000000e+00  1.000000e+00  0.000000e+00  0.000000e+00  0.000000e+00  5.700000e-01  1.000000e+00  1.000000e+00  0.000000e+00  0.000000e+00  0.000000e+00  5.700000e-01  1.000000e+00  1.000000e+00  0.000000e+00  0.000000e+00  0.000000e+00  5.700000e-01  
4.963084e-01  2.917145e-01  9.908703e-01  0.000000e+00  0.000000e+00  5.700000e-01  4.963084e-01  2.917145e-01  9.997000e-01  0.000000e+00  0.000000e+00  5.700000e-01  1.000000e+00  1.000000e+00  0.000000e+00  0.000000e+00  0.000000e+00  5.700000e-01  1.000000e+00  1.000000e+00  0.000000e+00  0.000000e+00  0.000000e+00  5.700000e-01  1.000000e+00  1.000000e+00  0.000000e+00  0.000000e+00  0.000000e+00  5.700000e-01  1.000000e+00  1.000000e+00  0.000000e+00  0.000000e+00  0.000000e+00  5.700000e-01  
5.657393e-01  1.786188e-01  9.902918e-01  0.000000e+00  0.000000e+00  5.700000e-01  5.657393e-01  1.786188e-01  9.755841e-01  0.000000e+00  0.000000e+00  5.700000e-01  1.000000e+00  1.000000e+00  0.000000e+00  0.000000e+00  0.000000e+00  5.700000e-01  1.000000e+00  1.000000e+00  0.000000e+00  0.000000e+00  0.000000e+00  5.700000e-01  1.000000e+00  1.000000e+00  0.000000e+00  0.000000e+00  0.000000e+00  5.700000e-01  1.000000e+00  1.000000e+00  0.000000e+00  0.000000e+00  0.000000e+00  5.700000e-01  
4.921783e-01  1.232439e-01  9.732659e-01  0.000000e+00  0.000000e+00  5.700000e-01  4.921783e-01  1.232439e-01  7.792258e-01  0.000000e+00  0.000000e+00  5.700000e-01  1.000000e+00  1.000000e+00  0.000000e+00  0.000000e+00  0.000000e+00  5.700000e-01  1.000000e+00  1.000000e+00  0.000000e+00  0.000000e+00  0.000000e+00  5.700000e-01  1.000000e+00  1.000000e+00  0.000000e+00  0.000000e+00  0.000000e+00  5.700000e-01  1.000000e+00  1.000000e+00  0.000000e+00  0.000000e+00  0.000000e+00  5.700000e-01  
5.383670e-01  1.856858e-01  9.314948e-01  0.000000e+00  0.000000e+00  5.700000e-01  5.383670e-01  1.856858e-01  7.713201e-01  0.000000e+00  0.000000e+00  5.700000e-01  1.000000e+00  1.000000e+00  0.000000e+00  0.000000e+00  0.000000e+00  5.700000e-01  1.000000e+00  1.000000e+00  0.000000e+00  0.000000e+00  0.000000e+00  5.700000e-01  1.000000e+00  1.000000e+00  0.000000e+00  0.000000e+00  0.000000e+00  5.700000e-01  1.000000e+00  1.000000e+00  0.000000e+00  0.000000e+00  0.000000e+00  5.700000e-01  
4.496570e-01  1.040152e-01  9.819626e-01  0.000000e+00  0.000000e+00  5.700000e-01  4.496570e-01  1.040152e-01  8.966291e-01  0.000000e+00  0.000000e+00  5.700000e-01  1.000000e+00  1.000000e+00  0.000000e+00  0.000000e+00  0.000000e+00  5.700000e-01  1.000000e+00  1.000000e+00  0.000000e+00  0.000000e+00  0.000000e+00  5.700000e-01  1.000000e+00  1.000000e+00  0.000000e+00  0.000000e+00  0.000000e+00  5.700000e-01  1.000000e+00  1.000000e+00  0.000000e+00  0.000000e+00  0.000000e+00  5.700000e-01  
5.422051e-01  2.884532e-01  9.391422e-01  0.000000e+00  0.000000e+00  5.700000e-01  5.422051e-01  2.884532e-01  8.861457e-01  0.000000e+00  0.000000e+00  5.700000e-01  1.000000e+00  1.000000e+00  0.000000e+00  0.000000e+00  0.000000e+00  5.700000e-01  1.000000e+00  1.000000e+00  0.000000e+00  0.000000e+00  0.000000e+00  5.700000e-01  1.000000e+00  1.000000e+00  0.000000e+00  0.000000e+00  0.000000e+00  5.700000e-01  1.000000e+00  1.000000e+00  0.000000e+00  0.000000e+00  0.000000e+00  5.700000e-01  
6.283909e-01  3.163046e-01  9.196367e-01  0.000000e+00  0.000000e+00  5.700000e-01  6.283909e-01  3.163046e-01  7.739348e-01  0.000000e+00  0.000000e+00  5.700000e-01  1.000000e+00  1.000000e+00  0.000000e+00  0.000000e+00  0.000000e+00  5.700000e-01  1.000000e+00  1.000000e+00  0.000000e+00  0.000000e+00  0.000000e+00  5.700000e-01  1.000000e+00  1.000000e+00  0.000000e+00  0.000000e+00  0.000000e+00  5.700000e-01  1.000000e+00  1.000000e+00  0.000000e+00  0.000000e+00  0.000000e+00  5.700000e-01  
7.068295e-01  6.749656e-01  9.687962e-01  0.000000e+00  0.000000e+00  5.700000e-01  7.068295e-01  6.749656e-01  8.092492e-01  0.000000e+00  0.000000e+00  5.700000e-01  1.000000e+00  1.000000e+00  0.000000e+00  0.000000e+00  0.000000e+00  5.700000e-01  1.000000e+00  1.000000e+00  0.000000e+00  0.000000e+00  0.000000e+00  5.700000e-01  1.000000e+00  1.000000e+00  0.000000e+00  0.000000e+00  0.000000e+00  5.700000e-01  1.000000e+00  1.000000e+00  0.000000e+00  0.000000e+00  0.000000e+00  5.700000e-01  
9.455956e-02  7.768217e-02  4.407159e-01  0.000000e+00  0.000000e+00  5.700000e-01  9.455956e-02  7.768217e-02  9.829914e-01  0.000000e+00  0.000000e+00  5.700000e-01  1.000000e+00  1.000000e+00  0.000000e+00  0.000000e+00  0.000000e+00  5.700000e-01  1.000000e+00  1.000000e+00  0.000000e+00  0.000000e+00  0.000000e+00  5.700000e-01  1.000000e+00  1.000000e+00  0.000000e+00  0.000000e+00  0.000000e+00  5.700000e-01  1.000000e+00  1.000000e+00  0.000000e+00  0.000000e+00  0.000000e+00  5.700000e-01  
8.525418e-02  1.080735e-01  4.468966e-01  0.000000e+00  0.000000e+00  5.700000e-01  8.525418e-02  1.080735e-01  9.911110e-01  0.000000e+00  0.000000e+00  5.700000e-01  1.000000e+00  1.000000e+00  0.000000e+00  0.000000e+00  0.000000e+00  5.700000e-01  1.000000e+00  1.000000e+00  0.000000e+00  0.000000e+00  0.000000e+00  5.700000e-01  1.000000e+00  1.000000e+00  0.000000e+00  0.000000e+00  0.000000e+00  5.700000e-01  1.000000e+00  1.000000e+00  0.000000e+00  0.000000e+00  0.000000e+00  5.700000e-01  
9.461085e-02  4.676804e-02  4.401378e-01  0.000000e+00  0.000000e+00  5.700000e-01  9.461085e-02  4.676804e-02  9.993656e-01  0.000000e+00  0.000000e+00  5.700000e-01  1.000000e+00  1.000000e+00  0.000000e+00  0.000000e+00  0.000000e+00  5.700000e-01  1.000000e+00  1.000000e+00  0.000000e+00  0.000000e+00  0.000000e+00  5.700000e-01  1.000000e+00  1.000000e+00  0.000000e+00  0.000000e+00  0.000000e+00  5.700000e-01  1.000000e+00  1.000000e+00  0.000000e+00  0.000000e+00  0.000000e+00  5.700000e-01  
8.101430e-02  5.793343e-02  4.457527e-01  0.000000e+00  0.000000e+00  5.700000e-01  8.101430e-02  5.793343e-02  9.838856e-01  0.000000e+00  0.000000e+00  5.700000e-01  1.000000e+00  1.000000e+00  0.000000e+00  0.000000e+00  0.000000e+00  5.700000e-01  1.000000e+00  1.000000e+00  0.000000e+00  0.000000e+00  0.000000e+00  5.700000e-01  1.000000e+00  1.000000e+00  0.000000e+00  0.000000e+00  0.000000e+00  5.700000e-01  1.000000e+00  1.000000e+00  0.000000e+00  0.000000e+00  0.000000e+00  5.700000e-01  
7.242528e-02  7.332189e-03  4.392369e-01  0.000000e+00  0.000000e+00  5.700000e-01  7.242528e-02  7.332189e-03  9.918829e-01  0.000000e+00  0.000000e+00  5.700000e-01  1.000000e+00  1.000000e+00  0.000000e+00  0.000000e+00  0.000000e+00  5.700000e-01  1.000000e+00  1.000000e+00  0.000000e+00  0.000000e+00  0.000000e+00  5.700000e-01  1.000000e+00  1.000000e+00  0.000000e+00  0.000000e+00  0.000000e+00  5.700000e-01  1.000000e+00  1.000000e+00  0.000000e+00  0.000000e+00  0.000000e+00  5.700000e-01  
7.492056e-02  9.109791e-02  4.319340e-01  0.000000e+00  0.000000e+00  5.700000e-01  7.492056e-02  9.109791e-02  9.731467e-01  0.000000e+00  0.000000e+00  5.700000e-01  1.000000e+00  1.000000e+00  0.000000e+00  0.000000e+00  0.000000e+00  5.700000e-01  1.000000e+00  1.000000e+00  0.000000e+00  0.000000e+00  0.000000e+00  5.700000e-01  1.000000e+00  1.000000e+00  0.000000e+00  0.000000e+00  0.000000e+00  5.700000e-01  1.000000e+00  1.000000e+00  0.000000e+00  0.000000e+00  0.000000e+00  5.700000e-01  
8.876899e-02  3.397221e-02  4.425966e-01  0.000000e+00  0.000000e+00  5.700000e-01  8.876899e-02  3.397221e-02  9.874685e-01  0.000000e+00  0.000000e+00  5.700000e-01  1.000000e+00  1.000000e+00  0.000000e+00  0.000000e+00  0.000000e+00  5.700000e-01  1.000000e+00  1.000000e+00  0.000000e+00  0.000000e+00  0.000000e+00  5.700000e-01  1.000000e+00  1.000000e+00  0.000000e+00  0.000000e+00  0.000000e+00  5.700000e-01  1.000000e+00  1.000000e+00  0.000000e+00  0.000000e+00  0.000000e+00  5.700000e-01  
1.022865e-01  9.071551e-02  4.428912e-01  0.000000e+00  0.000000e+00  5.700000e-01  1.022865e-01  9.071551e-02  9.970364e-01  0.000000e+00  0.000000e+00  5.700000e-01  1.000000e+00  1.000000e+00  0.000000e+00  0.000000e+00  0.000000e+00  5.700000e-01  1.000000e+00  1.000000e+00  0.000000e+00  0.000000e+00  0.000000e+00  5.700000e-01  1.000000e+00  1.000000e+00  0.000000e+00  0.000000e+00  0.000000e+00  5.700000e-01  1.000000e+00  1.000000e+00  0.000000e+00  0.000000e+00  0.000000e+00  5.700000e-01  
7.579526e-02  1.771502e-02  4.325363e-01  0.000000e+00  0.000000e+00  5.700000e-01  7.579526e-02  1.771502e-02  9.661705e-01  0.000000e+00  0.000000e+00  5.700000e-01  1.000000e+00  1.000000e+00  0.000000e+00  0.000000e+00  0.000000e+00  5.700000e-01  1.000000e+00  1.000000e+00  0.000000e+00  0.000000e+00  0.000000e+00  5.700000e-01  1.000000e+00  1.000000e+00  0.000000e+00  0.000000e+00  0.000000e+00  5.700000e-01  1.000000e+00  1.000000e+00  0.000000e+00  0.000000e+00  0.000000e+00  5.700000e-01  
7.397857e-02  1.999527e-02  4.362851e-01  0.000000e+00  0.000000e+00  5.700000e-01  7.397857e-02  1.999527e-02  9.928774e-01  0.000000e+00  0.000000e+00  5.700000e-01  1.000000e+00  1.000000e+00  0.000000e+00  0.000000e+00  0.000000e+00  5.700000e-01  1.000000e+00  1.000000e+00  0.000000e+00  0.000000e+00  0.000000e+00  5.700000e-01  1.000000e+00  1.000000e+00  0.000000e+00  0.000000e+00  0.000000e+00  5.700000e-01  1.000000e+00  1.000000e+00  0.000000e+00  0.000000e+00  0.000000e+00  5.700000e-01  
1.083146e-01  8.784585e-02  4.558090e-01  0.000000e+00  0.000000e+00  5.700000e-01  1.083146e-01  8.784585e-02  9.748641e-01  0.000000e+00  0.000000e+00  5.700000e-01  1.000000e+00  1.000000e+00  0.000000e+00  0.000000e+00  0.000000e+00  5.700000e-01  1.000000e+00  1.000000e+00  0.000000e+00  0.000000e+00  0.000000e+00  5.700000e-01  1.000000e+00  1.000000e+00  0.000000e+00  0.000000e+00  0.000000e+00  5.700000e-01  1.000000e+00  1.000000e+00  0.000000e+00  0.000000e+00  0.000000e+00  5.700000e-01  
7.119711e-02  4.592201e-02  4.407822e-01  0.000000e+00  0.000000e+00  5.700000e-01  7.119711e-02  4.592201e-02  9.958175e-01  0.000000e+00  0.000000e+00  5.700000e-01  1.000000e+00  1.000000e+00  0.000000e+00  0.000000e+00  0.000000e+00  5.700000e-01  1.000000e+00  1.000000e+00  0.000000e+00  0.000000e+00  0.000000e+00  5.700000e-01  1.000000e+00  1.000000e+00  0.000000e+00  0.000000e+00  0.000000e+00  5.700000e-01  1.000000e+00  1.000000e+00  0.000000e+00  0.000000e+00  0.000000e+00  5.700000e-01  
1.291897e-01  1.620541e-01  4.549776e-01  0.000000e+00  0.000000e+00  5.700000e-01  1.291897e-01  1.620541e-01  8.877372e-01  0.000000e+00  0.000000e+00  5.700000e-01  1.000000e+00  1.000000e+00  0.000000e+00  0.000000e+00  0.000000e+00  5.700000e-01  1.000000e+00  1.000000e+00  0.000000e+00  0.000000e+00  0.000000e+00  5.700000e-01  1.000000e+00  1.000000e+00  0.000000e+00  0.000000e+00  0.000000e+00  5.700000e-01  1.000000e+00  1.000000e+00  0.000000e+00  0.000000e+00  0.000000e+00  5.700000e-01  
1.442646e-01  1.134608e-01  4.577144e-01  0.000000e+00  0.000000e+00  5.700000e-01  1.442646e-01  1.134608e-01  9.999196e-01  0.000000e+00  0.000000e+00  5.700000e-01  1.000000e+00  1.000000e+00  0.000000e+00  0.000000e+00  0.000000e+00  5.700000e-01  1.000000e+00  1.000000e+00  0.000000e+00  0.000000e+00  0.000000e+00  5.700000e-01  1.000000e+00  1.000000e+00  0.000000e+00  0.000000e+00  0.000000e+00  5.700000e-01  1.000000e+00  1.000000e+00  0.000000e+00  0.000000e+00  0.000000e+00  5.700000e-01  
1.309669e-01  9.741426e-02  4.100851e-01  0.000000e+00  0.000000e+00  5.700000e-01  1.309669e-01  9.741426e-02  9.477533e-01  0.000000e+00  0.000000e+00  5.700000e-01  1.000000e+00  1.000000e+00  0.000000e+00  0.000000e+00  0.000000e+00  5.700000e-01  1.000000e+00  1.000000e+00  0.000000e+00  0.000000e+00  0.000000e+00  5.700000e-01  1.000000e+00  1.000000e+00  0.000000e+00  0.000000e+00  0.000000e+00  5.700000e-01  1.000000e+00  1.000000e+00  0.000000e+00  0.000000e+00  0.000000e+00  5.700000e-01  
1.051111e-01  1.478379e-01  4.308719e-01  0.000000e+00  0.000000e+00  5.700000e-01  1.051111e-01  1.478379e-01  9.535742e-01  0.000000e+00  0.000000e+00  5.700000e-01  1.000000e+00  1.000000e+00  0.000000e+00  0.000000e+00  0.000000e+00  5.700000e-01  1.000000e+00  1.000000e+00  0.000000e+00  0.000000e+00  0.000000e+00  5.700000e-01  1.000000e+00  1.000000e+00  0.000000e+00  0.000000e+00  0.000000e+00  5.700000e-01  1.000000e+00  1.000000e+00  0.000000e+00  0.000000e+00  0.000000e+00  5.700000e-01  
1.084379e-01  5.855265e-02  4.287944e-01  0.000000e+00  0.000000e+00  5.700000e-01  1.084379e-01  5.855265e-02  9.324766e-01  0.000000e+00  0.000000e+00  5.700000e-01  1.000000e+00  1.000000e+00  0.000000e+00  0.000000e+00  0.000000e+00  5.700000e-01  1.000000e+00  1.000000e+00  0.000000e+00  0.000000e+00  0.000000e+00  5.700000e-01  1.000000e+00  1.000000e+00  0.000000e+00  0.000000e+00  0.000000e+00  5.700000e-01  1.000000e+00  1.000000e+00  0.000000e+00  0.000000e+00  0.000000e+00  5.700000e-01  
1.717900e-01  2.537765e-01  4.405213e-01  0.000000e+00  0.000000e+00  5.700000e-01  1.717900e-01  2.537765e-01  9.138472e-01  0.000000e+00  0.000000e+00  5.700000e-01  1.000000e+00  1.000000e+00  0.000000e+00  0.000000e+00  0.000000e+00  5.700000e-01  1.000000e+00  1.000000e+00  0.000000e+00  0.000000e+00  0.000000e+00  5.700000e-01  1.000000e+00  1.000000e+00  0.000000e+00  0.000000e+00  0.000000e+00  5.700000e-01  1.000000e+00  1.000000e+00  0.000000e+00  0.000000e+00  0.000000e+00  5.700000e-01  
1.299155e-01  1.484733e-01  4.419765e-01  0.000000e+00  0.000000e+00  5.700000e-01  1.299155e-01  1.484733e-01  9.945006e-01  0.000000e+00  0.000000e+00  5.700000e-01  1.000000e+00  1.000000e+00  0.000000e+00  0.000000e+00  0.000000e+00  5.700000e-01  1.000000e+00  1.000000e+00  0.000000e+00  0.000000e+00  0.000000e+00  5.700000e-01  1.000000e+00  1.000000e+00  0.000000e+00  0.000000e+00  0.000000e+00  5.700000e-01  1.000000e+00  1.000000e+00  0.000000e+00  0.000000e+00  0.000000e+00  5.700000e-01  
1.259096e-01  4.511366e-02  4.559176e-01  0.000000e+00  0.000000e+00  5.700000e-01  1.259096e-01  4.511366e-02  9.561138e-01  0.000000e+00  0.000000e+00  5.700000e-01  1.000000e+00  1.000000e+00  0.000000e+00  0.000000e+00  0.000000e+00  5.700000e-01  1.000000e+00  1.000000e+00  0.000000e+00  0.000000e+00  0.000000e+00  5.700000e-01  1.000000e+00  1.000000e+00  0.000000e+00  0.000000e+00  0.000000e+00  5.700000e-01  1.000000e+00  1.000000e+00  0.000000e+00  0.000000e+00  0.000000e+00  5.700000e-01  
2.796445e-01  2.297139e-01  4.703272e-01  0.000000e+00  0.000000e+00  5.700000e-01  2.796445e-01  2.297139e-01  9.776005e-01  0.000000e+00  0.000000e+00  5.700000e-01  1.000000e+00  1.000000e+00  0.000000e+00  0.000000e+00  0.000000e+00  5.700000e-01  1.000000e+00  1.000000e+00  0.000000e+00  0.000000e+00  0.000000e+00  5.700000e-01  1.000000e+00  1.000000e+00  0.000000e+00  0.000000e+00  0.000000e+00  5.700000e-01  1.000000e+00  1.000000e+00  0.000000e+00  0.000000e+00  0.000000e+00  5.700000e-01  
2.201049e-01  3.814370e-01  4.405760e-01  0.000000e+00  0.000000e+00  5.700000e-01  2.201049e-01  3.814370e-01  9.066461e-01  0.000000e+00  0.000000e+00  5.700000e-01  1.000000e+00  1.000000e+00  0.000000e+00  0.000000e+00  0.000000e+00  5.700000e-01  1.000000e+00  1.000000e+00  0.000000e+00  0.000000e+00  0.000000e+00  5.700000e-01  1.000000e+00  1.000000e+00  0.000000e+00  0.000000e+00  0.000000e+00  5.700000e-01  1.000000e+00  1.000000e+00  0.000000e+00  0.000000e+00  0.000000e+00  5.700000e-01  
2.086298e-01  7.053408e-01  4.359142e-01  0.000000e+00  0.000000e+00  5.700000e-01  2.086298e-01  7.053408e-01  9.845598e-01  0.000000e+00  0.000000e+00  5.700000e-01  1.000000e+00  1.000000e+00  0.000000e+00  0.000000e+00  0.000000e+00  5.700000e-01  1.000000e+00  1.000000e+00  0.000000e+00  0.000000e+00  0.000000e+00  5.700000e-01  1.000000e+00  1.000000e+00  0.000000e+00  0.000000e+00  0.000000e+00  5.700000e-01  1.000000e+00  1.000000e+00  0.000000e+00  0.000000e+00  0.000000e+00  5.700000e-01  
2.679847e-01  1.553279e-01  5.099670e-01  0.000000e+00  0.000000e+00  5.700000e-01  2.679847e-01  1.553279e-01  9.345228e-01  0.000000e+00  0.000000e+00  5.700000e-01  1.000000e+00  1.000000e+00  0.000000e+00  0.000000e+00  0.000000e+00  5.700000e-01  1.000000e+00  1.000000e+00  0.000000e+00  0.000000e+00  0.000000e+00  5.700000e-01  1.000000e+00  1.000000e+00  0.000000e+00  0.000000e+00  0.000000e+00  5.700000e-01  1.000000e+00  1.000000e+00  0.000000e+00  0.000000e+00  0.000000e+00  5.700000e-01  
2.425408e-01  6.457256e-01  5.040743e-01  0.000000e+00  0.000000e+00  5.700000e-01  2.425408e-01  6.457256e-01  8.292744e-01  0.000000e+00  0.000000e+00  5.700000e-01  1.000000e+00  1.000000e+00  0.000000e+00  0.000000e+00  0.000000e+00  5.700000e-01  1.000000e+00  1.000000e+00  0.000000e+00  0.000000e+00  0.000000e+00  5.700000e-01  1.000000e+00  1.000000e+00  0.000000e+00  0.000000e+00  0.000000e+00  5.700000e-01  1.000000e+00  1.000000e+00  0.000000e+00  0.000000e+00  0.000000e+00  5.700000e-01  
2.777914e-01  5.199506e-01  4.473833e-01  0.000000e+00  0.000000e+00  5.700000e-01  2.777914e-01  5.199506e-01  9.298849e-01  0.000000e+00  0.000000e+00  5.700000e-01  1.000000e+00  1.000000e+00  0.000000e+00  0.000000e+00  0.000000e+00  5.700000e-01  1.000000e+00  1.000000e+00  0.000000e+00  0.000000e+00  0.000000e+00  5.700000e-01  1.000000e+00  1.000000e+00  0.000000e+00  0.000000e+00  0.000000e+00  5.700000e-01  1.000000e+00  1.000000e+00  0.000000e+00  0.000000e+00  0.000000e+00  5.700000e-01  
1.925680e-01  2.304425e-01  4.907318e-01  0.000000e+00  0.000000e+00  5.700000e-01  1.925680e-01  2.304425e-01  9.620492e-01  0.000000e+00  0.000000e+00  5.700000e-01  1.000000e+00  1.000000e+00  0.000000e+00  0.000000e+00  0.000000e+00  5.700000e-01  1.000000e+00  1.000000e+00  0.000000e+00  0.000000e+00  0.000000e+00  5.700000e-01  1.000000e+00  1.000000e+00  0.000000e+00  0.000000e+00  0.000000e+00  5.700000e-01  1.000000e+00  1.000000e+00  0.000000e+00  0.000000e+00  0.000000e+00  5.700000e-01  
2.511468e-01  8.492503e-01  4.621204e-01  0.000000e+00  0.000000e+00  5.700000e-01  2.511468e-01  8.492503e-01  9.524269e-01  0.000000e+00  0.000000e+00  5.700000e-01  1.000000e+00  1.000000e+00  0.000000e+00  0.000000e+00  0.000000e+00  5.700000e-01  1.000000e+00  1.000000e+00  0.000000e+00  0.000000e+00  0.000000e+00  5.700000e-01  1.000000e+00  1.000000e+00  0.000000e+00  0.000000e+00  0.000000e+00  5.700000e-01  1.000000e+00  1.000000e+00  0.000000e+00  0.000000e+00  0.000000e+00  5.700000e-01  
1.588996e-01  2.762158e-01  4.290903e-01  0.000000e+00  0.000000e+00  5.700000e-01  1.588996e-01  2.762158e-01  9.074177e-01  0.000000e+00  0.000000e+00  5.700000e-01  1.000000e+00  1.000000e+00  0.000000e+00  0.000000e+00  0.000000e+00  5.700000e-01  1.000000e+00  1.000000e+00  0.000000e+00  0.000000e+00  0.000000e+00  5.700000e-01  1.000000e+00  1.000000e+00  0.000000e+00  0.000000e+00  0.000000e+00  5.700000e-01  1.000000e+00  1.000000e+00  0.000000e+00  0.000000e+00  0.000000e+00  5.700000e-01  
1.865387e-01  5.747213e-01  4.083180e-01  0.000000e+00  0.000000e+00  5.700000e-01  1.865387e-01  5.747213e-01  9.837908e-01  0.000000e+00  0.000000e+00  5.700000e-01  1.000000e+00  1.000000e+00  0.000000e+00  0.000000e+00  0.000000e+00  5.700000e-01  1.000000e+00  1.000000e+00  0.000000e+00  0.000000e+00  0.000000e+00  5.700000e-01  1.000000e+00  1.000000e+00  0.000000e+00  0.000000e+00  0.000000e+00  5.700000e-01  1.000000e+00  1.000000e+00  0.000000e+00  0.000000e+00  0.000000e+00  5.700000e-01  
2.324966e-01  5.450268e-01  4.575196e-01  0.000000e+00  0.000000e+00  5.700000e-01  2.324966e-01  5.450268e-01  9.545543e-01  0.000000e+00  0.000000e+00  5.700000e-01  1.000000e+00  1.000000e+00  0.000000e+00  0.000000e+00  0.000000e+00  5.700000e-01  1.000000e+00  1.000000e+00  0.000000e+00  0.000000e+00  0.000000e+00  5.700000e-01  1.000000e+00  1.000000e+00  0.000000e+00  0.000000e+00  0.000000e+00  5.700000e-01  1.000000e+00  1.000000e+00  0.000000e+00  0.000000e+00  0.000000e+00  5.700000e-01  
2.179435e-01  6.561758e-01  4.588307e-01  0.000000e+00  0.000000e+00  5.700000e-01  2.179435e-01  6.561758e-01  9.627182e-01  0.000000e+00  0.000000e+00  5.700000e-01  1.000000e+00  1.000000e+00  0.000000e+00  0.000000e+00  0.000000e+00  5.700000e-01  1.000000e+00  1.000000e+00  0.000000e+00  0.000000e+00  0.000000e+00  5.700000e-01  1.000000e+00  1.000000e+00  0.000000e+00  0.000000e+00  0.000000e+00  5.700000e-01  1.000000e+00  1.000000e+00  0.000000e+00  0.000000e+00  0.000000e+00  5.700000e-01  
2.569281e-01  4.071056e-01  4.529465e-01  0.000000e+00  0.000000e+00  5.700000e-01  2.569281e-01  4.071056e-01  9.122340e-01  0.000000e+00  0.000000e+00  5.700000e-01  1.000000e+00  1.000000e+00  0.000000e+00  0.000000e+00  0.000000e+00  5.700000e-01  1.000000e+00  1.000000e+00  0.000000e+00  0.000000e+00  0.000000e+00  5.700000e-01  1.000000e+00  1.000000e+00  0.000000e+00  0.000000e+00  0.000000e+00  5.700000e-01  1.000000e+00  1.000000e+00  0.000000e+00  0.000000e+00  0.000000e+00  5.700000e-01  
2.394918e-01  4.172668e-01  4.310592e-01  0.000000e+00  0.000000e+00  5.700000e-01  2.394918e-01  4.172668e-01  9.920909e-01  0.000000e+00  0.000000e+00  5.700000e-01  1.000000e+00  1.000000e+00  0.000000e+00  0.000000e+00  0.000000e+00  5.700000e-01  1.000000e+00  1.000000e+00  0.000000e+00  0.000000e+00  0.000000e+00  5.700000e-01  1.000000e+00  1.000000e+00  0.000000e+00  0.000000e+00  0.000000e+00  5.700000e-01  1.000000e+00  1.000000e+00  0.000000e+00  0.000000e+00  0.000000e+00  5.700000e-01  
1.454486e-01  1.733382e-01  4.870207e-01  0.000000e+00  0.000000e+00  5.700000e-01  1.454486e-01  1.733382e-01  9.963715e-01  0.000000e+00  0.000000e+00  5.700000e-01  1.000000e+00  1.000000e+00  0.000000e+00  0.000000e+00  0.000000e+00  5.700000e-01  1.000000e+00  1.000000e+00  0.000000e+00  0.000000e+00  0.000000e+00  5.700000e-01  1.000000e+00  1.000000e+00  0.000000e+00  0.000000e+00  0.000000e+00  5.700000e-01  1.000000e+00  1.000000e+00  0.000000e+00  0.000000e+00  0.000000e+00  5.700000e-01  
1.250577e-01  2.436865e-01  4.271760e-01  0.000000e+00  0.000000e+00  5.700000e-01  1.250577e-01  2.436865e-01  8.773427e-01  0.000000e+00  0.000000e+00  5.700000e-01  1.000000e+00  1.000000e+00  0.000000e+00  0.000000e+00  0.000000e+00  5.700000e-01  1.000000e+00  1.000000e+00  0.000000e+00  0.000000e+00  0.000000e+00  5.700000e-01  1.000000e+00  1.000000e+00  0.000000e+00  0.000000e+00  0.000000e+00  5.700000e-01  1.000000e+00  1.000000e+00  0.000000e+00  0.000000e+00  0.000000e+00  5.700000e-01  
1.692910e-01  1.513860e-01  4.658872e-01  0.000000e+00  0.000000e+00  5.700000e-01  1.692910e-01  1.513860e-01  9.807353e-01  0.000000e+00  0.000000e+00  5.700000e-01  1.000000e+00  1.000000e+00  0.000000e+00  0.000000e+00  0.000000e+00  5.700000e-01  1.000000e+00  1.000000e+00  0.000000e+00  0.000000e+00  0.000000e+00  5.700000e-01  1.000000e+00  1.000000e+00  0.000000e+00  0.000000e+00  0.000000e+00  5.700000e-01  1.000000e+00  1.000000e+00  0.000000e+00  0.000000e+00  0.000000e+00  5.700000e-01  
1.361782e-01  2.447321e-01  4.404018e-01  0.000000e+00  0.000000e+00  5.700000e-01  1.361782e-01  2.447321e-01  9.745331e-01  0.000000e+00  0.000000e+00  5.700000e-01  1.000000e+00  1.000000e+00  0.000000e+00  0.000000e+00  0.000000e+00  5.700000e-01  1.000000e+00  1.000000e+00  0.000000e+00  0.000000e+00  0.000000e+00  5.700000e-01  1.000000e+00  1.000000e+00  0.000000e+00  0.000000e+00  0.000000e+00  5.700000e-01  1.000000e+00  1.000000e+00  0.000000e+00  0.000000e+00  0.000000e+00  5.700000e-01  
2.404150e-01  2.443658e-01  4.672207e-01  0.000000e+00  0.000000e+00  5.700000e-01  2.404150e-01  2.443658e-01  9.865113e-01  0.000000e+00  0.000000e+00  5.700000e-01  1.000000e+00  1.000000e+00  0.000000e+00  0.000000e+00  0.000000e+00  5.700000e-01  1.000000e+00  1.000000e+00  0.000000e+00  0.000000e+00  0.000000e+00  5.700000e-01  1.000000e+00  1.000000e+00  0.000000e+00  0.000000e+00  0.000000e+00  5.700000e-01  1.000000e+00  1.000000e+00  0.000000e+00  0.000000e+00  0.000000e+00  5.700000e-01  
1.553921e-01  1.612306e-01  4.678096e-01  0.000000e+00  0.000000e+00  5.700000e-01  1.553921e-01  1.612306e-01  9.584779e-01  0.000000e+00  0.000000e+00  5.700000e-01  1.000000e+00  1.000000e+00  0.000000e+00  0.000000e+00  0.000000e+00  5.700000e-01  1.000000e+00  1.000000e+00  0.000000e+00  0.000000e+00  0.000000e+00  5.700000e-01  1.000000e+00  1.000000e+00  0.000000e+00  0.000000e+00  0.000000e+00  5.700000e-01  1.000000e+00  1.000000e+00  0.000000e+00  0.000000e+00  0.000000e+00  5.700000e-01  
2.327796e-01  1.984575e-01  5.306075e-01  0.000000e+00  0.000000e+00  5.700000e-01  2.327796e-01  1.984575e-01  9.124918e-01  0.000000e+00  0.000000e+00  5.700000e-01  1.000000e+00  1.000000e+00  0.000000e+00  0.000000e+00  0.000000e+00  5.700000e-01  1.000000e+00  1.000000e+00  0.000000e+00  0.000000e+00  0.000000e+00  5.700000e-01  1.000000e+00  1.000000e+00  0.000000e+00  0.000000e+00  0.000000e+00  5.700000e-01  1.000000e+00  1.000000e+00  0.000000e+00  0.000000e+00  0.000000e+00  5.700000e-01  
5.305625e-01  1.267167e+00  5.475142e-01  0.000000e+00  0.000000e+00  5.700000e-01  5.305625e-01  1.267167e+00  8.518479e-01  0.000000e+00  0.000000e+00  5.700000e-01  1.000000e+00  1.000000e+00  0.000000e+00  0.000000e+00  0.000000e+00  5.700000e-01  1.000000e+00  1.000000e+00  0.000000e+00  0.000000e+00  0.000000e+00  5.700000e-01  1.000000e+00  1.000000e+00  0.000000e+00  0.000000e+00  0.000000e+00  5.700000e-01  1.000000e+00  1.000000e+00  0.000000e+00  0.000000e+00  0.000000e+00  5.700000e-01  
3.463524e-01  9.513831e-01  4.165529e-01  0.000000e+00  0.000000e+00  5.700000e-01  3.463524e-01  9.513831e-01  9.479992e-01  0.000000e+00  0.000000e+00  5.700000e-01  1.000000e+00  1.000000e+00  0.000000e+00  0.000000e+00  0.000000e+00  5.700000e-01  1.000000e+00  1.000000e+00  0.000000e+00  0.000000e+00  0.000000e+00  5.700000e-01  1.000000e+00  1.000000e+00  0.000000e+00  0.000000e+00  0.000000e+00  5.700000e-01  1.000000e+00  1.000000e+00  0.000000e+00  0.000000e+00  0.000000e+00  5.700000e-01  
1.912910e-01  1.930066e-01  4.599476e-01  0.000000e+00  0.000000e+00  5.700000e-01  1.912910e-01  1.930066e-01  8.998004e-01  0.000000e+00  0.000000e+00  5.700000e-01  1.000000e+00  1.000000e+00  0.000000e+00  0.000000e+00  0.000000e+00  5.700000e-01  1.000000e+00  1.000000e+00  0.000000e+00  0.000000e+00  0.000000e+00  5.700000e-01  1.000000e+00  1.000000e+00  0.000000e+00  0.000000e+00  0.000000e+00  5.700000e-01  1.000000e+00  1.000000e+00  0.000000e+00  0.000000e+00  0.000000e+00  5.700000e-01  
2.938694e-01  7.066086e-01  5.131397e-01  0.000000e+00  0.000000e+00  5.700000e-01  2.938694e-01  7.066086e-01  7.267053e-01  0.000000e+00  0.000000e+00  5.700000e-01  1.000000e+00  1.000000e+00  0.000000e+00  0.000000e+00  0.000000e+00  5.700000e-01  1.000000e+00  1.000000e+00  0.000000e+00  0.000000e+00  0.000000e+00  5.700000e-01  1.000000e+00  1.000000e+00  0.000000e+00  0.000000e+00  0.000000e+00  5.700000e-01  1.000000e+00  1.000000e+00  0.000000e+00  0.000000e+00  0.000000e+00  5.700000e-01  
2.006778e+00  8.536817e+00  7.166308e-01  0.000000e+00  0.000000e+00  5.700000e-01  2.006778e+00  8.536817e+00  9.778996e-01  0.000000e+00  0.000000e+00  5.700000e-01  1.000000e+00  1.000000e+00  0.000000e+00  0.000000e+00  0.000000e+00  5.700000e-01  1.000000e+00  1.000000e+00  0.000000e+00  0.000000e+00  0.000000e+00  5.700000e-01  1.000000e+00  1.000000e+00  0.000000e+00  0.000000e+00  0.000000e+00  5.700000e-01  1.000000e+00  1.000000e+00  0.000000e+00  0.000000e+00  0.000000e+00  5.700000e-01  
1.973865e+00  8.553896e+00  7.204552e-01  0.000000e+00  0.000000e+00  5.700000e-01  1.973865e+00  8.553896e+00  9.864214e-01  0.000000e+00  0.000000e+00  5.700000e-01  1.000000e+00  1.000000e+00  0.000000e+00  0.000000e+00  0.000000e+00  5.700000e-01  1.000000e+00  1.000000e+00  0.000000e+00  0.000000e+00  0.000000e+00  5.700000e-01  1.000000e+00  1.000000e+00  0.000000e+00  0.000000e+00  0.000000e+00  5.700000e-01  1.000000e+00  1.000000e+00  0.000000e+00  0.000000e+00  0.000000e+00  5.700000e-01  
1.986685e+00  8.596206e+00  7.172260e-01  0.000000e+00  0.000000e+00  5.700000e-01  1.986685e+00  8.596206e+00  9.781206e-01  0.000000e+00  0.000000e+00  5.700000e-01  1.000000e+00  1.000000e+00  0.000000e+00  0.000000e+00  0.000000e+00  5.700000e-01  1.000000e+00  1.000000e+00  0.000000e+00  0.000000e+00  0.000000e+00  5.700000e-01  1.000000e+00  1.000000e+00  0.000000e+00  0.000000e+00  0.000000e+00  5.700000e-01  1.000000e+00  1.000000e+00  0.000000e+00  0.000000e+00  0.000000e+00  5.700000e-01  
1.984184e+00  8.551657e+00  7.259561e-01  0.000000e+00  0.000000e+00  5.700000e-01  1.984184e+00  8.551657e+00  9.852075e-01  0.000000e+00  0.000000e+00  5.700000e-01  1.000000e+00  1.000000e+00  0.000000e+00  0.000000e+00  0.000000e+00  5.700000e-01  1.000000e+00  1.000000e+00  0.000000e+00  0.000000e+00  0.000000e+00  5.700000e-01  1.000000e+00  1.000000e+00  0.000000e+00  0.000000e+00  0.000000e+00  5.700000e-01  1.000000e+00  1.000000e+00  0.000000e+00  0.000000e+00  0.000000e+00  5.700000e-01  
2.004082e+00  8.501923e+00  7.177461e-01  0.000000e+00  0.000000e+00  5.700000e-01  2.004082e+00  8.501923e+00  9.647086e-01  0.000000e+00  0.000000e+00  5.700000e-01  1.000000e+00  1.000000e+00  0.000000e+00  0.000000e+00  0.000000e+00  5.700000e-01  1.000000e+00  1.000000e+00  0.000000e+00  0.000000e+00  0.000000e+00  5.700000e-01  1.000000e+00  1.000000e+00  0.000000e+00  0.000000e+00  0.000000e+00  5.700000e-01  1.000000e+00  1.000000e+00  0.000000e+00  0.000000e+00  0.000000e+00  5.700000e-01  
1.998159e+00  8.568702e+00  7.160180e-01  0.000000e+00  0.000000e+00  5.700000e-01  1.998159e+00  8.568702e+00  9.960523e-01  0.000000e+00  0.000000e+00  5.700000e-01  1.000000e+00  1.000000e+00  0.000000e+00  0.000000e+00  0.000000e+00  5.700000e-01  1.000000e+00  1.000000e+00  0.000000e+00  0.000000e+00  0.000000e+00  5.700000e-01  1.000000e+00  1.000000e+00  0.000000e+00  0.000000e+00  0.000000e+00  5.700000e-01  1.000000e+00  1.000000e+00  0.000000e+00  0.000000e+00  0.000000e+00  5.700000e-01  
1.969938e+00  8.588976e+00  7.208424e-01  0.000000e+00  0.000000e+00  5.700000e-01  1.969938e+00  8.588976e+00  9.951553e-01  0.000000e+00  0.000000e+00  5.700000e-01  1.000000e+00  1.000000e+00  0.000000e+00  0.000000e+00  0.000000e+00  5.700000e-01  1.000000e+00  1.000000e+00  0.000000e+00  0.000000e+00  0.000000e+00  5.700000e-01  1.000000e+00  1.000000e+00  0.000000e+00  0.000000e+00  0.000000e+00  5.700000e-01  1.000000e+00  1.000000e+00  0.000000e+00  0.000000e+00  0.000000e+00  5.700000e-01  
2.017425e+00  8.400226e+00  7.159073e-01  0.000000e+00  0.000000e+00  5.700000e-01  2.017425e+00  8.400226e+00  9.903919e-01  0.000000e+00  0.000000e+00  5.700000e-01  1.000000e+00  1.000000e+00  0.000000e+00  0.000000e+00  0.000000e+00  5.700000e-01  1.000000e+00  1.000000e+00  0.000000e+00  0.000000e+00  0.000000e+00  5.700000e-01  1.000000e+00  1.000000e+00  0.000000e+00  0.000000e+00  0.000000e+00  5.700000e-01  1.000000e+00  1.000000e+00  0.000000e+00  0.000000e+00  0.000000e+00  5.700000e-01  
1.979567e+00  8.553108e+00  7.276552e-01  0.000000e+00  0.000000e+00  5.700000e-01  1.979567e+00  8.553108e+00  9.507525e-01  0.000000e+00  0.000000e+00  5.700000e-01  1.000000e+00  1.000000e+00  0.000000e+00  0.000000e+00  0.000000e+00  5.700000e-01  1.000000e+00  1.000000e+00  0.000000e+00  0.000000e+00  0.000000e+00  5.700000e-01  1.000000e+00  1.000000e+00  0.000000e+00  0.000000e+00  0.000000e+00  5.700000e-01  1.000000e+00  1.000000e+00  0.000000e+00  0.000000e+00  0.000000e+00  5.700000e-01  
1.991105e+00  8.626879e+00  7.130144e-01  0.000000e+00  0.000000e+00  5.700000e-01  1.991105e+00  8.626879e+00  9.804647e-01  0.000000e+00  0.000000e+00  5.700000e-01  1.000000e+00  1.000000e+00  0.000000e+00  0.000000e+00  0.000000e+00  5.700000e-01  1.000000e+00  1.000000e+00  0.000000e+00  0.000000e+00  0.000000e+00  5.700000e-01  1.000000e+00  1.000000e+00  0.000000e+00  0.000000e+00  0.000000e+00  5.700000e-01  1.000000e+00  1.000000e+00  0.000000e+00  0.000000e+00  0.000000e+00  5.700000e-01  
1.982366e+00  8.486132e+00  7.113810e-01  0.000000e+00  0.000000e+00  5.700000e-01  1.982366e+00  8.486132e+00  9.949610e-01  0.000000e+00  0.000000e+00  5.700000e-01  1.000000e+00  1.000000e+00  0.000000e+00  0.000000e+00  0.000000e+00  5.700000e-01  1.000000e+00  1.000000e+00  0.000000e+00  0.000000e+00  0.000000e+00  5.700000e-01  1.000000e+00  1.000000e+00  0.000000e+00  0.000000e+00  0.000000e+00  5.700000e-01  1.000000e+00  1.000000e+00  0.000000e+00  0.000000e+00  0.000000e+00  5.700000e-01  
1.996546e+00  8.474600e+00  7.142942e-01  0.000000e+00  0.000000e+00  5.700000e-01  1.996546e+00  8.474600e+00  9.937302e-01  0.000000e+00  0.000000e+00  5.700000e-01  1.000000e+00  1.000000e+00  0.000000e+00  0.000000e+00  0.000000e+00  5.700000e-01  1.000000e+00  1.000000e+00  0.000000e+00  0.000000e+00  0.000000e+00  5.700000e-01  1.000000e+00  1.000000e+00  0.000000e+00  0.000000e+00  0.000000e+00  5.700000e-01  1.000000e+00  1.000000e+00  0.000000e+00  0.000000e+00  0.000000e+00  5.700000e-01  
1.967813e+00  8.511018e+00  7.229848e-01  0.000000e+00  0.000000e+00  5.700000e-01  1.967813e+00  8.511018e+00  9.546420e-01  0.000000e+00  0.000000e+00  5.700000e-01  1.000000e+00  1.000000e+00  0.000000e+00  0.000000e+00  0.000000e+00  5.700000e-01  1.000000e+00  1.000000e+00  0.000000e+00  0.000000e+00  0.000000e+00  5.700000e-01  1.000000e+00  1.000000e+00  0.000000e+00  0.000000e+00  0.000000e+00  5.700000e-01  1.000000e+00  1.000000e+00  0.000000e+00  0.000000e+00  0.000000e+00  5.700000e-01  
1.950884e+00  8.800866e+00  7.088135e-01  0.000000e+00  0.000000e+00  5.700000e-01  1.950884e+00  8.800866e+00  9.865096e-01  0.000000e+00  0.000000e+00  5.700000e-01  1.000000e+00  1.000000e+00  0.000000e+00  0.000000e+00  0.000000e+00  5.700000e-01  1.000000e+00  1.000000e+00  0.000000e+00  0.000000e+00  0.000000e+00  5.700000e-01  1.000000e+00  1.000000e+00  0.000000e+00  0.000000e+00  0.000000e+00  5.700000e-01  1.000000e+00  1.000000e+00  0.000000e+00  0.000000e+00  0.000000e+00  5.700000e-01  
1.957023e+00  8.659962e+00  6.870205e-01  0.000000e+00  0.000000e+00  5.700000e-01  1.957023e+00  8.659962e+00  9.998395e-01  0.000000e+00  0.000000e+00  5.700000e-01  1.000000e+00  1.000000e+00  0.000000e+00  0.000000e+00  0.000000e+00  5.700000e-01  1.000000e+00  1.000000e+00  0.000000e+00  0.000000e+00  0.000000e+00  5.700000e-01  1.000000e+00  1.000000e+00  0.000000e+00  0.000000e+00  0.000000e+00  5.700000e-01  1.000000e+00  1.000000e+00  0.000000e+00  0.000000e+00  0.000000e+00  5.700000e-01  
1.924700e+00  8.547997e+00  7.255810e-01  0.000000e+00  0.000000e+00  5.700000e-01  1.924700e+00  8.547997e+00  9.857556e-01  0.000000e+00  0.000000e+00  5.700000e-01  1.000000e+00  1.000000e+00  0.000000e+00  0.000000e+00  0.000000e+00  5.700000e-01  1.000000e+00  1.000000e+00  0.000000e+00  0.000000e+00  0.000000e+00  5.700000e-01  1.000000e+00  1.000000e+00  0.000000e+00  0.000000e+00  0.000000e+00  5.700000e-01  1.000000e+00  1.000000e+00  0.000000e+00  0.000000e+00  0.000000e+00  5.700000e-01  
1.991365e+00  8.680750e+00  7.072976e-01  0.000000e+00  0.000000e+00  5.700000e-01  1.991365e+00  8.680750e+00  9.915860e-01  0.000000e+00  0.000000e+00  5.700000e-01  1.000000e+00  1.000000e+00  0.000000e+00  0.000000e+00  0.000000e+00  5.700000e-01  1.000000e+00  1.000000e+00  0.000000e+00  0.000000e+00  0.000000e+00  5.700000e-01  1.000000e+00  1.000000e+00  0.000000e+00  0.000000e+00  0.000000e+00  5.700000e-01  1.000000e+00  1.000000e+00  0.000000e+00  0.000000e+00  0.000000e+00  5.700000e-01  
1.973299e+00  8.646776e+00  7.005781e-01  0.000000e+00  0.000000e+00  5.700000e-01  1.973299e+00  8.646776e+00  9.962187e-01  0.000000e+00  0.000000e+00  5.700000e-01  1.000000e+00  1.000000e+00  0.000000e+00  0.000000e+00  0.000000e+00  5.700000e-01  1.000000e+00  1.000000e+00  0.000000e+00  0.000000e+00  0.000000e+00  5.700000e-01  1.000000e+00  1.000000e+00  0.000000e+00  0.000000e+00  0.000000e+00  5.700000e-01  1.000000e+00  1.000000e+00  0.000000e+00  0.000000e+00  0.000000e+00  5.700000e-01  
1.972196e+00  8.692543e+00  7.078580e-01  0.000000e+00  0.000000e+00  5.700000e-01  1.972196e+00  8.692543e+00  9.958275e-01  0.000000e+00  0.000000e+00  5.700000e-01  1.000000e+00  1.000000e+00  0.000000e+00  0.000000e+00  0.000000e+00  5.700000e-01  1.000000e+00  1.000000e+00  0.000000e+00  0.000000e+00  0.000000e+00  5.700000e-01  1.000000e+00  1.000000e+00  0.000000e+00  0.000000e+00  0.000000e+00  5.700000e-01  1.000000e+00  1.000000e+00  0.000000e+00  0.000000e+00  0.000000e+00  5.700000e-01  
1.922160e+00  8.619873e+00  7.024799e-01  0.000000e+00  0.000000e+00  5.700000e-01  1.922160e+00  8.619873e+00  9.990213e-01  0.000000e+00  0.000000e+00  5.700000e-01  1.000000e+00  1.000000e+00  0.000000e+00  0.000000e+00  0.000000e+00  5.700000e-01  1.000000e+00  1.000000e+00  0.000000e+00  0.000000e+00  0.000000e+00  5.700000e-01  1.000000e+00  1.000000e+00  0.000000e+00  0.000000e+00  0.000000e+00  5.700000e-01  1.000000e+00  1.000000e+00  0.000000e+00  0.000000e+00  0.000000e+00  5.700000e-01  
1.824584e+00  7.834596e+00  7.327034e-01  0.000000e+00  0.000000e+00  5.700000e-01  1.824584e+00  7.834596e+00  9.740287e-01  0.000000e+00  0.000000e+00  5.700000e-01  1.000000e+00  1.000000e+00  0.000000e+00  0.000000e+00  0.000000e+00  5.700000e-01  1.000000e+00  1.000000e+00  0.000000e+00  0.000000e+00  0.000000e+00  5.700000e-01  1.000000e+00  1.000000e+00  0.000000e+00  0.000000e+00  0.000000e+00  5.700000e-01  1.000000e+00  1.000000e+00  0.000000e+00  0.000000e+00  0.000000e+00  5.700000e-01  
1.817837e+00  8.527337e+00  6.863424e-01  0.000000e+00  0.000000e+00  5.700000e-01  1.817837e+00  8.527337e+00  8.725095e-01  0.000000e+00  0.000000e+00  5.700000e-01  1.000000e+00  1.000000e+00  0.000000e+00  0.000000e+00  0.000000e+00  5.700000e-01  1.000000e+00  1.000000e+00  0.000000e+00  0.000000e+00  0.000000e+00  5.700000e-01  1.000000e+00  1.000000e+00  0.000000e+00  0.000000e+00  0.000000e+00  5.700000e-01  1.000000e+00  1.000000e+00  0.000000e+00  0.000000e+00  0.000000e+00  5.700000e-01  
1.767041e+00  8.349538e+00  6.822612e-01  0.000000e+00  0.000000e+00  5.700000e-01  1.767041e+00  8.349538e+00  9.861831e-01  0.000000e+00  0.000000e+00  5.700000e-01  1.000000e+00  1.000000e+00  0.000000e+00  0.000000e+00  0.000000e+00  5.700000e-01  1.000000e+00  1.000000e+00  0.000000e+00  0.000000e+00  0.000000e+00  5.700000e-01  1.000000e+00  1.000000e+00  0.000000e+00  0.000000e+00  0.000000e+00  5.700000e-01  1.000000e+00  1.000000e+00  0.000000e+00  0.000000e+00  0.000000e+00  5.700000e-01  
1.823429e+00  8.788260e+00  6.905147e-01  0.000000e+00  0.000000e+00  5.700000e-01  1.823429e+00  8.788260e+00  8.644142e-01  0.000000e+00  0.000000e+00  5.700000e-01  1.000000e+00  1.000000e+00  0.000000e+00  0.000000e+00  0.000000e+00  5.700000e-01  1.000000e+00  1.000000e+00  0.000000e+00  0.000000e+00  0.000000e+00  5.700000e-01  1.000000e+00  1.000000e+00  0.000000e+00  0.000000e+00  0.000000e+00  5.700000e-01  1.000000e+00  1.000000e+00  0.000000e+00  0.000000e+00  0.000000e+00  5.700000e-01  
1.876821e+00  8.258705e+00  7.006953e-01  0.000000e+00  0.000000e+00  5.700000e-01  1.876821e+00  8.258705e+00  9.649136e-01  0.000000e+00  0.000000e+00  5.700000e-01  1.000000e+00  1.000000e+00  0.000000e+00  0.000000e+00  0.000000e+00  5.700000e-01  1.000000e+00  1.000000e+00  0.000000e+00  0.000000e+00  0.000000e+00  5.700000e-01  1.000000e+00  1.000000e+00  0.000000e+00  0.000000e+00  0.000000e+00  5.700000e-01  1.000000e+00  1.000000e+00  0.000000e+00  0.000000e+00  0.000000e+00  5.700000e-01  
1.855140e+00  8.146399e+00  7.114697e-01  0.000000e+00  0.000000e+00  5.700000e-01  1.855140e+00  8.146399e+00  9.910741e-01  0.000000e+00  0.000000e+00  5.700000e-01  1.000000e+00  1.000000e+00  0.000000e+00  0.000000e+00  0.000000e+00  5.700000e-01  1.000000e+00  1.000000e+00  0.000000e+00  0.000000e+00  0.000000e+00  5.700000e-01  1.000000e+00  1.000000e+00  0.000000e+00  0.000000e+00  0.000000e+00  5.700000e-01  1.000000e+00  1.000000e+00  0.000000e+00  0.000000e+00  0.000000e+00  5.700000e-01  
1.926784e+00  7.748617e+00  7.260987e-01  0.000000e+00  0.000000e+00  5.700000e-01  1.926784e+00  7.748617e+00  8.663546e-01  0.000000e+00  0.000000e+00  5.700000e-01  1.000000e+00  1.000000e+00  0.000000e+00  0.000000e+00  0.000000e+00  5.700000e-01  1.000000e+00  1.000000e+00  0.000000e+00  0.000000e+00  0.000000e+00  5.700000e-01  1.000000e+00  1.000000e+00  0.000000e+00  0.000000e+00  0.000000e+00  5.700000e-01  1.000000e+00  1.000000e+00  0.000000e+00  0.000000e+00  0.000000e+00  5.700000e-01  
1.952022e+00  8.450305e+00  7.136991e-01  0.000000e+00  0.000000e+00  5.700000e-01  1.952022e+00  8.450305e+00  9.902048e-01  0.000000e+00  0.000000e+00  5.700000e-01  1.000000e+00  1.000000e+00  0.000000e+00  0.000000e+00  0.000000e+00  5.700000e-01  1.000000e+00  1.000000e+00  0.000000e+00  0.000000e+00  0.000000e+00  5.700000e-01  1.000000e+00  1.000000e+00  0.000000e+00  0.000000e+00  0.000000e+00  5.700000e-01  1.000000e+00  1.000000e+00  0.000000e+00  0.000000e+00  0.000000e+00  5.700000e-01  
1.933191e+00  8.621993e+00  6.868890e-01  0.000000e+00  0.000000e+00  5.700000e-01  1.933191e+00  8.621993e+00  9.888647e-01  0.000000e+00  0.000000e+00  5.700000e-01  1.000000e+00  1.000000e+00  0.000000e+00  0.000000e+00  0.000000e+00  5.700000e-01  1.000000e+00  1.000000e+00  0.000000e+00  0.000000e+00  0.000000e+00  5.700000e-01  1.000000e+00  1.000000e+00  0.000000e+00  0.000000e+00  0.000000e+00  5.700000e-01  1.000000e+00  1.000000e+00  0.000000e+00  0.000000e+00  0.000000e+00  5.700000e-01  
1.937436e+00  8.659411e+00  7.331556e-01  0.000000e+00  0.000000e+00  5.700000e-01  1.937436e+00  8.659411e+00  9.780356e-01  0.000000e+00  0.000000e+00  5.700000e-01  1.000000e+00  1.000000e+00  0.000000e+00  0.000000e+00  0.000000e+00  5.700000e-01  1.000000e+00  1.000000e+00  0.000000e+00  0.000000e+00  0.000000e+00  5.700000e-01  1.000000e+00  1.000000e+00  0.000000e+00  0.000000e+00  0.000000e+00  5.700000e-01  1.000000e+00  1.000000e+00  0.000000e+00  0.000000e+00  0.000000e+00  5.700000e-01  
1.891548e+00  8.298467e+00  7.070000e-01  0.000000e+00  0.000000e+00  5.700000e-01  1.891548e+00  8.298467e+00  9.765693e-01  0.000000e+00  0.000000e+00  5.700000e-01  1.000000e+00  1.000000e+00  0.000000e+00  0.000000e+00  0.000000e+00  5.700000e-01  1.000000e+00  1.000000e+00  0.000000e+00  0.000000e+00  0.000000e+00  5.700000e-01  1.000000e+00  1.000000e+00  0.000000e+00  0.000000e+00  0.000000e+00  5.700000e-01  1.000000e+00  1.000000e+00  0.000000e+00  0.000000e+00  0.000000e+00  5.700000e-01  
1.916332e+00  8.550948e+00  6.805365e-01  0.000000e+00  0.000000e+00  5.700000e-01  1.916332e+00  8.550948e+00  9.422213e-01  0.000000e+00  0.000000e+00  5.700000e-01  1.000000e+00  1.000000e+00  0.000000e+00  0.000000e+00  0.000000e+00  5.700000e-01  1.000000e+00  1.000000e+00  0.000000e+00  0.000000e+00  0.000000e+00  5.700000e-01  1.000000e+00  1.000000e+00  0.000000e+00  0.000000e+00  0.000000e+00  5.700000e-01  1.000000e+00  1.000000e+00  0.000000e+00  0.000000e+00  0.000000e+00  5.700000e-01  
1.923255e+00  8.005312e+00  7.448665e-01  0.000000e+00  0.000000e+00  5.700000e-01  1.923255e+00  8.005312e+00  9.263245e-01  0.000000e+00  0.000000e+00  5.700000e-01  1.000000e+00  1.000000e+00  0.000000e+00  0.000000e+00  0.000000e+00  5.700000e-01  1.000000e+00  1.000000e+00  0.000000e+00  0.000000e+00  0.000000e+00  5.700000e-01  1.000000e+00  1.000000e+00  0.000000e+00  0.000000e+00  0.000000e+00  5.700000e-01  1.000000e+00  1.000000e+00  0.000000e+00  0.000000e+00  0.000000e+00  5.700000e-01  
1.885368e+00  7.870865e+00  6.792937e-01  0.000000e+00  0.000000e+00  5.700000e-01  1.885368e+00  7.870865e+00  9.576832e-01  0.000000e+00  0.000000e+00  5.700000e-01  1.000000e+00  1.000000e+00  0.000000e+00  0.000000e+00  0.000000e+00  5.700000e-01  1.000000e+00  1.000000e+00  0.000000e+00  0.000000e+00  0.000000e+00  5.700000e-01  1.000000e+00  1.000000e+00  0.000000e+00  0.000000e+00  0.000000e+00  5.700000e-01  1.000000e+00  1.000000e+00  0.000000e+00  0.000000e+00  0.000000e+00  5.700000e-01  
1.869475e+00  8.238029e+00  6.935474e-01  0.000000e+00  0.000000e+00  5.700000e-01  1.869475e+00  8.238029e+00  9.877297e-01  0.000000e+00  0.000000e+00  5.700000e-01  1.000000e+00  1.000000e+00  0.000000e+00  0.000000e+00  0.000000e+00  5.700000e-01  1.000000e+00  1.000000e+00  0.000000e+00  0.000000e+00  0.000000e+00  5.700000e-01  1.000000e+00  1.000000e+00  0.000000e+00  0.000000e+00  0.000000e+00  5.700000e-01  1.000000e+00  1.000000e+00  0.000000e+00  0.000000e+00  0.000000e+00  5.700000e-01  
1.966139e+00  8.583195e+00  6.985270e-01  0.000000e+00  0.000000e+00  5.700000e-01  1.966139e+00  8.583195e+00  9.964874e-01  0.000000e+00  0.000000e+00  5.700000e-01  1.000000e+00  1.000000e+00  0.000000e+00  0.000000e+00  0.000000e+00  5.700000e-01  1.000000e+00  1.000000e+00  0.000000e+00  0.000000e+00  0.000000e+00  5.700000e-01  1.000000e+00  1.000000e+00  0.000000e+00  0.000000e+00  0.000000e+00  5.700000e-01  1.000000e+00  1.000000e+00  0.000000e+00  0.000000e+00  0.000000e+00  5.700000e-01  
1.876302e+00  8.394029e+00  6.873911e-01  0.000000e+00  0.000000e+00  5.700000e-01  1.876302e+00  8.394029e+00  9.603819e-01  0.000000e+00  0.000000e+00  5.700000e-01  1.000000e+00  1.000000e+00  0.000000e+00  0.000000e+00  0.000000e+00  5.700000e-01  1.000000e+00  1.000000e+00  0.000000e+00  0.000000e+00  0.000000e+00  5.700000e-01  1.000000e+00  1.000000e+00  0.000000e+00  0.000000e+00  0.000000e+00  5.700000e-01  1.000000e+00  1.000000e+00  0.000000e+00  0.000000e+00  0.000000e+00  5.700000e-01  
1.854694e+00  8.162270e+00  7.038582e-01  0.000000e+00  0.000000e+00  5.700000e-01  1.854694e+00  8.162270e+00  9.933081e-01  0.000000e+00  0.000000e+00  5.700000e-01  1.000000e+00  1.000000e+00  0.000000e+00  0.000000e+00  0.000000e+00  5.700000e-01  1.000000e+00  1.000000e+00  0.000000e+00  0.000000e+00  0.000000e+00  5.700000e-01  1.000000e+00  1.000000e+00  0.000000e+00  0.000000e+00  0.000000e+00  5.700000e-01  1.000000e+00  1.000000e+00  0.000000e+00  0.000000e+00  0.000000e+00  5.700000e-01  
1.792016e+00  8.384442e+00  6.809439e-01  0.000000e+00  0.000000e+00  5.700000e-01  1.792016e+00  8.384442e+00  9.410067e-01  0.000000e+00  0.000000e+00  5.700000e-01  1.000000e+00  1.000000e+00  0.000000e+00  0.000000e+00  0.000000e+00  5.700000e-01  1.000000e+00  1.000000e+00  0.000000e+00  0.000000e+00  0.000000e+00  5.700000e-01  1.000000e+00  1.000000e+00  0.000000e+00  0.000000e+00  0.000000e+00  5.700000e-01  1.000000e+00  1.000000e+00  0.000000e+00  0.000000e+00  0.000000e+00  5.700000e-01  
1.816537e+00  8.373300e+00  7.175894e-01  0.000000e+00  0.000000e+00  5.700000e-01  1.816537e+00  8.373300e+00  9.788635e-01  0.000000e+00  0.000000e+00  5.700000e-01  1.000000e+00  1.000000e+00  0.000000e+00  0.000000e+00  0.000000e+00  5.700000e-01  1.000000e+00  1.000000e+00  0.000000e+00  0.000000e+00  0.000000e+00  5.700000e-01  1.000000e+00  1.000000e+00  0.000000e+00  0.000000e+00  0.000000e+00  5.700000e-01  1.000000e+00  1.000000e+00  0.000000e+00  0.000000e+00  0.000000e+00  5.700000e-01  
1.770559e+00  8.071233e+00  6.624949e-01  0.000000e+00  0.000000e+00  5.700000e-01  1.770559e+00  8.071233e+00  8.432714e-01  0.000000e+00  0.000000e+00  5.700000e-01  1.000000e+00  1.000000e+00  0.000000e+00  0.000000e+00  0.000000e+00  5.700000e-01  1.000000e+00  1.000000e+00  0.000000e+00  0.000000e+00  0.000000e+00  5.700000e-01  1.000000e+00  1.000000e+00  0.000000e+00  0.000000e+00  0.000000e+00  5.700000e-01  1.000000e+00  1.000000e+00  0.000000e+00  0.000000e+00  0.000000e+00  5.700000e-01  
1.735019e+00  7.397181e+00  7.327277e-01  0.000000e+00  0.000000e+00  5.700000e-01  1.735019e+00  7.397181e+00  8.609521e-01  0.000000e+00  0.000000e+00  5.700000e-01  1.000000e+00  1.000000e+00  0.000000e+00  0.000000e+00  0.000000e+00  5.700000e-01  1.000000e+00  1.000000e+00  0.000000e+00  0.000000e+00  0.000000e+00  5.700000e-01  1.000000e+00  1.000000e+00  0.000000e+00  0.000000e+00  0.000000e+00  5.700000e-01  1.000000e+00  1.000000e+00  0.000000e+00  0.000000e+00  0.000000e+00  5.700000e-01  
1.753913e+00  7.386387e+00  7.482892e-01  0.000000e+00  0.000000e+00  5.700000e-01  1.753913e+00  7.386387e+00  8.309028e-01  0.000000e+00  0.000000e+00  5.700000e-01  1.000000e+00  1.000000e+00  0.000000e+00  0.000000e+00  0.000000e+00  5.700000e-01  1.000000e+00  1.000000e+00  0.000000e+00  0.000000e+00  0.000000e+00  5.700000e-01  1.000000e+00  1.000000e+00  0.000000e+00  0.000000e+00  0.000000e+00  5.700000e-01  1.000000e+00  1.000000e+00  0.000000e+00  0.000000e+00  0.000000e+00  5.700000e-01  
1.638726e+00  7.527895e+00  6.881835e-01  0.000000e+00  0.000000e+00  5.700000e-01  1.638726e+00  7.527895e+00  9.969499e-01  0.000000e+00  0.000000e+00  5.700000e-01  1.000000e+00  1.000000e+00  0.000000e+00  0.000000e+00  0.000000e+00  5.700000e-01  1.000000e+00  1.000000e+00  0.000000e+00  0.000000e+00  0.000000e+00  5.700000e-01  1.000000e+00  1.000000e+00  0.000000e+00  0.000000e+00  0.000000e+00  5.700000e-01  1.000000e+00  1.000000e+00  0.000000e+00  0.000000e+00  0.000000e+00  5.700000e-01  
1.817712e+00  8.185441e+00  6.367464e-01  0.000000e+00  0.000000e+00  5.700000e-01  1.817712e+00  8.185441e+00  9.105674e-01  0.000000e+00  0.000000e+00  5.700000e-01  1.000000e+00  1.000000e+00  0.000000e+00  0.000000e+00  0.000000e+00  5.700000e-01  1.000000e+00  1.000000e+00  0.000000e+00  0.000000e+00  0.000000e+00  5.700000e-01  1.000000e+00  1.000000e+00  0.000000e+00  0.000000e+00  0.000000e+00  5.700000e-01  1.000000e+00  1.000000e+00  0.000000e+00  0.000000e+00  0.000000e+00  5.700000e-01  
1.773844e+00  6.674770e+00  7.643528e-01  0.000000e+00  0.000000e+00  5.700000e-01  1.773844e+00  6.674770e+00  8.885019e-01  0.000000e+00  0.000000e+00  5.700000e-01  1.000000e+00  1.000000e+00  0.000000e+00  0.000000e+00  0.000000e+00  5.700000e-01  1.000000e+00  1.000000e+00  0.000000e+00  0.000000e+00  0.000000e+00  5.700000e-01  1.000000e+00  1.000000e+00  0.000000e+00  0.000000e+00  0.000000e+00  5.700000e-01  1.000000e+00  1.000000e+00  0.000000e+00  0.000000e+00  0.000000e+00  5.700000e-01  
1.771626e+00  7.143253e+00  6.853101e-01  0.000000e+00  0.000000e+00  5.700000e-01  1.771626e+00  7.143253e+00  8.814963e-01  0.000000e+00  0.000000e+00  5.700000e-01  1.000000e+00  1.000000e+00  0.000000e+00  0.000000e+00  0.000000e+00  5.700000e-01  1.000000e+00  1.000000e+00  0.000000e+00  0.000000e+00  0.000000e+00  5.700000e-01  1.000000e+00  1.000000e+00  0.000000e+00  0.000000e+00  0.000000e+00  5.700000e-01  1.000000e+00  1.000000e+00  0.000000e+00  0.000000e+00  0.000000e+00  5.700000e-01  
1.903712e+00  9.310732e+00  6.540261e-01  0.000000e+00  0.000000e+00  5.700000e-01  1.903712e+00  9.310732e+00  9.647086e-01  0.000000e+00  0.000000e+00  5.700000e-01  1.000000e+00  1.000000e+00  0.000000e+00  0.000000e+00  0.000000e+00  5.700000e-01  1.000000e+00  1.000000e+00  0.000000e+00  0.000000e+00  0.000000e+00  5.700000e-01  1.000000e+00  1.000000e+00  0.000000e+00  0.000000e+00  0.000000e+00  5.700000e-01  1.000000e+00  1.000000e+00  0.000000e+00  0.000000e+00  0.000000e+00  5.700000e-01  
1.897789e+00  9.377511e+00  6.522980e-01  0.000000e+00  0.000000e+00  5.700000e-01  1.897789e+00  9.377511e+00  9.960523e-01  0.000000e+00  0.000000e+00  5.700000e-01  1.000000e+00  1.000000e+00  0.000000e+00  0.000000e+00  0.000000e+00  5.700000e-01  1.000000e+00  1.000000e+00  0.000000e+00  0.000000e+00  0.000000e+00  5.700000e-01  1.000000e+00  1.000000e+00  0.000000e+00  0.000000e+00  0.000000e+00  5.700000e-01  1.000000e+00  1.000000e+00  0.000000e+00  0.000000e+00  0.000000e+00  5.700000e-01  
1.869568e+00  9.397785e+00  6.571224e-01  0.000000e+00  0.000000e+00  5.700000e-01  1.869568e+00  9.397785e+00  9.951553e-01  0.000000e+00  0.000000e+00  5.700000e-01  1.000000e+00  1.000000e+00  0.000000e+00  0.000000e+00  0.000000e+00  5.700000e-01  1.000000e+00  1.000000e+00  0.000000e+00  0.000000e+00  0.000000e+00  5.700000e-01  1.000000e+00  1.000000e+00  0.000000e+00  0.000000e+00  0.000000e+00  5.700000e-01  1.000000e+00  1.000000e+00  0.000000e+00  0.000000e+00  0.000000e+00  5.700000e-01  
1.917055e+00  9.209035e+00  6.521873e-01  0.000000e+00  0.000000e+00  5.700000e-01  1.917055e+00  9.209035e+00  9.903919e-01  0.000000e+00  0.000000e+00  5.700000e-01  1.000000e+00  1.000000e+00  0.000000e+00  0.000000e+00  0.000000e+00  5.700000e-01  1.000000e+00  1.000000e+00  0.000000e+00  0.000000e+00  0.000000e+00  5.700000e-01  1.000000e+00  1.000000e+00  0.000000e+00  0.000000e+00  0.000000e+00  5.700000e-01  1.000000e+00  1.000000e+00  0.000000e+00  0.000000e+00  0.000000e+00  5.700000e-01  
1.879197e+00  9.361917e+00  6.639352e-01  0.000000e+00  0.000000e+00  5.700000e-01  1.879197e+00  9.361917e+00  9.507525e-01  0.000000e+00  0.000000e+00  5.700000e-01  1.000000e+00  1.000000e+00  0.000000e+00  0.000000e+00  0.000000e+00  5.700000e-01  1.000000e+00  1.000000e+00  0.000000e+00  0.000000e+00  0.000000e+00  5.700000e-01  1.000000e+00  1.000000e+00  0.000000e+00  0.000000e+00  0.000000e+00  5.700000e-01  1.000000e+00  1.000000e+00  0.000000e+00  0.000000e+00  0.000000e+00  5.700000e-01  
1.881996e+00  9.294941e+00  6.476610e-01  0.000000e+00  0.000000e+00  5.700000e-01  1.881996e+00  9.294941e+00  9.949610e-01  0.000000e+00  0.000000e+00  5.700000e-01  1.000000e+00  1.000000e+00  0.000000e+00  0.000000e+00  0.000000e+00  5.700000e-01  1.000000e+00  1.000000e+00  0.000000e+00  0.000000e+00  0.000000e+00  5.700000e-01  1.000000e+00  1.000000e+00  0.000000e+00  0.000000e+00  0.000000e+00  5.700000e-01  1.000000e+00  1.000000e+00  0.000000e+00  0.000000e+00  0.000000e+00  5.700000e-01  
1.896176e+00  9.283409e+00  6.505742e-01  0.000000e+00  0.000000e+00  5.700000e-01  1.896176e+00  9.283409e+00  9.937302e-01  0.000000e+00  0.000000e+00  5.700000e-01  1.000000e+00  1.000000e+00  0.000000e+00  0.000000e+00  0.000000e+00  5.700000e-01  1.000000e+00  1.000000e+00  0.000000e+00  0.000000e+00  0.000000e+00  5.700000e-01  1.000000e+00  1.000000e+00  0.000000e+00  0.000000e+00  0.000000e+00  5.700000e-01  1.000000e+00  1.000000e+00  0.000000e+00  0.000000e+00  0.000000e+00  5.700000e-01  
1.883536e+00  9.359914e+00  6.563329e-01  0.000000e+00  0.000000e+00  5.700000e-01  1.883536e+00  9.359914e+00  9.773210e-01  0.000000e+00  0.000000e+00  5.700000e-01  1.000000e+00  1.000000e+00  0.000000e+00  0.000000e+00  0.000000e+00  5.700000e-01  1.000000e+00  1.000000e+00  0.000000e+00  0.000000e+00  0.000000e+00  5.700000e-01  1.000000e+00  1.000000e+00  0.000000e+00  0.000000e+00  0.000000e+00  5.700000e-01  1.000000e+00  1.000000e+00  0.000000e+00  0.000000e+00  0.000000e+00  5.700000e-01  
1.934241e+00  9.387213e+00  6.508448e-01  0.000000e+00  0.000000e+00  5.700000e-01  1.934241e+00  9.387213e+00  9.993685e-01  0.000000e+00  0.000000e+00  5.700000e-01  1.000000e+00  1.000000e+00  0.000000e+00  0.000000e+00  0.000000e+00  5.700000e-01  1.000000e+00  1.000000e+00  0.000000e+00  0.000000e+00  0.000000e+00  5.700000e-01  1.000000e+00  1.000000e+00  0.000000e+00  0.000000e+00  0.000000e+00  5.700000e-01  1.000000e+00  1.000000e+00  0.000000e+00  0.000000e+00  0.000000e+00  5.700000e-01  
1.914551e+00  9.359766e+00  6.426410e-01  0.000000e+00  0.000000e+00  5.700000e-01  1.914551e+00  9.359766e+00  9.731497e-01  0.000000e+00  0.000000e+00  5.700000e-01  1.000000e+00  1.000000e+00  0.000000e+00  0.000000e+00  0.000000e+00  5.700000e-01  1.000000e+00  1.000000e+00  0.000000e+00  0.000000e+00  0.000000e+00  5.700000e-01  1.000000e+00  1.000000e+00  0.000000e+00  0.000000e+00  0.000000e+00  5.700000e-01  1.000000e+00  1.000000e+00  0.000000e+00  0.000000e+00  0.000000e+00  5.700000e-01  
1.934941e+00  9.228627e+00  6.653765e-01  0.000000e+00  0.000000e+00  5.700000e-01  1.934941e+00  9.228627e+00  9.825643e-01  0.000000e+00  0.000000e+00  5.700000e-01  1.000000e+00  1.000000e+00  0.000000e+00  0.000000e+00  0.000000e+00  5.700000e-01  1.000000e+00  1.000000e+00  0.000000e+00  0.000000e+00  0.000000e+00  5.700000e-01  1.000000e+00  1.000000e+00  0.000000e+00  0.000000e+00  0.000000e+00  5.700000e-01  1.000000e+00  1.000000e+00  0.000000e+00  0.000000e+00  0.000000e+00  5.700000e-01  
1.856482e+00  9.087912e+00  6.514813e-01  0.000000e+00  0.000000e+00  5.700000e-01  1.856482e+00  9.087912e+00  9.863661e-01  0.000000e+00  0.000000e+00  5.700000e-01  1.000000e+00  1.000000e+00  0.000000e+00  0.000000e+00  0.000000e+00  5.700000e-01  1.000000e+00  1.000000e+00  0.000000e+00  0.000000e+00  0.000000e+00  5.700000e-01  1.000000e+00  1.000000e+00  0.000000e+00  0.000000e+00  0.000000e+00  5.700000e-01  1.000000e+00  1.000000e+00  0.000000e+00  0.000000e+00  0.000000e+00  5.700000e-01  
1.857988e+00  9.259280e+00  6.693947e-01  0.000000e+00  0.000000e+00  5.700000e-01  1.857988e+00  9.259280e+00  9.618614e-01  0.000000e+00  0.000000e+00  5.700000e-01  1.000000e+00  1.000000e+00  0.000000e+00  0.000000e+00  0.000000e+00  5.700000e-01  1.000000e+00  1.000000e+00  0.000000e+00  0.000000e+00  0.000000e+00  5.700000e-01  1.000000e+00  1.000000e+00  0.000000e+00  0.000000e+00  0.000000e+00  5.700000e-01  1.000000e+00  1.000000e+00  0.000000e+00  0.000000e+00  0.000000e+00  5.700000e-01  
1.829463e+00  9.097362e+00  6.596340e-01  0.000000e+00  0.000000e+00  5.700000e-01  1.829463e+00  9.097362e+00  9.896114e-01  0.000000e+00  0.000000e+00  5.700000e-01  1.000000e+00  1.000000e+00  0.000000e+00  0.000000e+00  0.000000e+00  5.700000e-01  1.000000e+00  1.000000e+00  0.000000e+00  0.000000e+00  0.000000e+00  5.700000e-01  1.000000e+00  1.000000e+00  0.000000e+00  0.000000e+00  0.000000e+00  5.700000e-01  1.000000e+00  1.000000e+00  0.000000e+00  0.000000e+00  0.000000e+00  5.700000e-01  
1.899436e+00  9.358278e+00  6.543828e-01  0.000000e+00  0.000000e+00  5.700000e-01  1.899436e+00  9.358278e+00  9.913359e-01  0.000000e+00  0.000000e+00  5.700000e-01  1.000000e+00  1.000000e+00  0.000000e+00  0.000000e+00  0.000000e+00  5.700000e-01  1.000000e+00  1.000000e+00  0.000000e+00  0.000000e+00  0.000000e+00  5.700000e-01  1.000000e+00  1.000000e+00  0.000000e+00  0.000000e+00  0.000000e+00  5.700000e-01  1.000000e+00  1.000000e+00  0.000000e+00  0.000000e+00  0.000000e+00  5.700000e-01  
1.806446e+00  9.303339e+00  6.394571e-01  0.000000e+00  0.000000e+00  5.700000e-01  1.806446e+00  9.303339e+00  9.944732e-01  0.000000e+00  0.000000e+00  5.700000e-01  1.000000e+00  1.000000e+00  0.000000e+00  0.000000e+00  0.000000e+00  5.700000e-01  1.000000e+00  1.000000e+00  0.000000e+00  0.000000e+00  0.000000e+00  5.700000e-01  1.000000e+00  1.000000e+00  0.000000e+00  0.000000e+00  0.000000e+00  5.700000e-01  1.000000e+00  1.000000e+00  0.000000e+00  0.000000e+00  0.000000e+00  5.700000e-01  
1.875497e+00  9.098729e+00  6.803102e-01  0.000000e+00  0.000000e+00  5.700000e-01  1.875497e+00  9.098729e+00  9.738103e-01  0.000000e+00  0.000000e+00  5.700000e-01  1.000000e+00  1.000000e+00  0.000000e+00  0.000000e+00  0.000000e+00  5.700000e-01  1.000000e+00  1.000000e+00  0.000000e+00  0.000000e+00  0.000000e+00  5.700000e-01  1.000000e+00  1.000000e+00  0.000000e+00  0.000000e+00  0.000000e+00  5.700000e-01  1.000000e+00  1.000000e+00  0.000000e+00  0.000000e+00  0.000000e+00  5.700000e-01  
1.884938e+00  8.901766e+00  6.688881e-01  0.000000e+00  0.000000e+00  5.700000e-01  1.884938e+00  8.901766e+00  9.716874e-01  0.000000e+00  0.000000e+00  5.700000e-01  1.000000e+00  1.000000e+00  0.000000e+00  0.000000e+00  0.000000e+00  5.700000e-01  1.000000e+00  1.000000e+00  0.000000e+00  0.000000e+00  0.000000e+00  5.700000e-01  1.000000e+00  1.000000e+00  0.000000e+00  0.000000e+00  0.000000e+00  5.700000e-01  1.000000e+00  1.000000e+00  0.000000e+00  0.000000e+00  0.000000e+00  5.700000e-01  
1.952226e+00  8.997828e+00  6.626607e-01  0.000000e+00  0.000000e+00  5.700000e-01  1.952226e+00  8.997828e+00  9.316634e-01  0.000000e+00  0.000000e+00  5.700000e-01  1.000000e+00  1.000000e+00  0.000000e+00  0.000000e+00  0.000000e+00  5.700000e-01  1.000000e+00  1.000000e+00  0.000000e+00  0.000000e+00  0.000000e+00  5.700000e-01  1.000000e+00  1.000000e+00  0.000000e+00  0.000000e+00  0.000000e+00  5.700000e-01  1.000000e+00  1.000000e+00  0.000000e+00  0.000000e+00  0.000000e+00  5.700000e-01  
1.860188e+00  9.190160e+00  6.517707e-01  0.000000e+00  0.000000e+00  5.700000e-01  1.860188e+00  9.190160e+00  9.919453e-01  0.000000e+00  0.000000e+00  5.700000e-01  1.000000e+00  1.000000e+00  0.000000e+00  0.000000e+00  0.000000e+00  5.700000e-01  1.000000e+00  1.000000e+00  0.000000e+00  0.000000e+00  0.000000e+00  5.700000e-01  1.000000e+00  1.000000e+00  0.000000e+00  0.000000e+00  0.000000e+00  5.700000e-01  1.000000e+00  1.000000e+00  0.000000e+00  0.000000e+00  0.000000e+00  5.700000e-01  
1.826414e+00  8.557426e+00  6.623787e-01  0.000000e+00  0.000000e+00  5.700000e-01  1.826414e+00  8.557426e+00  8.663546e-01  0.000000e+00  0.000000e+00  5.700000e-01  1.000000e+00  1.000000e+00  0.000000e+00  0.000000e+00  0.000000e+00  5.700000e-01  1.000000e+00  1.000000e+00  0.000000e+00  0.000000e+00  0.000000e+00  5.700000e-01  1.000000e+00  1.000000e+00  0.000000e+00  0.000000e+00  0.000000e+00  5.700000e-01  1.000000e+00  1.000000e+00  0.000000e+00  0.000000e+00  0.000000e+00  5.700000e-01  
1.871912e+00  8.891329e+00  6.731117e-01  0.000000e+00  0.000000e+00  5.700000e-01  1.871912e+00  8.891329e+00  9.918528e-01  0.000000e+00  0.000000e+00  5.700000e-01  1.000000e+00  1.000000e+00  0.000000e+00  0.000000e+00  0.000000e+00  5.700000e-01  1.000000e+00  1.000000e+00  0.000000e+00  0.000000e+00  0.000000e+00  5.700000e-01  1.000000e+00  1.000000e+00  0.000000e+00  0.000000e+00  0.000000e+00  5.700000e-01  1.000000e+00  1.000000e+00  0.000000e+00  0.000000e+00  0.000000e+00  5.700000e-01  
1.791178e+00  9.107276e+00  6.432800e-01  0.000000e+00  0.000000e+00  5.700000e-01  1.791178e+00  9.107276e+00  9.765693e-01  0.000000e+00  0.000000e+00  5.700000e-01  1.000000e+00  1.000000e+00  0.000000e+00  0.000000e+00  0.000000e+00  5.700000e-01  1.000000e+00  1.000000e+00  0.000000e+00  0.000000e+00  0.000000e+00  5.700000e-01  1.000000e+00  1.000000e+00  0.000000e+00  0.000000e+00  0.000000e+00  5.700000e-01  1.000000e+00  1.000000e+00  0.000000e+00  0.000000e+00  0.000000e+00  5.700000e-01  
1.828626e+00  8.512003e+00  6.832562e-01  0.000000e+00  0.000000e+00  5.700000e-01  1.828626e+00  8.512003e+00  7.997048e-01  0.000000e+00  0.000000e+00  5.700000e-01  1.000000e+00  1.000000e+00  0.000000e+00  0.000000e+00  0.000000e+00  5.700000e-01  1.000000e+00  1.000000e+00  0.000000e+00  0.000000e+00  0.000000e+00  5.700000e-01  1.000000e+00  1.000000e+00  0.000000e+00  0.000000e+00  0.000000e+00  5.700000e-01  1.000000e+00  1.000000e+00  0.000000e+00  0.000000e+00  0.000000e+00  5.700000e-01  
1.769105e+00  9.046838e+00  6.298274e-01  0.000000e+00  0.000000e+00  5.700000e-01  1.769105e+00  9.046838e+00  9.877297e-01  0.000000e+00  0.000000e+00  5.700000e-01  1.000000e+00  1.000000e+00  0.000000e+00  0.000000e+00  0.000000e+00  5.700000e-01  1.000000e+00  1.000000e+00  0.000000e+00  0.000000e+00  0.000000e+00  5.700000e-01  1.000000e+00  1.000000e+00  0.000000e+00  0.000000e+00  0.000000e+00  5.700000e-01  1.000000e+00  1.000000e+00  0.000000e+00  0.000000e+00  0.000000e+00  5.700000e-01  
1.815532e+00  8.788262e+00  6.577863e-01  0.000000e+00  0.000000e+00  5.700000e-01  1.815532e+00  8.788262e+00  9.992685e-01  0.000000e+00  0.000000e+00  5.700000e-01  1.000000e+00  1.000000e+00  0.000000e+00  0.000000e+00  0.000000e+00  5.700000e-01  1.000000e+00  1.000000e+00  0.000000e+00  0.000000e+00  0.000000e+00  5.700000e-01  1.000000e+00  1.000000e+00  0.000000e+00  0.000000e+00  0.000000e+00  5.700000e-01  1.000000e+00  1.000000e+00  0.000000e+00  0.000000e+00  0.000000e+00  5.700000e-01  
1.826272e+00  9.097836e+00  6.273733e-01  0.000000e+00  0.000000e+00  5.700000e-01  1.826272e+00  9.097836e+00  9.828409e-01  0.000000e+00  0.000000e+00  5.700000e-01  1.000000e+00  1.000000e+00  0.000000e+00  0.000000e+00  0.000000e+00  5.700000e-01  1.000000e+00  1.000000e+00  0.000000e+00  0.000000e+00  0.000000e+00  5.700000e-01  1.000000e+00  1.000000e+00  0.000000e+00  0.000000e+00  0.000000e+00  5.700000e-01  1.000000e+00  1.000000e+00  0.000000e+00  0.000000e+00  0.000000e+00  5.700000e-01  
4.780042e-01  6.628595e-02  8.491746e-01  0.000000e+00  0.000000e+00  5.700000e-01  4.780042e-01  6.628595e-02  9.824575e-01  0.000000e+00  0.000000e+00  5.700000e-01  1.000000e+00  1.000000e+00  0.000000e+00  0.000000e+00  0.000000e+00  5.700000e-01  1.000000e+00  1.000000e+00  0.000000e+00  0.000000e+00  0.000000e+00  5.700000e-01  1.000000e+00  1.000000e+00  0.000000e+00  0.000000e+00  0.000000e+00  5.700000e-01  1.000000e+00  1.000000e+00  0.000000e+00  0.000000e+00  0.000000e+00  5.700000e-01  
4.438910e-01  2.846096e-01  8.549057e-01  0.000000e+00  0.000000e+00  5.700000e-01  4.438910e-01  2.846096e-01  9.964516e-01  0.000000e+00  0.000000e+00  5.700000e-01  1.000000e+00  1.000000e+00  0.000000e+00  0.000000e+00  0.000000e+00  5.700000e-01  1.000000e+00  1.000000e+00  0.000000e+00  0.000000e+00  0.000000e+00  5.700000e-01  1.000000e+00  1.000000e+00  0.000000e+00  0.000000e+00  0.000000e+00  5.700000e-01  1.000000e+00  1.000000e+00  0.000000e+00  0.000000e+00  0.000000e+00  5.700000e-01  
4.459895e-01  1.989531e-01  8.592525e-01  0.000000e+00  0.000000e+00  5.700000e-01  4.459895e-01  1.989531e-01  9.639925e-01  0.000000e+00  0.000000e+00  5.700000e-01  1.000000e+00  1.000000e+00  0.000000e+00  0.000000e+00  0.000000e+00  5.700000e-01  1.000000e+00  1.000000e+00  0.000000e+00  0.000000e+00  0.000000e+00  5.700000e-01  1.000000e+00  1.000000e+00  0.000000e+00  0.000000e+00  0.000000e+00  5.700000e-01  1.000000e+00  1.000000e+00  0.000000e+00  0.000000e+00  0.000000e+00  5.700000e-01  
4.642788e-01  1.286742e-01  8.495098e-01  0.000000e+00  0.000000e+00  5.700000e-01  4.642788e-01  1.286742e-01  9.778996e-01  0.000000e+00  0.000000e+00  5.700000e-01  1.000000e+00  1.000000e+00  0.000000e+00  0.000000e+00  0.000000e+00  5.700000e-01  1.000000e+00  1.000000e+00  0.000000e+00  0.000000e+00  0.000000e+00  5.700000e-01  1.000000e+00  1.000000e+00  0.000000e+00  0.000000e+00  0.000000e+00  5.700000e-01  1.000000e+00  1.000000e+00  0.000000e+00  0.000000e+00  0.000000e+00  5.700000e-01  
4.428894e-01  2.245977e-01  8.426369e-01  0.000000e+00  0.000000e+00  5.700000e-01  4.428894e-01  2.245977e-01  9.888082e-01  0.000000e+00  0.000000e+00  5.700000e-01  1.000000e+00  1.000000e+00  0.000000e+00  0.000000e+00  0.000000e+00  5.700000e-01  1.000000e+00  1.000000e+00  0.000000e+00  0.000000e+00  0.000000e+00  5.700000e-01  1.000000e+00  1.000000e+00  0.000000e+00  0.000000e+00  0.000000e+00  5.700000e-01  1.000000e+00  1.000000e+00  0.000000e+00  0.000000e+00  0.000000e+00  5.700000e-01  
4.984485e-01  2.054401e-01  8.492455e-01  0.000000e+00  0.000000e+00  5.700000e-01  4.984485e-01  2.054401e-01  9.788585e-01  0.000000e+00  0.000000e+00  5.700000e-01  1.000000e+00  1.000000e+00  0.000000e+00  0.000000e+00  0.000000e+00  5.700000e-01  1.000000e+00  1.000000e+00  0.000000e+00  0.000000e+00  0.000000e+00  5.700000e-01  1.000000e+00  1.000000e+00  0.000000e+00  0.000000e+00  0.000000e+00  5.700000e-01  1.000000e+00  1.000000e+00  0.000000e+00  0.000000e+00  0.000000e+00  5.700000e-01  
4.671902e-01  1.221842e-01  8.650692e-01  0.000000e+00  0.000000e+00  5.700000e-01  4.671902e-01  1.221842e-01  9.809350e-01  0.000000e+00  0.000000e+00  5.700000e-01  1.000000e+00  1.000000e+00  0.000000e+00  0.000000e+00  0.000000e+00  5.700000e-01  1.000000e+00  1.000000e+00  0.000000e+00  0.000000e+00  0.000000e+00  5.700000e-01  1.000000e+00  1.000000e+00  0.000000e+00  0.000000e+00  0.000000e+00  5.700000e-01  1.000000e+00  1.000000e+00  0.000000e+00  0.000000e+00  0.000000e+00  5.700000e-01  
4.052303e-01  1.084595e-01  8.566685e-01  0.000000e+00  0.000000e+00  5.700000e-01  4.052303e-01  1.084595e-01  9.728429e-01  0.000000e+00  0.000000e+00  5.700000e-01  1.000000e+00  1.000000e+00  0.000000e+00  0.000000e+00  0.000000e+00  5.700000e-01  1.000000e+00  1.000000e+00  0.000000e+00  0.000000e+00  0.000000e+00  5.700000e-01  1.000000e+00  1.000000e+00  0.000000e+00  0.000000e+00  0.000000e+00  5.700000e-01  1.000000e+00  1.000000e+00  0.000000e+00  0.000000e+00  0.000000e+00  5.700000e-01  
5.025346e-01  2.567992e-01  8.511578e-01  0.000000e+00  0.000000e+00  5.700000e-01  5.025346e-01  2.567992e-01  9.711888e-01  0.000000e+00  0.000000e+00  5.700000e-01  1.000000e+00  1.000000e+00  0.000000e+00  0.000000e+00  0.000000e+00  5.700000e-01  1.000000e+00  1.000000e+00  0.000000e+00  0.000000e+00  0.000000e+00  5.700000e-01  1.000000e+00  1.000000e+00  0.000000e+00  0.000000e+00  0.000000e+00  5.700000e-01  1.000000e+00  1.000000e+00  0.000000e+00  0.000000e+00  0.000000e+00  5.700000e-01  
5.123760e-01  3.638442e-01  8.532878e-01  0.000000e+00  0.000000e+00  5.700000e-01  5.123760e-01  3.638442e-01  9.806033e-01  0.000000e+00  0.000000e+00  5.700000e-01  1.000000e+00  1.000000e+00  0.000000e+00  0.000000e+00  0.000000e+00  5.700000e-01  1.000000e+00  1.000000e+00  0.000000e+00  0.000000e+00  0.000000e+00  5.700000e-01  1.000000e+00  1.000000e+00  0.000000e+00  0.000000e+00  0.000000e+00  5.700000e-01  1.000000e+00  1.000000e+00  0.000000e+00  0.000000e+00  0.000000e+00  5.700000e-01  
4.907403e-01  2.787122e-01  8.534632e-01  0.000000e+00  0.000000e+00  5.700000e-01  4.907403e-01  2.787122e-01  9.774603e-01  0.000000e+00  0.000000e+00  5.700000e-01  1.000000e+00  1.000000e+00  0.000000e+00  0.000000e+00  0.000000e+00  5.700000e-01  1.000000e+00  1.000000e+00  0.000000e+00  0.000000e+00  0.000000e+00  5.700000e-01  1.000000e+00  1.000000e+00  0.000000e+00  0.000000e+00  0.000000e+00  5.700000e-01  1.000000e+00  1.000000e+00  0.000000e+00  0.000000e+00  0.000000e+00  5.700000e-01  
5.197881e-01  3.226217e-01  8.407080e-01  0.000000e+00  0.000000e+00  5.700000e-01  5.197881e-01  3.226217e-01  8.907248e-01  0.000000e+00  0.000000e+00  5.700000e-01  1.000000e+00  1.000000e+00  0.000000e+00  0.000000e+00  0.000000e+00  5.700000e-01  1.000000e+00  1.000000e+00  0.000000e+00  0.000000e+00  0.000000e+00  5.700000e-01  1.000000e+00  1.000000e+00  0.000000e+00  0.000000e+00  0.000000e+00  5.700000e-01  1.000000e+00  1.000000e+00  0.000000e+00  0.000000e+00  0.000000e+00  5.700000e-01  
5.358350e-01  5.063254e-01  8.055905e-01  0.000000e+00  0.000000e+00  5.700000e-01  5.358350e-01  5.063254e-01  9.996791e-01  0.000000e+00  0.000000e+00  5.700000e-01  1.000000e+00  1.000000e+00  0.000000e+00  0.000000e+00  0.000000e+00  5.700000e-01  1.000000e+00  1.000000e+00  0.000000e+00  0.000000e+00  0.000000e+00  5.700000e-01  1.000000e+00  1.000000e+00  0.000000e+00  0.000000e+00  0.000000e+00  5.700000e-01  1.000000e+00  1.000000e+00  0.000000e+00  0.000000e+00  0.000000e+00  5.700000e-01  
4.831179e-01  8.968333e-02  8.302875e-01  0.000000e+00  0.000000e+00  5.700000e-01  4.831179e-01  8.968333e-02  9.285246e-01  0.000000e+00  0.000000e+00  5.700000e-01  1.000000e+00  1.000000e+00  0.000000e+00  0.000000e+00  0.000000e+00  5.700000e-01  1.000000e+00  1.000000e+00  0.000000e+00  0.000000e+00  0.000000e+00  5.700000e-01  1.000000e+00  1.000000e+00  0.000000e+00  0.000000e+00  0.000000e+00  5.700000e-01  1.000000e+00  1.000000e+00  0.000000e+00  0.000000e+00  0.000000e+00  5.700000e-01  
5.104278e-01  3.520240e-01  8.843650e-01  0.000000e+00  0.000000e+00  5.700000e-01  5.104278e-01  3.520240e-01  8.370671e-01  0.000000e+00  0.000000e+00  5.700000e-01  1.000000e+00  1.000000e+00  0.000000e+00  0.000000e+00  0.000000e+00  5.700000e-01  1.000000e+00  1.000000e+00  0.000000e+00  0.000000e+00  0.000000e+00  5.700000e-01  1.000000e+00  1.000000e+00  0.000000e+00  0.000000e+00  0.000000e+00  5.700000e-01  1.000000e+00  1.000000e+00  0.000000e+00  0.000000e+00  0.000000e+00  5.700000e-01  
5.102451e-01  1.988350e-01  9.016970e-01  0.000000e+00  0.000000e+00  5.700000e-01  5.102451e-01  1.988350e-01  9.793994e-01  0.000000e+00  0.000000e+00  5.700000e-01  1.000000e+00  1.000000e+00  0.000000e+00  0.000000e+00  0.000000e+00  5.700000e-01  1.000000e+00  1.000000e+00  0.000000e+00  0.000000e+00  0.000000e+00  5.700000e-01  1.000000e+00  1.000000e+00  0.000000e+00  0.000000e+00  0.000000e+00  5.700000e-01  1.000000e+00  1.000000e+00  0.000000e+00  0.000000e+00  0.000000e+00  5.700000e-01  
4.222004e-01  2.758252e-01  8.494939e-01  0.000000e+00  0.000000e+00  5.700000e-01  4.222004e-01  2.758252e-01  9.649125e-01  0.000000e+00  0.000000e+00  5.700000e-01  1.000000e+00  1.000000e+00  0.000000e+00  0.000000e+00  0.000000e+00  5.700000e-01  1.000000e+00  1.000000e+00  0.000000e+00  0.000000e+00  0.000000e+00  5.700000e-01  1.000000e+00  1.000000e+00  0.000000e+00  0.000000e+00  0.000000e+00  5.700000e-01  1.000000e+00  1.000000e+00  0.000000e+00  0.000000e+00  0.000000e+00  5.700000e-01  
6.013460e-01  3.469954e-01  8.495130e-01  0.000000e+00  0.000000e+00  5.700000e-01  6.013460e-01  3.469954e-01  9.373574e-01  0.000000e+00  0.000000e+00  5.700000e-01  1.000000e+00  1.000000e+00  0.000000e+00  0.000000e+00  0.000000e+00  5.700000e-01  1.000000e+00  1.000000e+00  0.000000e+00  0.000000e+00  0.000000e+00  5.700000e-01  1.000000e+00  1.000000e+00  0.000000e+00  0.000000e+00  0.000000e+00  5.700000e-01  1.000000e+00  1.000000e+00  0.000000e+00  0.000000e+00  0.000000e+00  5.700000e-01  
6.689337e-01  6.307119e-01  8.509858e-01  0.000000e+00  0.000000e+00  5.700000e-01  6.689337e-01  6.307119e-01  9.851969e-01  0.000000e+00  0.000000e+00  5.700000e-01  1.000000e+00  1.000000e+00  0.000000e+00  0.000000e+00  0.000000e+00  5.700000e-01  1.000000e+00  1.000000e+00  0.000000e+00  0.000000e+00  0.000000e+00  5.700000e-01  1.000000e+00  1.000000e+00  0.000000e+00  0.000000e+00  0.000000e+00  5.700000e-01  1.000000e+00  1.000000e+00  0.000000e+00  0.000000e+00  0.000000e+00  5.700000e-01  
5.364773e-01  2.657094e-01  7.992117e-01  0.000000e+00  0.000000e+00  5.700000e-01  5.364773e-01  2.657094e-01  8.308675e-01  0.000000e+00  0.000000e+00  5.700000e-01  1.000000e+00  1.000000e+00  0.000000e+00  0.000000e+00  0.000000e+00  5.700000e-01  1.000000e+00  1.000000e+00  0.000000e+00  0.000000e+00  0.000000e+00  5.700000e-01  1.000000e+00  1.000000e+00  0.000000e+00  0.000000e+00  0.000000e+00  5.700000e-01  1.000000e+00  1.000000e+00  0.000000e+00  0.000000e+00  0.000000e+00  5.700000e-01  
4.807838e-01  2.274390e-01  8.762873e-01  0.000000e+00  0.000000e+00  5.700000e-01  4.807838e-01  2.274390e-01  6.948965e-01  0.000000e+00  0.000000e+00  5.700000e-01  1.000000e+00  1.000000e+00  0.000000e+00  0.000000e+00  0.000000e+00  5.700000e-01  1.000000e+00  1.000000e+00  0.000000e+00  0.000000e+00  0.000000e+00  5.700000e-01  1.000000e+00  1.000000e+00  0.000000e+00  0.000000e+00  0.000000e+00  5.700000e-01  1.000000e+00  1.000000e+00  0.000000e+00  0.000000e+00  0.000000e+00  5.700000e-01  
5.413724e-01  2.959232e-01  8.115466e-01  0.000000e+00  0.000000e+00  5.700000e-01  5.413724e-01  2.959232e-01  9.572819e-01  0.000000e+00  0.000000e+00  5.700000e-01  1.000000e+00  1.000000e+00  0.000000e+00  0.000000e+00  0.000000e+00  5.700000e-01  1.000000e+00  1.000000e+00  0.000000e+00  0.000000e+00  0.000000e+00  5.700000e-01  1.000000e+00  1.000000e+00  0.000000e+00  0.000000e+00  0.000000e+00  5.700000e-01  1.000000e+00  1.000000e+00  0.000000e+00  0.000000e+00  0.000000e+00  5.700000e-01  
5.456514e-01  5.127711e-01  8.265644e-01  0.000000e+00  0.000000e+00  5.700000e-01  5.456514e-01  5.127711e-01  6.666102e-01  0.000000e+00  0.000000e+00  5.700000e-01  1.000000e+00  1.000000e+00  0.000000e+00  0.000000e+00  0.000000e+00  5.700000e-01  1.000000e+00  1.000000e+00  0.000000e+00  0.000000e+00  0.000000e+00  5.700000e-01  1.000000e+00  1.000000e+00  0.000000e+00  0.000000e+00  0.000000e+00  5.700000e-01  1.000000e+00  1.000000e+00  0.000000e+00  0.000000e+00  0.000000e+00  5.700000e-01  
4.885759e-01  1.501774e-01  8.161300e-01  0.000000e+00  0.000000e+00  5.700000e-01  4.885759e-01  1.501774e-01  9.935579e-01  0.000000e+00  0.000000e+00  5.700000e-01  1.000000e+00  1.000000e+00  0.000000e+00  0.000000e+00  0.000000e+00  5.700000e-01  1.000000e+00  1.000000e+00  0.000000e+00  0.000000e+00  0.000000e+00  5.700000e-01  1.000000e+00  1.000000e+00  0.000000e+00  0.000000e+00  0.000000e+00  5.700000e-01  1.000000e+00  1.000000e+00  0.000000e+00  0.000000e+00  0.000000e+00  5.700000e-01  
3.982435e-01  5.389898e-02  9.214438e-01  0.000000e+00  0.000000e+00  5.700000e-01  3.982435e-01  5.389898e-02  8.648312e-01  0.000000e+00  0.000000e+00  5.700000e-01  1.000000e+00  1.000000e+00  0.000000e+00  0.000000e+00  0.000000e+00  5.700000e-01  1.000000e+00  1.000000e+00  0.000000e+00  0.000000e+00  0.000000e+00  5.700000e-01  1.000000e+00  1.000000e+00  0.000000e+00  0.000000e+00  0.000000e+00  5.700000e-01  1.000000e+00  1.000000e+00  0.000000e+00  0.000000e+00  0.000000e+00  5.700000e-01  
4.714965e-01  2.381565e-01  8.378919e-01  0.000000e+00  0.000000e+00  5.700000e-01  4.714965e-01  2.381565e-01  9.563407e-01  0.000000e+00  0.000000e+00  5.700000e-01  1.000000e+00  1.000000e+00  0.000000e+00  0.000000e+00  0.000000e+00  5.700000e-01  1.000000e+00  1.000000e+00  0.000000e+00  0.000000e+00  0.000000e+00  5.700000e-01  1.000000e+00  1.000000e+00  0.000000e+00  0.000000e+00  0.000000e+00  5.700000e-01  1.000000e+00  1.000000e+00  0.000000e+00  0.000000e+00  0.000000e+00  5.700000e-01  
5.178626e-01  5.932336e-01  8.096889e-01  0.000000e+00  0.000000e+00  5.700000e-01  5.178626e-01  5.932336e-01  9.221591e-01  0.000000e+00  0.000000e+00  5.700000e-01  1.000000e+00  1.000000e+00  0.000000e+00  0.000000e+00  0.000000e+00  5.700000e-01  1.000000e+00  1.000000e+00  0.000000e+00  0.000000e+00  0.000000e+00  5.700000e-01  1.000000e+00  1.000000e+00  0.000000e+00  0.000000e+00  0.000000e+00  5.700000e-01  1.000000e+00  1.000000e+00  0.000000e+00  0.000000e+00  0.000000e+00  5.700000e-01  
4.508372e-01  3.752203e-01  8.314279e-01  0.000000e+00  0.000000e+00  5.700000e-01  4.508372e-01  3.752203e-01  9.645993e-01  0.000000e+00  0.000000e+00  5.700000e-01  1.000000e+00  1.000000e+00  0.000000e+00  0.000000e+00  0.000000e+00  5.700000e-01  1.000000e+00  1.000000e+00  0.000000e+00  0.000000e+00  0.000000e+00  5.700000e-01  1.000000e+00  1.000000e+00  0.000000e+00  0.000000e+00  0.000000e+00  5.700000e-01  1.000000e+00  1.000000e+00  0.000000e+00  0.000000e+00  0.000000e+00  5.700000e-01  
3.021014e-01  9.192006e-02  7.992529e-01  0.000000e+00  0.000000e+00  5.700000e-01  3.021014e-01  9.192006e-02  8.910502e-01  0.000000e+00  0.000000e+00  5.700000e-01  1.000000e+00  1.000000e+00  0.000000e+00  0.000000e+00  0.000000e+00  5.700000e-01  1.000000e+00  1.000000e+00  0.000000e+00  0.000000e+00  0.000000e+00  5.700000e-01  1.000000e+00  1.000000e+00  0.000000e+00  0.000000e+00  0.000000e+00  5.700000e-01  1.000000e+00  1.000000e+00  0.000000e+00  0.000000e+00  0.000000e+00  5.700000e-01  
2.808988e-01  1.992123e-02  8.609135e-01  0.000000e+00  0.000000e+00  5.700000e-01  2.808988e-01  1.992123e-02  9.850044e-01  0.000000e+00  0.000000e+00  5.700000e-01  1.000000e+00  1.000000e+00  0.000000e+00  0.000000e+00  0.000000e+00  5.700000e-01  1.000000e+00  1.000000e+00  0.000000e+00  0.000000e+00  0.000000e+00  5.700000e-01  1.000000e+00  1.000000e+00  0.000000e+00  0.000000e+00  0.000000e+00  5.700000e-01  1.000000e+00  1.000000e+00  0.000000e+00  0.000000e+00  0.000000e+00  5.700000e-01  
6.139854e-01  2.802111e-01  8.908452e-01  0.000000e+00  0.000000e+00  5.700000e-01  6.139854e-01  2.802111e-01  9.688820e-01  0.000000e+00  0.000000e+00  5.700000e-01  1.000000e+00  1.000000e+00  0.000000e+00  0.000000e+00  0.000000e+00  5.700000e-01  1.000000e+00  1.000000e+00  0.000000e+00  0.000000e+00  0.000000e+00  5.700000e-01  1.000000e+00  1.000000e+00  0.000000e+00  0.000000e+00  0.000000e+00  5.700000e-01  1.000000e+00  1.000000e+00  0.000000e+00  0.000000e+00  0.000000e+00  5.700000e-01  
4.569194e-01  5.788343e-02  8.242218e-01  0.000000e+00  0.000000e+00  5.700000e-01  4.569194e-01  5.788343e-02  9.740077e-01  0.000000e+00  0.000000e+00  5.700000e-01  1.000000e+00  1.000000e+00  0.000000e+00  0.000000e+00  0.000000e+00  5.700000e-01  1.000000e+00  1.000000e+00  0.000000e+00  0.000000e+00  0.000000e+00  5.700000e-01  1.000000e+00  1.000000e+00  0.000000e+00  0.000000e+00  0.000000e+00  5.700000e-01  1.000000e+00  1.000000e+00  0.000000e+00  0.000000e+00  0.000000e+00  5.700000e-01  
5.578936e-01  3.527544e-01  8.538510e-01  0.000000e+00  0.000000e+00  5.700000e-01  5.578936e-01  3.527544e-01  8.701911e-01  0.000000e+00  0.000000e+00  5.700000e-01  1.000000e+00  1.000000e+00  0.000000e+00  0.000000e+00  0.000000e+00  5.700000e-01  1.000000e+00  1.000000e+00  0.000000e+00  0.000000e+00  0.000000e+00  5.700000e-01  1.000000e+00  1.000000e+00  0.000000e+00  0.000000e+00  0.000000e+00  5.700000e-01  1.000000e+00  1.000000e+00  0.000000e+00  0.000000e+00  0.000000e+00  5.700000e-01  
4.035881e-01  7.921807e-02  8.942032e-01  0.000000e+00  0.000000e+00  5.700000e-01  4.035881e-01  7.921807e-02  9.729513e-01  0.000000e+00  0.000000e+00  5.700000e-01  1.000000e+00  1.000000e+00  0.000000e+00  0.000000e+00  0.000000e+00  5.700000e-01  1.000000e+00  1.000000e+00  0.000000e+00  0.000000e+00  0.000000e+00  5.700000e-01  1.000000e+00  1.000000e+00  0.000000e+00  0.000000e+00  0.000000e+00  5.700000e-01  1.000000e+00  1.000000e+00  0.000000e+00  0.000000e+00  0.000000e+00  5.700000e-01  
5.981585e-01  3.034987e-01  8.391700e-01  0.000000e+00  0.000000e+00  5.700000e-01  5.981585e-01  3.034987e-01  9.403043e-01  0.000000e+00  0.000000e+00  5.700000e-01  1.000000e+00  1.000000e+00  0.000000e+00  0.000000e+00  0.000000e+00  5.700000e-01  1.000000e+00  1.000000e+00  0.000000e+00  0.000000e+00  0.000000e+00  5.700000e-01  1.000000e+00  1.000000e+00  0.000000e+00  0.000000e+00  0.000000e+00  5.700000e-01  1.000000e+00  1.000000e+00  0.000000e+00  0.000000e+00  0.000000e+00  5.700000e-01  
5.435668e-01  4.812721e-01  7.706212e-01  0.000000e+00  0.000000e+00  5.700000e-01  5.435668e-01  4.812721e-01  9.965664e-01  0.000000e+00  0.000000e+00  5.700000e-01  1.000000e+00  1.000000e+00  0.000000e+00  0.000000e+00  0.000000e+00  5.700000e-01  1.000000e+00  1.000000e+00  0.000000e+00  0.000000e+00  0.000000e+00  5.700000e-01  1.000000e+00  1.000000e+00  0.000000e+00  0.000000e+00  0.000000e+00  5.700000e-01  1.000000e+00  1.000000e+00  0.000000e+00  0.000000e+00  0.000000e+00  5.700000e-01  
4.362015e-01  1.670629e-01  8.475879e-01  0.000000e+00  0.000000e+00  5.700000e-01  4.362015e-01  1.670629e-01  9.366041e-01  0.000000e+00  0.000000e+00  5.700000e-01  1.000000e+00  1.000000e+00  0.000000e+00  0.000000e+00  0.000000e+00  5.700000e-01  1.000000e+00  1.000000e+00  0.000000e+00  0.000000e+00  0.000000e+00  5.700000e-01  1.000000e+00  1.000000e+00  0.000000e+00  0.000000e+00  0.000000e+00  5.700000e-01  1.000000e+00  1.000000e+00  0.000000e+00  0.000000e+00  0.000000e+00  5.700000e-01  
3.933306e-01  4.262972e-02  8.779397e-01  0.000000e+00  0.000000e+00  5.700000e-01  3.933306e-01  4.262972e-02  9.624619e-01  0.000000e+00  0.000000e+00  5.700000e-01  1.000000e+00  1.000000e+00  0.000000e+00  0.000000e+00  0.000000e+00  5.700000e-01  1.000000e+00  1.000000e+00  0.000000e+00  0.000000e+00  0.000000e+00  5.700000e-01  1.000000e+00  1.000000e+00  0.000000e+00  0.000000e+00  0.000000e+00  5.700000e-01  1.000000e+00  1.000000e+00  0.000000e+00  0.000000e+00  0.000000e+00  5.700000e-01  
4.569131e-01  1.632607e-01  8.697040e-01  0.000000e+00  0.000000e+00  5.700000e-01  4.569131e-01  1.632607e-01  9.544584e-01  0.000000e+00  0.000000e+00  5.700000e-01  1.000000e+00  1.000000e+00  0.000000e+00  0.000000e+00  0.000000e+00  5.700000e-01  1.000000e+00  1.000000e+00  0.000000e+00  0.000000e+00  0.000000e+00  5.700000e-01  1.000000e+00  1.000000e+00  0.000000e+00  0.000000e+00  0.000000e+00  5.700000e-01  1.000000e+00  1.000000e+00  0.000000e+00  0.000000e+00  0.000000e+00  5.700000e-01  
3.610615e-01  1.060086e-02  9.018822e-01  0.000000e+00  0.000000e+00  5.700000e-01  3.610615e-01  1.060086e-02  9.873238e-01  0.000000e+00  0.000000e+00  5.700000e-01  1.000000e+00  1.000000e+00  0.000000e+00  0.000000e+00  0.000000e+00  5.700000e-01  1.000000e+00  1.000000e+00  0.000000e+00  0.000000e+00  0.000000e+00  5.700000e-01  1.000000e+00  1.000000e+00  0.000000e+00  0.000000e+00  0.000000e+00  5.700000e-01  1.000000e+00  1.000000e+00  0.000000e+00  0.000000e+00  0.000000e+00  5.700000e-01  
4.422475e-01  6.630814e-02  8.516742e-01  0.000000e+00  0.000000e+00  5.700000e-01  4.422475e-01  6.630814e-02  8.494579e-01  0.000000e+00  0.000000e+00  5.700000e-01  1.000000e+00  1.000000e+00  0.000000e+00  0.000000e+00  0.000000e+00  5.700000e-01  1.000000e+00  1.000000e+00  0.000000e+00  0.000000e+00  0.000000e+00  5.700000e-01  1.000000e+00  1.000000e+00  0.000000e+00  0.000000e+00  0.000000e+00  5.700000e-01  1.000000e+00  1.000000e+00  0.000000e+00  0.000000e+00  0.000000e+00  5.700000e-01  
6.421372e-01  5.621375e-01  8.339419e-01  0.000000e+00  0.000000e+00  5.700000e-01  6.421372e-01  5.621375e-01  7.530156e-01  0.000000e+00  0.000000e+00  5.700000e-01  1.000000e+00  1.000000e+00  0.000000e+00  0.000000e+00  0.000000e+00  5.700000e-01  1.000000e+00  1.000000e+00  0.000000e+00  0.000000e+00  0.000000e+00  5.700000e-01  1.000000e+00  1.000000e+00  0.000000e+00  0.000000e+00  0.000000e+00  5.700000e-01  1.000000e+00  1.000000e+00  0.000000e+00  0.000000e+00  0.000000e+00  5.700000e-01  
7.235290e-01  1.090394e+00  8.310443e-01  0.000000e+00  0.000000e+00  5.700000e-01  7.235290e-01  1.090394e+00  9.841719e-01  0.000000e+00  0.000000e+00  5.700000e-01  1.000000e+00  1.000000e+00  0.000000e+00  0.000000e+00  0.000000e+00  5.700000e-01  1.000000e+00  1.000000e+00  0.000000e+00  0.000000e+00  0.000000e+00  5.700000e-01  1.000000e+00  1.000000e+00  0.000000e+00  0.000000e+00  0.000000e+00  5.700000e-01  1.000000e+00  1.000000e+00  0.000000e+00  0.000000e+00  0.000000e+00  5.700000e-01  
6.553001e-01  7.331142e-01  8.227925e-01  0.000000e+00  0.000000e+00  5.700000e-01  6.553001e-01  7.331142e-01  8.148413e-01  0.000000e+00  0.000000e+00  5.700000e-01  1.000000e+00  1.000000e+00  0.000000e+00  0.000000e+00  0.000000e+00  5.700000e-01  1.000000e+00  1.000000e+00  0.000000e+00  0.000000e+00  0.000000e+00  5.700000e-01  1.000000e+00  1.000000e+00  0.000000e+00  0.000000e+00  0.000000e+00  5.700000e-01  1.000000e+00  1.000000e+00  0.000000e+00  0.000000e+00  0.000000e+00  5.700000e-01  
5.741651e-01  4.335691e-01  7.891422e-01  0.000000e+00  0.000000e+00  5.700000e-01  5.741651e-01  4.335691e-01  8.861477e-01  0.000000e+00  0.000000e+00  5.700000e-01  1.000000e+00  1.000000e+00  0.000000e+00  0.000000e+00  0.000000e+00  5.700000e-01  1.000000e+00  1.000000e+00  0.000000e+00  0.000000e+00  0.000000e+00  5.700000e-01  1.000000e+00  1.000000e+00  0.000000e+00  0.000000e+00  0.000000e+00  5.700000e-01  1.000000e+00  1.000000e+00  0.000000e+00  0.000000e+00  0.000000e+00  5.700000e-01  
4.977832e-01  3.301374e-01  8.493968e-01  0.000000e+00  0.000000e+00  5.700000e-01  4.977832e-01  3.301374e-01  8.059507e-01  0.000000e+00  0.000000e+00  5.700000e-01  1.000000e+00  1.000000e+00  0.000000e+00  0.000000e+00  0.000000e+00  5.700000e-01  1.000000e+00  1.000000e+00  0.000000e+00  0.000000e+00  0.000000e+00  5.700000e-01  1.000000e+00  1.000000e+00  0.000000e+00  0.000000e+00  0.000000e+00  5.700000e-01  1.000000e+00  1.000000e+00  0.000000e+00  0.000000e+00  0.000000e+00  5.700000e-01  
5.876164e-01  6.680555e-01  8.189640e-01  0.000000e+00  0.000000e+00  5.700000e-01  5.876164e-01  6.680555e-01  7.546913e-01  0.000000e+00  0.000000e+00  5.700000e-01  1.000000e+00  1.000000e+00  0.000000e+00  0.000000e+00  0.000000e+00  5.700000e-01  1.000000e+00  1.000000e+00  0.000000e+00  0.000000e+00  0.000000e+00  5.700000e-01  1.000000e+00  1.000000e+00  0.000000e+00  0.000000e+00  0.000000e+00  5.700000e-01  1.000000e+00  1.000000e+00  0.000000e+00  0.000000e+00  0.000000e+00  5.700000e-01  
3.665818e-01  2.614996e-02  8.828207e-01  0.000000e+00  0.000000e+00  5.700000e-01  3.665818e-01  2.614996e-02  7.060352e-01  0.000000e+00  0.000000e+00  5.700000e-01  1.000000e+00  1.000000e+00  0.000000e+00  0.000000e+00  0.000000e+00  5.700000e-01  1.000000e+00  1.000000e+00  0.000000e+00  0.000000e+00  0.000000e+00  5.700000e-01  1.000000e+00  1.000000e+00  0.000000e+00  0.000000e+00  0.000000e+00  5.700000e-01  1.000000e+00  1.000000e+00  0.000000e+00  0.000000e+00  0.000000e+00  5.700000e-01  
5.966716e-01  2.621772e-01  9.035184e-01  0.000000e+00  0.000000e+00  5.700000e-01  5.966716e-01  2.621772e-01  7.703084e-01  0.000000e+00  0.000000e+00  5.700000e-01  1.000000e+00  1.000000e+00  0.000000e+00  0.000000e+00  0.000000e+00  5.700000e-01  1.000000e+00  1.000000e+00  0.000000e+00  0.000000e+00  0.000000e+00  5.700000e-01  1.000000e+00  1.000000e+00  0.000000e+00  0.000000e+00  0.000000e+00  5.700000e-01  1.000000e+00  1.000000e+00  0.000000e+00  0.000000e+00  0.000000e+00  5.700000e-01  
4.703074e-01  1.618684e-01  8.885189e-01  0.000000e+00  0.000000e+00  5.700000e-01  4.703074e-01  1.618684e-01  6.363143e-01  0.000000e+00  0.000000e+00  5.700000e-01  1.000000e+00  1.000000e+00  0.000000e+00  0.000000e+00  0.000000e+00  5.700000e-01  1.000000e+00  1.000000e+00  0.000000e+00  0.000000e+00  0.000000e+00  5.700000e-01  1.000000e+00  1.000000e+00  0.000000e+00  0.000000e+00  0.000000e+00  5.700000e-01  1.000000e+00  1.000000e+00  0.000000e+00  0.000000e+00  0.000000e+00  5.700000e-01  
7.680197e-01  1.777539e+00  7.263513e-01  0.000000e+00  0.000000e+00  5.700000e-01  7.680197e-01  1.777539e+00  1.395877e-01  0.000000e+00  0.000000e+00  5.700000e-01  1.000000e+00  1.000000e+00  0.000000e+00  0.000000e+00  0.000000e+00  5.700000e-01  1.000000e+00  1.000000e+00  0.000000e+00  0.000000e+00  0.000000e+00  5.700000e-01  1.000000e+00  1.000000e+00  0.000000e+00  0.000000e+00  0.000000e+00  5.700000e-01  1.000000e+00  1.000000e+00  0.000000e+00  0.000000e+00  0.000000e+00  5.700000e-01  
